"algorithm","scope","scenario","seed","episode","fingerprint","outcome","reason","strength","robot","proposalViolations","candidateRejections","algorithmVersion","evaluatorVersion","warmup","hardConstraints","utilization","completion","count","unplaced","unplacedVolume","residualVolume","height","pallets","remainingFit","spaceOpportunity","comZ","comOffset","supportMean","supportMin","imbalance","minMargin","tippingG","loadViolations","unknownStrength","physicsSuccess","meanMs","maxMs","p95Ms","p99Ms","totalMs","deadlineRate","workSeconds","distanceM","throughput","candidates","evaluationMs","orderUtilization","orderSuccess","orderCompletion","regret","futureFit","reachProxy","robotCollisions","payloadViolations","graspSuccess","ikSuccess","executionSuccess","damagedRecovery","missingRecovery","resizeRecovery","exceptionSuccess","replanMs","exceptionRetention","palletRecovery"
"random","online","random","42","0","3e21c67f","partial","","explicit","proxy","{}","{""bounds"":28,""support"":391,""load"":300,""robot-path"":37,""protocol"":37}","adapter-1.0 / planners-f6ec11d4259a","2.1.0","{""requested"":1,""completed"":1,""outcomes"":[""partial""],""sameWorker"":false}","{""collision"":{""status"":""PASS"",""violations"":0,""checkedPlacements"":13,""scope"":""직육면체 기하·관측 규격 공통 검사"",""reason"":""확정 배치와 최종 적재 상태 검사""},""bounds"":{""status"":""PASS"",""violations"":0,""checkedPlacements"":13,""scope"":""직육면체 기하·관측 규격 공통 검사"",""reason"":""확정 배치와 최종 적재 상태 검사""},""height"":{""status"":""PASS"",""violations"":0,""checkedPlacements"":13,""scope"":""직육면체 기하·관측 규격 공통 검사"",""reason"":""확정 배치와 최종 적재 상태 검사""},""orientation"":{""status"":""PASS"",""violations"":0,""checkedPlacements"":13,""scope"":""직육면체 기하·관측 규격 공통 검사"",""reason"":""확정 배치와 최종 적재 상태 검사""},""load"":{""status"":""PASS"",""violations"":0,""checkedPlacements"":13,""scope"":""입력된 허용 상부하중 · 누적 정적 반력"",""reason"":""입력값 범위의 정적 검사. 실측 재료 인증 아님""},""support"":{""status"":""PASS"",""violations"":0,""checkedPlacements"":13,""scope"":""접촉·합력 작용점·정적 평형"",""reason"":""설정된 지지율·전도 여유 검사. 동적 붕괴·굽힘 파손 미검증""},""payload"":{""status"":""PASS"",""violations"":0,""checkedPlacements"":13,""scope"":""입력 가반하중 · 박스+그리퍼 질량"",""reason"":""사용자가 설정한 가반하중 한계 검사""},""robotCollision"":{""status"":""NOT VERIFIED"",""violations"":0,""checkedPlacements"":13,""scope"":""TCP·그리퍼 스윕 근사만 수행"",""reason"":""전체 로봇 링크 충돌 미검증""},""approach"":{""status"":""NOT VERIFIED"",""violations"":0,""checkedPlacements"":13,""scope"":""TCP·그리퍼 스윕 근사만 수행"",""reason"":""실제 관절 한계·역기구학·접근 자세 미검증""},""sequence"":{""status"":""NOT VERIFIED"",""violations"":0,""checkedPlacements"":13,""scope"":""TCP·그리퍼 스윕 근사만 수행"",""reason"":""실제 파지·관절 궤적·전 과정 실행 미검증""}}","17.814946160714285","72.22222222222223","13","5","0.118002821","920472603","631","","","","200.52298850574712","125.14418504192847","99.15133762399975","95.30791788856305","25.797659788822042","70.8","0.45635341103594446","0","0","","10.723905555555474","25.79609999999957","21.335639999997504","24.90400799999915","193.03029999999853","72.22222222222223","128.02204880547745","61.11433172356034","365.56202963998845","824","3.49199999999837","17.814946160714285","0","72.22222222222223","","","100","0","0","","","0","","","","","","",""
"bl","online","random","42","0","3e21c67f","partial","","explicit","proxy","{}","{""bounds"":14,""support"":337,""load"":227,""robot-path"":13,""protocol"":6}","adapter-1.0 / planners-f6ec11d4259a","2.1.0","{""requested"":1,""completed"":1,""outcomes"":[""partial""],""sameWorker"":false}","{""collision"":{""status"":""PASS"",""violations"":0,""checkedPlacements"":13,""scope"":""직육면체 기하·관측 규격 공통 검사"",""reason"":""확정 배치와 최종 적재 상태 검사""},""bounds"":{""status"":""PASS"",""violations"":0,""checkedPlacements"":13,""scope"":""직육면체 기하·관측 규격 공통 검사"",""reason"":""확정 배치와 최종 적재 상태 검사""},""height"":{""status"":""PASS"",""violations"":0,""checkedPlacements"":13,""scope"":""직육면체 기하·관측 규격 공통 검사"",""reason"":""확정 배치와 최종 적재 상태 검사""},""orientation"":{""status"":""PASS"",""violations"":0,""checkedPlacements"":13,""scope"":""직육면체 기하·관측 규격 공통 검사"",""reason"":""확정 배치와 최종 적재 상태 검사""},""load"":{""status"":""PASS"",""violations"":0,""checkedPlacements"":13,""scope"":""입력된 허용 상부하중 · 누적 정적 반력"",""reason"":""입력값 범위의 정적 검사. 실측 재료 인증 아님""},""support"":{""status"":""PASS"",""violations"":0,""checkedPlacements"":13,""scope"":""접촉·합력 작용점·정적 평형"",""reason"":""설정된 지지율·전도 여유 검사. 동적 붕괴·굽힘 파손 미검증""},""payload"":{""status"":""PASS"",""violations"":0,""checkedPlacements"":13,""scope"":""입력 가반하중 · 박스+그리퍼 질량"",""reason"":""사용자가 설정한 가반하중 한계 검사""},""robotCollision"":{""status"":""NOT VERIFIED"",""violations"":0,""checkedPlacements"":13,""scope"":""TCP·그리퍼 스윕 근사만 수행"",""reason"":""전체 로봇 링크 충돌 미검증""},""approach"":{""status"":""NOT VERIFIED"",""violations"":0,""checkedPlacements"":13,""scope"":""TCP·그리퍼 스윕 근사만 수행"",""reason"":""실제 관절 한계·역기구학·접근 자세 미검증""},""sequence"":{""status"":""NOT VERIFIED"",""violations"":0,""checkedPlacements"":13,""scope"":""TCP·그리퍼 스윕 근사만 수행"",""reason"":""실제 파지·관절 궤적·전 과정 실행 미검증""}}","17.814946160714285","72.22222222222223","13","5","0.118002821","920472603","434","","","","172.56896551724137","113.72247692152766","100","100","23.18446302552628","65.85","0.5860927152317881","0","0","","31.421422222222546","66.11929999999847","64.67812499999708","65.83106499999819","565.5856000000058","72.22222222222223","117.09561904074927","56.612152376487025","399.6733642418646","826","3.727599999998347","17.814946160714285","0","72.22222222222223","","","100","0","0","","","0","","","","","","",""
"greedy","online","random","42","0","3e21c67f","partial","","explicit","proxy","{}","{""support"":315,""load"":226,""robot-path"":15}","adapter-1.0 / planners-f6ec11d4259a","2.1.0","{""requested"":1,""completed"":1,""outcomes"":[""partial""],""sameWorker"":false}","{""collision"":{""status"":""PASS"",""violations"":0,""checkedPlacements"":16,""scope"":""직육면체 기하·관측 규격 공통 검사"",""reason"":""확정 배치와 최종 적재 상태 검사""},""bounds"":{""status"":""PASS"",""violations"":0,""checkedPlacements"":16,""scope"":""직육면체 기하·관측 규격 공통 검사"",""reason"":""확정 배치와 최종 적재 상태 검사""},""height"":{""status"":""PASS"",""violations"":0,""checkedPlacements"":16,""scope"":""직육면체 기하·관측 규격 공통 검사"",""reason"":""확정 배치와 최종 적재 상태 검사""},""orientation"":{""status"":""PASS"",""violations"":0,""checkedPlacements"":16,""scope"":""직육면체 기하·관측 규격 공통 검사"",""reason"":""확정 배치와 최종 적재 상태 검사""},""load"":{""status"":""PASS"",""violations"":0,""checkedPlacements"":16,""scope"":""입력된 허용 상부하중 · 누적 정적 반력"",""reason"":""입력값 범위의 정적 검사. 실측 재료 인증 아님""},""support"":{""status"":""PASS"",""violations"":0,""checkedPlacements"":16,""scope"":""접촉·합력 작용점·정적 평형"",""reason"":""설정된 지지율·전도 여유 검사. 동적 붕괴·굽힘 파손 미검증""},""payload"":{""status"":""PASS"",""violations"":0,""checkedPlacements"":16,""scope"":""입력 가반하중 · 박스+그리퍼 질량"",""reason"":""사용자가 설정한 가반하중 한계 검사""},""robotCollision"":{""status"":""NOT VERIFIED"",""violations"":0,""checkedPlacements"":16,""scope"":""TCP·그리퍼 스윕 근사만 수행"",""reason"":""전체 로봇 링크 충돌 미검증""},""approach"":{""status"":""NOT VERIFIED"",""violations"":0,""checkedPlacements"":16,""scope"":""TCP·그리퍼 스윕 근사만 수행"",""reason"":""실제 관절 한계·역기구학·접근 자세 미검증""},""sequence"":{""status"":""NOT VERIFIED"",""violations"":0,""checkedPlacements"":16,""scope"":""TCP·그리퍼 스윕 근사만 수행"",""reason"":""실제 파지·관절 궤적·전 과정 실행 미검증""}}","23.231920714285714","88.88888888888889","16","2","0.057332706","859802488","754","","","","238.53603603603602","29.971386132266105","99.43977591036415","95.51820728291317","4.860862088531073","52.45","0.460428722797294","0","0","","161.92105555555585","371.68760000000475","341.3936850000031","365.62881700000435","2914.579000000005","88.88888888888889","164.33098332280866","79.51513915982564","350.5121118082258","826","6.572599999999511","23.231920714285714","0","88.88888888888889","","","100","0","0","","","0","","","","","","",""
"rollout","online","random","42","0","3e21c67f","partial","","explicit","proxy","{}","{""support"":315,""load"":226,""robot-path"":15}","adapter-1.0 / planners-f6ec11d4259a","2.1.0","{""requested"":1,""completed"":1,""outcomes"":[""partial""],""sameWorker"":false}","{""collision"":{""status"":""PASS"",""violations"":0,""checkedPlacements"":16,""scope"":""직육면체 기하·관측 규격 공통 검사"",""reason"":""확정 배치와 최종 적재 상태 검사""},""bounds"":{""status"":""PASS"",""violations"":0,""checkedPlacements"":16,""scope"":""직육면체 기하·관측 규격 공통 검사"",""reason"":""확정 배치와 최종 적재 상태 검사""},""height"":{""status"":""PASS"",""violations"":0,""checkedPlacements"":16,""scope"":""직육면체 기하·관측 규격 공통 검사"",""reason"":""확정 배치와 최종 적재 상태 검사""},""orientation"":{""status"":""PASS"",""violations"":0,""checkedPlacements"":16,""scope"":""직육면체 기하·관측 규격 공통 검사"",""reason"":""확정 배치와 최종 적재 상태 검사""},""load"":{""status"":""PASS"",""violations"":0,""checkedPlacements"":16,""scope"":""입력된 허용 상부하중 · 누적 정적 반력"",""reason"":""입력값 범위의 정적 검사. 실측 재료 인증 아님""},""support"":{""status"":""PASS"",""violations"":0,""checkedPlacements"":16,""scope"":""접촉·합력 작용점·정적 평형"",""reason"":""설정된 지지율·전도 여유 검사. 동적 붕괴·굽힘 파손 미검증""},""payload"":{""status"":""PASS"",""violations"":0,""checkedPlacements"":16,""scope"":""입력 가반하중 · 박스+그리퍼 질량"",""reason"":""사용자가 설정한 가반하중 한계 검사""},""robotCollision"":{""status"":""NOT VERIFIED"",""violations"":0,""checkedPlacements"":16,""scope"":""TCP·그리퍼 스윕 근사만 수행"",""reason"":""전체 로봇 링크 충돌 미검증""},""approach"":{""status"":""NOT VERIFIED"",""violations"":0,""checkedPlacements"":16,""scope"":""TCP·그리퍼 스윕 근사만 수행"",""reason"":""실제 관절 한계·역기구학·접근 자세 미검증""},""sequence"":{""status"":""NOT VERIFIED"",""violations"":0,""checkedPlacements"":16,""scope"":""TCP·그리퍼 스윕 근사만 수행"",""reason"":""실제 파지·관절 궤적·전 과정 실행 미검증""}}","23.231920714285714","88.88888888888889","16","2","0.057332706","859802488","754","","","","238.53603603603602","29.971386132266105","99.43977591036415","95.51820728291317","4.860862088531073","52.45","0.460428722797294","0","0","","574.5282888888877","1171.9137000000046","1143.882740000006","1166.3075080000049","10341.509199999979","88.88888888888889","164.33098332280866","79.51513915982564","350.5121118082258","826","7.200799999991432","23.231920714285714","0","88.88888888888889","","","100","0","0","","","0","","","","","","",""
"strategy-greedy","online","random","42","0","3e21c67f","partial","","explicit","proxy","{}","{""support"":403,""load"":250,""robot-path"":23}","adapter-1.0 / planners-f6ec11d4259a","2.1.0","{""requested"":1,""completed"":1,""outcomes"":[""partial""],""sameWorker"":false}","{""collision"":{""status"":""PASS"",""violations"":0,""checkedPlacements"":14,""scope"":""직육면체 기하·관측 규격 공통 검사"",""reason"":""확정 배치와 최종 적재 상태 검사""},""bounds"":{""status"":""PASS"",""violations"":0,""checkedPlacements"":14,""scope"":""직육면체 기하·관측 규격 공통 검사"",""reason"":""확정 배치와 최종 적재 상태 검사""},""height"":{""status"":""PASS"",""violations"":0,""checkedPlacements"":14,""scope"":""직육면체 기하·관측 규격 공통 검사"",""reason"":""확정 배치와 최종 적재 상태 검사""},""orientation"":{""status"":""PASS"",""violations"":0,""checkedPlacements"":14,""scope"":""직육면체 기하·관측 규격 공통 검사"",""reason"":""확정 배치와 최종 적재 상태 검사""},""load"":{""status"":""PASS"",""violations"":0,""checkedPlacements"":14,""scope"":""입력된 허용 상부하중 · 누적 정적 반력"",""reason"":""입력값 범위의 정적 검사. 실측 재료 인증 아님""},""support"":{""status"":""PASS"",""violations"":0,""checkedPlacements"":14,""scope"":""접촉·합력 작용점·정적 평형"",""reason"":""설정된 지지율·전도 여유 검사. 동적 붕괴·굽힘 파손 미검증""},""payload"":{""status"":""PASS"",""violations"":0,""checkedPlacements"":14,""scope"":""입력 가반하중 · 박스+그리퍼 질량"",""reason"":""사용자가 설정한 가반하중 한계 검사""},""robotCollision"":{""status"":""NOT VERIFIED"",""violations"":0,""checkedPlacements"":14,""scope"":""TCP·그리퍼 스윕 근사만 수행"",""reason"":""전체 로봇 링크 충돌 미검증""},""approach"":{""status"":""NOT VERIFIED"",""violations"":0,""checkedPlacements"":14,""scope"":""TCP·그리퍼 스윕 근사만 수행"",""reason"":""실제 관절 한계·역기구학·접근 자세 미검증""},""sequence"":{""status"":""NOT VERIFIED"",""violations"":0,""checkedPlacements"":14,""scope"":""TCP·그리퍼 스윕 근사만 수행"",""reason"":""실제 파지·관절 궤적·전 과정 실행 미검증""}}","17.139289821428573","77.77777777777777","14","4","0.125570172","928039954","434","","","","164.7528735632184","15.993670509509649","100","100","3.6369824825828165","52.45","0.5026525198938993","0","0","","16.646427777776907","47.30109999999695","38.69637999999539","45.58015599999662","299.63569999998435","77.77777777777777","136.35453885921623","65.23045025849055","369.6246595211411","826","7.15240000000631","17.139289821428573","0","77.77777777777777","","","100","0","0","","","0","","","","","","",""
"macs","online","random","42","0","3e21c67f","partial","","explicit","proxy","{}","{""support"":405,""load"":252,""robot-path"":43}","adapter-1.0 / planners-f6ec11d4259a","2.1.0","{""requested"":1,""completed"":1,""outcomes"":[""partial""],""sameWorker"":false}","{""collision"":{""status"":""PASS"",""violations"":0,""checkedPlacements"":14,""scope"":""직육면체 기하·관측 규격 공통 검사"",""reason"":""확정 배치와 최종 적재 상태 검사""},""bounds"":{""status"":""PASS"",""violations"":0,""checkedPlacements"":14,""scope"":""직육면체 기하·관측 규격 공통 검사"",""reason"":""확정 배치와 최종 적재 상태 검사""},""height"":{""status"":""PASS"",""violations"":0,""checkedPlacements"":14,""scope"":""직육면체 기하·관측 규격 공통 검사"",""reason"":""확정 배치와 최종 적재 상태 검사""},""orientation"":{""status"":""PASS"",""violations"":0,""checkedPlacements"":14,""scope"":""직육면체 기하·관측 규격 공통 검사"",""reason"":""확정 배치와 최종 적재 상태 검사""},""load"":{""status"":""PASS"",""violations"":0,""checkedPlacements"":14,""scope"":""입력된 허용 상부하중 · 누적 정적 반력"",""reason"":""입력값 범위의 정적 검사. 실측 재료 인증 아님""},""support"":{""status"":""PASS"",""violations"":0,""checkedPlacements"":14,""scope"":""접촉·합력 작용점·정적 평형"",""reason"":""설정된 지지율·전도 여유 검사. 동적 붕괴·굽힘 파손 미검증""},""payload"":{""status"":""PASS"",""violations"":0,""checkedPlacements"":14,""scope"":""입력 가반하중 · 박스+그리퍼 질량"",""reason"":""사용자가 설정한 가반하중 한계 검사""},""robotCollision"":{""status"":""NOT VERIFIED"",""violations"":0,""checkedPlacements"":14,""scope"":""TCP·그리퍼 스윕 근사만 수행"",""reason"":""전체 로봇 링크 충돌 미검증""},""approach"":{""status"":""NOT VERIFIED"",""violations"":0,""checkedPlacements"":14,""scope"":""TCP·그리퍼 스윕 근사만 수행"",""reason"":""실제 관절 한계·역기구학·접근 자세 미검증""},""sequence"":{""status"":""NOT VERIFIED"",""violations"":0,""checkedPlacements"":14,""scope"":""TCP·그리퍼 스윕 근사만 수행"",""reason"":""실제 파지·관절 궤적·전 과정 실행 미검증""}}","17.139289821428573","77.77777777777777","14","4","0.125570172","928039954","434","","","","163.44252873563218","40.23561535543831","99.6798719487795","95.51820728291317","8.348438611184521","52.45","0.5026525198938993","0","0","","33.873433333334916","108.96050000000105","103.19053000000494","107.80650600000182","609.7218000000285","77.77777777777777","134.29522058347015","63.8918933792556","375.2925813817348","826","4.7057999999960884","17.139289821428573","0","77.77777777777777","","","100","0","0","","","0","","","","","","",""
"tetris-reserved","online","random","42","0","3e21c67f","partial","","explicit","proxy","{}","{""bounds"":22,""support"":359,""load"":238,""robot-path"":35,""protocol"":4}","adapter-1.0 / planners-f6ec11d4259a","2.1.0","{""requested"":1,""completed"":1,""outcomes"":[""partial""],""sameWorker"":false}","{""collision"":{""status"":""PASS"",""violations"":0,""checkedPlacements"":13,""scope"":""직육면체 기하·관측 규격 공통 검사"",""reason"":""확정 배치와 최종 적재 상태 검사""},""bounds"":{""status"":""PASS"",""violations"":0,""checkedPlacements"":13,""scope"":""직육면체 기하·관측 규격 공통 검사"",""reason"":""확정 배치와 최종 적재 상태 검사""},""height"":{""status"":""PASS"",""violations"":0,""checkedPlacements"":13,""scope"":""직육면체 기하·관측 규격 공통 검사"",""reason"":""확정 배치와 최종 적재 상태 검사""},""orientation"":{""status"":""PASS"",""violations"":0,""checkedPlacements"":13,""scope"":""직육면체 기하·관측 규격 공통 검사"",""reason"":""확정 배치와 최종 적재 상태 검사""},""load"":{""status"":""PASS"",""violations"":0,""checkedPlacements"":13,""scope"":""입력된 허용 상부하중 · 누적 정적 반력"",""reason"":""입력값 범위의 정적 검사. 실측 재료 인증 아님""},""support"":{""status"":""PASS"",""violations"":0,""checkedPlacements"":13,""scope"":""접촉·합력 작용점·정적 평형"",""reason"":""설정된 지지율·전도 여유 검사. 동적 붕괴·굽힘 파손 미검증""},""payload"":{""status"":""PASS"",""violations"":0,""checkedPlacements"":13,""scope"":""입력 가반하중 · 박스+그리퍼 질량"",""reason"":""사용자가 설정한 가반하중 한계 검사""},""robotCollision"":{""status"":""NOT VERIFIED"",""violations"":0,""checkedPlacements"":13,""scope"":""TCP·그리퍼 스윕 근사만 수행"",""reason"":""전체 로봇 링크 충돌 미검증""},""approach"":{""status"":""NOT VERIFIED"",""violations"":0,""checkedPlacements"":13,""scope"":""TCP·그리퍼 스윕 근사만 수행"",""reason"":""실제 관절 한계·역기구학·접근 자세 미검증""},""sequence"":{""status"":""NOT VERIFIED"",""violations"":0,""checkedPlacements"":13,""scope"":""TCP·그리퍼 스윕 근사만 수행"",""reason"":""실제 파지·관절 궤적·전 과정 실행 미검증""}}","17.814946160714285","72.22222222222223","13","5","0.118002821","920472603","613","","","","207.7183908045977","14.842959596961808","100","100","3.2018273020476085","70.8","0.5496770248150459","0","0","","147.7996777777767","412.7271999999939","339.0977350000043","398.00130699999585","2660.3941999999806","72.22222222222223","125.67473099671237","59.588575147863025","372.38989595469496","826","4.9584000000031665","17.814946160714285","0","72.22222222222223","","","100","0","0","","","0","","","","","","",""
"dynamic-reservation","online","random","42","0","3e21c67f","partial","","explicit","proxy","{}","{""bounds"":22,""support"":281,""load"":71,""robot-path"":18}","adapter-1.0 / planners-f6ec11d4259a","2.1.0","{""requested"":1,""completed"":1,""outcomes"":[""partial""],""sameWorker"":false}","{""collision"":{""status"":""PASS"",""violations"":0,""checkedPlacements"":16,""scope"":""직육면체 기하·관측 규격 공통 검사"",""reason"":""확정 배치와 최종 적재 상태 검사""},""bounds"":{""status"":""PASS"",""violations"":0,""checkedPlacements"":16,""scope"":""직육면체 기하·관측 규격 공통 검사"",""reason"":""확정 배치와 최종 적재 상태 검사""},""height"":{""status"":""PASS"",""violations"":0,""checkedPlacements"":16,""scope"":""직육면체 기하·관측 규격 공통 검사"",""reason"":""확정 배치와 최종 적재 상태 검사""},""orientation"":{""status"":""PASS"",""violations"":0,""checkedPlacements"":16,""scope"":""직육면체 기하·관측 규격 공통 검사"",""reason"":""확정 배치와 최종 적재 상태 검사""},""load"":{""status"":""PASS"",""violations"":0,""checkedPlacements"":16,""scope"":""입력된 허용 상부하중 · 누적 정적 반력"",""reason"":""입력값 범위의 정적 검사. 실측 재료 인증 아님""},""support"":{""status"":""PASS"",""violations"":0,""checkedPlacements"":16,""scope"":""접촉·합력 작용점·정적 평형"",""reason"":""설정된 지지율·전도 여유 검사. 동적 붕괴·굽힘 파손 미검증""},""payload"":{""status"":""PASS"",""violations"":0,""checkedPlacements"":16,""scope"":""입력 가반하중 · 박스+그리퍼 질량"",""reason"":""사용자가 설정한 가반하중 한계 검사""},""robotCollision"":{""status"":""NOT VERIFIED"",""violations"":0,""checkedPlacements"":16,""scope"":""TCP·그리퍼 스윕 근사만 수행"",""reason"":""전체 로봇 링크 충돌 미검증""},""approach"":{""status"":""NOT VERIFIED"",""violations"":0,""checkedPlacements"":16,""scope"":""TCP·그리퍼 스윕 근사만 수행"",""reason"":""실제 관절 한계·역기구학·접근 자세 미검증""},""sequence"":{""status"":""NOT VERIFIED"",""violations"":0,""checkedPlacements"":16,""scope"":""TCP·그리퍼 스윕 근사만 수행"",""reason"":""실제 파지·관절 궤적·전 과정 실행 미검증""}}","25.980253214285714","88.88888888888889","16","2","0.026551382","829021164","828","","","","232.0503875968992","5.106406377736309","99.71988795518207","95.51820728291317","1.2712894009903315","65.85","0.33909221018196695","0","0","","327.99229444444387","938.8842000000004","771.1966249999966","905.3466849999994","5903.86129999999","88.88888888888889","173.19259886741065","84.62518926381692","332.5777220081804","826","5.831299999990733","25.980253214285714","0","88.88888888888889","","","100","0","0","","","0","","","","","","",""
"lookahead","online","random","42","0","3e21c67f","partial","","explicit","proxy","{}","{""support"":408,""load"":224,""robot-path"":8}","adapter-1.0 / planners-f6ec11d4259a","2.1.0","{""requested"":1,""completed"":1,""outcomes"":[""partial""],""sameWorker"":false}","{""collision"":{""status"":""PASS"",""violations"":0,""checkedPlacements"":14,""scope"":""직육면체 기하·관측 규격 공통 검사"",""reason"":""확정 배치와 최종 적재 상태 검사""},""bounds"":{""status"":""PASS"",""violations"":0,""checkedPlacements"":14,""scope"":""직육면체 기하·관측 규격 공통 검사"",""reason"":""확정 배치와 최종 적재 상태 검사""},""height"":{""status"":""PASS"",""violations"":0,""checkedPlacements"":14,""scope"":""직육면체 기하·관측 규격 공통 검사"",""reason"":""확정 배치와 최종 적재 상태 검사""},""orientation"":{""status"":""PASS"",""violations"":0,""checkedPlacements"":14,""scope"":""직육면체 기하·관측 규격 공통 검사"",""reason"":""확정 배치와 최종 적재 상태 검사""},""load"":{""status"":""PASS"",""violations"":0,""checkedPlacements"":14,""scope"":""입력된 허용 상부하중 · 누적 정적 반력"",""reason"":""입력값 범위의 정적 검사. 실측 재료 인증 아님""},""support"":{""status"":""PASS"",""violations"":0,""checkedPlacements"":14,""scope"":""접촉·합력 작용점·정적 평형"",""reason"":""설정된 지지율·전도 여유 검사. 동적 붕괴·굽힘 파손 미검증""},""payload"":{""status"":""PASS"",""violations"":0,""checkedPlacements"":14,""scope"":""입력 가반하중 · 박스+그리퍼 질량"",""reason"":""사용자가 설정한 가반하중 한계 검사""},""robotCollision"":{""status"":""NOT VERIFIED"",""violations"":0,""checkedPlacements"":14,""scope"":""TCP·그리퍼 스윕 근사만 수행"",""reason"":""전체 로봇 링크 충돌 미검증""},""approach"":{""status"":""NOT VERIFIED"",""violations"":0,""checkedPlacements"":14,""scope"":""TCP·그리퍼 스윕 근사만 수행"",""reason"":""실제 관절 한계·역기구학·접근 자세 미검증""},""sequence"":{""status"":""NOT VERIFIED"",""violations"":0,""checkedPlacements"":14,""scope"":""TCP·그리퍼 스윕 근사만 수행"",""reason"":""실제 파지·관절 궤적·전 과정 실행 미검증""}}","17.139289821428573","77.77777777777777","14","4","0.125570172","928039954","434","","","","150.47701149425288","7.085239653948956","100","100","5.209982696858781","52.45","0.562992125984252","0","0","","144.07162222222462","341.97909999999683","286.2562449999997","330.8345289999973","2593.289200000043","77.77777777777777","134.85972755255364","62.95882290915986","373.7216507452869","826","4.893499999991036","17.139289821428573","0","77.77777777777777","","","100","0","0","","","0","","","","","","",""
"future-hybrid","online","random","42","0","3e21c67f","partial","","explicit","proxy","{}","{""bounds"":22,""support"":281,""load"":71,""robot-path"":18}","adapter-1.0 / planners-f6ec11d4259a","2.1.0","{""requested"":1,""completed"":1,""outcomes"":[""partial""],""sameWorker"":false}","{""collision"":{""status"":""PASS"",""violations"":0,""checkedPlacements"":16,""scope"":""직육면체 기하·관측 규격 공통 검사"",""reason"":""확정 배치와 최종 적재 상태 검사""},""bounds"":{""status"":""PASS"",""violations"":0,""checkedPlacements"":16,""scope"":""직육면체 기하·관측 규격 공통 검사"",""reason"":""확정 배치와 최종 적재 상태 검사""},""height"":{""status"":""PASS"",""violations"":0,""checkedPlacements"":16,""scope"":""직육면체 기하·관측 규격 공통 검사"",""reason"":""확정 배치와 최종 적재 상태 검사""},""orientation"":{""status"":""PASS"",""violations"":0,""checkedPlacements"":16,""scope"":""직육면체 기하·관측 규격 공통 검사"",""reason"":""확정 배치와 최종 적재 상태 검사""},""load"":{""status"":""PASS"",""violations"":0,""checkedPlacements"":16,""scope"":""입력된 허용 상부하중 · 누적 정적 반력"",""reason"":""입력값 범위의 정적 검사. 실측 재료 인증 아님""},""support"":{""status"":""PASS"",""violations"":0,""checkedPlacements"":16,""scope"":""접촉·합력 작용점·정적 평형"",""reason"":""설정된 지지율·전도 여유 검사. 동적 붕괴·굽힘 파손 미검증""},""payload"":{""status"":""PASS"",""violations"":0,""checkedPlacements"":16,""scope"":""입력 가반하중 · 박스+그리퍼 질량"",""reason"":""사용자가 설정한 가반하중 한계 검사""},""robotCollision"":{""status"":""NOT VERIFIED"",""violations"":0,""checkedPlacements"":16,""scope"":""TCP·그리퍼 스윕 근사만 수행"",""reason"":""전체 로봇 링크 충돌 미검증""},""approach"":{""status"":""NOT VERIFIED"",""violations"":0,""checkedPlacements"":16,""scope"":""TCP·그리퍼 스윕 근사만 수행"",""reason"":""실제 관절 한계·역기구학·접근 자세 미검증""},""sequence"":{""status"":""NOT VERIFIED"",""violations"":0,""checkedPlacements"":16,""scope"":""TCP·그리퍼 스윕 근사만 수행"",""reason"":""실제 파지·관절 궤적·전 과정 실행 미검증""}}","25.980253214285714","88.88888888888889","16","2","0.026551382","829021164","828","","","","232.0503875968992","5.106406377736309","99.71988795518207","95.51820728291317","1.2712894009903315","65.85","0.33909221018196695","0","0","","274.26000000000045","773.4499000000069","642.239819999998","747.2078840000049","4936.680000000008","88.88888888888889","173.19259886741065","84.62518926381692","332.5777220081804","826","6.498699999996461","25.980253214285714","0","88.88888888888889","","","100","0","0","","","0","","","","","","",""
"blb","online","random","42","0","3e21c67f","partial","","explicit","proxy","{}","{""bounds"":20,""support"":370,""load"":207,""robot-path"":14,""protocol"":9}","adapter-1.0 / planners-f6ec11d4259a","2.1.0","{""requested"":1,""completed"":1,""outcomes"":[""partial""],""sameWorker"":false}","{""collision"":{""status"":""PASS"",""violations"":0,""checkedPlacements"":13,""scope"":""직육면체 기하·관측 규격 공통 검사"",""reason"":""확정 배치와 최종 적재 상태 검사""},""bounds"":{""status"":""PASS"",""violations"":0,""checkedPlacements"":13,""scope"":""직육면체 기하·관측 규격 공통 검사"",""reason"":""확정 배치와 최종 적재 상태 검사""},""height"":{""status"":""PASS"",""violations"":0,""checkedPlacements"":13,""scope"":""직육면체 기하·관측 규격 공통 검사"",""reason"":""확정 배치와 최종 적재 상태 검사""},""orientation"":{""status"":""PASS"",""violations"":0,""checkedPlacements"":13,""scope"":""직육면체 기하·관측 규격 공통 검사"",""reason"":""확정 배치와 최종 적재 상태 검사""},""load"":{""status"":""PASS"",""violations"":0,""checkedPlacements"":13,""scope"":""입력된 허용 상부하중 · 누적 정적 반력"",""reason"":""입력값 범위의 정적 검사. 실측 재료 인증 아님""},""support"":{""status"":""PASS"",""violations"":0,""checkedPlacements"":13,""scope"":""접촉·합력 작용점·정적 평형"",""reason"":""설정된 지지율·전도 여유 검사. 동적 붕괴·굽힘 파손 미검증""},""payload"":{""status"":""PASS"",""violations"":0,""checkedPlacements"":13,""scope"":""입력 가반하중 · 박스+그리퍼 질량"",""reason"":""사용자가 설정한 가반하중 한계 검사""},""robotCollision"":{""status"":""NOT VERIFIED"",""violations"":0,""checkedPlacements"":13,""scope"":""TCP·그리퍼 스윕 근사만 수행"",""reason"":""전체 로봇 링크 충돌 미검증""},""approach"":{""status"":""NOT VERIFIED"",""violations"":0,""checkedPlacements"":13,""scope"":""TCP·그리퍼 스윕 근사만 수행"",""reason"":""실제 관절 한계·역기구학·접근 자세 미검증""},""sequence"":{""status"":""NOT VERIFIED"",""violations"":0,""checkedPlacements"":13,""scope"":""TCP·그리퍼 스윕 근사만 수행"",""reason"":""실제 파지·관절 궤적·전 과정 실행 미검증""}}","17.814946160714285","72.22222222222223","13","5","0.118002821","920472603","434","","","","173.60344827586206","114.74966952500229","100","100","23.18446302552628","65.85","0.5860927152317881","0","0","","10.147644444444772","22.953800000002957","19.921000000003545","22.34724000000307","182.6576000000059","72.22222222222223","117.2125585144009","56.68816303436058","399.27462204700606","824","3.4853999999904772","17.814946160714285","0","72.22222222222223","","","100","0","0","","","0","","","","","","",""
"pack-first","online","random","42","0","3e21c67f","partial","","explicit","proxy","{}","{""bounds"":340,""support"":505,""load"":178,""protocol"":52,""robot-path"":19}","adapter-1.0 / planners-f6ec11d4259a","2.1.0","{""requested"":1,""completed"":1,""outcomes"":[""partial""],""sameWorker"":false}","{""collision"":{""status"":""PASS"",""violations"":0,""checkedPlacements"":12,""scope"":""직육면체 기하·관측 규격 공통 검사"",""reason"":""확정 배치와 최종 적재 상태 검사""},""bounds"":{""status"":""PASS"",""violations"":0,""checkedPlacements"":12,""scope"":""직육면체 기하·관측 규격 공통 검사"",""reason"":""확정 배치와 최종 적재 상태 검사""},""height"":{""status"":""PASS"",""violations"":0,""checkedPlacements"":12,""scope"":""직육면체 기하·관측 규격 공통 검사"",""reason"":""확정 배치와 최종 적재 상태 검사""},""orientation"":{""status"":""PASS"",""violations"":0,""checkedPlacements"":12,""scope"":""직육면체 기하·관측 규격 공통 검사"",""reason"":""확정 배치와 최종 적재 상태 검사""},""load"":{""status"":""PASS"",""violations"":0,""checkedPlacements"":12,""scope"":""입력된 허용 상부하중 · 누적 정적 반력"",""reason"":""입력값 범위의 정적 검사. 실측 재료 인증 아님""},""support"":{""status"":""PASS"",""violations"":0,""checkedPlacements"":12,""scope"":""접촉·합력 작용점·정적 평형"",""reason"":""설정된 지지율·전도 여유 검사. 동적 붕괴·굽힘 파손 미검증""},""payload"":{""status"":""PASS"",""violations"":0,""checkedPlacements"":12,""scope"":""입력 가반하중 · 박스+그리퍼 질량"",""reason"":""사용자가 설정한 가반하중 한계 검사""},""robotCollision"":{""status"":""NOT VERIFIED"",""violations"":0,""checkedPlacements"":12,""scope"":""TCP·그리퍼 스윕 근사만 수행"",""reason"":""전체 로봇 링크 충돌 미검증""},""approach"":{""status"":""NOT VERIFIED"",""violations"":0,""checkedPlacements"":12,""scope"":""TCP·그리퍼 스윕 근사만 수행"",""reason"":""실제 관절 한계·역기구학·접근 자세 미검증""},""sequence"":{""status"":""NOT VERIFIED"",""violations"":0,""checkedPlacements"":12,""scope"":""TCP·그리퍼 스윕 근사만 수행"",""reason"":""실제 파지·관절 궤적·전 과정 실행 미검증""}}","16.351851785714285","66.66666666666667","12","6","0.134389478","936859260","434","","","","166.41463414634146","133.0150937658653","100","100","26.691134901240893","65.85","0.5860927152317881","0","0","","7.809016666666139","14.957499999989523","13.865164999994883","14.739032999990593","140.5622999999905","66.66666666666667","103.6945353752519","50.50144799391373","416.6082604417577","824","4.778500000000349","16.351851785714285","0","66.66666666666667","","","100","0","0","","","0","","","","","","",""
"pack-greedy","online","random","42","0","3e21c67f","partial","","explicit","proxy","{}","{""bounds"":328,""support"":468,""load"":210,""robot-path"":27,""protocol"":45}","adapter-1.0 / planners-f6ec11d4259a","2.1.0","{""requested"":1,""completed"":1,""outcomes"":[""partial""],""sameWorker"":false}","{""collision"":{""status"":""PASS"",""violations"":0,""checkedPlacements"":12,""scope"":""직육면체 기하·관측 규격 공통 검사"",""reason"":""확정 배치와 최종 적재 상태 검사""},""bounds"":{""status"":""PASS"",""violations"":0,""checkedPlacements"":12,""scope"":""직육면체 기하·관측 규격 공통 검사"",""reason"":""확정 배치와 최종 적재 상태 검사""},""height"":{""status"":""PASS"",""violations"":0,""checkedPlacements"":12,""scope"":""직육면체 기하·관측 규격 공통 검사"",""reason"":""확정 배치와 최종 적재 상태 검사""},""orientation"":{""status"":""PASS"",""violations"":0,""checkedPlacements"":12,""scope"":""직육면체 기하·관측 규격 공통 검사"",""reason"":""확정 배치와 최종 적재 상태 검사""},""load"":{""status"":""PASS"",""violations"":0,""checkedPlacements"":12,""scope"":""입력된 허용 상부하중 · 누적 정적 반력"",""reason"":""입력값 범위의 정적 검사. 실측 재료 인증 아님""},""support"":{""status"":""PASS"",""violations"":0,""checkedPlacements"":12,""scope"":""접촉·합력 작용점·정적 평형"",""reason"":""설정된 지지율·전도 여유 검사. 동적 붕괴·굽힘 파손 미검증""},""payload"":{""status"":""PASS"",""violations"":0,""checkedPlacements"":12,""scope"":""입력 가반하중 · 박스+그리퍼 질량"",""reason"":""사용자가 설정한 가반하중 한계 검사""},""robotCollision"":{""status"":""NOT VERIFIED"",""violations"":0,""checkedPlacements"":12,""scope"":""TCP·그리퍼 스윕 근사만 수행"",""reason"":""전체 로봇 링크 충돌 미검증""},""approach"":{""status"":""NOT VERIFIED"",""violations"":0,""checkedPlacements"":12,""scope"":""TCP·그리퍼 스윕 근사만 수행"",""reason"":""실제 관절 한계·역기구학·접근 자세 미검증""},""sequence"":{""status"":""NOT VERIFIED"",""violations"":0,""checkedPlacements"":12,""scope"":""TCP·그리퍼 스윕 근사만 수행"",""reason"":""실제 파지·관절 궤적·전 과정 실행 미검증""}}","14.768630714285713","66.66666666666667","12","6","0.152121554","954591336","414","","","","130.76666666666668","32.81429634236338","99.6265172735761","95.51820728291317","9.013079455901641","70.8","0.6781844203639339","0","0","","6.87278888888573","11.259500000000116","10.883460000000195","11.18429200000013","123.71019999994314","66.66666666666667","113.88995450125206","55.17847042581383","379.3135240871931","824","1.9966000000131316","14.768630714285713","0","66.66666666666667","","","100","0","0","","","0","","","","","","",""
"pack-tetris","online","random","42","0","3e21c67f","partial","","explicit","proxy","{}","{""bounds"":328,""support"":468,""load"":210,""robot-path"":27,""protocol"":45}","adapter-1.0 / planners-f6ec11d4259a","2.1.0","{""requested"":1,""completed"":1,""outcomes"":[""partial""],""sameWorker"":false}","{""collision"":{""status"":""PASS"",""violations"":0,""checkedPlacements"":12,""scope"":""직육면체 기하·관측 규격 공통 검사"",""reason"":""확정 배치와 최종 적재 상태 검사""},""bounds"":{""status"":""PASS"",""violations"":0,""checkedPlacements"":12,""scope"":""직육면체 기하·관측 규격 공통 검사"",""reason"":""확정 배치와 최종 적재 상태 검사""},""height"":{""status"":""PASS"",""violations"":0,""checkedPlacements"":12,""scope"":""직육면체 기하·관측 규격 공통 검사"",""reason"":""확정 배치와 최종 적재 상태 검사""},""orientation"":{""status"":""PASS"",""violations"":0,""checkedPlacements"":12,""scope"":""직육면체 기하·관측 규격 공통 검사"",""reason"":""확정 배치와 최종 적재 상태 검사""},""load"":{""status"":""PASS"",""violations"":0,""checkedPlacements"":12,""scope"":""입력된 허용 상부하중 · 누적 정적 반력"",""reason"":""입력값 범위의 정적 검사. 실측 재료 인증 아님""},""support"":{""status"":""PASS"",""violations"":0,""checkedPlacements"":12,""scope"":""접촉·합력 작용점·정적 평형"",""reason"":""설정된 지지율·전도 여유 검사. 동적 붕괴·굽힘 파손 미검증""},""payload"":{""status"":""PASS"",""violations"":0,""checkedPlacements"":12,""scope"":""입력 가반하중 · 박스+그리퍼 질량"",""reason"":""사용자가 설정한 가반하중 한계 검사""},""robotCollision"":{""status"":""NOT VERIFIED"",""violations"":0,""checkedPlacements"":12,""scope"":""TCP·그리퍼 스윕 근사만 수행"",""reason"":""전체 로봇 링크 충돌 미검증""},""approach"":{""status"":""NOT VERIFIED"",""violations"":0,""checkedPlacements"":12,""scope"":""TCP·그리퍼 스윕 근사만 수행"",""reason"":""실제 관절 한계·역기구학·접근 자세 미검증""},""sequence"":{""status"":""NOT VERIFIED"",""violations"":0,""checkedPlacements"":12,""scope"":""TCP·그리퍼 스윕 근사만 수행"",""reason"":""실제 파지·관절 궤적·전 과정 실행 미검증""}}","14.768630714285713","66.66666666666667","12","6","0.152121554","954591336","414","","","","130.76666666666668","32.81429634236338","99.6265172735761","95.51820728291317","9.013079455901641","70.8","0.6781844203639339","0","0","","6.820038888888828","11.001699999993434","10.557320000000617","10.91282399999487","122.7606999999989","66.66666666666667","113.88995450125206","55.17847042581383","379.3135240871931","824","3.6365000000078","14.768630714285713","0","66.66666666666667","","","100","0","0","","","0","","","","","","",""
"pack-beam","online","random","42","0","3e21c67f","partial","","explicit","proxy","{}","{""bounds"":339,""support"":514,""load"":196,""protocol"":43,""robot-path"":31}","adapter-1.0 / planners-f6ec11d4259a","2.1.0","{""requested"":1,""completed"":1,""outcomes"":[""partial""],""sameWorker"":false}","{""collision"":{""status"":""PASS"",""violations"":0,""checkedPlacements"":13,""scope"":""직육면체 기하·관측 규격 공통 검사"",""reason"":""확정 배치와 최종 적재 상태 검사""},""bounds"":{""status"":""PASS"",""violations"":0,""checkedPlacements"":13,""scope"":""직육면체 기하·관측 규격 공통 검사"",""reason"":""확정 배치와 최종 적재 상태 검사""},""height"":{""status"":""PASS"",""violations"":0,""checkedPlacements"":13,""scope"":""직육면체 기하·관측 규격 공통 검사"",""reason"":""확정 배치와 최종 적재 상태 검사""},""orientation"":{""status"":""PASS"",""violations"":0,""checkedPlacements"":13,""scope"":""직육면체 기하·관측 규격 공통 검사"",""reason"":""확정 배치와 최종 적재 상태 검사""},""load"":{""status"":""PASS"",""violations"":0,""checkedPlacements"":13,""scope"":""입력된 허용 상부하중 · 누적 정적 반력"",""reason"":""입력값 범위의 정적 검사. 실측 재료 인증 아님""},""support"":{""status"":""PASS"",""violations"":0,""checkedPlacements"":13,""scope"":""접촉·합력 작용점·정적 평형"",""reason"":""설정된 지지율·전도 여유 검사. 동적 붕괴·굽힘 파손 미검증""},""payload"":{""status"":""PASS"",""violations"":0,""checkedPlacements"":13,""scope"":""입력 가반하중 · 박스+그리퍼 질량"",""reason"":""사용자가 설정한 가반하중 한계 검사""},""robotCollision"":{""status"":""NOT VERIFIED"",""violations"":0,""checkedPlacements"":13,""scope"":""TCP·그리퍼 스윕 근사만 수행"",""reason"":""전체 로봇 링크 충돌 미검증""},""approach"":{""status"":""NOT VERIFIED"",""violations"":0,""checkedPlacements"":13,""scope"":""TCP·그리퍼 스윕 근사만 수행"",""reason"":""실제 관절 한계·역기구학·접근 자세 미검증""},""sequence"":{""status"":""NOT VERIFIED"",""violations"":0,""checkedPlacements"":13,""scope"":""TCP·그리퍼 스윕 근사만 수행"",""reason"":""실제 파지·관절 궤적·전 과정 실행 미검증""}}","17.814946160714285","72.22222222222223","13","5","0.118002821","920472603","434","","","","157.85632183908046","94.75087980841248","99.58757245284761","95.51820728291317","18.60593722649824","65.85","0.5860927152317881","0","0","","677.3974722222257","1486.0096000000049","1477.6521450000096","1484.3381090000057","12193.154500000062","72.22222222222223","123.51306840419768","58.8334944627285","378.9072735756718","824","4.552500000005239","17.814946160714285","0","72.22222222222223","","","100","0","0","","","0","","","","","","",""
"pack-robust","online","random","42","0","3e21c67f","partial","","explicit","proxy","{}","{""bounds"":339,""support"":514,""load"":196,""protocol"":43,""robot-path"":31}","adapter-1.0 / planners-f6ec11d4259a","2.1.0","{""requested"":1,""completed"":1,""outcomes"":[""partial""],""sameWorker"":false}","{""collision"":{""status"":""PASS"",""violations"":0,""checkedPlacements"":13,""scope"":""직육면체 기하·관측 규격 공통 검사"",""reason"":""확정 배치와 최종 적재 상태 검사""},""bounds"":{""status"":""PASS"",""violations"":0,""checkedPlacements"":13,""scope"":""직육면체 기하·관측 규격 공통 검사"",""reason"":""확정 배치와 최종 적재 상태 검사""},""height"":{""status"":""PASS"",""violations"":0,""checkedPlacements"":13,""scope"":""직육면체 기하·관측 규격 공통 검사"",""reason"":""확정 배치와 최종 적재 상태 검사""},""orientation"":{""status"":""PASS"",""violations"":0,""checkedPlacements"":13,""scope"":""직육면체 기하·관측 규격 공통 검사"",""reason"":""확정 배치와 최종 적재 상태 검사""},""load"":{""status"":""PASS"",""violations"":0,""checkedPlacements"":13,""scope"":""입력된 허용 상부하중 · 누적 정적 반력"",""reason"":""입력값 범위의 정적 검사. 실측 재료 인증 아님""},""support"":{""status"":""PASS"",""violations"":0,""checkedPlacements"":13,""scope"":""접촉·합력 작용점·정적 평형"",""reason"":""설정된 지지율·전도 여유 검사. 동적 붕괴·굽힘 파손 미검증""},""payload"":{""status"":""PASS"",""violations"":0,""checkedPlacements"":13,""scope"":""입력 가반하중 · 박스+그리퍼 질량"",""reason"":""사용자가 설정한 가반하중 한계 검사""},""robotCollision"":{""status"":""NOT VERIFIED"",""violations"":0,""checkedPlacements"":13,""scope"":""TCP·그리퍼 스윕 근사만 수행"",""reason"":""전체 로봇 링크 충돌 미검증""},""approach"":{""status"":""NOT VERIFIED"",""violations"":0,""checkedPlacements"":13,""scope"":""TCP·그리퍼 스윕 근사만 수행"",""reason"":""실제 관절 한계·역기구학·접근 자세 미검증""},""sequence"":{""status"":""NOT VERIFIED"",""violations"":0,""checkedPlacements"":13,""scope"":""TCP·그리퍼 스윕 근사만 수행"",""reason"":""실제 파지·관절 궤적·전 과정 실행 미검증""}}","17.814946160714285","72.22222222222223","13","5","0.118002821","920472603","434","","","","157.85632183908046","94.75087980841248","99.58757245284761","95.51820728291317","18.60593722649824","65.85","0.5860927152317881","0","0","","701.2113555555528","1575.8055000000022","1480.2330299999985","1556.6910060000014","12621.80439999995","72.22222222222223","123.51306840419768","58.8334944627285","378.9072735756718","824","4.462099999989732","17.814946160714285","0","72.22222222222223","","","100","0","0","","","0","","","","","","",""
"random","online","randomExceptions","42","0","2a2d3297","partial","","explicit","proxy","{}","{""bounds"":33,""support"":319,""load"":192,""robot-path"":38,""protocol"":1}","adapter-1.0 / planners-f6ec11d4259a","2.1.0","{""requested"":1,""completed"":1,""outcomes"":[""partial""],""sameWorker"":false}","{""collision"":{""status"":""PASS"",""violations"":0,""checkedPlacements"":11,""scope"":""직육면체 기하·관측 규격 공통 검사"",""reason"":""확정 배치와 최종 적재 상태 검사""},""bounds"":{""status"":""PASS"",""violations"":0,""checkedPlacements"":11,""scope"":""직육면체 기하·관측 규격 공통 검사"",""reason"":""확정 배치와 최종 적재 상태 검사""},""height"":{""status"":""PASS"",""violations"":0,""checkedPlacements"":11,""scope"":""직육면체 기하·관측 규격 공통 검사"",""reason"":""확정 배치와 최종 적재 상태 검사""},""orientation"":{""status"":""PASS"",""violations"":0,""checkedPlacements"":11,""scope"":""직육면체 기하·관측 규격 공통 검사"",""reason"":""확정 배치와 최종 적재 상태 검사""},""load"":{""status"":""PASS"",""violations"":0,""checkedPlacements"":11,""scope"":""입력된 허용 상부하중 · 누적 정적 반력"",""reason"":""입력값 범위의 정적 검사. 실측 재료 인증 아님""},""support"":{""status"":""PASS"",""violations"":0,""checkedPlacements"":11,""scope"":""접촉·합력 작용점·정적 평형"",""reason"":""설정된 지지율·전도 여유 검사. 동적 붕괴·굽힘 파손 미검증""},""payload"":{""status"":""PASS"",""violations"":0,""checkedPlacements"":11,""scope"":""입력 가반하중 · 박스+그리퍼 질량"",""reason"":""사용자가 설정한 가반하중 한계 검사""},""robotCollision"":{""status"":""NOT VERIFIED"",""violations"":0,""checkedPlacements"":11,""scope"":""TCP·그리퍼 스윕 근사만 수행"",""reason"":""전체 로봇 링크 충돌 미검증""},""approach"":{""status"":""NOT VERIFIED"",""violations"":0,""checkedPlacements"":11,""scope"":""TCP·그리퍼 스윕 근사만 수행"",""reason"":""실제 관절 한계·역기구학·접근 자세 미검증""},""sequence"":{""status"":""NOT VERIFIED"",""violations"":0,""checkedPlacements"":11,""scope"":""TCP·그리퍼 스윕 근사만 수행"",""reason"":""실제 파지·관절 궤적·전 과정 실행 미검증""}}","15.505543124999999","68.75","11","5","0.119149631","946337917","450","","","","148.17105263157896","54.48157996425638","99.53924518354397","95.51820728291317","14.670686236579037","70.8","0.6186156576612108","0","0","","11.080212500002744","20.31500000000233","19.18932500000301","20.089865000002465","177.2834000000439","68.75","108.48883654812917","50.36774375628395","365.0145144881534","728","3.6661999999923864","","","","","","100","0","0","","","0","100","100","0","66.66666666666667","8.470499999995809","",""
"bl","online","randomExceptions","42","0","2a2d3297","partial","","explicit","proxy","{}","{""bounds"":28,""support"":322,""load"":137,""robot-path"":26}","adapter-1.0 / planners-f6ec11d4259a","2.1.0","{""requested"":1,""completed"":1,""outcomes"":[""partial""],""sameWorker"":false}","{""collision"":{""status"":""PASS"",""violations"":0,""checkedPlacements"":12,""scope"":""직육면체 기하·관측 규격 공통 검사"",""reason"":""확정 배치와 최종 적재 상태 검사""},""bounds"":{""status"":""PASS"",""violations"":0,""checkedPlacements"":12,""scope"":""직육면체 기하·관측 규격 공통 검사"",""reason"":""확정 배치와 최종 적재 상태 검사""},""height"":{""status"":""PASS"",""violations"":0,""checkedPlacements"":12,""scope"":""직육면체 기하·관측 규격 공통 검사"",""reason"":""확정 배치와 최종 적재 상태 검사""},""orientation"":{""status"":""PASS"",""violations"":0,""checkedPlacements"":12,""scope"":""직육면체 기하·관측 규격 공통 검사"",""reason"":""확정 배치와 최종 적재 상태 검사""},""load"":{""status"":""PASS"",""violations"":0,""checkedPlacements"":12,""scope"":""입력된 허용 상부하중 · 누적 정적 반력"",""reason"":""입력값 범위의 정적 검사. 실측 재료 인증 아님""},""support"":{""status"":""PASS"",""violations"":0,""checkedPlacements"":12,""scope"":""접촉·합력 작용점·정적 평형"",""reason"":""설정된 지지율·전도 여유 검사. 동적 붕괴·굽힘 파손 미검증""},""payload"":{""status"":""PASS"",""violations"":0,""checkedPlacements"":12,""scope"":""입력 가반하중 · 박스+그리퍼 질량"",""reason"":""사용자가 설정한 가반하중 한계 검사""},""robotCollision"":{""status"":""NOT VERIFIED"",""violations"":0,""checkedPlacements"":12,""scope"":""TCP·그리퍼 스윕 근사만 수행"",""reason"":""전체 로봇 링크 충돌 미검증""},""approach"":{""status"":""NOT VERIFIED"",""violations"":0,""checkedPlacements"":12,""scope"":""TCP·그리퍼 스윕 근사만 수행"",""reason"":""실제 관절 한계·역기구학·접근 자세 미검증""},""sequence"":{""status"":""NOT VERIFIED"",""violations"":0,""checkedPlacements"":12,""scope"":""TCP·그리퍼 스윕 근사만 수행"",""reason"":""실제 파지·관절 궤적·전 과정 실행 미검증""}}","18.55185857142857","75","12","4","0.085030898","912219184","603","","","","184.76136363636363","99.56578507625619","100","100","21.093663074760823","65.85","0.5860927152317881","0","0","","32.9348937499999","76.43310000000929","70.55857500001002","75.25819500000944","526.9582999999984","75","112.91361184021338","55.19384769613869","382.5933764401523","730","4.289099999994505","","","","","","100","0","0","","","0","100","100","0","66.66666666666667","9.440899999986868","",""
"greedy","online","randomExceptions","42","0","2a2d3297","partial","","explicit","proxy","{}","{""support"":239,""load"":123,""robot-path"":30}","adapter-1.0 / planners-f6ec11d4259a","2.1.0","{""requested"":1,""completed"":1,""outcomes"":[""partial""],""sameWorker"":false}","{""collision"":{""status"":""PASS"",""violations"":0,""checkedPlacements"":15,""scope"":""직육면체 기하·관측 규격 공통 검사"",""reason"":""확정 배치와 최종 적재 상태 검사""},""bounds"":{""status"":""PASS"",""violations"":0,""checkedPlacements"":15,""scope"":""직육면체 기하·관측 규격 공통 검사"",""reason"":""확정 배치와 최종 적재 상태 검사""},""height"":{""status"":""PASS"",""violations"":0,""checkedPlacements"":15,""scope"":""직육면체 기하·관측 규격 공통 검사"",""reason"":""확정 배치와 최종 적재 상태 검사""},""orientation"":{""status"":""PASS"",""violations"":0,""checkedPlacements"":15,""scope"":""직육면체 기하·관측 규격 공통 검사"",""reason"":""확정 배치와 최종 적재 상태 검사""},""load"":{""status"":""PASS"",""violations"":0,""checkedPlacements"":15,""scope"":""입력된 허용 상부하중 · 누적 정적 반력"",""reason"":""입력값 범위의 정적 검사. 실측 재료 인증 아님""},""support"":{""status"":""PASS"",""violations"":0,""checkedPlacements"":15,""scope"":""접촉·합력 작용점·정적 평형"",""reason"":""설정된 지지율·전도 여유 검사. 동적 붕괴·굽힘 파손 미검증""},""payload"":{""status"":""PASS"",""violations"":0,""checkedPlacements"":15,""scope"":""입력 가반하중 · 박스+그리퍼 질량"",""reason"":""사용자가 설정한 가반하중 한계 검사""},""robotCollision"":{""status"":""NOT VERIFIED"",""violations"":0,""checkedPlacements"":15,""scope"":""TCP·그리퍼 스윕 근사만 수행"",""reason"":""전체 로봇 링크 충돌 미검증""},""approach"":{""status"":""NOT VERIFIED"",""violations"":0,""checkedPlacements"":15,""scope"":""TCP·그리퍼 스윕 근사만 수행"",""reason"":""실제 관절 한계·역기구학·접근 자세 미검증""},""sequence"":{""status"":""NOT VERIFIED"",""violations"":0,""checkedPlacements"":15,""scope"":""TCP·그리퍼 스윕 근사만 수행"",""reason"":""실제 파지·관절 궤적·전 과정 실행 미검증""}}","24.85617973214286","93.75","15","1","0.014422501","841610787","611","","","","237.59677419354838","93.03501691862536","99.09949939275452","95.30791788856305","19.9919788000397","57.2","0.453874150797855","0","0","","123.0064062499996","240.57590000001073","234.596375000001","239.3799950000088","1968.1024999999936","93.75","141.09204199363273","67.00982729586127","382.7288856053053","730","5.416699999987031","","","","","","100","0","0","","","0","100","100","0","66.66666666666667","9.252399999997579","",""
"rollout","online","randomExceptions","42","0","2a2d3297","partial","","explicit","proxy","{}","{""support"":272,""load"":146,""robot-path"":29}","adapter-1.0 / planners-f6ec11d4259a","2.1.0","{""requested"":1,""completed"":1,""outcomes"":[""partial""],""sameWorker"":false}","{""collision"":{""status"":""PASS"",""violations"":0,""checkedPlacements"":15,""scope"":""직육면체 기하·관측 규격 공통 검사"",""reason"":""확정 배치와 최종 적재 상태 검사""},""bounds"":{""status"":""PASS"",""violations"":0,""checkedPlacements"":15,""scope"":""직육면체 기하·관측 규격 공통 검사"",""reason"":""확정 배치와 최종 적재 상태 검사""},""height"":{""status"":""PASS"",""violations"":0,""checkedPlacements"":15,""scope"":""직육면체 기하·관측 규격 공통 검사"",""reason"":""확정 배치와 최종 적재 상태 검사""},""orientation"":{""status"":""PASS"",""violations"":0,""checkedPlacements"":15,""scope"":""직육면체 기하·관측 규격 공통 검사"",""reason"":""확정 배치와 최종 적재 상태 검사""},""load"":{""status"":""PASS"",""violations"":0,""checkedPlacements"":15,""scope"":""입력된 허용 상부하중 · 누적 정적 반력"",""reason"":""입력값 범위의 정적 검사. 실측 재료 인증 아님""},""support"":{""status"":""PASS"",""violations"":0,""checkedPlacements"":15,""scope"":""접촉·합력 작용점·정적 평형"",""reason"":""설정된 지지율·전도 여유 검사. 동적 붕괴·굽힘 파손 미검증""},""payload"":{""status"":""PASS"",""violations"":0,""checkedPlacements"":15,""scope"":""입력 가반하중 · 박스+그리퍼 질량"",""reason"":""사용자가 설정한 가반하중 한계 검사""},""robotCollision"":{""status"":""NOT VERIFIED"",""violations"":0,""checkedPlacements"":15,""scope"":""TCP·그리퍼 스윕 근사만 수행"",""reason"":""전체 로봇 링크 충돌 미검증""},""approach"":{""status"":""NOT VERIFIED"",""violations"":0,""checkedPlacements"":15,""scope"":""TCP·그리퍼 스윕 근사만 수행"",""reason"":""실제 관절 한계·역기구학·접근 자세 미검증""},""sequence"":{""status"":""NOT VERIFIED"",""violations"":0,""checkedPlacements"":15,""scope"":""TCP·그리퍼 스윕 근사만 수행"",""reason"":""실제 파지·관절 궤적·전 과정 실행 미검증""}}","24.85617973214286","93.75","15","1","0.014422501","841610787","611","","","","237.59677419354838","73.55055351930999","99.5506320255686","95.51820728291317","13.42283049094858","57.2","0.4694488817891374","0","0","","413.5575937499998","889.4024999999965","825.1135500000019","876.5447099999975","6616.921499999997","93.75","141.54155283497565","67.30200934273418","381.5134066174829","730","5.521999999997206","","","","","","100","0","0","","","0","100","100","0","66.66666666666667","10.431599999996251","",""
"strategy-greedy","online","randomExceptions","42","0","2a2d3297","partial","","explicit","proxy","{}","{""bounds"":25,""support"":386,""load"":266,""protocol"":49,""robot-path"":20}","adapter-1.0 / planners-f6ec11d4259a","2.1.0","{""requested"":1,""completed"":1,""outcomes"":[""partial""],""sameWorker"":false}","{""collision"":{""status"":""PASS"",""violations"":0,""checkedPlacements"":11,""scope"":""직육면체 기하·관측 규격 공통 검사"",""reason"":""확정 배치와 최종 적재 상태 검사""},""bounds"":{""status"":""PASS"",""violations"":0,""checkedPlacements"":11,""scope"":""직육면체 기하·관측 규격 공통 검사"",""reason"":""확정 배치와 최종 적재 상태 검사""},""height"":{""status"":""PASS"",""violations"":0,""checkedPlacements"":11,""scope"":""직육면체 기하·관측 규격 공통 검사"",""reason"":""확정 배치와 최종 적재 상태 검사""},""orientation"":{""status"":""PASS"",""violations"":0,""checkedPlacements"":11,""scope"":""직육면체 기하·관측 규격 공통 검사"",""reason"":""확정 배치와 최종 적재 상태 검사""},""load"":{""status"":""PASS"",""violations"":0,""checkedPlacements"":11,""scope"":""입력된 허용 상부하중 · 누적 정적 반력"",""reason"":""입력값 범위의 정적 검사. 실측 재료 인증 아님""},""support"":{""status"":""PASS"",""violations"":0,""checkedPlacements"":11,""scope"":""접촉·합력 작용점·정적 평형"",""reason"":""설정된 지지율·전도 여유 검사. 동적 붕괴·굽힘 파손 미검증""},""payload"":{""status"":""PASS"",""violations"":0,""checkedPlacements"":11,""scope"":""입력 가반하중 · 박스+그리퍼 질량"",""reason"":""사용자가 설정한 가반하중 한계 검사""},""robotCollision"":{""status"":""NOT VERIFIED"",""violations"":0,""checkedPlacements"":11,""scope"":""TCP·그리퍼 스윕 근사만 수행"",""reason"":""전체 로봇 링크 충돌 미검증""},""approach"":{""status"":""NOT VERIFIED"",""violations"":0,""checkedPlacements"":11,""scope"":""TCP·그리퍼 스윕 근사만 수행"",""reason"":""실제 관절 한계·역기구학·접근 자세 미검증""},""sequence"":{""status"":""NOT VERIFIED"",""violations"":0,""checkedPlacements"":11,""scope"":""TCP·그리퍼 스윕 근사만 수행"",""reason"":""실제 파지·관절 궤적·전 과정 실행 미검증""}}","13.644557232142857","68.75","11","5","0.139992673","967180959","434","","","","152.22857142857143","85.82074876373046","99.246449328888","95.30791788856305","21.658792539163514","57.2","0.5860927152317881","0","0","","13.367581249997784","32.13670000000275","31.156675000001997","31.9406950000026","213.88129999996454","68.75","108.96355073925","51.3263079805125","363.42428024177445","730","2.2145999999920605","","","","","","100","0","0","","","0","100","100","0","66.66666666666667","8.907599999991362","",""
"macs","online","randomExceptions","42","0","2a2d3297","partial","","explicit","proxy","{}","{""bounds"":25,""support"":386,""load"":266,""protocol"":49,""robot-path"":20}","adapter-1.0 / planners-f6ec11d4259a","2.1.0","{""requested"":1,""completed"":1,""outcomes"":[""partial""],""sameWorker"":false}","{""collision"":{""status"":""PASS"",""violations"":0,""checkedPlacements"":11,""scope"":""직육면체 기하·관측 규격 공통 검사"",""reason"":""확정 배치와 최종 적재 상태 검사""},""bounds"":{""status"":""PASS"",""violations"":0,""checkedPlacements"":11,""scope"":""직육면체 기하·관측 규격 공통 검사"",""reason"":""확정 배치와 최종 적재 상태 검사""},""height"":{""status"":""PASS"",""violations"":0,""checkedPlacements"":11,""scope"":""직육면체 기하·관측 규격 공통 검사"",""reason"":""확정 배치와 최종 적재 상태 검사""},""orientation"":{""status"":""PASS"",""violations"":0,""checkedPlacements"":11,""scope"":""직육면체 기하·관측 규격 공통 검사"",""reason"":""확정 배치와 최종 적재 상태 검사""},""load"":{""status"":""PASS"",""violations"":0,""checkedPlacements"":11,""scope"":""입력된 허용 상부하중 · 누적 정적 반력"",""reason"":""입력값 범위의 정적 검사. 실측 재료 인증 아님""},""support"":{""status"":""PASS"",""violations"":0,""checkedPlacements"":11,""scope"":""접촉·합력 작용점·정적 평형"",""reason"":""설정된 지지율·전도 여유 검사. 동적 붕괴·굽힘 파손 미검증""},""payload"":{""status"":""PASS"",""violations"":0,""checkedPlacements"":11,""scope"":""입력 가반하중 · 박스+그리퍼 질량"",""reason"":""사용자가 설정한 가반하중 한계 검사""},""robotCollision"":{""status"":""NOT VERIFIED"",""violations"":0,""checkedPlacements"":11,""scope"":""TCP·그리퍼 스윕 근사만 수행"",""reason"":""전체 로봇 링크 충돌 미검증""},""approach"":{""status"":""NOT VERIFIED"",""violations"":0,""checkedPlacements"":11,""scope"":""TCP·그리퍼 스윕 근사만 수행"",""reason"":""실제 관절 한계·역기구학·접근 자세 미검증""},""sequence"":{""status"":""NOT VERIFIED"",""violations"":0,""checkedPlacements"":11,""scope"":""TCP·그리퍼 스윕 근사만 수행"",""reason"":""실제 파지·관절 궤적·전 과정 실행 미검증""}}","13.644557232142857","68.75","11","5","0.139992673","967180959","434","","","","152.22857142857143","85.82074876373046","99.246449328888","95.30791788856305","21.658792539163514","57.2","0.5860927152317881","0","0","","12.846375000001899","38.650600000008126","36.59492500000488","38.23946500000748","205.54200000003038","68.75","108.96355073925","51.3263079805125","363.42428024177445","730","3.5619000000006054","","","","","","100","0","0","","","0","100","100","0","66.66666666666667","6.938699999998789","",""
"tetris-reserved","online","randomExceptions","42","0","2a2d3297","partial","","explicit","proxy","{}","{""bounds"":28,""support"":349,""load"":198,""robot-path"":44,""protocol"":12}","adapter-1.0 / planners-f6ec11d4259a","2.1.0","{""requested"":1,""completed"":1,""outcomes"":[""partial""],""sameWorker"":false}","{""collision"":{""status"":""PASS"",""violations"":0,""checkedPlacements"":11,""scope"":""직육면체 기하·관측 규격 공통 검사"",""reason"":""확정 배치와 최종 적재 상태 검사""},""bounds"":{""status"":""PASS"",""violations"":0,""checkedPlacements"":11,""scope"":""직육면체 기하·관측 규격 공통 검사"",""reason"":""확정 배치와 최종 적재 상태 검사""},""height"":{""status"":""PASS"",""violations"":0,""checkedPlacements"":11,""scope"":""직육면체 기하·관측 규격 공통 검사"",""reason"":""확정 배치와 최종 적재 상태 검사""},""orientation"":{""status"":""PASS"",""violations"":0,""checkedPlacements"":11,""scope"":""직육면체 기하·관측 규격 공통 검사"",""reason"":""확정 배치와 최종 적재 상태 검사""},""load"":{""status"":""PASS"",""violations"":0,""checkedPlacements"":11,""scope"":""입력된 허용 상부하중 · 누적 정적 반력"",""reason"":""입력값 범위의 정적 검사. 실측 재료 인증 아님""},""support"":{""status"":""PASS"",""violations"":0,""checkedPlacements"":11,""scope"":""접촉·합력 작용점·정적 평형"",""reason"":""설정된 지지율·전도 여유 검사. 동적 붕괴·굽힘 파손 미검증""},""payload"":{""status"":""PASS"",""violations"":0,""checkedPlacements"":11,""scope"":""입력 가반하중 · 박스+그리퍼 질량"",""reason"":""사용자가 설정한 가반하중 한계 검사""},""robotCollision"":{""status"":""NOT VERIFIED"",""violations"":0,""checkedPlacements"":11,""scope"":""TCP·그리퍼 스윕 근사만 수행"",""reason"":""전체 로봇 링크 충돌 미검증""},""approach"":{""status"":""NOT VERIFIED"",""violations"":0,""checkedPlacements"":11,""scope"":""TCP·그리퍼 스윕 근사만 수행"",""reason"":""실제 관절 한계·역기구학·접근 자세 미검증""},""sequence"":{""status"":""NOT VERIFIED"",""violations"":0,""checkedPlacements"":11,""scope"":""TCP·그리퍼 스윕 근사만 수행"",""reason"":""실제 파지·관절 궤적·전 과정 실행 미검증""}}","15.505543124999999","68.75","11","5","0.119149631","946337917","414","","","","149.96052631578948","23.405916161460986","99.59256429844665","95.51820728291317","2.8437522110556084","70.8","0.6781844203639339","0","0","","74.87403124999764","278.5665000000008","214.98494999999093","265.8501899999988","1197.9844999999623","68.75","105.32043856770785","50.25828506901011","375.99539594152145","730","4.067200000004959","","","","","","100","0","0","","","0","100","100","0","66.66666666666667","20.055299999992712","",""
"dynamic-reservation","online","randomExceptions","42","0","2a2d3297","partial","","explicit","proxy","{}","{""bounds"":37,""support"":306,""load"":136,""robot-path"":28}","adapter-1.0 / planners-f6ec11d4259a","2.1.0","{""requested"":1,""completed"":1,""outcomes"":[""partial""],""sameWorker"":false}","{""collision"":{""status"":""PASS"",""violations"":0,""checkedPlacements"":14,""scope"":""직육면체 기하·관측 규격 공통 검사"",""reason"":""확정 배치와 최종 적재 상태 검사""},""bounds"":{""status"":""PASS"",""violations"":0,""checkedPlacements"":14,""scope"":""직육면체 기하·관측 규격 공통 검사"",""reason"":""확정 배치와 최종 적재 상태 검사""},""height"":{""status"":""PASS"",""violations"":0,""checkedPlacements"":14,""scope"":""직육면체 기하·관측 규격 공통 검사"",""reason"":""확정 배치와 최종 적재 상태 검사""},""orientation"":{""status"":""PASS"",""violations"":0,""checkedPlacements"":14,""scope"":""직육면체 기하·관측 규격 공통 검사"",""reason"":""확정 배치와 최종 적재 상태 검사""},""load"":{""status"":""PASS"",""violations"":0,""checkedPlacements"":14,""scope"":""입력된 허용 상부하중 · 누적 정적 반력"",""reason"":""입력값 범위의 정적 검사. 실측 재료 인증 아님""},""support"":{""status"":""PASS"",""violations"":0,""checkedPlacements"":14,""scope"":""접촉·합력 작용점·정적 평형"",""reason"":""설정된 지지율·전도 여유 검사. 동적 붕괴·굽힘 파손 미검증""},""payload"":{""status"":""PASS"",""violations"":0,""checkedPlacements"":14,""scope"":""입력 가반하중 · 박스+그리퍼 질량"",""reason"":""사용자가 설정한 가반하중 한계 검사""},""robotCollision"":{""status"":""NOT VERIFIED"",""violations"":0,""checkedPlacements"":14,""scope"":""TCP·그리퍼 스윕 근사만 수행"",""reason"":""전체 로봇 링크 충돌 미검증""},""approach"":{""status"":""NOT VERIFIED"",""violations"":0,""checkedPlacements"":14,""scope"":""TCP·그리퍼 스윕 근사만 수행"",""reason"":""실제 관절 한계·역기구학·접근 자세 미검증""},""sequence"":{""status"":""NOT VERIFIED"",""violations"":0,""checkedPlacements"":14,""scope"":""TCP·그리퍼 스윕 근사만 수행"",""reason"":""실제 파지·관절 궤적·전 과정 실행 미검증""}}","21.809864285714287","87.5","14","2","0.048541234","875729520","1007","","","","254.66964285714286","89.39752329654402","99.6798719487795","95.51820728291317","20.056834914711043","57.2","0.3390922101819669","0","0","","224.0265249999984","727.0084999999963","611.9199500000032","703.9907899999976","3584.4243999999744","87.5","163.65188816226186","81.6737273054702","307.97078216432243","730","5.642299999992247","","","","","","100","0","0","","","0","100","100","0","66.66666666666667","21.790500000002794","",""
"lookahead","online","randomExceptions","42","0","2a2d3297","partial","","explicit","proxy","{}","{""bounds"":14,""support"":381,""load"":270,""protocol"":25,""robot-path"":2}","adapter-1.0 / planners-f6ec11d4259a","2.1.0","{""requested"":1,""completed"":1,""outcomes"":[""partial""],""sameWorker"":false}","{""collision"":{""status"":""PASS"",""violations"":0,""checkedPlacements"":11,""scope"":""직육면체 기하·관측 규격 공통 검사"",""reason"":""확정 배치와 최종 적재 상태 검사""},""bounds"":{""status"":""PASS"",""violations"":0,""checkedPlacements"":11,""scope"":""직육면체 기하·관측 규격 공통 검사"",""reason"":""확정 배치와 최종 적재 상태 검사""},""height"":{""status"":""PASS"",""violations"":0,""checkedPlacements"":11,""scope"":""직육면체 기하·관측 규격 공통 검사"",""reason"":""확정 배치와 최종 적재 상태 검사""},""orientation"":{""status"":""PASS"",""violations"":0,""checkedPlacements"":11,""scope"":""직육면체 기하·관측 규격 공통 검사"",""reason"":""확정 배치와 최종 적재 상태 검사""},""load"":{""status"":""PASS"",""violations"":0,""checkedPlacements"":11,""scope"":""입력된 허용 상부하중 · 누적 정적 반력"",""reason"":""입력값 범위의 정적 검사. 실측 재료 인증 아님""},""support"":{""status"":""PASS"",""violations"":0,""checkedPlacements"":11,""scope"":""접촉·합력 작용점·정적 평형"",""reason"":""설정된 지지율·전도 여유 검사. 동적 붕괴·굽힘 파손 미검증""},""payload"":{""status"":""PASS"",""violations"":0,""checkedPlacements"":11,""scope"":""입력 가반하중 · 박스+그리퍼 질량"",""reason"":""사용자가 설정한 가반하중 한계 검사""},""robotCollision"":{""status"":""NOT VERIFIED"",""violations"":0,""checkedPlacements"":11,""scope"":""TCP·그리퍼 스윕 근사만 수행"",""reason"":""전체 로봇 링크 충돌 미검증""},""approach"":{""status"":""NOT VERIFIED"",""violations"":0,""checkedPlacements"":11,""scope"":""TCP·그리퍼 스윕 근사만 수행"",""reason"":""실제 관절 한계·역기구학·접근 자세 미검증""},""sequence"":{""status"":""NOT VERIFIED"",""violations"":0,""checkedPlacements"":11,""scope"":""TCP·그리퍼 스윕 근사만 수행"",""reason"":""실제 파지·관절 궤적·전 과정 실행 미검증""}}","13.644557232142857","68.75","11","5","0.139992673","967180959","414","","","","139.55714285714285","72.05262992835054","99.59256429844665","95.51820728291317","16.678821026216593","57.2","0.6781844203639339","0","0","","93.49490624999817","206.02439999999478","202.0680749999956","205.23313499999495","1495.9184999999707","68.75","107.39707828978455","50.30810088835995","368.7251145990132","730","2.6432999999960884","","","","","","100","0","0","","","0","100","100","0","66.66666666666667","28.17149999999674","",""
"future-hybrid","online","randomExceptions","42","0","2a2d3297","partial","","explicit","proxy","{}","{""bounds"":50,""support"":312,""load"":118,""robot-path"":15,""protocol"":13}","adapter-1.0 / planners-f6ec11d4259a","2.1.0","{""requested"":1,""completed"":1,""outcomes"":[""partial""],""sameWorker"":false}","{""collision"":{""status"":""PASS"",""violations"":0,""checkedPlacements"":14,""scope"":""직육면체 기하·관측 규격 공통 검사"",""reason"":""확정 배치와 최종 적재 상태 검사""},""bounds"":{""status"":""PASS"",""violations"":0,""checkedPlacements"":14,""scope"":""직육면체 기하·관측 규격 공통 검사"",""reason"":""확정 배치와 최종 적재 상태 검사""},""height"":{""status"":""PASS"",""violations"":0,""checkedPlacements"":14,""scope"":""직육면체 기하·관측 규격 공통 검사"",""reason"":""확정 배치와 최종 적재 상태 검사""},""orientation"":{""status"":""PASS"",""violations"":0,""checkedPlacements"":14,""scope"":""직육면체 기하·관측 규격 공통 검사"",""reason"":""확정 배치와 최종 적재 상태 검사""},""load"":{""status"":""PASS"",""violations"":0,""checkedPlacements"":14,""scope"":""입력된 허용 상부하중 · 누적 정적 반력"",""reason"":""입력값 범위의 정적 검사. 실측 재료 인증 아님""},""support"":{""status"":""PASS"",""violations"":0,""checkedPlacements"":14,""scope"":""접촉·합력 작용점·정적 평형"",""reason"":""설정된 지지율·전도 여유 검사. 동적 붕괴·굽힘 파손 미검증""},""payload"":{""status"":""PASS"",""violations"":0,""checkedPlacements"":14,""scope"":""입력 가반하중 · 박스+그리퍼 질량"",""reason"":""사용자가 설정한 가반하중 한계 검사""},""robotCollision"":{""status"":""NOT VERIFIED"",""violations"":0,""checkedPlacements"":14,""scope"":""TCP·그리퍼 스윕 근사만 수행"",""reason"":""전체 로봇 링크 충돌 미검증""},""approach"":{""status"":""NOT VERIFIED"",""violations"":0,""checkedPlacements"":14,""scope"":""TCP·그리퍼 스윕 근사만 수행"",""reason"":""실제 관절 한계·역기구학·접근 자세 미검증""},""sequence"":{""status"":""NOT VERIFIED"",""violations"":0,""checkedPlacements"":14,""scope"":""TCP·그리퍼 스윕 근사만 수행"",""reason"":""실제 파지·관절 궤적·전 과정 실행 미검증""}}","21.809864285714287","87.5","14","2","0.048541234","875729520","631","","","","222.05357142857142","25.258358891217615","99.6798719487795","95.51820728291317","6.331729856988076","57.2","0.3598173515981735","0","0","","244.782081249994","853.4887999999919","614.4239000000089","805.6758199999952","3916.513299999904","87.5","139.06311869454234","68.29102715145252","362.425353847454","730","5.344799999991665","","","","","","100","0","0","","","0","100","100","0","66.66666666666667","31.506299999979092","",""
"blb","online","randomExceptions","42","0","2a2d3297","partial","","explicit","proxy","{}","{""bounds"":33,""support"":330,""load"":134,""robot-path"":29}","adapter-1.0 / planners-f6ec11d4259a","2.1.0","{""requested"":1,""completed"":1,""outcomes"":[""partial""],""sameWorker"":false}","{""collision"":{""status"":""PASS"",""violations"":0,""checkedPlacements"":12,""scope"":""직육면체 기하·관측 규격 공통 검사"",""reason"":""확정 배치와 최종 적재 상태 검사""},""bounds"":{""status"":""PASS"",""violations"":0,""checkedPlacements"":12,""scope"":""직육면체 기하·관측 규격 공통 검사"",""reason"":""확정 배치와 최종 적재 상태 검사""},""height"":{""status"":""PASS"",""violations"":0,""checkedPlacements"":12,""scope"":""직육면체 기하·관측 규격 공통 검사"",""reason"":""확정 배치와 최종 적재 상태 검사""},""orientation"":{""status"":""PASS"",""violations"":0,""checkedPlacements"":12,""scope"":""직육면체 기하·관측 규격 공통 검사"",""reason"":""확정 배치와 최종 적재 상태 검사""},""load"":{""status"":""PASS"",""violations"":0,""checkedPlacements"":12,""scope"":""입력된 허용 상부하중 · 누적 정적 반력"",""reason"":""입력값 범위의 정적 검사. 실측 재료 인증 아님""},""support"":{""status"":""PASS"",""violations"":0,""checkedPlacements"":12,""scope"":""접촉·합력 작용점·정적 평형"",""reason"":""설정된 지지율·전도 여유 검사. 동적 붕괴·굽힘 파손 미검증""},""payload"":{""status"":""PASS"",""violations"":0,""checkedPlacements"":12,""scope"":""입력 가반하중 · 박스+그리퍼 질량"",""reason"":""사용자가 설정한 가반하중 한계 검사""},""robotCollision"":{""status"":""NOT VERIFIED"",""violations"":0,""checkedPlacements"":12,""scope"":""TCP·그리퍼 스윕 근사만 수행"",""reason"":""전체 로봇 링크 충돌 미검증""},""approach"":{""status"":""NOT VERIFIED"",""violations"":0,""checkedPlacements"":12,""scope"":""TCP·그리퍼 스윕 근사만 수행"",""reason"":""실제 관절 한계·역기구학·접근 자세 미검증""},""sequence"":{""status"":""NOT VERIFIED"",""violations"":0,""checkedPlacements"":12,""scope"":""TCP·그리퍼 스윕 근사만 수행"",""reason"":""실제 파지·관절 궤적·전 과정 실행 미검증""}}","18.55185857142857","75","12","4","0.085030898","912219184","603","","","","186.8068181818182","101.00005369853741","100","100","21.093663074760823","65.85","0.5860927152317881","0","0","","25.17496249999749","204.4320000000007","77.18175000001065","178.98195000000263","402.79939999995986","75","113.73049150817337","55.724819480312696","379.8453644851731","728","4.542300000000978","","","","","","100","0","0","","","0","100","100","0","66.66666666666667","8.540000000008149","",""
"pack-first","online","randomExceptions","42","0","2a2d3297","partial","","explicit","proxy","{}","{""support"":471,""load"":167,""bounds"":307,""protocol"":59,""robot-path"":15}","adapter-1.0 / planners-f6ec11d4259a","2.1.0","{""requested"":1,""completed"":1,""outcomes"":[""partial""],""sameWorker"":false}","{""collision"":{""status"":""PASS"",""violations"":0,""checkedPlacements"":9,""scope"":""직육면체 기하·관측 규격 공통 검사"",""reason"":""확정 배치와 최종 적재 상태 검사""},""bounds"":{""status"":""PASS"",""violations"":0,""checkedPlacements"":9,""scope"":""직육면체 기하·관측 규격 공통 검사"",""reason"":""확정 배치와 최종 적재 상태 검사""},""height"":{""status"":""PASS"",""violations"":0,""checkedPlacements"":9,""scope"":""직육면체 기하·관측 규격 공통 검사"",""reason"":""확정 배치와 최종 적재 상태 검사""},""orientation"":{""status"":""PASS"",""violations"":0,""checkedPlacements"":9,""scope"":""직육면체 기하·관측 규격 공통 검사"",""reason"":""확정 배치와 최종 적재 상태 검사""},""load"":{""status"":""PASS"",""violations"":0,""checkedPlacements"":9,""scope"":""입력된 허용 상부하중 · 누적 정적 반력"",""reason"":""입력값 범위의 정적 검사. 실측 재료 인증 아님""},""support"":{""status"":""PASS"",""violations"":0,""checkedPlacements"":9,""scope"":""접촉·합력 작용점·정적 평형"",""reason"":""설정된 지지율·전도 여유 검사. 동적 붕괴·굽힘 파손 미검증""},""payload"":{""status"":""PASS"",""violations"":0,""checkedPlacements"":9,""scope"":""입력 가반하중 · 박스+그리퍼 질량"",""reason"":""사용자가 설정한 가반하중 한계 검사""},""robotCollision"":{""status"":""NOT VERIFIED"",""violations"":0,""checkedPlacements"":9,""scope"":""TCP·그리퍼 스윕 근사만 수행"",""reason"":""전체 로봇 링크 충돌 미검증""},""approach"":{""status"":""NOT VERIFIED"",""violations"":0,""checkedPlacements"":9,""scope"":""TCP·그리퍼 스윕 근사만 수행"",""reason"":""실제 관절 한계·역기구학·접근 자세 미검증""},""sequence"":{""status"":""NOT VERIFIED"",""violations"":0,""checkedPlacements"":9,""scope"":""TCP·그리퍼 스윕 근사만 수행"",""reason"":""실제 파지·관절 궤적·전 과정 실행 미검증""}}","12.265199375","56.25","9","7","0.155441481","982629767","390","","","","116.21428571428571","97.33766712413578","99.71387696709584","97.42489270386267","19.358217908817327","65.85","0.5860927152317881","0","0","","8.813656250002168","14.495599999994738","13.681849999979022","14.332849999991595","141.0185000000347","56.25","80.11350351429714","39.07377728429313","404.4262025591961","728","2.406700000021374","","","","","","100","0","0","","","0","100","100","0","66.66666666666667","8.783400000014808","",""
"pack-greedy","online","randomExceptions","42","0","2a2d3297","partial","","explicit","proxy","{}","{""support"":473,""load"":171,""bounds"":295,""protocol"":51,""robot-path"":26}","adapter-1.0 / planners-f6ec11d4259a","2.1.0","{""requested"":1,""completed"":1,""outcomes"":[""partial""],""sameWorker"":false}","{""collision"":{""status"":""PASS"",""violations"":0,""checkedPlacements"":8,""scope"":""직육면체 기하·관측 규격 공통 검사"",""reason"":""확정 배치와 최종 적재 상태 검사""},""bounds"":{""status"":""PASS"",""violations"":0,""checkedPlacements"":8,""scope"":""직육면체 기하·관측 규격 공통 검사"",""reason"":""확정 배치와 최종 적재 상태 검사""},""height"":{""status"":""PASS"",""violations"":0,""checkedPlacements"":8,""scope"":""직육면체 기하·관측 규격 공통 검사"",""reason"":""확정 배치와 최종 적재 상태 검사""},""orientation"":{""status"":""PASS"",""violations"":0,""checkedPlacements"":8,""scope"":""직육면체 기하·관측 규격 공통 검사"",""reason"":""확정 배치와 최종 적재 상태 검사""},""load"":{""status"":""PASS"",""violations"":0,""checkedPlacements"":8,""scope"":""입력된 허용 상부하중 · 누적 정적 반력"",""reason"":""입력값 범위의 정적 검사. 실측 재료 인증 아님""},""support"":{""status"":""PASS"",""violations"":0,""checkedPlacements"":8,""scope"":""접촉·합력 작용점·정적 평형"",""reason"":""설정된 지지율·전도 여유 검사. 동적 붕괴·굽힘 파손 미검증""},""payload"":{""status"":""PASS"",""violations"":0,""checkedPlacements"":8,""scope"":""입력 가반하중 · 박스+그리퍼 질량"",""reason"":""사용자가 설정한 가반하중 한계 검사""},""robotCollision"":{""status"":""NOT VERIFIED"",""violations"":0,""checkedPlacements"":8,""scope"":""TCP·그리퍼 스윕 근사만 수행"",""reason"":""전체 로봇 링크 충돌 미검증""},""approach"":{""status"":""NOT VERIFIED"",""violations"":0,""checkedPlacements"":8,""scope"":""TCP·그리퍼 스윕 근사만 수행"",""reason"":""실제 관절 한계·역기구학·접근 자세 미검증""},""sequence"":{""status"":""NOT VERIFIED"",""violations"":0,""checkedPlacements"":8,""scope"":""TCP·그리퍼 스윕 근사만 수행"",""reason"":""실제 파지·관절 궤적·전 과정 실행 미검증""}}","8.941119107142857","50","8","8","0.19267118","1019859466","217","","","","89.11538461538461","11.648196142441153","100","100","7.658228910029886","57.2","1.125984251968504","0","0","","10.05061249999926","41.61160000000382","25.178124999998545","38.32490500000276","160.80979999998817","50","66.39977434357486","32.75985332332367","433.7364137862739","728","1.7278999999980442","","","","","","100","0","0","","","0","100","100","0","66.66666666666667","8.682100000005448","",""
"pack-tetris","online","randomExceptions","42","0","2a2d3297","partial","","explicit","proxy","{}","{""support"":473,""load"":171,""bounds"":295,""protocol"":51,""robot-path"":26}","adapter-1.0 / planners-f6ec11d4259a","2.1.0","{""requested"":1,""completed"":1,""outcomes"":[""partial""],""sameWorker"":false}","{""collision"":{""status"":""PASS"",""violations"":0,""checkedPlacements"":8,""scope"":""직육면체 기하·관측 규격 공통 검사"",""reason"":""확정 배치와 최종 적재 상태 검사""},""bounds"":{""status"":""PASS"",""violations"":0,""checkedPlacements"":8,""scope"":""직육면체 기하·관측 규격 공통 검사"",""reason"":""확정 배치와 최종 적재 상태 검사""},""height"":{""status"":""PASS"",""violations"":0,""checkedPlacements"":8,""scope"":""직육면체 기하·관측 규격 공통 검사"",""reason"":""확정 배치와 최종 적재 상태 검사""},""orientation"":{""status"":""PASS"",""violations"":0,""checkedPlacements"":8,""scope"":""직육면체 기하·관측 규격 공통 검사"",""reason"":""확정 배치와 최종 적재 상태 검사""},""load"":{""status"":""PASS"",""violations"":0,""checkedPlacements"":8,""scope"":""입력된 허용 상부하중 · 누적 정적 반력"",""reason"":""입력값 범위의 정적 검사. 실측 재료 인증 아님""},""support"":{""status"":""PASS"",""violations"":0,""checkedPlacements"":8,""scope"":""접촉·합력 작용점·정적 평형"",""reason"":""설정된 지지율·전도 여유 검사. 동적 붕괴·굽힘 파손 미검증""},""payload"":{""status"":""PASS"",""violations"":0,""checkedPlacements"":8,""scope"":""입력 가반하중 · 박스+그리퍼 질량"",""reason"":""사용자가 설정한 가반하중 한계 검사""},""robotCollision"":{""status"":""NOT VERIFIED"",""violations"":0,""checkedPlacements"":8,""scope"":""TCP·그리퍼 스윕 근사만 수행"",""reason"":""전체 로봇 링크 충돌 미검증""},""approach"":{""status"":""NOT VERIFIED"",""violations"":0,""checkedPlacements"":8,""scope"":""TCP·그리퍼 스윕 근사만 수행"",""reason"":""실제 관절 한계·역기구학·접근 자세 미검증""},""sequence"":{""status"":""NOT VERIFIED"",""violations"":0,""checkedPlacements"":8,""scope"":""TCP·그리퍼 스윕 근사만 수행"",""reason"":""실제 파지·관절 궤적·전 과정 실행 미검증""}}","8.941119107142857","50","8","8","0.19267118","1019859466","217","","","","89.11538461538461","11.648196142441153","100","100","7.658228910029886","57.2","1.125984251968504","0","0","","8.46186249999846","43.29200000001583","18.22729999999865","38.27906000001238","135.38979999997537","50","66.39977434357486","32.75985332332367","433.7364137862739","728","2.082699999999022","","","","","","100","0","0","","","0","100","100","0","66.66666666666667","6.803200000023935","",""
"pack-beam","online","randomExceptions","42","0","2a2d3297","partial","","explicit","proxy","{}","{""support"":527,""load"":131,""bounds"":310,""protocol"":44,""robot-path"":16}","adapter-1.0 / planners-f6ec11d4259a","2.1.0","{""requested"":1,""completed"":1,""outcomes"":[""partial""],""sameWorker"":false}","{""collision"":{""status"":""PASS"",""violations"":0,""checkedPlacements"":8,""scope"":""직육면체 기하·관측 규격 공통 검사"",""reason"":""확정 배치와 최종 적재 상태 검사""},""bounds"":{""status"":""PASS"",""violations"":0,""checkedPlacements"":8,""scope"":""직육면체 기하·관측 규격 공통 검사"",""reason"":""확정 배치와 최종 적재 상태 검사""},""height"":{""status"":""PASS"",""violations"":0,""checkedPlacements"":8,""scope"":""직육면체 기하·관측 규격 공통 검사"",""reason"":""확정 배치와 최종 적재 상태 검사""},""orientation"":{""status"":""PASS"",""violations"":0,""checkedPlacements"":8,""scope"":""직육면체 기하·관측 규격 공통 검사"",""reason"":""확정 배치와 최종 적재 상태 검사""},""load"":{""status"":""PASS"",""violations"":0,""checkedPlacements"":8,""scope"":""입력된 허용 상부하중 · 누적 정적 반력"",""reason"":""입력값 범위의 정적 검사. 실측 재료 인증 아님""},""support"":{""status"":""PASS"",""violations"":0,""checkedPlacements"":8,""scope"":""접촉·합력 작용점·정적 평형"",""reason"":""설정된 지지율·전도 여유 검사. 동적 붕괴·굽힘 파손 미검증""},""payload"":{""status"":""PASS"",""violations"":0,""checkedPlacements"":8,""scope"":""입력 가반하중 · 박스+그리퍼 질량"",""reason"":""사용자가 설정한 가반하중 한계 검사""},""robotCollision"":{""status"":""NOT VERIFIED"",""violations"":0,""checkedPlacements"":8,""scope"":""TCP·그리퍼 스윕 근사만 수행"",""reason"":""전체 로봇 링크 충돌 미검증""},""approach"":{""status"":""NOT VERIFIED"",""violations"":0,""checkedPlacements"":8,""scope"":""TCP·그리퍼 스윕 근사만 수행"",""reason"":""실제 관절 한계·역기구학·접근 자세 미검증""},""sequence"":{""status"":""NOT VERIFIED"",""violations"":0,""checkedPlacements"":8,""scope"":""TCP·그리퍼 스윕 근사만 수행"",""reason"":""실제 파지·관절 궤적·전 과정 실행 미검증""}}","10.210185178571429","50","8","8","0.17845764","1005645926","302","","","","96.01785714285714","98.48462145566337","100","100","20.09928736887958","57.2","0.5860927152317881","0","0","","564.6956562499963","2020.281799999997","2004.4352749999962","2017.112494999997","9035.130499999941","50","64.71139540626544","31.662407014072535","445.05298980481496","728","1.9122999999963213","","","","","","100","0","0","","","0","100","100","0","66.66666666666667","8.260100000014063","",""
"pack-robust","online","randomExceptions","42","0","2a2d3297","partial","","explicit","proxy","{}","{""support"":527,""load"":131,""bounds"":310,""protocol"":44,""robot-path"":16}","adapter-1.0 / planners-f6ec11d4259a","2.1.0","{""requested"":1,""completed"":1,""outcomes"":[""partial""],""sameWorker"":false}","{""collision"":{""status"":""PASS"",""violations"":0,""checkedPlacements"":8,""scope"":""직육면체 기하·관측 규격 공통 검사"",""reason"":""확정 배치와 최종 적재 상태 검사""},""bounds"":{""status"":""PASS"",""violations"":0,""checkedPlacements"":8,""scope"":""직육면체 기하·관측 규격 공통 검사"",""reason"":""확정 배치와 최종 적재 상태 검사""},""height"":{""status"":""PASS"",""violations"":0,""checkedPlacements"":8,""scope"":""직육면체 기하·관측 규격 공통 검사"",""reason"":""확정 배치와 최종 적재 상태 검사""},""orientation"":{""status"":""PASS"",""violations"":0,""checkedPlacements"":8,""scope"":""직육면체 기하·관측 규격 공통 검사"",""reason"":""확정 배치와 최종 적재 상태 검사""},""load"":{""status"":""PASS"",""violations"":0,""checkedPlacements"":8,""scope"":""입력된 허용 상부하중 · 누적 정적 반력"",""reason"":""입력값 범위의 정적 검사. 실측 재료 인증 아님""},""support"":{""status"":""PASS"",""violations"":0,""checkedPlacements"":8,""scope"":""접촉·합력 작용점·정적 평형"",""reason"":""설정된 지지율·전도 여유 검사. 동적 붕괴·굽힘 파손 미검증""},""payload"":{""status"":""PASS"",""violations"":0,""checkedPlacements"":8,""scope"":""입력 가반하중 · 박스+그리퍼 질량"",""reason"":""사용자가 설정한 가반하중 한계 검사""},""robotCollision"":{""status"":""NOT VERIFIED"",""violations"":0,""checkedPlacements"":8,""scope"":""TCP·그리퍼 스윕 근사만 수행"",""reason"":""전체 로봇 링크 충돌 미검증""},""approach"":{""status"":""NOT VERIFIED"",""violations"":0,""checkedPlacements"":8,""scope"":""TCP·그리퍼 스윕 근사만 수행"",""reason"":""실제 관절 한계·역기구학·접근 자세 미검증""},""sequence"":{""status"":""NOT VERIFIED"",""violations"":0,""checkedPlacements"":8,""scope"":""TCP·그리퍼 스윕 근사만 수행"",""reason"":""실제 파지·관절 궤적·전 과정 실행 미검증""}}","10.210185178571429","50","8","8","0.17845764","1005645926","302","","","","96.01785714285714","98.48462145566337","100","100","20.09928736887958","57.2","0.5860927152317881","0","0","","606.8323937500008","2804.159400000004","2424.6908250000124","2728.2656850000058","9709.318300000014","50","64.71139540626544","31.662407014072535","445.05298980481496","728","1.6392000000050757","","","","","","100","0","0","","","0","100","100","0","66.66666666666667","5.8293999999878","",""
"bl","online","random","43","1","29215f88","partial","","explicit","proxy","{}","{""protocol"":15,""bounds"":30,""robot-path"":18,""support"":296,""load"":224}","adapter-1.0 / planners-f6ec11d4259a","2.1.0","{""requested"":1,""completed"":1,""outcomes"":[""partial""],""sameWorker"":false}","{""collision"":{""status"":""PASS"",""violations"":0,""checkedPlacements"":15,""scope"":""직육면체 기하·관측 규격 공통 검사"",""reason"":""확정 배치와 최종 적재 상태 검사""},""bounds"":{""status"":""PASS"",""violations"":0,""checkedPlacements"":15,""scope"":""직육면체 기하·관측 규격 공통 검사"",""reason"":""확정 배치와 최종 적재 상태 검사""},""height"":{""status"":""PASS"",""violations"":0,""checkedPlacements"":15,""scope"":""직육면체 기하·관측 규격 공통 검사"",""reason"":""확정 배치와 최종 적재 상태 검사""},""orientation"":{""status"":""PASS"",""violations"":0,""checkedPlacements"":15,""scope"":""직육면체 기하·관측 규격 공통 검사"",""reason"":""확정 배치와 최종 적재 상태 검사""},""load"":{""status"":""PASS"",""violations"":0,""checkedPlacements"":15,""scope"":""입력된 허용 상부하중 · 누적 정적 반력"",""reason"":""입력값 범위의 정적 검사. 실측 재료 인증 아님""},""support"":{""status"":""PASS"",""violations"":0,""checkedPlacements"":15,""scope"":""접촉·합력 작용점·정적 평형"",""reason"":""설정된 지지율·전도 여유 검사. 동적 붕괴·굽힘 파손 미검증""},""payload"":{""status"":""PASS"",""violations"":0,""checkedPlacements"":15,""scope"":""입력 가반하중 · 박스+그리퍼 질량"",""reason"":""사용자가 설정한 가반하중 한계 검사""},""robotCollision"":{""status"":""NOT VERIFIED"",""violations"":0,""checkedPlacements"":15,""scope"":""TCP·그리퍼 스윕 근사만 수행"",""reason"":""전체 로봇 링크 충돌 미검증""},""approach"":{""status"":""NOT VERIFIED"",""violations"":0,""checkedPlacements"":15,""scope"":""TCP·그리퍼 스윕 근사만 수행"",""reason"":""실제 관절 한계·역기구학·접근 자세 미검증""},""sequence"":{""status"":""NOT VERIFIED"",""violations"":0,""checkedPlacements"":15,""scope"":""TCP·그리퍼 스윕 근사만 수행"",""reason"":""실제 파지·관절 궤적·전 과정 실행 미검증""}}","23.02023044642857","83.33333333333333","15","3","0.059703637","862173419","796","","","","273.59090909090907","51.017917692922985","99.6871945259042","95.30791788856305","21.42737880575885","57.2","0.41321044546851","0","0","","35.81536111111281","64.18369999999413","63.83137500000739","64.11323499999678","644.6765000000305","83.33333333333333","148.95702822861108","74.7220683485972","362.5206587575295","846","5.22009999997681","23.02023044642857","0","83.33333333333333","","","100","0","0","","","0","","","","","","",""
"greedy","online","random","43","1","29215f88","partial","","explicit","proxy","{}","{""protocol"":16,""bounds"":22,""robot-path"":38,""support"":371,""load"":399}","adapter-1.0 / planners-f6ec11d4259a","2.1.0","{""requested"":1,""completed"":1,""outcomes"":[""partial""],""sameWorker"":false}","{""collision"":{""status"":""PASS"",""violations"":0,""checkedPlacements"":15,""scope"":""직육면체 기하·관측 규격 공통 검사"",""reason"":""확정 배치와 최종 적재 상태 검사""},""bounds"":{""status"":""PASS"",""violations"":0,""checkedPlacements"":15,""scope"":""직육면체 기하·관측 규격 공통 검사"",""reason"":""확정 배치와 최종 적재 상태 검사""},""height"":{""status"":""PASS"",""violations"":0,""checkedPlacements"":15,""scope"":""직육면체 기하·관측 규격 공통 검사"",""reason"":""확정 배치와 최종 적재 상태 검사""},""orientation"":{""status"":""PASS"",""violations"":0,""checkedPlacements"":15,""scope"":""직육면체 기하·관측 규격 공통 검사"",""reason"":""확정 배치와 최종 적재 상태 검사""},""load"":{""status"":""PASS"",""violations"":0,""checkedPlacements"":15,""scope"":""입력된 허용 상부하중 · 누적 정적 반력"",""reason"":""입력값 범위의 정적 검사. 실측 재료 인증 아님""},""support"":{""status"":""PASS"",""violations"":0,""checkedPlacements"":15,""scope"":""접촉·합력 작용점·정적 평형"",""reason"":""설정된 지지율·전도 여유 검사. 동적 붕괴·굽힘 파손 미검증""},""payload"":{""status"":""PASS"",""violations"":0,""checkedPlacements"":15,""scope"":""입력 가반하중 · 박스+그리퍼 질량"",""reason"":""사용자가 설정한 가반하중 한계 검사""},""robotCollision"":{""status"":""NOT VERIFIED"",""violations"":0,""checkedPlacements"":15,""scope"":""TCP·그리퍼 스윕 근사만 수행"",""reason"":""전체 로봇 링크 충돌 미검증""},""approach"":{""status"":""NOT VERIFIED"",""violations"":0,""checkedPlacements"":15,""scope"":""TCP·그리퍼 스윕 근사만 수행"",""reason"":""실제 관절 한계·역기구학·접근 자세 미검증""},""sequence"":{""status"":""NOT VERIFIED"",""violations"":0,""checkedPlacements"":15,""scope"":""TCP·그리퍼 스윕 근사만 수행"",""reason"":""실제 파지·관절 궤적·전 과정 실행 미검증""}}","21.15924455357143","83.33333333333333","15","3","0.080546679","883016461","1254","","","","376.9623655913978","158.28255470318538","100","100","32.012496582931995","57.2","0.3099078341013825","0","0","","125.89033888888824","406.8990000000049","303.95048500000104","386.30929700000394","2266.026099999988","83.33333333333333","153.50496047438554","75.72822430835059","351.7801628893332","846","6.702399999980116","21.15924455357143","0","83.33333333333333","","","100","0","0","","","0","","","","","","",""
"rollout","online","random","43","1","29215f88","partial","","explicit","proxy","{}","{""protocol"":16,""bounds"":22,""robot-path"":38,""support"":371,""load"":399}","adapter-1.0 / planners-f6ec11d4259a","2.1.0","{""requested"":1,""completed"":1,""outcomes"":[""partial""],""sameWorker"":false}","{""collision"":{""status"":""PASS"",""violations"":0,""checkedPlacements"":15,""scope"":""직육면체 기하·관측 규격 공통 검사"",""reason"":""확정 배치와 최종 적재 상태 검사""},""bounds"":{""status"":""PASS"",""violations"":0,""checkedPlacements"":15,""scope"":""직육면체 기하·관측 규격 공통 검사"",""reason"":""확정 배치와 최종 적재 상태 검사""},""height"":{""status"":""PASS"",""violations"":0,""checkedPlacements"":15,""scope"":""직육면체 기하·관측 규격 공통 검사"",""reason"":""확정 배치와 최종 적재 상태 검사""},""orientation"":{""status"":""PASS"",""violations"":0,""checkedPlacements"":15,""scope"":""직육면체 기하·관측 규격 공통 검사"",""reason"":""확정 배치와 최종 적재 상태 검사""},""load"":{""status"":""PASS"",""violations"":0,""checkedPlacements"":15,""scope"":""입력된 허용 상부하중 · 누적 정적 반력"",""reason"":""입력값 범위의 정적 검사. 실측 재료 인증 아님""},""support"":{""status"":""PASS"",""violations"":0,""checkedPlacements"":15,""scope"":""접촉·합력 작용점·정적 평형"",""reason"":""설정된 지지율·전도 여유 검사. 동적 붕괴·굽힘 파손 미검증""},""payload"":{""status"":""PASS"",""violations"":0,""checkedPlacements"":15,""scope"":""입력 가반하중 · 박스+그리퍼 질량"",""reason"":""사용자가 설정한 가반하중 한계 검사""},""robotCollision"":{""status"":""NOT VERIFIED"",""violations"":0,""checkedPlacements"":15,""scope"":""TCP·그리퍼 스윕 근사만 수행"",""reason"":""전체 로봇 링크 충돌 미검증""},""approach"":{""status"":""NOT VERIFIED"",""violations"":0,""checkedPlacements"":15,""scope"":""TCP·그리퍼 스윕 근사만 수행"",""reason"":""실제 관절 한계·역기구학·접근 자세 미검증""},""sequence"":{""status"":""NOT VERIFIED"",""violations"":0,""checkedPlacements"":15,""scope"":""TCP·그리퍼 스윕 근사만 수행"",""reason"":""실제 파지·관절 궤적·전 과정 실행 미검증""}}","21.15924455357143","83.33333333333333","15","3","0.080546679","883016461","1254","","","","376.9623655913978","158.28255470318538","100","100","32.012496582931995","57.2","0.3099078341013825","0","0","","481.099805555557","1279.4244999999937","1004.1357650000089","1224.3667529999962","8659.796500000026","83.33333333333333","153.50496047438554","75.72822430835059","351.7801628893332","846","14.584000000002561","21.15924455357143","0","83.33333333333333","","","100","0","0","","","0","","","","","","",""
"strategy-greedy","online","random","43","1","29215f88","partial","","explicit","proxy","{}","{""protocol"":24,""bounds"":22,""robot-path"":22,""support"":463,""load"":446}","adapter-1.0 / planners-f6ec11d4259a","2.1.0","{""requested"":1,""completed"":1,""outcomes"":[""partial""],""sameWorker"":false}","{""collision"":{""status"":""PASS"",""violations"":0,""checkedPlacements"":13,""scope"":""직육면체 기하·관측 규격 공통 검사"",""reason"":""확정 배치와 최종 적재 상태 검사""},""bounds"":{""status"":""PASS"",""violations"":0,""checkedPlacements"":13,""scope"":""직육면체 기하·관측 규격 공통 검사"",""reason"":""확정 배치와 최종 적재 상태 검사""},""height"":{""status"":""PASS"",""violations"":0,""checkedPlacements"":13,""scope"":""직육면체 기하·관측 규격 공통 검사"",""reason"":""확정 배치와 최종 적재 상태 검사""},""orientation"":{""status"":""PASS"",""violations"":0,""checkedPlacements"":13,""scope"":""직육면체 기하·관측 규격 공통 검사"",""reason"":""확정 배치와 최종 적재 상태 검사""},""load"":{""status"":""PASS"",""violations"":0,""checkedPlacements"":13,""scope"":""입력된 허용 상부하중 · 누적 정적 반력"",""reason"":""입력값 범위의 정적 검사. 실측 재료 인증 아님""},""support"":{""status"":""PASS"",""violations"":0,""checkedPlacements"":13,""scope"":""접촉·합력 작용점·정적 평형"",""reason"":""설정된 지지율·전도 여유 검사. 동적 붕괴·굽힘 파손 미검증""},""payload"":{""status"":""PASS"",""violations"":0,""checkedPlacements"":13,""scope"":""입력 가반하중 · 박스+그리퍼 질량"",""reason"":""사용자가 설정한 가반하중 한계 검사""},""robotCollision"":{""status"":""NOT VERIFIED"",""violations"":0,""checkedPlacements"":13,""scope"":""TCP·그리퍼 스윕 근사만 수행"",""reason"":""전체 로봇 링크 충돌 미검증""},""approach"":{""status"":""NOT VERIFIED"",""violations"":0,""checkedPlacements"":13,""scope"":""TCP·그리퍼 스윕 근사만 수행"",""reason"":""실제 관절 한계·역기구학·접근 자세 미검증""},""sequence"":{""status"":""NOT VERIFIED"",""violations"":0,""checkedPlacements"":13,""scope"":""TCP·그리퍼 스윕 근사만 수행"",""reason"":""실제 파지·관절 궤적·전 과정 실행 미검증""}}","15.066613660714287","72.22222222222223","13","5","0.148784145","951253927","868","","","","252.21014492753622","144.8588308159514","100","100","35.89340745207748","49.604870129870115","0.3099078341013825","0","0","","15.089377777777068","96.7786999999953","32.432510000002985","83.90946199999672","271.60879999998724","72.22222222222223","135.86447540402983","63.61190901261939","344.4609038589927","846","9.860100000019884","15.066613660714287","0","72.22222222222223","","","100","0","0","","","0","","","","","","",""
"macs","online","random","43","1","29215f88","partial","","explicit","proxy","{}","{""protocol"":24,""bounds"":22,""robot-path"":22,""support"":463,""load"":446}","adapter-1.0 / planners-f6ec11d4259a","2.1.0","{""requested"":1,""completed"":1,""outcomes"":[""partial""],""sameWorker"":false}","{""collision"":{""status"":""PASS"",""violations"":0,""checkedPlacements"":13,""scope"":""직육면체 기하·관측 규격 공통 검사"",""reason"":""확정 배치와 최종 적재 상태 검사""},""bounds"":{""status"":""PASS"",""violations"":0,""checkedPlacements"":13,""scope"":""직육면체 기하·관측 규격 공통 검사"",""reason"":""확정 배치와 최종 적재 상태 검사""},""height"":{""status"":""PASS"",""violations"":0,""checkedPlacements"":13,""scope"":""직육면체 기하·관측 규격 공통 검사"",""reason"":""확정 배치와 최종 적재 상태 검사""},""orientation"":{""status"":""PASS"",""violations"":0,""checkedPlacements"":13,""scope"":""직육면체 기하·관측 규격 공통 검사"",""reason"":""확정 배치와 최종 적재 상태 검사""},""load"":{""status"":""PASS"",""violations"":0,""checkedPlacements"":13,""scope"":""입력된 허용 상부하중 · 누적 정적 반력"",""reason"":""입력값 범위의 정적 검사. 실측 재료 인증 아님""},""support"":{""status"":""PASS"",""violations"":0,""checkedPlacements"":13,""scope"":""접촉·합력 작용점·정적 평형"",""reason"":""설정된 지지율·전도 여유 검사. 동적 붕괴·굽힘 파손 미검증""},""payload"":{""status"":""PASS"",""violations"":0,""checkedPlacements"":13,""scope"":""입력 가반하중 · 박스+그리퍼 질량"",""reason"":""사용자가 설정한 가반하중 한계 검사""},""robotCollision"":{""status"":""NOT VERIFIED"",""violations"":0,""checkedPlacements"":13,""scope"":""TCP·그리퍼 스윕 근사만 수행"",""reason"":""전체 로봇 링크 충돌 미검증""},""approach"":{""status"":""NOT VERIFIED"",""violations"":0,""checkedPlacements"":13,""scope"":""TCP·그리퍼 스윕 근사만 수행"",""reason"":""실제 관절 한계·역기구학·접근 자세 미검증""},""sequence"":{""status"":""NOT VERIFIED"",""violations"":0,""checkedPlacements"":13,""scope"":""TCP·그리퍼 스윕 근사만 수행"",""reason"":""실제 파지·관절 궤적·전 과정 실행 미검증""}}","15.066613660714287","72.22222222222223","13","5","0.148784145","951253927","868","","","","252.21014492753622","144.8588308159514","100","100","35.89340745207748","49.604870129870115","0.3099078341013825","0","0","","21.13814444444304","87.56630000000587","58.921470000004","81.83733400000544","380.4865999999747","72.22222222222223","135.86447540402983","63.61190901261939","344.4609038589927","846","4.013999999995576","15.066613660714287","0","72.22222222222223","","","100","0","0","","","0","","","","","","",""
"tetris-reserved","online","random","43","1","29215f88","partial","","explicit","proxy","{}","{""protocol"":20,""bounds"":30,""robot-path"":18,""support"":359,""load"":213}","adapter-1.0 / planners-f6ec11d4259a","2.1.0","{""requested"":1,""completed"":1,""outcomes"":[""partial""],""sameWorker"":false}","{""collision"":{""status"":""PASS"",""violations"":0,""checkedPlacements"":16,""scope"":""직육면체 기하·관측 규격 공통 검사"",""reason"":""확정 배치와 최종 적재 상태 검사""},""bounds"":{""status"":""PASS"",""violations"":0,""checkedPlacements"":16,""scope"":""직육면체 기하·관측 규격 공통 검사"",""reason"":""확정 배치와 최종 적재 상태 검사""},""height"":{""status"":""PASS"",""violations"":0,""checkedPlacements"":16,""scope"":""직육면체 기하·관측 규격 공통 검사"",""reason"":""확정 배치와 최종 적재 상태 검사""},""orientation"":{""status"":""PASS"",""violations"":0,""checkedPlacements"":16,""scope"":""직육면체 기하·관측 규격 공통 검사"",""reason"":""확정 배치와 최종 적재 상태 검사""},""load"":{""status"":""PASS"",""violations"":0,""checkedPlacements"":16,""scope"":""입력된 허용 상부하중 · 누적 정적 반력"",""reason"":""입력값 범위의 정적 검사. 실측 재료 인증 아님""},""support"":{""status"":""PASS"",""violations"":0,""checkedPlacements"":16,""scope"":""접촉·합력 작용점·정적 평형"",""reason"":""설정된 지지율·전도 여유 검사. 동적 붕괴·굽힘 파손 미검증""},""payload"":{""status"":""PASS"",""violations"":0,""checkedPlacements"":16,""scope"":""입력 가반하중 · 박스+그리퍼 질량"",""reason"":""사용자가 설정한 가반하중 한계 검사""},""robotCollision"":{""status"":""NOT VERIFIED"",""violations"":0,""checkedPlacements"":16,""scope"":""TCP·그리퍼 스윕 근사만 수행"",""reason"":""전체 로봇 링크 충돌 미검증""},""approach"":{""status"":""NOT VERIFIED"",""violations"":0,""checkedPlacements"":16,""scope"":""TCP·그리퍼 스윕 근사만 수행"",""reason"":""실제 관절 한계·역기구학·접근 자세 미검증""},""sequence"":{""status"":""NOT VERIFIED"",""violations"":0,""checkedPlacements"":16,""scope"":""TCP·그리퍼 스윕 근사만 수행"",""reason"":""실제 파지·관절 궤적·전 과정 실행 미검증""}}","24.205560000000002","88.88888888888889","16","2","0.046427946","848897728","627","","","","233.97619047619048","22.811192900458988","99.71988795518207","95.51820728291317","11.31981611316866","52.45","0.48498353032358066","0","0","","282.9133333333318","877.3885999999766","850.8990300000019","872.0906859999816","5092.439999999973","88.88888888888889","155.88726333316288","74.02672116655587","369.49779454975135","846","6.194799999997485","24.205560000000002","0","88.88888888888889","","","100","0","0","","","0","","","","","","",""
"dynamic-reservation","online","random","43","1","29215f88","partial","","explicit","proxy","{}","{""protocol"":20,""bounds"":27,""robot-path"":26,""support"":390,""load"":277}","adapter-1.0 / planners-f6ec11d4259a","2.1.0","{""requested"":1,""completed"":1,""outcomes"":[""partial""],""sameWorker"":false}","{""collision"":{""status"":""PASS"",""violations"":0,""checkedPlacements"":15,""scope"":""직육면체 기하·관측 규격 공통 검사"",""reason"":""확정 배치와 최종 적재 상태 검사""},""bounds"":{""status"":""PASS"",""violations"":0,""checkedPlacements"":15,""scope"":""직육면체 기하·관측 규격 공통 검사"",""reason"":""확정 배치와 최종 적재 상태 검사""},""height"":{""status"":""PASS"",""violations"":0,""checkedPlacements"":15,""scope"":""직육면체 기하·관측 규격 공통 검사"",""reason"":""확정 배치와 최종 적재 상태 검사""},""orientation"":{""status"":""PASS"",""violations"":0,""checkedPlacements"":15,""scope"":""직육면체 기하·관측 규격 공통 검사"",""reason"":""확정 배치와 최종 적재 상태 검사""},""load"":{""status"":""PASS"",""violations"":0,""checkedPlacements"":15,""scope"":""입력된 허용 상부하중 · 누적 정적 반력"",""reason"":""입력값 범위의 정적 검사. 실측 재료 인증 아님""},""support"":{""status"":""PASS"",""violations"":0,""checkedPlacements"":15,""scope"":""접촉·합력 작용점·정적 평형"",""reason"":""설정된 지지율·전도 여유 검사. 동적 붕괴·굽힘 파손 미검증""},""payload"":{""status"":""PASS"",""violations"":0,""checkedPlacements"":15,""scope"":""입력 가반하중 · 박스+그리퍼 질량"",""reason"":""사용자가 설정한 가반하중 한계 검사""},""robotCollision"":{""status"":""NOT VERIFIED"",""violations"":0,""checkedPlacements"":15,""scope"":""TCP·그리퍼 스윕 근사만 수행"",""reason"":""전체 로봇 링크 충돌 미검증""},""approach"":{""status"":""NOT VERIFIED"",""violations"":0,""checkedPlacements"":15,""scope"":""TCP·그리퍼 스윕 근사만 수행"",""reason"":""실제 관절 한계·역기구학·접근 자세 미검증""},""sequence"":{""status"":""NOT VERIFIED"",""violations"":0,""checkedPlacements"":15,""scope"":""TCP·그리퍼 스윕 근사만 수행"",""reason"":""실제 파지·관절 궤적·전 과정 실행 미검증""}}","23.02023044642857","83.33333333333333","15","3","0.059703637","862173419","1037","","","","311.3686868686869","67.80885384016175","100","100","24.250329200651816","57.2","0.3891652846876727","0","0","","301.7845722222248","928.4445000000123","850.8694200000084","912.9294840000114","5432.122300000046","83.33333333333333","161.17839177709132","77.46595465510936","335.03250283500563","846","6.261499999993248","23.02023044642857","0","83.33333333333333","","","100","0","0","","","0","","","","","","",""
"lookahead","online","random","43","1","29215f88","partial","","explicit","proxy","{}","{""protocol"":16,""bounds"":22,""robot-path"":33,""support"":458,""load"":422}","adapter-1.0 / planners-f6ec11d4259a","2.1.0","{""requested"":1,""completed"":1,""outcomes"":[""partial""],""sameWorker"":false}","{""collision"":{""status"":""PASS"",""violations"":0,""checkedPlacements"":15,""scope"":""직육면체 기하·관측 규격 공통 검사"",""reason"":""확정 배치와 최종 적재 상태 검사""},""bounds"":{""status"":""PASS"",""violations"":0,""checkedPlacements"":15,""scope"":""직육면체 기하·관측 규격 공통 검사"",""reason"":""확정 배치와 최종 적재 상태 검사""},""height"":{""status"":""PASS"",""violations"":0,""checkedPlacements"":15,""scope"":""직육면체 기하·관측 규격 공통 검사"",""reason"":""확정 배치와 최종 적재 상태 검사""},""orientation"":{""status"":""PASS"",""violations"":0,""checkedPlacements"":15,""scope"":""직육면체 기하·관측 규격 공통 검사"",""reason"":""확정 배치와 최종 적재 상태 검사""},""load"":{""status"":""PASS"",""violations"":0,""checkedPlacements"":15,""scope"":""입력된 허용 상부하중 · 누적 정적 반력"",""reason"":""입력값 범위의 정적 검사. 실측 재료 인증 아님""},""support"":{""status"":""PASS"",""violations"":0,""checkedPlacements"":15,""scope"":""접촉·합력 작용점·정적 평형"",""reason"":""설정된 지지율·전도 여유 검사. 동적 붕괴·굽힘 파손 미검증""},""payload"":{""status"":""PASS"",""violations"":0,""checkedPlacements"":15,""scope"":""입력 가반하중 · 박스+그리퍼 질량"",""reason"":""사용자가 설정한 가반하중 한계 검사""},""robotCollision"":{""status"":""NOT VERIFIED"",""violations"":0,""checkedPlacements"":15,""scope"":""TCP·그리퍼 스윕 근사만 수행"",""reason"":""전체 로봇 링크 충돌 미검증""},""approach"":{""status"":""NOT VERIFIED"",""violations"":0,""checkedPlacements"":15,""scope"":""TCP·그리퍼 스윕 근사만 수행"",""reason"":""실제 관절 한계·역기구학·접근 자세 미검증""},""sequence"":{""status"":""NOT VERIFIED"",""violations"":0,""checkedPlacements"":15,""scope"":""TCP·그리퍼 스윕 근사만 수행"",""reason"":""실제 파지·관절 궤적·전 과정 실행 미검증""}}","21.15924455357143","83.33333333333333","15","3","0.080546679","883016461","1254","","","","385.1559139784946","89.93548788844136","100","100","24.420081465172075","52.45","0.3099078341013825","0","0","","188.75243333333734","800.7637000000104","550.2605400000084","750.6630680000096","3397.543800000072","83.33333333333333","159.3239990805054","78.8605994023285","338.9319896038647","846","5.603300000017043","21.15924455357143","0","83.33333333333333","","","100","0","0","","","0","","","","","","",""
"future-hybrid","online","random","43","1","29215f88","partial","","explicit","proxy","{}","{""protocol"":20,""bounds"":27,""robot-path"":26,""support"":398,""load"":237}","adapter-1.0 / planners-f6ec11d4259a","2.1.0","{""requested"":1,""completed"":1,""outcomes"":[""partial""],""sameWorker"":false}","{""collision"":{""status"":""PASS"",""violations"":0,""checkedPlacements"":15,""scope"":""직육면체 기하·관측 규격 공통 검사"",""reason"":""확정 배치와 최종 적재 상태 검사""},""bounds"":{""status"":""PASS"",""violations"":0,""checkedPlacements"":15,""scope"":""직육면체 기하·관측 규격 공통 검사"",""reason"":""확정 배치와 최종 적재 상태 검사""},""height"":{""status"":""PASS"",""violations"":0,""checkedPlacements"":15,""scope"":""직육면체 기하·관측 규격 공통 검사"",""reason"":""확정 배치와 최종 적재 상태 검사""},""orientation"":{""status"":""PASS"",""violations"":0,""checkedPlacements"":15,""scope"":""직육면체 기하·관측 규격 공통 검사"",""reason"":""확정 배치와 최종 적재 상태 검사""},""load"":{""status"":""PASS"",""violations"":0,""checkedPlacements"":15,""scope"":""입력된 허용 상부하중 · 누적 정적 반력"",""reason"":""입력값 범위의 정적 검사. 실측 재료 인증 아님""},""support"":{""status"":""PASS"",""violations"":0,""checkedPlacements"":15,""scope"":""접촉·합력 작용점·정적 평형"",""reason"":""설정된 지지율·전도 여유 검사. 동적 붕괴·굽힘 파손 미검증""},""payload"":{""status"":""PASS"",""violations"":0,""checkedPlacements"":15,""scope"":""입력 가반하중 · 박스+그리퍼 질량"",""reason"":""사용자가 설정한 가반하중 한계 검사""},""robotCollision"":{""status"":""NOT VERIFIED"",""violations"":0,""checkedPlacements"":15,""scope"":""TCP·그리퍼 스윕 근사만 수행"",""reason"":""전체 로봇 링크 충돌 미검증""},""approach"":{""status"":""NOT VERIFIED"",""violations"":0,""checkedPlacements"":15,""scope"":""TCP·그리퍼 스윕 근사만 수행"",""reason"":""실제 관절 한계·역기구학·접근 자세 미검증""},""sequence"":{""status"":""NOT VERIFIED"",""violations"":0,""checkedPlacements"":15,""scope"":""TCP·그리퍼 스윕 근사만 수행"",""reason"":""실제 파지·관절 궤적·전 과정 실행 미검증""}}","23.02023044642857","83.33333333333333","15","3","0.059703637","862173419","820","","","","278.23737373737373","47.789812587242515","100","100","14.67614796322622","57.2","0.496078431372549","0","0","","376.1934444444406","1491.7883999999904","1121.6356700000085","1417.7578539999934","6771.481999999931","83.33333333333333","155.44450721403507","73.73892968912278","347.390853287895","846","5.779999999998836","23.02023044642857","0","83.33333333333333","","","100","0","0","","","0","","","","","","",""
"blb","online","random","43","1","29215f88","partial","","explicit","proxy","{}","{""protocol"":17,""bounds"":36,""robot-path"":32,""support"":522,""load"":294}","adapter-1.0 / planners-f6ec11d4259a","2.1.0","{""requested"":1,""completed"":1,""outcomes"":[""partial""],""sameWorker"":false}","{""collision"":{""status"":""PASS"",""violations"":0,""checkedPlacements"":16,""scope"":""직육면체 기하·관측 규격 공통 검사"",""reason"":""확정 배치와 최종 적재 상태 검사""},""bounds"":{""status"":""PASS"",""violations"":0,""checkedPlacements"":16,""scope"":""직육면체 기하·관측 규격 공통 검사"",""reason"":""확정 배치와 최종 적재 상태 검사""},""height"":{""status"":""PASS"",""violations"":0,""checkedPlacements"":16,""scope"":""직육면체 기하·관측 규격 공통 검사"",""reason"":""확정 배치와 최종 적재 상태 검사""},""orientation"":{""status"":""PASS"",""violations"":0,""checkedPlacements"":16,""scope"":""직육면체 기하·관측 규격 공통 검사"",""reason"":""확정 배치와 최종 적재 상태 검사""},""load"":{""status"":""PASS"",""violations"":0,""checkedPlacements"":16,""scope"":""입력된 허용 상부하중 · 누적 정적 반력"",""reason"":""입력값 범위의 정적 검사. 실측 재료 인증 아님""},""support"":{""status"":""PASS"",""violations"":0,""checkedPlacements"":16,""scope"":""접촉·합력 작용점·정적 평형"",""reason"":""설정된 지지율·전도 여유 검사. 동적 붕괴·굽힘 파손 미검증""},""payload"":{""status"":""PASS"",""violations"":0,""checkedPlacements"":16,""scope"":""입력 가반하중 · 박스+그리퍼 질량"",""reason"":""사용자가 설정한 가반하중 한계 검사""},""robotCollision"":{""status"":""NOT VERIFIED"",""violations"":0,""checkedPlacements"":16,""scope"":""TCP·그리퍼 스윕 근사만 수행"",""reason"":""전체 로봇 링크 충돌 미검증""},""approach"":{""status"":""NOT VERIFIED"",""violations"":0,""checkedPlacements"":16,""scope"":""TCP·그리퍼 스윕 근사만 수행"",""reason"":""실제 관절 한계·역기구학·접근 자세 미검증""},""sequence"":{""status"":""NOT VERIFIED"",""violations"":0,""checkedPlacements"":16,""scope"":""TCP·그리퍼 스윕 근사만 수행"",""reason"":""실제 파지·관절 궤적·전 과정 실행 미검증""}}","24.205560000000002","88.88888888888889","16","2","0.046427946","848897728","1230","","","","384.15714285714284","83.86795717294426","100","100","20.680589900868245","54.525","0.3038281979458449","0","0","","12.229777777776084","26.443900000012945","19.72031500000593","25.09918300001153","220.1359999999695","88.88888888888889","157.43748881871787","78.93436773216662","365.85949402638016","840","8.103499999997439","24.205560000000002","0","88.88888888888889","","","100","0","0","","","0","","","","","","",""
"pack-first","online","random","43","1","29215f88","partial","","explicit","proxy","{}","{""protocol"":40,""robot-path"":13,""support"":587,""load"":278,""bounds"":372}","adapter-1.0 / planners-f6ec11d4259a","2.1.0","{""requested"":1,""completed"":1,""outcomes"":[""partial""],""sameWorker"":false}","{""collision"":{""status"":""PASS"",""violations"":0,""checkedPlacements"":11,""scope"":""직육면체 기하·관측 규격 공통 검사"",""reason"":""확정 배치와 최종 적재 상태 검사""},""bounds"":{""status"":""PASS"",""violations"":0,""checkedPlacements"":11,""scope"":""직육면체 기하·관측 규격 공통 검사"",""reason"":""확정 배치와 최종 적재 상태 검사""},""height"":{""status"":""PASS"",""violations"":0,""checkedPlacements"":11,""scope"":""직육면체 기하·관측 규격 공통 검사"",""reason"":""확정 배치와 최종 적재 상태 검사""},""orientation"":{""status"":""PASS"",""violations"":0,""checkedPlacements"":11,""scope"":""직육면체 기하·관측 규격 공통 검사"",""reason"":""확정 배치와 최종 적재 상태 검사""},""load"":{""status"":""PASS"",""violations"":0,""checkedPlacements"":11,""scope"":""입력된 허용 상부하중 · 누적 정적 반력"",""reason"":""입력값 범위의 정적 검사. 실측 재료 인증 아님""},""support"":{""status"":""PASS"",""violations"":0,""checkedPlacements"":11,""scope"":""접촉·합력 작용점·정적 평형"",""reason"":""설정된 지지율·전도 여유 검사. 동적 붕괴·굽힘 파손 미검증""},""payload"":{""status"":""PASS"",""violations"":0,""checkedPlacements"":11,""scope"":""입력 가반하중 · 박스+그리퍼 질량"",""reason"":""사용자가 설정한 가반하중 한계 검사""},""robotCollision"":{""status"":""NOT VERIFIED"",""violations"":0,""checkedPlacements"":11,""scope"":""TCP·그리퍼 스윕 근사만 수행"",""reason"":""전체 로봇 링크 충돌 미검증""},""approach"":{""status"":""NOT VERIFIED"",""violations"":0,""checkedPlacements"":11,""scope"":""TCP·그리퍼 스윕 근사만 수행"",""reason"":""실제 관절 한계·역기구학·접근 자세 미검증""},""sequence"":{""status"":""NOT VERIFIED"",""violations"":0,""checkedPlacements"":11,""scope"":""TCP·그리퍼 스윕 근사만 수행"",""reason"":""실제 파지·관절 궤적·전 과정 실행 미검증""}}","12.781180982142857","61.111111111111114","11","7","0.174380991","976850773","495","","","","158.93859649122808","90.51118889663137","99.59256429844665","95.51820728291317","16.74017952688996","57.2","0.5026525198938993","0","0","","10.547227777776747","47.60680000000866","28.207504999992636","43.726941000005425","189.85009999998147","61.111111111111114","99.78362741727958","47.30935782123171","396.8586934046702","840","3.9167000000015832","12.781180982142857","0","61.111111111111114","","","100","0","0","","","0","","","","","","",""
"pack-greedy","online","random","43","1","29215f88","partial","","explicit","proxy","{}","{""protocol"":32,""robot-path"":16,""support"":481,""load"":224,""bounds"":412}","adapter-1.0 / planners-f6ec11d4259a","2.1.0","{""requested"":1,""completed"":1,""outcomes"":[""partial""],""sameWorker"":false}","{""collision"":{""status"":""PASS"",""violations"":0,""checkedPlacements"":16,""scope"":""직육면체 기하·관측 규격 공통 검사"",""reason"":""확정 배치와 최종 적재 상태 검사""},""bounds"":{""status"":""PASS"",""violations"":0,""checkedPlacements"":16,""scope"":""직육면체 기하·관측 규격 공통 검사"",""reason"":""확정 배치와 최종 적재 상태 검사""},""height"":{""status"":""PASS"",""violations"":0,""checkedPlacements"":16,""scope"":""직육면체 기하·관측 규격 공통 검사"",""reason"":""확정 배치와 최종 적재 상태 검사""},""orientation"":{""status"":""PASS"",""violations"":0,""checkedPlacements"":16,""scope"":""직육면체 기하·관측 규격 공통 검사"",""reason"":""확정 배치와 최종 적재 상태 검사""},""load"":{""status"":""PASS"",""violations"":0,""checkedPlacements"":16,""scope"":""입력된 허용 상부하중 · 누적 정적 반력"",""reason"":""입력값 범위의 정적 검사. 실측 재료 인증 아님""},""support"":{""status"":""PASS"",""violations"":0,""checkedPlacements"":16,""scope"":""접촉·합력 작용점·정적 평형"",""reason"":""설정된 지지율·전도 여유 검사. 동적 붕괴·굽힘 파손 미검증""},""payload"":{""status"":""PASS"",""violations"":0,""checkedPlacements"":16,""scope"":""입력 가반하중 · 박스+그리퍼 질량"",""reason"":""사용자가 설정한 가반하중 한계 검사""},""robotCollision"":{""status"":""NOT VERIFIED"",""violations"":0,""checkedPlacements"":16,""scope"":""TCP·그리퍼 스윕 근사만 수행"",""reason"":""전체 로봇 링크 충돌 미검증""},""approach"":{""status"":""NOT VERIFIED"",""violations"":0,""checkedPlacements"":16,""scope"":""TCP·그리퍼 스윕 근사만 수행"",""reason"":""실제 관절 한계·역기구학·접근 자세 미검증""},""sequence"":{""status"":""NOT VERIFIED"",""violations"":0,""checkedPlacements"":16,""scope"":""TCP·그리퍼 스윕 근사만 수행"",""reason"":""실제 파지·관절 궤적·전 과정 실행 미검증""}}","24.205560000000002","88.88888888888889","16","2","0.046427946","848897728","796","","","","264.5285714285714","48.77568862100784","100","100","8.731111483615521","52.45","0.41321044546851","0","0","","24.385711111112162","149.3816999999981","58.929629999998575","131.29128599999802","438.9428000000189","88.88888888888889","160.6126188499365","79.69820225245873","358.6268651395119","840","170.2664999999979","24.205560000000002","0","88.88888888888889","","","100","0","0","","","0","","","","","","",""
"pack-tetris","online","random","43","1","29215f88","partial","","explicit","proxy","{}","{""protocol"":32,""robot-path"":16,""support"":481,""load"":224,""bounds"":412}","adapter-1.0 / planners-f6ec11d4259a","2.1.0","{""requested"":1,""completed"":1,""outcomes"":[""partial""],""sameWorker"":false}","{""collision"":{""status"":""PASS"",""violations"":0,""checkedPlacements"":16,""scope"":""직육면체 기하·관측 규격 공통 검사"",""reason"":""확정 배치와 최종 적재 상태 검사""},""bounds"":{""status"":""PASS"",""violations"":0,""checkedPlacements"":16,""scope"":""직육면체 기하·관측 규격 공통 검사"",""reason"":""확정 배치와 최종 적재 상태 검사""},""height"":{""status"":""PASS"",""violations"":0,""checkedPlacements"":16,""scope"":""직육면체 기하·관측 규격 공통 검사"",""reason"":""확정 배치와 최종 적재 상태 검사""},""orientation"":{""status"":""PASS"",""violations"":0,""checkedPlacements"":16,""scope"":""직육면체 기하·관측 규격 공통 검사"",""reason"":""확정 배치와 최종 적재 상태 검사""},""load"":{""status"":""PASS"",""violations"":0,""checkedPlacements"":16,""scope"":""입력된 허용 상부하중 · 누적 정적 반력"",""reason"":""입력값 범위의 정적 검사. 실측 재료 인증 아님""},""support"":{""status"":""PASS"",""violations"":0,""checkedPlacements"":16,""scope"":""접촉·합력 작용점·정적 평형"",""reason"":""설정된 지지율·전도 여유 검사. 동적 붕괴·굽힘 파손 미검증""},""payload"":{""status"":""PASS"",""violations"":0,""checkedPlacements"":16,""scope"":""입력 가반하중 · 박스+그리퍼 질량"",""reason"":""사용자가 설정한 가반하중 한계 검사""},""robotCollision"":{""status"":""NOT VERIFIED"",""violations"":0,""checkedPlacements"":16,""scope"":""TCP·그리퍼 스윕 근사만 수행"",""reason"":""전체 로봇 링크 충돌 미검증""},""approach"":{""status"":""NOT VERIFIED"",""violations"":0,""checkedPlacements"":16,""scope"":""TCP·그리퍼 스윕 근사만 수행"",""reason"":""실제 관절 한계·역기구학·접근 자세 미검증""},""sequence"":{""status"":""NOT VERIFIED"",""violations"":0,""checkedPlacements"":16,""scope"":""TCP·그리퍼 스윕 근사만 수행"",""reason"":""실제 파지·관절 궤적·전 과정 실행 미검증""}}","24.205560000000002","88.88888888888889","16","2","0.046427946","848897728","796","","","","264.5285714285714","48.77568862100784","100","100","8.731111483615521","52.45","0.41321044546851","0","0","","12.134172222221322","32.23040000000037","26.550785000003806","31.09447700000105","218.4150999999838","88.88888888888889","160.6126188499365","79.69820225245873","358.6268651395119","840","6.734299999981886","24.205560000000002","0","88.88888888888889","","","100","0","0","","","0","","","","","","",""
"pack-beam","online","random","43","1","29215f88","partial","","explicit","proxy","{}","{""protocol"":44,""robot-path"":12,""support"":572,""load"":270,""bounds"":407}","adapter-1.0 / planners-f6ec11d4259a","2.1.0","{""requested"":1,""completed"":1,""outcomes"":[""partial""],""sameWorker"":false}","{""collision"":{""status"":""PASS"",""violations"":0,""checkedPlacements"":12,""scope"":""직육면체 기하·관측 규격 공통 검사"",""reason"":""확정 배치와 최종 적재 상태 검사""},""bounds"":{""status"":""PASS"",""violations"":0,""checkedPlacements"":12,""scope"":""직육면체 기하·관측 규격 공통 검사"",""reason"":""확정 배치와 최종 적재 상태 검사""},""height"":{""status"":""PASS"",""violations"":0,""checkedPlacements"":12,""scope"":""직육면체 기하·관측 규격 공통 검사"",""reason"":""확정 배치와 최종 적재 상태 검사""},""orientation"":{""status"":""PASS"",""violations"":0,""checkedPlacements"":12,""scope"":""직육면체 기하·관측 규격 공통 검사"",""reason"":""확정 배치와 최종 적재 상태 검사""},""load"":{""status"":""PASS"",""violations"":0,""checkedPlacements"":12,""scope"":""입력된 허용 상부하중 · 누적 정적 반력"",""reason"":""입력값 범위의 정적 검사. 실측 재료 인증 아님""},""support"":{""status"":""PASS"",""violations"":0,""checkedPlacements"":12,""scope"":""접촉·합력 작용점·정적 평형"",""reason"":""설정된 지지율·전도 여유 검사. 동적 붕괴·굽힘 파손 미검증""},""payload"":{""status"":""PASS"",""violations"":0,""checkedPlacements"":12,""scope"":""입력 가반하중 · 박스+그리퍼 질량"",""reason"":""사용자가 설정한 가반하중 한계 검사""},""robotCollision"":{""status"":""NOT VERIFIED"",""violations"":0,""checkedPlacements"":12,""scope"":""TCP·그리퍼 스윕 근사만 수행"",""reason"":""전체 로봇 링크 충돌 미검증""},""approach"":{""status"":""NOT VERIFIED"",""violations"":0,""checkedPlacements"":12,""scope"":""TCP·그리퍼 스윕 근사만 수행"",""reason"":""실제 관절 한계·역기구학·접근 자세 미검증""},""sequence"":{""status"":""NOT VERIFIED"",""violations"":0,""checkedPlacements"":12,""scope"":""TCP·그리퍼 스윕 근사만 수행"",""reason"":""실제 파지·관절 궤적·전 과정 실행 미검증""}}","17.688482321428573","66.66666666666667","12","6","0.119419216","921888998","688","","","","184.92666666666668","23.562276818866437","99.88021902806298","98.56262833675564","5.450827921350239","57.2","0.5518207282913166","0","0","","1404.220683333333","3655.726399999985","3387.308894999994","3602.0428989999864","25275.972299999994","66.66666666666667","115.07878087536012","54.651207568984084","375.39500915280973","840","4.6419000000169035","17.688482321428573","0","66.66666666666667","","","100","0","0","","","0","","","","","","",""
"pack-robust","online","random","43","1","29215f88","partial","","explicit","proxy","{}","{""protocol"":44,""robot-path"":12,""support"":572,""load"":270,""bounds"":407}","adapter-1.0 / planners-f6ec11d4259a","2.1.0","{""requested"":1,""completed"":1,""outcomes"":[""partial""],""sameWorker"":false}","{""collision"":{""status"":""PASS"",""violations"":0,""checkedPlacements"":12,""scope"":""직육면체 기하·관측 규격 공통 검사"",""reason"":""확정 배치와 최종 적재 상태 검사""},""bounds"":{""status"":""PASS"",""violations"":0,""checkedPlacements"":12,""scope"":""직육면체 기하·관측 규격 공통 검사"",""reason"":""확정 배치와 최종 적재 상태 검사""},""height"":{""status"":""PASS"",""violations"":0,""checkedPlacements"":12,""scope"":""직육면체 기하·관측 규격 공통 검사"",""reason"":""확정 배치와 최종 적재 상태 검사""},""orientation"":{""status"":""PASS"",""violations"":0,""checkedPlacements"":12,""scope"":""직육면체 기하·관측 규격 공통 검사"",""reason"":""확정 배치와 최종 적재 상태 검사""},""load"":{""status"":""PASS"",""violations"":0,""checkedPlacements"":12,""scope"":""입력된 허용 상부하중 · 누적 정적 반력"",""reason"":""입력값 범위의 정적 검사. 실측 재료 인증 아님""},""support"":{""status"":""PASS"",""violations"":0,""checkedPlacements"":12,""scope"":""접촉·합력 작용점·정적 평형"",""reason"":""설정된 지지율·전도 여유 검사. 동적 붕괴·굽힘 파손 미검증""},""payload"":{""status"":""PASS"",""violations"":0,""checkedPlacements"":12,""scope"":""입력 가반하중 · 박스+그리퍼 질량"",""reason"":""사용자가 설정한 가반하중 한계 검사""},""robotCollision"":{""status"":""NOT VERIFIED"",""violations"":0,""checkedPlacements"":12,""scope"":""TCP·그리퍼 스윕 근사만 수행"",""reason"":""전체 로봇 링크 충돌 미검증""},""approach"":{""status"":""NOT VERIFIED"",""violations"":0,""checkedPlacements"":12,""scope"":""TCP·그리퍼 스윕 근사만 수행"",""reason"":""실제 관절 한계·역기구학·접근 자세 미검증""},""sequence"":{""status"":""NOT VERIFIED"",""violations"":0,""checkedPlacements"":12,""scope"":""TCP·그리퍼 스윕 근사만 수행"",""reason"":""실제 파지·관절 궤적·전 과정 실행 미검증""}}","17.688482321428573","66.66666666666667","12","6","0.119419216","921888998","688","","","","184.92666666666668","23.562276818866437","99.88021902806298","98.56262833675564","5.450827921350239","57.2","0.5518207282913166","0","0","","1447.7253666666672","3862.4494000000122","3554.279774999995","3800.8154750000085","26059.05660000001","66.66666666666667","115.07878087536012","54.651207568984084","375.39500915280973","840","4.532000000006519","17.688482321428573","0","66.66666666666667","","","100","0","0","","","0","","","","","","",""
"random","online","random","43","1","29215f88","partial","","explicit","proxy","{}","{""protocol"":13,""bounds"":32,""robot-path"":18,""support"":432,""load"":251}","adapter-1.0 / planners-f6ec11d4259a","2.1.0","{""requested"":1,""completed"":1,""outcomes"":[""partial""],""sameWorker"":false}","{""collision"":{""status"":""PASS"",""violations"":0,""checkedPlacements"":15,""scope"":""직육면체 기하·관측 규격 공통 검사"",""reason"":""확정 배치와 최종 적재 상태 검사""},""bounds"":{""status"":""PASS"",""violations"":0,""checkedPlacements"":15,""scope"":""직육면체 기하·관측 규격 공통 검사"",""reason"":""확정 배치와 최종 적재 상태 검사""},""height"":{""status"":""PASS"",""violations"":0,""checkedPlacements"":15,""scope"":""직육면체 기하·관측 규격 공통 검사"",""reason"":""확정 배치와 최종 적재 상태 검사""},""orientation"":{""status"":""PASS"",""violations"":0,""checkedPlacements"":15,""scope"":""직육면체 기하·관측 규격 공통 검사"",""reason"":""확정 배치와 최종 적재 상태 검사""},""load"":{""status"":""PASS"",""violations"":0,""checkedPlacements"":15,""scope"":""입력된 허용 상부하중 · 누적 정적 반력"",""reason"":""입력값 범위의 정적 검사. 실측 재료 인증 아님""},""support"":{""status"":""PASS"",""violations"":0,""checkedPlacements"":15,""scope"":""접촉·합력 작용점·정적 평형"",""reason"":""설정된 지지율·전도 여유 검사. 동적 붕괴·굽힘 파손 미검증""},""payload"":{""status"":""PASS"",""violations"":0,""checkedPlacements"":15,""scope"":""입력 가반하중 · 박스+그리퍼 질량"",""reason"":""사용자가 설정한 가반하중 한계 검사""},""robotCollision"":{""status"":""NOT VERIFIED"",""violations"":0,""checkedPlacements"":15,""scope"":""TCP·그리퍼 스윕 근사만 수행"",""reason"":""전체 로봇 링크 충돌 미검증""},""approach"":{""status"":""NOT VERIFIED"",""violations"":0,""checkedPlacements"":15,""scope"":""TCP·그리퍼 스윕 근사만 수행"",""reason"":""실제 관절 한계·역기구학·접근 자세 미검증""},""sequence"":{""status"":""NOT VERIFIED"",""violations"":0,""checkedPlacements"":15,""scope"":""TCP·그리퍼 스윕 근사만 수행"",""reason"":""실제 파지·관절 궤적·전 과정 실행 미검증""}}","23.02023044642857","83.33333333333333","15","3","0.059703637","862173419","868","","","","306.0050505050505","26.604753846865812","99.3743890518084","95.30791788856305","6.624675941432466","57.2","0.3099078341013825","0","0","","16.286294444444746","72.34200000000419","34.18532999998418","64.71066600000012","293.1533000000054","83.33333333333333","153.99864861597553","76.04912160038411","350.6524277018762","840","5.576700000005076","23.02023044642857","0","83.33333333333333","","","100","0","0","","","0","","","","","","",""
"bl","online","randomExceptions","43","1","c051f1c6","partial","","explicit","proxy","{}","{""bounds"":36,""support"":361,""load"":260,""robot-path"":20,""protocol"":6}","adapter-1.0 / planners-f6ec11d4259a","2.1.0","{""requested"":1,""completed"":1,""outcomes"":[""partial""],""sameWorker"":false}","{""collision"":{""status"":""PASS"",""violations"":0,""checkedPlacements"":14,""scope"":""직육면체 기하·관측 규격 공통 검사"",""reason"":""확정 배치와 최종 적재 상태 검사""},""bounds"":{""status"":""PASS"",""violations"":0,""checkedPlacements"":14,""scope"":""직육면체 기하·관측 규격 공통 검사"",""reason"":""확정 배치와 최종 적재 상태 검사""},""height"":{""status"":""PASS"",""violations"":0,""checkedPlacements"":14,""scope"":""직육면체 기하·관측 규격 공통 검사"",""reason"":""확정 배치와 최종 적재 상태 검사""},""orientation"":{""status"":""PASS"",""violations"":0,""checkedPlacements"":14,""scope"":""직육면체 기하·관측 규격 공통 검사"",""reason"":""확정 배치와 최종 적재 상태 검사""},""load"":{""status"":""PASS"",""violations"":0,""checkedPlacements"":14,""scope"":""입력된 허용 상부하중 · 누적 정적 반력"",""reason"":""입력값 범위의 정적 검사. 실측 재료 인증 아님""},""support"":{""status"":""PASS"",""violations"":0,""checkedPlacements"":14,""scope"":""접촉·합력 작용점·정적 평형"",""reason"":""설정된 지지율·전도 여유 검사. 동적 붕괴·굽힘 파손 미검증""},""payload"":{""status"":""PASS"",""violations"":0,""checkedPlacements"":14,""scope"":""입력 가반하중 · 박스+그리퍼 질량"",""reason"":""사용자가 설정한 가반하중 한계 검사""},""robotCollision"":{""status"":""NOT VERIFIED"",""violations"":0,""checkedPlacements"":14,""scope"":""TCP·그리퍼 스윕 근사만 수행"",""reason"":""전체 로봇 링크 충돌 미검증""},""approach"":{""status"":""NOT VERIFIED"",""violations"":0,""checkedPlacements"":14,""scope"":""TCP·그리퍼 스윕 근사만 수행"",""reason"":""실제 관절 한계·역기구학·접근 자세 미검증""},""sequence"":{""status"":""NOT VERIFIED"",""violations"":0,""checkedPlacements"":14,""scope"":""TCP·그리퍼 스윕 근사만 수행"",""reason"":""실제 파지·관절 궤적·전 과정 실행 미검증""}}","19.686025089285714","87.5","14","2","0.046427946","899516519","868","","","","269.8068181818182","85.6256601742059","100","100","30.626825008119575","57.2","0.3099078341013825","0","0","","47.70408124999267","129.82869999998366","118.32077500000014","127.52711499998695","763.2652999998827","87.5","132.67009455664515","66.08556146181937","379.889681758545","730","8.137400000006892","","","","","","100","0","0","","","0","100","100","100","100","31.560299999982817","",""
"greedy","online","randomExceptions","43","1","c051f1c6","partial","","explicit","proxy","{}","{""support"":305,""load"":100,""robot-path"":14}","adapter-1.0 / planners-f6ec11d4259a","2.1.0","{""requested"":1,""completed"":1,""outcomes"":[""partial""],""sameWorker"":false}","{""collision"":{""status"":""PASS"",""violations"":0,""checkedPlacements"":15,""scope"":""직육면체 기하·관측 규격 공통 검사"",""reason"":""확정 배치와 최종 적재 상태 검사""},""bounds"":{""status"":""PASS"",""violations"":0,""checkedPlacements"":15,""scope"":""직육면체 기하·관측 규격 공통 검사"",""reason"":""확정 배치와 최종 적재 상태 검사""},""height"":{""status"":""PASS"",""violations"":0,""checkedPlacements"":15,""scope"":""직육면체 기하·관측 규격 공통 검사"",""reason"":""확정 배치와 최종 적재 상태 검사""},""orientation"":{""status"":""PASS"",""violations"":0,""checkedPlacements"":15,""scope"":""직육면체 기하·관측 규격 공통 검사"",""reason"":""확정 배치와 최종 적재 상태 검사""},""load"":{""status"":""PASS"",""violations"":0,""checkedPlacements"":15,""scope"":""입력된 허용 상부하중 · 누적 정적 반력"",""reason"":""입력값 범위의 정적 검사. 실측 재료 인증 아님""},""support"":{""status"":""PASS"",""violations"":0,""checkedPlacements"":15,""scope"":""접촉·합력 작용점·정적 평형"",""reason"":""설정된 지지율·전도 여유 검사. 동적 붕괴·굽힘 파손 미검증""},""payload"":{""status"":""PASS"",""violations"":0,""checkedPlacements"":15,""scope"":""입력 가반하중 · 박스+그리퍼 질량"",""reason"":""사용자가 설정한 가반하중 한계 검사""},""robotCollision"":{""status"":""NOT VERIFIED"",""violations"":0,""checkedPlacements"":15,""scope"":""TCP·그리퍼 스윕 근사만 수행"",""reason"":""전체 로봇 링크 충돌 미검증""},""approach"":{""status"":""NOT VERIFIED"",""violations"":0,""checkedPlacements"":15,""scope"":""TCP·그리퍼 스윕 근사만 수행"",""reason"":""실제 관절 한계·역기구학·접근 자세 미검증""},""sequence"":{""status"":""NOT VERIFIED"",""violations"":0,""checkedPlacements"":15,""scope"":""TCP·그리퍼 스윕 근사만 수행"",""reason"":""실제 파지·관절 궤적·전 과정 실행 미검증""}}","22.646047857142857","93.75","15","1","0.013275691","866364264","651","","","","239.46610169491527","104.02912770857473","99.94397759103641","99.15966386554622","23.02568844566612","57.2","0.41321044546851","0","0","","151.27323125000112","520.882500000007","445.97775000001275","505.9015500000081","2420.371700000018","93.75","143.35612980645718","69.13148437419716","376.68427623502765","730","7.347199999989243","","","","","","100","0","0","","","0","100","100","100","100","131.92230000000563","",""
"rollout","online","randomExceptions","43","1","c051f1c6","complete","","explicit","proxy","{}","{""support"":299,""load"":145,""robot-path"":14}","adapter-1.0 / planners-f6ec11d4259a","2.1.0","{""requested"":1,""completed"":1,""outcomes"":[""partial""],""sameWorker"":false}","{""collision"":{""status"":""PASS"",""violations"":0,""checkedPlacements"":16,""scope"":""직육면체 기하·관측 규격 공통 검사"",""reason"":""확정 배치와 최종 적재 상태 검사""},""bounds"":{""status"":""PASS"",""violations"":0,""checkedPlacements"":16,""scope"":""직육면체 기하·관측 규격 공통 검사"",""reason"":""확정 배치와 최종 적재 상태 검사""},""height"":{""status"":""PASS"",""violations"":0,""checkedPlacements"":16,""scope"":""직육면체 기하·관측 규격 공통 검사"",""reason"":""확정 배치와 최종 적재 상태 검사""},""orientation"":{""status"":""PASS"",""violations"":0,""checkedPlacements"":16,""scope"":""직육면체 기하·관측 규격 공통 검사"",""reason"":""확정 배치와 최종 적재 상태 검사""},""load"":{""status"":""PASS"",""violations"":0,""checkedPlacements"":16,""scope"":""입력된 허용 상부하중 · 누적 정적 반력"",""reason"":""입력값 범위의 정적 검사. 실측 재료 인증 아님""},""support"":{""status"":""PASS"",""violations"":0,""checkedPlacements"":16,""scope"":""접촉·합력 작용점·정적 평형"",""reason"":""설정된 지지율·전도 여유 검사. 동적 붕괴·굽힘 파손 미검증""},""payload"":{""status"":""PASS"",""violations"":0,""checkedPlacements"":16,""scope"":""입력 가반하중 · 박스+그리퍼 질량"",""reason"":""사용자가 설정한 가반하중 한계 검사""},""robotCollision"":{""status"":""NOT VERIFIED"",""violations"":0,""checkedPlacements"":16,""scope"":""TCP·그리퍼 스윕 근사만 수행"",""reason"":""전체 로봇 링크 충돌 미검증""},""approach"":{""status"":""NOT VERIFIED"",""violations"":0,""checkedPlacements"":16,""scope"":""TCP·그리퍼 스윕 근사만 수행"",""reason"":""실제 관절 한계·역기구학·접근 자세 미검증""},""sequence"":{""status"":""NOT VERIFIED"",""violations"":0,""checkedPlacements"":16,""scope"":""TCP·그리퍼 스윕 근사만 수행"",""reason"":""실제 파지·관절 궤적·전 과정 실행 미검증""}}","23.831377410714286","100","16","0","0","853088573","651","","","","234.6048387096774","118.60623211575415","100","100","24.74782816962528","57.2","0.41321044546851","0","0","","861.893250000001","2061.6505999999936","1851.6211999999941","2019.6447199999936","13790.292000000016","100","156.4444517116833","73.73889361259415","368.18180107884524","730","6.839500000001863","","","","","","100","0","0","","","100","100","100","100","100","1620.9912000000186","",""
"strategy-greedy","online","randomExceptions","43","1","c051f1c6","partial","","explicit","proxy","{}","{""support"":365,""load"":274,""robot-path"":16}","adapter-1.0 / planners-f6ec11d4259a","2.1.0","{""requested"":1,""completed"":1,""outcomes"":[""partial""],""sameWorker"":false}","{""collision"":{""status"":""PASS"",""violations"":0,""checkedPlacements"":14,""scope"":""직육면체 기하·관측 규격 공통 검사"",""reason"":""확정 배치와 최종 적재 상태 검사""},""bounds"":{""status"":""PASS"",""violations"":0,""checkedPlacements"":14,""scope"":""직육면체 기하·관측 규격 공통 검사"",""reason"":""확정 배치와 최종 적재 상태 검사""},""height"":{""status"":""PASS"",""violations"":0,""checkedPlacements"":14,""scope"":""직육면체 기하·관측 규격 공통 검사"",""reason"":""확정 배치와 최종 적재 상태 검사""},""orientation"":{""status"":""PASS"",""violations"":0,""checkedPlacements"":14,""scope"":""직육면체 기하·관측 규격 공통 검사"",""reason"":""확정 배치와 최종 적재 상태 검사""},""load"":{""status"":""PASS"",""violations"":0,""checkedPlacements"":14,""scope"":""입력된 허용 상부하중 · 누적 정적 반력"",""reason"":""입력값 범위의 정적 검사. 실측 재료 인증 아님""},""support"":{""status"":""PASS"",""violations"":0,""checkedPlacements"":14,""scope"":""접촉·합력 작용점·정적 평형"",""reason"":""설정된 지지율·전도 여유 검사. 동적 붕괴·굽힘 파손 미검증""},""payload"":{""status"":""PASS"",""violations"":0,""checkedPlacements"":14,""scope"":""입력 가반하중 · 박스+그리퍼 질량"",""reason"":""사용자가 설정한 가반하중 한계 검사""},""robotCollision"":{""status"":""NOT VERIFIED"",""violations"":0,""checkedPlacements"":14,""scope"":""TCP·그리퍼 스윕 근사만 수행"",""reason"":""전체 로봇 링크 충돌 미검증""},""approach"":{""status"":""NOT VERIFIED"",""violations"":0,""checkedPlacements"":14,""scope"":""TCP·그리퍼 스윕 근사만 수행"",""reason"":""실제 관절 한계·역기구학·접근 자세 미검증""},""sequence"":{""status"":""NOT VERIFIED"",""violations"":0,""checkedPlacements"":14,""scope"":""TCP·그리퍼 스윕 근사만 수행"",""reason"":""실제 파지·관절 궤적·전 과정 실행 미검증""}}","19.686025089285714","87.5","14","2","0.046427946","899516519","1037","","","","316.1818181818182","43.289674661918085","100","100","13.593295413324915","46.81007102135473","0.38916528468767275","0","0","","14.255106250002427","37.21789999998873","32.05880000000616","36.18607999999222","228.08170000003884","87.5","133.1281459920403","63.13329489482618","378.5826026827821","730","6.997499999997672","","","","","","100","0","0","","","0","100","100","100","100","22.6192999999912","",""
"macs","online","randomExceptions","43","1","c051f1c6","partial","","explicit","proxy","{}","{""support"":365,""load"":274,""robot-path"":16}","adapter-1.0 / planners-f6ec11d4259a","2.1.0","{""requested"":1,""completed"":1,""outcomes"":[""partial""],""sameWorker"":false}","{""collision"":{""status"":""PASS"",""violations"":0,""checkedPlacements"":14,""scope"":""직육면체 기하·관측 규격 공통 검사"",""reason"":""확정 배치와 최종 적재 상태 검사""},""bounds"":{""status"":""PASS"",""violations"":0,""checkedPlacements"":14,""scope"":""직육면체 기하·관측 규격 공통 검사"",""reason"":""확정 배치와 최종 적재 상태 검사""},""height"":{""status"":""PASS"",""violations"":0,""checkedPlacements"":14,""scope"":""직육면체 기하·관측 규격 공통 검사"",""reason"":""확정 배치와 최종 적재 상태 검사""},""orientation"":{""status"":""PASS"",""violations"":0,""checkedPlacements"":14,""scope"":""직육면체 기하·관측 규격 공통 검사"",""reason"":""확정 배치와 최종 적재 상태 검사""},""load"":{""status"":""PASS"",""violations"":0,""checkedPlacements"":14,""scope"":""입력된 허용 상부하중 · 누적 정적 반력"",""reason"":""입력값 범위의 정적 검사. 실측 재료 인증 아님""},""support"":{""status"":""PASS"",""violations"":0,""checkedPlacements"":14,""scope"":""접촉·합력 작용점·정적 평형"",""reason"":""설정된 지지율·전도 여유 검사. 동적 붕괴·굽힘 파손 미검증""},""payload"":{""status"":""PASS"",""violations"":0,""checkedPlacements"":14,""scope"":""입력 가반하중 · 박스+그리퍼 질량"",""reason"":""사용자가 설정한 가반하중 한계 검사""},""robotCollision"":{""status"":""NOT VERIFIED"",""violations"":0,""checkedPlacements"":14,""scope"":""TCP·그리퍼 스윕 근사만 수행"",""reason"":""전체 로봇 링크 충돌 미검증""},""approach"":{""status"":""NOT VERIFIED"",""violations"":0,""checkedPlacements"":14,""scope"":""TCP·그리퍼 스윕 근사만 수행"",""reason"":""실제 관절 한계·역기구학·접근 자세 미검증""},""sequence"":{""status"":""NOT VERIFIED"",""violations"":0,""checkedPlacements"":14,""scope"":""TCP·그리퍼 스윕 근사만 수행"",""reason"":""실제 파지·관절 궤적·전 과정 실행 미검증""}}","19.686025089285714","87.5","14","2","0.046427946","899516519","1037","","","","316.1818181818182","43.289674661918085","100","100","13.593295413324915","46.81007102135473","0.38916528468767275","0","0","","21.672006250000777","64.8297999999777","52.86309999998775","62.436459999979704","346.75210000001243","87.5","133.1281459920403","63.13329489482618","378.5826026827821","730","9.402600000001257","","","","","","100","0","0","","","0","100","100","100","100","48.874199999991106","",""
"tetris-reserved","online","randomExceptions","43","1","c051f1c6","partial","","explicit","proxy","{}","{""bounds"":42,""support"":237,""load"":193,""robot-path"":5}","adapter-1.0 / planners-f6ec11d4259a","2.1.0","{""requested"":1,""completed"":1,""outcomes"":[""partial""],""sameWorker"":false}","{""collision"":{""status"":""PASS"",""violations"":0,""checkedPlacements"":14,""scope"":""직육면체 기하·관측 규격 공통 검사"",""reason"":""확정 배치와 최종 적재 상태 검사""},""bounds"":{""status"":""PASS"",""violations"":0,""checkedPlacements"":14,""scope"":""직육면체 기하·관측 규격 공통 검사"",""reason"":""확정 배치와 최종 적재 상태 검사""},""height"":{""status"":""PASS"",""violations"":0,""checkedPlacements"":14,""scope"":""직육면체 기하·관측 규격 공통 검사"",""reason"":""확정 배치와 최종 적재 상태 검사""},""orientation"":{""status"":""PASS"",""violations"":0,""checkedPlacements"":14,""scope"":""직육면체 기하·관측 규격 공통 검사"",""reason"":""확정 배치와 최종 적재 상태 검사""},""load"":{""status"":""PASS"",""violations"":0,""checkedPlacements"":14,""scope"":""입력된 허용 상부하중 · 누적 정적 반력"",""reason"":""입력값 범위의 정적 검사. 실측 재료 인증 아님""},""support"":{""status"":""PASS"",""violations"":0,""checkedPlacements"":14,""scope"":""접촉·합력 작용점·정적 평형"",""reason"":""설정된 지지율·전도 여유 검사. 동적 붕괴·굽힘 파손 미검증""},""payload"":{""status"":""PASS"",""violations"":0,""checkedPlacements"":14,""scope"":""입력 가반하중 · 박스+그리퍼 질량"",""reason"":""사용자가 설정한 가반하중 한계 검사""},""robotCollision"":{""status"":""NOT VERIFIED"",""violations"":0,""checkedPlacements"":14,""scope"":""TCP·그리퍼 스윕 근사만 수행"",""reason"":""전체 로봇 링크 충돌 미검증""},""approach"":{""status"":""NOT VERIFIED"",""violations"":0,""checkedPlacements"":14,""scope"":""TCP·그리퍼 스윕 근사만 수행"",""reason"":""실제 관절 한계·역기구학·접근 자세 미검증""},""sequence"":{""status"":""NOT VERIFIED"",""violations"":0,""checkedPlacements"":14,""scope"":""TCP·그리퍼 스윕 근사만 수행"",""reason"":""실제 파지·관절 궤적·전 과정 실행 미검증""}}","19.686025089285714","87.5","14","2","0.046427946","899516519","627","","","","192.2159090909091","41.882226926641714","100","100","14.524228836510792","52.45","0.5610261725835708","0","0","","213.23027499999625","655.1523000000161","626.2161000000124","649.3650600000153","3411.68439999994","87.5","125.37524919418037","59.39391197621723","401.99321894818974","730","7.871999999973923","","","","","","100","0","0","","","0","100","100","100","100","487.98420000000624","",""
"dynamic-reservation","online","randomExceptions","43","1","c051f1c6","complete","","explicit","proxy","{}","{""support"":345,""load"":274,""robot-path"":19}","adapter-1.0 / planners-f6ec11d4259a","2.1.0","{""requested"":1,""completed"":1,""outcomes"":[""partial""],""sameWorker"":false}","{""collision"":{""status"":""PASS"",""violations"":0,""checkedPlacements"":16,""scope"":""직육면체 기하·관측 규격 공통 검사"",""reason"":""확정 배치와 최종 적재 상태 검사""},""bounds"":{""status"":""PASS"",""violations"":0,""checkedPlacements"":16,""scope"":""직육면체 기하·관측 규격 공통 검사"",""reason"":""확정 배치와 최종 적재 상태 검사""},""height"":{""status"":""PASS"",""violations"":0,""checkedPlacements"":16,""scope"":""직육면체 기하·관측 규격 공통 검사"",""reason"":""확정 배치와 최종 적재 상태 검사""},""orientation"":{""status"":""PASS"",""violations"":0,""checkedPlacements"":16,""scope"":""직육면체 기하·관측 규격 공통 검사"",""reason"":""확정 배치와 최종 적재 상태 검사""},""load"":{""status"":""PASS"",""violations"":0,""checkedPlacements"":16,""scope"":""입력된 허용 상부하중 · 누적 정적 반력"",""reason"":""입력값 범위의 정적 검사. 실측 재료 인증 아님""},""support"":{""status"":""PASS"",""violations"":0,""checkedPlacements"":16,""scope"":""접촉·합력 작용점·정적 평형"",""reason"":""설정된 지지율·전도 여유 검사. 동적 붕괴·굽힘 파손 미검증""},""payload"":{""status"":""PASS"",""violations"":0,""checkedPlacements"":16,""scope"":""입력 가반하중 · 박스+그리퍼 질량"",""reason"":""사용자가 설정한 가반하중 한계 검사""},""robotCollision"":{""status"":""NOT VERIFIED"",""violations"":0,""checkedPlacements"":16,""scope"":""TCP·그리퍼 스윕 근사만 수행"",""reason"":""전체 로봇 링크 충돌 미검증""},""approach"":{""status"":""NOT VERIFIED"",""violations"":0,""checkedPlacements"":16,""scope"":""TCP·그리퍼 스윕 근사만 수행"",""reason"":""실제 관절 한계·역기구학·접근 자세 미검증""},""sequence"":{""status"":""NOT VERIFIED"",""violations"":0,""checkedPlacements"":16,""scope"":""TCP·그리퍼 스윕 근사만 수행"",""reason"":""실제 파지·관절 궤적·전 과정 실행 미검증""}}","23.831377410714286","100","16","0","0","853088573","1009","","","","291.991935483871","123.55418510830931","99.71988795518207","95.51820728291317","39.057428628204285","52.45","0.38629201680672276","0","0","","533.8314312500042","1922.656500000041","1358.2564500000299","1809.7764900000384","8541.302900000068","100","158.6464672534967","77.77020371477285","363.07143170079286","730","11.972600000037346","","","","","","100","0","0","","","100","100","100","100","100","1170.1231000000262","",""
"lookahead","online","randomExceptions","43","1","c051f1c6","partial","","explicit","proxy","{}","{""support"":362,""load"":279,""robot-path"":6}","adapter-1.0 / planners-f6ec11d4259a","2.1.0","{""requested"":1,""completed"":1,""outcomes"":[""partial""],""sameWorker"":false}","{""collision"":{""status"":""PASS"",""violations"":0,""checkedPlacements"":14,""scope"":""직육면체 기하·관측 규격 공통 검사"",""reason"":""확정 배치와 최종 적재 상태 검사""},""bounds"":{""status"":""PASS"",""violations"":0,""checkedPlacements"":14,""scope"":""직육면체 기하·관측 규격 공통 검사"",""reason"":""확정 배치와 최종 적재 상태 검사""},""height"":{""status"":""PASS"",""violations"":0,""checkedPlacements"":14,""scope"":""직육면체 기하·관측 규격 공통 검사"",""reason"":""확정 배치와 최종 적재 상태 검사""},""orientation"":{""status"":""PASS"",""violations"":0,""checkedPlacements"":14,""scope"":""직육면체 기하·관측 규격 공통 검사"",""reason"":""확정 배치와 최종 적재 상태 검사""},""load"":{""status"":""PASS"",""violations"":0,""checkedPlacements"":14,""scope"":""입력된 허용 상부하중 · 누적 정적 반력"",""reason"":""입력값 범위의 정적 검사. 실측 재료 인증 아님""},""support"":{""status"":""PASS"",""violations"":0,""checkedPlacements"":14,""scope"":""접촉·합력 작용점·정적 평형"",""reason"":""설정된 지지율·전도 여유 검사. 동적 붕괴·굽힘 파손 미검증""},""payload"":{""status"":""PASS"",""violations"":0,""checkedPlacements"":14,""scope"":""입력 가반하중 · 박스+그리퍼 질량"",""reason"":""사용자가 설정한 가반하중 한계 검사""},""robotCollision"":{""status"":""NOT VERIFIED"",""violations"":0,""checkedPlacements"":14,""scope"":""TCP·그리퍼 스윕 근사만 수행"",""reason"":""전체 로봇 링크 충돌 미검증""},""approach"":{""status"":""NOT VERIFIED"",""violations"":0,""checkedPlacements"":14,""scope"":""TCP·그리퍼 스윕 근사만 수행"",""reason"":""실제 관절 한계·역기구학·접근 자세 미검증""},""sequence"":{""status"":""NOT VERIFIED"",""violations"":0,""checkedPlacements"":14,""scope"":""TCP·그리퍼 스윕 근사만 수행"",""reason"":""실제 파지·관절 궤적·전 과정 실행 미검증""}}","20.573371696428573","87.5","14","2","0.036489664","889578237","1037","","","","288.05","22.775695927896496","99.6798719487795","95.51820728291317","6.129858639745933","57.2","0.38916528468767275","0","0","","185.62860000001456","401.750800000038","346.00030000001425","390.6007000000332","2970.057600000233","87.5","131.76774503301652","63.54903427146073","382.49117784759443","730","7.643900000024587","","","","","","100","0","0","","","0","100","100","100","100","317.9585000000079","",""
"future-hybrid","online","randomExceptions","43","1","c051f1c6","complete","","explicit","proxy","{}","{""support"":345,""load"":274,""robot-path"":19}","adapter-1.0 / planners-f6ec11d4259a","2.1.0","{""requested"":1,""completed"":1,""outcomes"":[""partial""],""sameWorker"":false}","{""collision"":{""status"":""PASS"",""violations"":0,""checkedPlacements"":16,""scope"":""직육면체 기하·관측 규격 공통 검사"",""reason"":""확정 배치와 최종 적재 상태 검사""},""bounds"":{""status"":""PASS"",""violations"":0,""checkedPlacements"":16,""scope"":""직육면체 기하·관측 규격 공통 검사"",""reason"":""확정 배치와 최종 적재 상태 검사""},""height"":{""status"":""PASS"",""violations"":0,""checkedPlacements"":16,""scope"":""직육면체 기하·관측 규격 공통 검사"",""reason"":""확정 배치와 최종 적재 상태 검사""},""orientation"":{""status"":""PASS"",""violations"":0,""checkedPlacements"":16,""scope"":""직육면체 기하·관측 규격 공통 검사"",""reason"":""확정 배치와 최종 적재 상태 검사""},""load"":{""status"":""PASS"",""violations"":0,""checkedPlacements"":16,""scope"":""입력된 허용 상부하중 · 누적 정적 반력"",""reason"":""입력값 범위의 정적 검사. 실측 재료 인증 아님""},""support"":{""status"":""PASS"",""violations"":0,""checkedPlacements"":16,""scope"":""접촉·합력 작용점·정적 평형"",""reason"":""설정된 지지율·전도 여유 검사. 동적 붕괴·굽힘 파손 미검증""},""payload"":{""status"":""PASS"",""violations"":0,""checkedPlacements"":16,""scope"":""입력 가반하중 · 박스+그리퍼 질량"",""reason"":""사용자가 설정한 가반하중 한계 검사""},""robotCollision"":{""status"":""NOT VERIFIED"",""violations"":0,""checkedPlacements"":16,""scope"":""TCP·그리퍼 스윕 근사만 수행"",""reason"":""전체 로봇 링크 충돌 미검증""},""approach"":{""status"":""NOT VERIFIED"",""violations"":0,""checkedPlacements"":16,""scope"":""TCP·그리퍼 스윕 근사만 수행"",""reason"":""실제 관절 한계·역기구학·접근 자세 미검증""},""sequence"":{""status"":""NOT VERIFIED"",""violations"":0,""checkedPlacements"":16,""scope"":""TCP·그리퍼 스윕 근사만 수행"",""reason"":""실제 파지·관절 궤적·전 과정 실행 미검증""}}","23.831377410714286","100","16","0","0","853088573","1009","","","","291.991935483871","123.55418510830931","99.71988795518207","95.51820728291317","39.057428628204285","52.45","0.38629201680672276","0","0","","546.8371750000078","1736.6693000000087","1659.2153750000143","1721.1785150000098","8749.394800000126","100","158.6464672534967","77.77020371477285","363.07143170079286","730","11.694199999968987","","","","","","100","0","0","","","100","100","100","100","100","1633.3974000000162","",""
"blb","online","randomExceptions","43","1","c051f1c6","partial","","explicit","proxy","{}","{""bounds"":40,""support"":334,""load"":275,""robot-path"":25,""protocol"":8}","adapter-1.0 / planners-f6ec11d4259a","2.1.0","{""requested"":1,""completed"":1,""outcomes"":[""partial""],""sameWorker"":false}","{""collision"":{""status"":""PASS"",""violations"":0,""checkedPlacements"":14,""scope"":""직육면체 기하·관측 규격 공통 검사"",""reason"":""확정 배치와 최종 적재 상태 검사""},""bounds"":{""status"":""PASS"",""violations"":0,""checkedPlacements"":14,""scope"":""직육면체 기하·관측 규격 공통 검사"",""reason"":""확정 배치와 최종 적재 상태 검사""},""height"":{""status"":""PASS"",""violations"":0,""checkedPlacements"":14,""scope"":""직육면체 기하·관측 규격 공통 검사"",""reason"":""확정 배치와 최종 적재 상태 검사""},""orientation"":{""status"":""PASS"",""violations"":0,""checkedPlacements"":14,""scope"":""직육면체 기하·관측 규격 공통 검사"",""reason"":""확정 배치와 최종 적재 상태 검사""},""load"":{""status"":""PASS"",""violations"":0,""checkedPlacements"":14,""scope"":""입력된 허용 상부하중 · 누적 정적 반력"",""reason"":""입력값 범위의 정적 검사. 실측 재료 인증 아님""},""support"":{""status"":""PASS"",""violations"":0,""checkedPlacements"":14,""scope"":""접촉·합력 작용점·정적 평형"",""reason"":""설정된 지지율·전도 여유 검사. 동적 붕괴·굽힘 파손 미검증""},""payload"":{""status"":""PASS"",""violations"":0,""checkedPlacements"":14,""scope"":""입력 가반하중 · 박스+그리퍼 질량"",""reason"":""사용자가 설정한 가반하중 한계 검사""},""robotCollision"":{""status"":""NOT VERIFIED"",""violations"":0,""checkedPlacements"":14,""scope"":""TCP·그리퍼 스윕 근사만 수행"",""reason"":""전체 로봇 링크 충돌 미검증""},""approach"":{""status"":""NOT VERIFIED"",""violations"":0,""checkedPlacements"":14,""scope"":""TCP·그리퍼 스윕 근사만 수행"",""reason"":""실제 관절 한계·역기구학·접근 자세 미검증""},""sequence"":{""status"":""NOT VERIFIED"",""violations"":0,""checkedPlacements"":14,""scope"":""TCP·그리퍼 스윕 근사만 수행"",""reason"":""실제 파지·관절 궤적·전 과정 실행 미검증""}}","19.686025089285714","87.5","14","2","0.046427946","899516519","651","","","","246.73863636363637","97.30540717236293","100","100","26.305098713975276","57.2","0.41321044546851","0","0","","18.32740625000588","83.77270000003045","58.126075000007404","78.64337500002583","293.23850000009406","87.5","133.49274845580877","65.97028649627572","377.5485978302734","728","5.056299999996554","","","","","","100","0","0","","","0","100","100","100","100","20.192899999965448","",""
"pack-first","online","randomExceptions","43","1","c051f1c6","partial","","explicit","proxy","{}","{""support"":510,""bounds"":329,""load"":212,""robot-path"":20,""protocol"":21}","adapter-1.0 / planners-f6ec11d4259a","2.1.0","{""requested"":1,""completed"":1,""outcomes"":[""partial""],""sameWorker"":false}","{""collision"":{""status"":""PASS"",""violations"":0,""checkedPlacements"":10,""scope"":""직육면체 기하·관측 규격 공통 검사"",""reason"":""확정 배치와 최종 적재 상태 검사""},""bounds"":{""status"":""PASS"",""violations"":0,""checkedPlacements"":10,""scope"":""직육면체 기하·관측 규격 공통 검사"",""reason"":""확정 배치와 최종 적재 상태 검사""},""height"":{""status"":""PASS"",""violations"":0,""checkedPlacements"":10,""scope"":""직육면체 기하·관측 규격 공통 검사"",""reason"":""확정 배치와 최종 적재 상태 검사""},""orientation"":{""status"":""PASS"",""violations"":0,""checkedPlacements"":10,""scope"":""직육면체 기하·관측 규격 공통 검사"",""reason"":""확정 배치와 최종 적재 상태 검사""},""load"":{""status"":""PASS"",""violations"":0,""checkedPlacements"":10,""scope"":""입력된 허용 상부하중 · 누적 정적 반력"",""reason"":""입력값 범위의 정적 검사. 실측 재료 인증 아님""},""support"":{""status"":""PASS"",""violations"":0,""checkedPlacements"":10,""scope"":""접촉·합력 작용점·정적 평형"",""reason"":""설정된 지지율·전도 여유 검사. 동적 붕괴·굽힘 파손 미검증""},""payload"":{""status"":""PASS"",""violations"":0,""checkedPlacements"":10,""scope"":""입력 가반하중 · 박스+그리퍼 질량"",""reason"":""사용자가 설정한 가반하중 한계 검사""},""robotCollision"":{""status"":""NOT VERIFIED"",""violations"":0,""checkedPlacements"":10,""scope"":""TCP·그리퍼 스윕 근사만 수행"",""reason"":""전체 로봇 링크 충돌 미검증""},""approach"":{""status"":""NOT VERIFIED"",""violations"":0,""checkedPlacements"":10,""scope"":""TCP·그리퍼 스윕 근사만 수행"",""reason"":""실제 관절 한계·역기구학·접근 자세 미검증""},""sequence"":{""status"":""NOT VERIFIED"",""violations"":0,""checkedPlacements"":10,""scope"":""TCP·그리퍼 스윕 근사만 수행"",""reason"":""실제 파지·관절 궤적·전 과정 실행 미검증""}}","11.307961517857143","62.5","10","6","0.140262258","993350831","577","","","","155.8653846153846","143.81078403593236","100","100","25.91211575244555","54.525","0.39072847682119205","0","0","","7.632562499995402","13.371899999969173","11.640299999970011","13.02557999996934","122.12099999992643","62.5","83.04013637134562","39.676088641374655","433.52529960948374","728","3.263700000010431","","","","","","100","0","0","","","0","100","100","100","100","11.06309999997029","",""
"pack-greedy","online","randomExceptions","43","1","c051f1c6","partial","","explicit","proxy","{}","{""support"":477,""bounds"":371,""load"":216,""robot-path"":18,""protocol"":25}","adapter-1.0 / planners-f6ec11d4259a","2.1.0","{""requested"":1,""completed"":1,""outcomes"":[""partial""],""sameWorker"":false}","{""collision"":{""status"":""PASS"",""violations"":0,""checkedPlacements"":11,""scope"":""직육면체 기하·관측 규격 공통 검사"",""reason"":""확정 배치와 최종 적재 상태 검사""},""bounds"":{""status"":""PASS"",""violations"":0,""checkedPlacements"":11,""scope"":""직육면체 기하·관측 규격 공통 검사"",""reason"":""확정 배치와 최종 적재 상태 검사""},""height"":{""status"":""PASS"",""violations"":0,""checkedPlacements"":11,""scope"":""직육면체 기하·관측 규격 공통 검사"",""reason"":""확정 배치와 최종 적재 상태 검사""},""orientation"":{""status"":""PASS"",""violations"":0,""checkedPlacements"":11,""scope"":""직육면체 기하·관측 규격 공통 검사"",""reason"":""확정 배치와 최종 적재 상태 검사""},""load"":{""status"":""PASS"",""violations"":0,""checkedPlacements"":11,""scope"":""입력된 허용 상부하중 · 누적 정적 반력"",""reason"":""입력값 범위의 정적 검사. 실측 재료 인증 아님""},""support"":{""status"":""PASS"",""violations"":0,""checkedPlacements"":11,""scope"":""접촉·합력 작용점·정적 평형"",""reason"":""설정된 지지율·전도 여유 검사. 동적 붕괴·굽힘 파손 미검증""},""payload"":{""status"":""PASS"",""violations"":0,""checkedPlacements"":11,""scope"":""입력 가반하중 · 박스+그리퍼 질량"",""reason"":""사용자가 설정한 가반하중 한계 검사""},""robotCollision"":{""status"":""NOT VERIFIED"",""violations"":0,""checkedPlacements"":11,""scope"":""TCP·그리퍼 스윕 근사만 수행"",""reason"":""전체 로봇 링크 충돌 미검증""},""approach"":{""status"":""NOT VERIFIED"",""violations"":0,""checkedPlacements"":11,""scope"":""TCP·그리퍼 스윕 근사만 수행"",""reason"":""실제 관절 한계·역기구학·접근 자세 미검증""},""sequence"":{""status"":""NOT VERIFIED"",""violations"":0,""checkedPlacements"":11,""scope"":""TCP·그리퍼 스윕 근사만 수행"",""reason"":""실제 파지·관절 궤적·전 과정 실행 미검증""}}","14.354276964285715","68.75","11","5","0.106143525","959232098","583","","","","160.46875","17.83060004182592","100","100","8.763396324977274","57.2","0.5860927152317881","0","0","","15.88237499999741","45.978000000002794","36.851399999970454","44.15267999999632","254.11799999995856","68.75","103.13980648245844","50.79087421359798","383.94487395838763","728","6.06419999996433","","","","","","100","0","0","","","0","100","100","100","100","12.90979999996489","",""
"pack-tetris","online","randomExceptions","43","1","c051f1c6","partial","","explicit","proxy","{}","{""support"":477,""bounds"":371,""load"":216,""robot-path"":18,""protocol"":25}","adapter-1.0 / planners-f6ec11d4259a","2.1.0","{""requested"":1,""completed"":1,""outcomes"":[""partial""],""sameWorker"":false}","{""collision"":{""status"":""PASS"",""violations"":0,""checkedPlacements"":11,""scope"":""직육면체 기하·관측 규격 공통 검사"",""reason"":""확정 배치와 최종 적재 상태 검사""},""bounds"":{""status"":""PASS"",""violations"":0,""checkedPlacements"":11,""scope"":""직육면체 기하·관측 규격 공통 검사"",""reason"":""확정 배치와 최종 적재 상태 검사""},""height"":{""status"":""PASS"",""violations"":0,""checkedPlacements"":11,""scope"":""직육면체 기하·관측 규격 공통 검사"",""reason"":""확정 배치와 최종 적재 상태 검사""},""orientation"":{""status"":""PASS"",""violations"":0,""checkedPlacements"":11,""scope"":""직육면체 기하·관측 규격 공통 검사"",""reason"":""확정 배치와 최종 적재 상태 검사""},""load"":{""status"":""PASS"",""violations"":0,""checkedPlacements"":11,""scope"":""입력된 허용 상부하중 · 누적 정적 반력"",""reason"":""입력값 범위의 정적 검사. 실측 재료 인증 아님""},""support"":{""status"":""PASS"",""violations"":0,""checkedPlacements"":11,""scope"":""접촉·합력 작용점·정적 평형"",""reason"":""설정된 지지율·전도 여유 검사. 동적 붕괴·굽힘 파손 미검증""},""payload"":{""status"":""PASS"",""violations"":0,""checkedPlacements"":11,""scope"":""입력 가반하중 · 박스+그리퍼 질량"",""reason"":""사용자가 설정한 가반하중 한계 검사""},""robotCollision"":{""status"":""NOT VERIFIED"",""violations"":0,""checkedPlacements"":11,""scope"":""TCP·그리퍼 스윕 근사만 수행"",""reason"":""전체 로봇 링크 충돌 미검증""},""approach"":{""status"":""NOT VERIFIED"",""violations"":0,""checkedPlacements"":11,""scope"":""TCP·그리퍼 스윕 근사만 수행"",""reason"":""실제 관절 한계·역기구학·접근 자세 미검증""},""sequence"":{""status"":""NOT VERIFIED"",""violations"":0,""checkedPlacements"":11,""scope"":""TCP·그리퍼 스윕 근사만 수행"",""reason"":""실제 파지·관절 궤적·전 과정 실행 미검증""}}","14.354276964285715","68.75","11","5","0.106143525","959232098","583","","","","160.46875","17.83060004182592","100","100","8.763396324977274","57.2","0.5860927152317881","0","0","","30.98116249999657","264.3318999999901","116.38442499999655","234.74240499999135","495.69859999994515","68.75","103.13980648245844","50.79087421359798","383.94487395838763","728","13.067899999965448","","","","","","100","0","0","","","0","100","100","100","100","11.074200000031851","",""
"pack-beam","online","randomExceptions","43","1","c051f1c6","partial","","explicit","proxy","{}","{""support"":506,""bounds"":360,""load"":226,""robot-path"":22,""protocol"":22}","adapter-1.0 / planners-f6ec11d4259a","2.1.0","{""requested"":1,""completed"":1,""outcomes"":[""partial""],""sameWorker"":false}","{""collision"":{""status"":""PASS"",""violations"":0,""checkedPlacements"":10,""scope"":""직육면체 기하·관측 규격 공통 검사"",""reason"":""확정 배치와 최종 적재 상태 검사""},""bounds"":{""status"":""PASS"",""violations"":0,""checkedPlacements"":10,""scope"":""직육면체 기하·관측 규격 공통 검사"",""reason"":""확정 배치와 최종 적재 상태 검사""},""height"":{""status"":""PASS"",""violations"":0,""checkedPlacements"":10,""scope"":""직육면체 기하·관측 규격 공통 검사"",""reason"":""확정 배치와 최종 적재 상태 검사""},""orientation"":{""status"":""PASS"",""violations"":0,""checkedPlacements"":10,""scope"":""직육면체 기하·관측 규격 공통 검사"",""reason"":""확정 배치와 최종 적재 상태 검사""},""load"":{""status"":""PASS"",""violations"":0,""checkedPlacements"":10,""scope"":""입력된 허용 상부하중 · 누적 정적 반력"",""reason"":""입력값 범위의 정적 검사. 실측 재료 인증 아님""},""support"":{""status"":""PASS"",""violations"":0,""checkedPlacements"":10,""scope"":""접촉·합력 작용점·정적 평형"",""reason"":""설정된 지지율·전도 여유 검사. 동적 붕괴·굽힘 파손 미검증""},""payload"":{""status"":""PASS"",""violations"":0,""checkedPlacements"":10,""scope"":""입력 가반하중 · 박스+그리퍼 질량"",""reason"":""사용자가 설정한 가반하중 한계 검사""},""robotCollision"":{""status"":""NOT VERIFIED"",""violations"":0,""checkedPlacements"":10,""scope"":""TCP·그리퍼 스윕 근사만 수행"",""reason"":""전체 로봇 링크 충돌 미검증""},""approach"":{""status"":""NOT VERIFIED"",""violations"":0,""checkedPlacements"":10,""scope"":""TCP·그리퍼 스윕 근사만 수행"",""reason"":""실제 관절 한계·역기구학·접근 자세 미검증""},""sequence"":{""status"":""NOT VERIFIED"",""violations"":0,""checkedPlacements"":10,""scope"":""TCP·그리퍼 스윕 근사만 수행"",""reason"":""실제 파지·관절 궤적·전 과정 실행 미검증""}}","13.832248392857144","62.5","10","6","0.111990245","965078818","386","","","","142.81147540983608","26.38511476395791","100","100","8.386480966864536","57.2","0.5518207282913166","0","0","","1005.1169250000021","3110.4710000000196","3109.0120250000036","3110.1792050000163","16081.870800000033","62.5","88.54314952432635","43.90304719081213","406.58142604368686","728","3.9406000000308268","","","","","","100","0","0","","","0","100","100","0","66.66666666666667","7.5750000000116415","",""
"pack-robust","online","randomExceptions","43","1","c051f1c6","partial","","explicit","proxy","{}","{""support"":506,""bounds"":360,""load"":226,""robot-path"":22,""protocol"":22}","adapter-1.0 / planners-f6ec11d4259a","2.1.0","{""requested"":1,""completed"":1,""outcomes"":[""partial""],""sameWorker"":false}","{""collision"":{""status"":""PASS"",""violations"":0,""checkedPlacements"":10,""scope"":""직육면체 기하·관측 규격 공통 검사"",""reason"":""확정 배치와 최종 적재 상태 검사""},""bounds"":{""status"":""PASS"",""violations"":0,""checkedPlacements"":10,""scope"":""직육면체 기하·관측 규격 공통 검사"",""reason"":""확정 배치와 최종 적재 상태 검사""},""height"":{""status"":""PASS"",""violations"":0,""checkedPlacements"":10,""scope"":""직육면체 기하·관측 규격 공통 검사"",""reason"":""확정 배치와 최종 적재 상태 검사""},""orientation"":{""status"":""PASS"",""violations"":0,""checkedPlacements"":10,""scope"":""직육면체 기하·관측 규격 공통 검사"",""reason"":""확정 배치와 최종 적재 상태 검사""},""load"":{""status"":""PASS"",""violations"":0,""checkedPlacements"":10,""scope"":""입력된 허용 상부하중 · 누적 정적 반력"",""reason"":""입력값 범위의 정적 검사. 실측 재료 인증 아님""},""support"":{""status"":""PASS"",""violations"":0,""checkedPlacements"":10,""scope"":""접촉·합력 작용점·정적 평형"",""reason"":""설정된 지지율·전도 여유 검사. 동적 붕괴·굽힘 파손 미검증""},""payload"":{""status"":""PASS"",""violations"":0,""checkedPlacements"":10,""scope"":""입력 가반하중 · 박스+그리퍼 질량"",""reason"":""사용자가 설정한 가반하중 한계 검사""},""robotCollision"":{""status"":""NOT VERIFIED"",""violations"":0,""checkedPlacements"":10,""scope"":""TCP·그리퍼 스윕 근사만 수행"",""reason"":""전체 로봇 링크 충돌 미검증""},""approach"":{""status"":""NOT VERIFIED"",""violations"":0,""checkedPlacements"":10,""scope"":""TCP·그리퍼 스윕 근사만 수행"",""reason"":""실제 관절 한계·역기구학·접근 자세 미검증""},""sequence"":{""status"":""NOT VERIFIED"",""violations"":0,""checkedPlacements"":10,""scope"":""TCP·그리퍼 스윕 근사만 수행"",""reason"":""실제 파지·관절 궤적·전 과정 실행 미검증""}}","13.832248392857144","62.5","10","6","0.111990245","965078818","386","","","","142.81147540983608","26.38511476395791","100","100","8.386480966864536","57.2","0.5518207282913166","0","0","","970.5250562499969","3146.8871999999974","3133.101600000009","3144.13008","15528.40089999995","62.5","88.54314952432635","43.90304719081213","406.58142604368686","728","29.459900000016205","","","","","","100","0","0","","","0","100","100","0","66.66666666666667","31.893500000005588","",""
"random","online","randomExceptions","43","1","c051f1c6","partial","","explicit","proxy","{}","{""bounds"":40,""support"":351,""load"":149,""robot-path"":22}","adapter-1.0 / planners-f6ec11d4259a","2.1.0","{""requested"":1,""completed"":1,""outcomes"":[""partial""],""sameWorker"":false}","{""collision"":{""status"":""PASS"",""violations"":0,""checkedPlacements"":13,""scope"":""직육면체 기하·관측 규격 공통 검사"",""reason"":""확정 배치와 최종 적재 상태 검사""},""bounds"":{""status"":""PASS"",""violations"":0,""checkedPlacements"":13,""scope"":""직육면체 기하·관측 규격 공통 검사"",""reason"":""확정 배치와 최종 적재 상태 검사""},""height"":{""status"":""PASS"",""violations"":0,""checkedPlacements"":13,""scope"":""직육면체 기하·관측 규격 공통 검사"",""reason"":""확정 배치와 최종 적재 상태 검사""},""orientation"":{""status"":""PASS"",""violations"":0,""checkedPlacements"":13,""scope"":""직육면체 기하·관측 규격 공통 검사"",""reason"":""확정 배치와 최종 적재 상태 검사""},""load"":{""status"":""PASS"",""violations"":0,""checkedPlacements"":13,""scope"":""입력된 허용 상부하중 · 누적 정적 반력"",""reason"":""입력값 범위의 정적 검사. 실측 재료 인증 아님""},""support"":{""status"":""PASS"",""violations"":0,""checkedPlacements"":13,""scope"":""접촉·합력 작용점·정적 평형"",""reason"":""설정된 지지율·전도 여유 검사. 동적 붕괴·굽힘 파손 미검증""},""payload"":{""status"":""PASS"",""violations"":0,""checkedPlacements"":13,""scope"":""입력 가반하중 · 박스+그리퍼 질량"",""reason"":""사용자가 설정한 가반하중 한계 검사""},""robotCollision"":{""status"":""NOT VERIFIED"",""violations"":0,""checkedPlacements"":13,""scope"":""TCP·그리퍼 스윕 근사만 수행"",""reason"":""전체 로봇 링크 충돌 미검증""},""approach"":{""status"":""NOT VERIFIED"",""violations"":0,""checkedPlacements"":13,""scope"":""TCP·그리퍼 스윕 근사만 수행"",""reason"":""실제 관절 한계·역기구학·접근 자세 미검증""},""sequence"":{""status"":""NOT VERIFIED"",""violations"":0,""checkedPlacements"":13,""scope"":""TCP·그리퍼 스윕 근사만 수행"",""reason"":""실제 파지·관절 궤적·전 과정 실행 미검증""}}","18.500695535714286","81.25","13","3","0.059703637","912792210","651","","","","211.4390243902439","62.34580324315744","100","100","17.47952701032415","57.2","0.41321044546851","0","0","","15.988431249988935","31.288500000024214","30.074399999983143","31.045680000016","255.81489999982296","81.25","126.39241292558313","62.65506840162904","370.27539008654526","728","4.840199999976903","","","","","","100","0","0","","","0","100","100","100","100","20.70199999999022","",""
"greedy","online","random","44","2","ba2a83fd","partial","","explicit","proxy","{}","{""bounds"":43,""support"":207,""load"":135,""robot-path"":26}","adapter-1.0 / planners-f6ec11d4259a","2.1.0","{""requested"":1,""completed"":1,""outcomes"":[""partial""],""sameWorker"":false}","{""collision"":{""status"":""PASS"",""violations"":0,""checkedPlacements"":16,""scope"":""직육면체 기하·관측 규격 공통 검사"",""reason"":""확정 배치와 최종 적재 상태 검사""},""bounds"":{""status"":""PASS"",""violations"":0,""checkedPlacements"":16,""scope"":""직육면체 기하·관측 규격 공통 검사"",""reason"":""확정 배치와 최종 적재 상태 검사""},""height"":{""status"":""PASS"",""violations"":0,""checkedPlacements"":16,""scope"":""직육면체 기하·관측 규격 공통 검사"",""reason"":""확정 배치와 최종 적재 상태 검사""},""orientation"":{""status"":""PASS"",""violations"":0,""checkedPlacements"":16,""scope"":""직육면체 기하·관측 규격 공통 검사"",""reason"":""확정 배치와 최종 적재 상태 검사""},""load"":{""status"":""PASS"",""violations"":0,""checkedPlacements"":16,""scope"":""입력된 허용 상부하중 · 누적 정적 반력"",""reason"":""입력값 범위의 정적 검사. 실측 재료 인증 아님""},""support"":{""status"":""PASS"",""violations"":0,""checkedPlacements"":16,""scope"":""접촉·합력 작용점·정적 평형"",""reason"":""설정된 지지율·전도 여유 검사. 동적 붕괴·굽힘 파손 미검증""},""payload"":{""status"":""PASS"",""violations"":0,""checkedPlacements"":16,""scope"":""입력 가반하중 · 박스+그리퍼 질량"",""reason"":""사용자가 설정한 가반하중 한계 검사""},""robotCollision"":{""status"":""NOT VERIFIED"",""violations"":0,""checkedPlacements"":16,""scope"":""TCP·그리퍼 스윕 근사만 수행"",""reason"":""전체 로봇 링크 충돌 미검증""},""approach"":{""status"":""NOT VERIFIED"",""violations"":0,""checkedPlacements"":16,""scope"":""TCP·그리퍼 스윕 근사만 수행"",""reason"":""실제 관절 한계·역기구학·접근 자세 미검증""},""sequence"":{""status"":""NOT VERIFIED"",""violations"":0,""checkedPlacements"":16,""scope"":""TCP·그리퍼 스윕 근사만 수행"",""reason"":""실제 파지·관절 궤적·전 과정 실행 미검증""}}","25.980253214285714","88.88888888888889","16","2","0.026551382","829021164","804","","","","226.2984496124031","46.22273479829978","99.71988795518207","95.51820728291317","10.230404711233309","65.85","0.483426517571885","0","0","","293.01600555554614","780.7930999999517","652.2963899999593","755.0937579999529","5274.288099999831","88.88888888888889","157.41101947356702","77.61716265781857","365.921014885952","826","33.64329999999609","25.980253214285714","0","88.88888888888889","","","100","0","0","","","0","","","","","","",""
"rollout","online","random","44","2","ba2a83fd","partial","","explicit","proxy","{}","{""bounds"":54,""support"":245,""load"":142,""robot-path"":51,""protocol"":9}","adapter-1.0 / planners-f6ec11d4259a","2.1.0","{""requested"":1,""completed"":1,""outcomes"":[""partial""],""sameWorker"":false}","{""collision"":{""status"":""PASS"",""violations"":0,""checkedPlacements"":17,""scope"":""직육면체 기하·관측 규격 공통 검사"",""reason"":""확정 배치와 최종 적재 상태 검사""},""bounds"":{""status"":""PASS"",""violations"":0,""checkedPlacements"":17,""scope"":""직육면체 기하·관측 규격 공통 검사"",""reason"":""확정 배치와 최종 적재 상태 검사""},""height"":{""status"":""PASS"",""violations"":0,""checkedPlacements"":17,""scope"":""직육면체 기하·관측 규격 공통 검사"",""reason"":""확정 배치와 최종 적재 상태 검사""},""orientation"":{""status"":""PASS"",""violations"":0,""checkedPlacements"":17,""scope"":""직육면체 기하·관측 규격 공통 검사"",""reason"":""확정 배치와 최종 적재 상태 검사""},""load"":{""status"":""PASS"",""violations"":0,""checkedPlacements"":17,""scope"":""입력된 허용 상부하중 · 누적 정적 반력"",""reason"":""입력값 범위의 정적 검사. 실측 재료 인증 아님""},""support"":{""status"":""PASS"",""violations"":0,""checkedPlacements"":17,""scope"":""접촉·합력 작용점·정적 평형"",""reason"":""설정된 지지율·전도 여유 검사. 동적 붕괴·굽힘 파손 미검증""},""payload"":{""status"":""PASS"",""violations"":0,""checkedPlacements"":17,""scope"":""입력 가반하중 · 박스+그리퍼 질량"",""reason"":""사용자가 설정한 가반하중 한계 검사""},""robotCollision"":{""status"":""NOT VERIFIED"",""violations"":0,""checkedPlacements"":17,""scope"":""TCP·그리퍼 스윕 근사만 수행"",""reason"":""전체 로봇 링크 충돌 미검증""},""approach"":{""status"":""NOT VERIFIED"",""violations"":0,""checkedPlacements"":17,""scope"":""TCP·그리퍼 스윕 근사만 수행"",""reason"":""실제 관절 한계·역기구학·접근 자세 미검증""},""sequence"":{""status"":""NOT VERIFIED"",""violations"":0,""checkedPlacements"":17,""scope"":""TCP·그리퍼 스윕 근사만 수행"",""reason"":""실제 파지·관절 궤적·전 과정 실행 미검증""}}","25.304596875","94.44444444444444","17","1","0.034118733","836588515","659","","","","240.47674418604652","112.33977479727437","99.56546229983103","95.28043775649795","26.9239152229217","52.45","0.41321044546851","0","0","","942.6530944444401","2013.4337999999989","1594.341044999996","1929.6152489999977","16967.75569999992","94.44444444444444","176.82000421998313","82.43300274298903","346.11468464767484","826","6.797200000029989","25.304596875","0","94.44444444444444","","","100","0","0","","","0","","","","","","",""
"strategy-greedy","online","random","44","2","ba2a83fd","partial","","explicit","proxy","{}","{""bounds"":44,""support"":376,""load"":120,""robot-path"":20,""protocol"":14}","adapter-1.0 / planners-f6ec11d4259a","2.1.0","{""requested"":1,""completed"":1,""outcomes"":[""partial""],""sameWorker"":false}","{""collision"":{""status"":""PASS"",""violations"":0,""checkedPlacements"":13,""scope"":""직육면체 기하·관측 규격 공통 검사"",""reason"":""확정 배치와 최종 적재 상태 검사""},""bounds"":{""status"":""PASS"",""violations"":0,""checkedPlacements"":13,""scope"":""직육면체 기하·관측 규격 공통 검사"",""reason"":""확정 배치와 최종 적재 상태 검사""},""height"":{""status"":""PASS"",""violations"":0,""checkedPlacements"":13,""scope"":""직육면체 기하·관측 규격 공통 검사"",""reason"":""확정 배치와 최종 적재 상태 검사""},""orientation"":{""status"":""PASS"",""violations"":0,""checkedPlacements"":13,""scope"":""직육면체 기하·관측 규격 공통 검사"",""reason"":""확정 배치와 최종 적재 상태 검사""},""load"":{""status"":""PASS"",""violations"":0,""checkedPlacements"":13,""scope"":""입력된 허용 상부하중 · 누적 정적 반력"",""reason"":""입력값 범위의 정적 검사. 실측 재료 인증 아님""},""support"":{""status"":""PASS"",""violations"":0,""checkedPlacements"":13,""scope"":""접촉·합력 작용점·정적 평형"",""reason"":""설정된 지지율·전도 여유 검사. 동적 붕괴·굽힘 파손 미검증""},""payload"":{""status"":""PASS"",""violations"":0,""checkedPlacements"":13,""scope"":""입력 가반하중 · 박스+그리퍼 질량"",""reason"":""사용자가 설정한 가반하중 한계 검사""},""robotCollision"":{""status"":""NOT VERIFIED"",""violations"":0,""checkedPlacements"":13,""scope"":""TCP·그리퍼 스윕 근사만 수행"",""reason"":""전체 로봇 링크 충돌 미검증""},""approach"":{""status"":""NOT VERIFIED"",""violations"":0,""checkedPlacements"":13,""scope"":""TCP·그리퍼 스윕 근사만 수행"",""reason"":""실제 관절 한계·역기구학·접근 자세 미검증""},""sequence"":{""status"":""NOT VERIFIED"",""violations"":0,""checkedPlacements"":13,""scope"":""TCP·그리퍼 스윕 근사만 수행"",""reason"":""실제 파지·관절 궤적·전 과정 실행 미검증""}}","16.841306875","72.22222222222223","13","5","0.128907581","931377363","613","","","","206.30645161290323","54.762051628218074","99.65524671407024","95.51820728291317","5.821437474750777","70.8","0.44748402555910544","0","0","","19.71340555555394","82.0685999999987","62.6717700000008","78.18923399999909","354.84129999997094","72.22222222222223","130.78416586205037","60.95970781033275","357.84148403228033","826","4.151299999968614","16.841306875","0","72.22222222222223","","","100","0","0","","","0","","","","","","",""
"macs","online","random","44","2","ba2a83fd","partial","","explicit","proxy","{}","{""bounds"":44,""support"":379,""load"":126,""robot-path"":30,""protocol"":14}","adapter-1.0 / planners-f6ec11d4259a","2.1.0","{""requested"":1,""completed"":1,""outcomes"":[""partial""],""sameWorker"":false}","{""collision"":{""status"":""PASS"",""violations"":0,""checkedPlacements"":13,""scope"":""직육면체 기하·관측 규격 공통 검사"",""reason"":""확정 배치와 최종 적재 상태 검사""},""bounds"":{""status"":""PASS"",""violations"":0,""checkedPlacements"":13,""scope"":""직육면체 기하·관측 규격 공통 검사"",""reason"":""확정 배치와 최종 적재 상태 검사""},""height"":{""status"":""PASS"",""violations"":0,""checkedPlacements"":13,""scope"":""직육면체 기하·관측 규격 공통 검사"",""reason"":""확정 배치와 최종 적재 상태 검사""},""orientation"":{""status"":""PASS"",""violations"":0,""checkedPlacements"":13,""scope"":""직육면체 기하·관측 규격 공통 검사"",""reason"":""확정 배치와 최종 적재 상태 검사""},""load"":{""status"":""PASS"",""violations"":0,""checkedPlacements"":13,""scope"":""입력된 허용 상부하중 · 누적 정적 반력"",""reason"":""입력값 범위의 정적 검사. 실측 재료 인증 아님""},""support"":{""status"":""PASS"",""violations"":0,""checkedPlacements"":13,""scope"":""접촉·합력 작용점·정적 평형"",""reason"":""설정된 지지율·전도 여유 검사. 동적 붕괴·굽힘 파손 미검증""},""payload"":{""status"":""PASS"",""violations"":0,""checkedPlacements"":13,""scope"":""입력 가반하중 · 박스+그리퍼 질량"",""reason"":""사용자가 설정한 가반하중 한계 검사""},""robotCollision"":{""status"":""NOT VERIFIED"",""violations"":0,""checkedPlacements"":13,""scope"":""TCP·그리퍼 스윕 근사만 수행"",""reason"":""전체 로봇 링크 충돌 미검증""},""approach"":{""status"":""NOT VERIFIED"",""violations"":0,""checkedPlacements"":13,""scope"":""TCP·그리퍼 스윕 근사만 수행"",""reason"":""실제 관절 한계·역기구학·접근 자세 미검증""},""sequence"":{""status"":""NOT VERIFIED"",""violations"":0,""checkedPlacements"":13,""scope"":""TCP·그리퍼 스윕 근사만 수행"",""reason"":""실제 파지·관절 궤적·전 과정 실행 미검증""}}","16.841306875","72.22222222222223","13","5","0.128907581","931377363","613","","","","219.2741935483871","50.061579896252454","99.31049342814049","95.51820728291317","5.8424145704771755","70.8","0.4435671156525778","0","0","","17.946249999995214","61.91670000000158","42.798330000019604","58.09302600000515","323.03249999991385","72.22222222222223","131.8308307239317","61.6400399705556","355.0004179068276","826","3.6094000000157394","16.841306875","0","72.22222222222223","","","100","0","0","","","0","","","","","","",""
"tetris-reserved","online","random","44","2","ba2a83fd","partial","","explicit","proxy","{}","{""bounds"":44,""support"":241,""load"":119,""robot-path"":38}","adapter-1.0 / planners-f6ec11d4259a","2.1.0","{""requested"":1,""completed"":1,""outcomes"":[""partial""],""sameWorker"":false}","{""collision"":{""status"":""PASS"",""violations"":0,""checkedPlacements"":17,""scope"":""직육면체 기하·관측 규격 공통 검사"",""reason"":""확정 배치와 최종 적재 상태 검사""},""bounds"":{""status"":""PASS"",""violations"":0,""checkedPlacements"":17,""scope"":""직육면체 기하·관측 규격 공통 검사"",""reason"":""확정 배치와 최종 적재 상태 검사""},""height"":{""status"":""PASS"",""violations"":0,""checkedPlacements"":17,""scope"":""직육면체 기하·관측 규격 공통 검사"",""reason"":""확정 배치와 최종 적재 상태 검사""},""orientation"":{""status"":""PASS"",""violations"":0,""checkedPlacements"":17,""scope"":""직육면체 기하·관측 규격 공통 검사"",""reason"":""확정 배치와 최종 적재 상태 검사""},""load"":{""status"":""PASS"",""violations"":0,""checkedPlacements"":17,""scope"":""입력된 허용 상부하중 · 누적 정적 반력"",""reason"":""입력값 범위의 정적 검사. 실측 재료 인증 아님""},""support"":{""status"":""PASS"",""violations"":0,""checkedPlacements"":17,""scope"":""접촉·합력 작용점·정적 평형"",""reason"":""설정된 지지율·전도 여유 검사. 동적 붕괴·굽힘 파손 미검증""},""payload"":{""status"":""PASS"",""violations"":0,""checkedPlacements"":17,""scope"":""입력 가반하중 · 박스+그리퍼 질량"",""reason"":""사용자가 설정한 가반하중 한계 검사""},""robotCollision"":{""status"":""NOT VERIFIED"",""violations"":0,""checkedPlacements"":17,""scope"":""TCP·그리퍼 스윕 근사만 수행"",""reason"":""전체 로봇 링크 충돌 미검증""},""approach"":{""status"":""NOT VERIFIED"",""violations"":0,""checkedPlacements"":17,""scope"":""TCP·그리퍼 스윕 근사만 수행"",""reason"":""실제 관절 한계·역기구학·접근 자세 미검증""},""sequence"":{""status"":""NOT VERIFIED"",""violations"":0,""checkedPlacements"":17,""scope"":""TCP·그리퍼 스윕 근사만 수행"",""reason"":""실제 파지·관절 궤적·전 과정 실행 미검증""}}","27.165582767857146","94.44444444444444","17","1","0.013275691","815745473","844","","","","258.4925925925926","104.4632802821052","99.79077814436307","96.44322845417237","25.484311225703344","57.2","0.41321044546851","0","0","","362.69867777777836","2161.1144000000204","901.3922150000036","1909.1699630000148","6528.57620000001","94.44444444444444","174.66947463398498","83.63515851209021","350.3760466918613","826","8.041299999982584","27.165582767857146","0","94.44444444444444","","","100","0","0","","","0","","","","","","",""
"dynamic-reservation","online","random","44","2","ba2a83fd","complete","","explicit","proxy","{}","{""bounds"":37,""support"":243,""load"":136,""robot-path"":56,""protocol"":5}","adapter-1.0 / planners-f6ec11d4259a","2.1.0","{""requested"":1,""completed"":1,""outcomes"":[""partial""],""sameWorker"":false}","{""collision"":{""status"":""PASS"",""violations"":0,""checkedPlacements"":18,""scope"":""직육면체 기하·관측 규격 공통 검사"",""reason"":""확정 배치와 최종 적재 상태 검사""},""bounds"":{""status"":""PASS"",""violations"":0,""checkedPlacements"":18,""scope"":""직육면체 기하·관측 규격 공통 검사"",""reason"":""확정 배치와 최종 적재 상태 검사""},""height"":{""status"":""PASS"",""violations"":0,""checkedPlacements"":18,""scope"":""직육면체 기하·관측 규격 공통 검사"",""reason"":""확정 배치와 최종 적재 상태 검사""},""orientation"":{""status"":""PASS"",""violations"":0,""checkedPlacements"":18,""scope"":""직육면체 기하·관측 규격 공통 검사"",""reason"":""확정 배치와 최종 적재 상태 검사""},""load"":{""status"":""PASS"",""violations"":0,""checkedPlacements"":18,""scope"":""입력된 허용 상부하중 · 누적 정적 반력"",""reason"":""입력값 범위의 정적 검사. 실측 재료 인증 아님""},""support"":{""status"":""PASS"",""violations"":0,""checkedPlacements"":18,""scope"":""접촉·합력 작용점·정적 평형"",""reason"":""설정된 지지율·전도 여유 검사. 동적 붕괴·굽힘 파손 미검증""},""payload"":{""status"":""PASS"",""violations"":0,""checkedPlacements"":18,""scope"":""입력 가반하중 · 박스+그리퍼 질량"",""reason"":""사용자가 설정한 가반하중 한계 검사""},""robotCollision"":{""status"":""NOT VERIFIED"",""violations"":0,""checkedPlacements"":18,""scope"":""TCP·그리퍼 스윕 근사만 수행"",""reason"":""전체 로봇 링크 충돌 미검증""},""approach"":{""status"":""NOT VERIFIED"",""violations"":0,""checkedPlacements"":18,""scope"":""TCP·그리퍼 스윕 근사만 수행"",""reason"":""실제 관절 한계·역기구학·접근 자세 미검증""},""sequence"":{""status"":""NOT VERIFIED"",""violations"":0,""checkedPlacements"":18,""scope"":""TCP·그리퍼 스윕 근사만 수행"",""reason"":""실제 파지·관절 궤적·전 과정 실행 미검증""}}","28.350912321428574","100","18","0","0","802469782","838","","","","270.9326241134752","49.15292386701759","99.96861268047708","99.43502824858757","15.349905516820092","52.45","0.4227467811158798","0","0","","511.3889111111154","1571.9214999999967","1083.2980650000209","1474.1968130000007","9205.000400000077","100","190.98603060811453","94.89091989527448","339.29183089292815","826","8.542599999986123","28.350912321428574","100","100","","","100","0","0","","","100","","","","","","",""
"lookahead","online","random","44","2","ba2a83fd","partial","","explicit","proxy","{}","{""bounds"":46,""support"":350,""load"":211,""protocol"":17,""robot-path"":12}","adapter-1.0 / planners-f6ec11d4259a","2.1.0","{""requested"":1,""completed"":1,""outcomes"":[""partial""],""sameWorker"":false}","{""collision"":{""status"":""PASS"",""violations"":0,""checkedPlacements"":15,""scope"":""직육면체 기하·관측 규격 공통 검사"",""reason"":""확정 배치와 최종 적재 상태 검사""},""bounds"":{""status"":""PASS"",""violations"":0,""checkedPlacements"":15,""scope"":""직육면체 기하·관측 규격 공통 검사"",""reason"":""확정 배치와 최종 적재 상태 검사""},""height"":{""status"":""PASS"",""violations"":0,""checkedPlacements"":15,""scope"":""직육면체 기하·관측 규격 공통 검사"",""reason"":""확정 배치와 최종 적재 상태 검사""},""orientation"":{""status"":""PASS"",""violations"":0,""checkedPlacements"":15,""scope"":""직육면체 기하·관측 규격 공통 검사"",""reason"":""확정 배치와 최종 적재 상태 검사""},""load"":{""status"":""PASS"",""violations"":0,""checkedPlacements"":15,""scope"":""입력된 허용 상부하중 · 누적 정적 반력"",""reason"":""입력값 범위의 정적 검사. 실측 재료 인증 아님""},""support"":{""status"":""PASS"",""violations"":0,""checkedPlacements"":15,""scope"":""접촉·합력 작용점·정적 평형"",""reason"":""설정된 지지율·전도 여유 검사. 동적 붕괴·굽힘 파손 미검증""},""payload"":{""status"":""PASS"",""violations"":0,""checkedPlacements"":15,""scope"":""입력 가반하중 · 박스+그리퍼 질량"",""reason"":""사용자가 설정한 가반하중 한계 검사""},""robotCollision"":{""status"":""NOT VERIFIED"",""violations"":0,""checkedPlacements"":15,""scope"":""TCP·그리퍼 스윕 근사만 수행"",""reason"":""전체 로봇 링크 충돌 미검증""},""approach"":{""status"":""NOT VERIFIED"",""violations"":0,""checkedPlacements"":15,""scope"":""TCP·그리퍼 스윕 근사만 수행"",""reason"":""실제 관절 한계·역기구학·접근 자세 미검증""},""sequence"":{""status"":""NOT VERIFIED"",""violations"":0,""checkedPlacements"":15,""scope"":""TCP·그리퍼 스윕 근사만 수행"",""reason"":""실제 파지·관절 궤적·전 과정 실행 미검증""}}","22.93393776785714","83.33333333333333","15","3","0.060670115","863139897","804","","","","227.68803418803418","62.55201444335085","99.70121381886088","95.51820728291317","17.44135281061473","65.85","0.41321044546851","0","0","","210.11596666667094","747.360400000005","482.3237700000459","694.3530740000128","3782.0874000000767","83.33333333333333","151.13823157146297","72.23985052145093","357.28881725380705","826","10.146699999982957","22.93393776785714","0","83.33333333333333","","","100","0","0","","","0","","","","","","",""
"future-hybrid","online","random","44","2","ba2a83fd","complete","","explicit","proxy","{}","{""bounds"":37,""support"":222,""load"":124,""robot-path"":48}","adapter-1.0 / planners-f6ec11d4259a","2.1.0","{""requested"":1,""completed"":1,""outcomes"":[""partial""],""sameWorker"":false}","{""collision"":{""status"":""PASS"",""violations"":0,""checkedPlacements"":18,""scope"":""직육면체 기하·관측 규격 공통 검사"",""reason"":""확정 배치와 최종 적재 상태 검사""},""bounds"":{""status"":""PASS"",""violations"":0,""checkedPlacements"":18,""scope"":""직육면체 기하·관측 규격 공통 검사"",""reason"":""확정 배치와 최종 적재 상태 검사""},""height"":{""status"":""PASS"",""violations"":0,""checkedPlacements"":18,""scope"":""직육면체 기하·관측 규격 공통 검사"",""reason"":""확정 배치와 최종 적재 상태 검사""},""orientation"":{""status"":""PASS"",""violations"":0,""checkedPlacements"":18,""scope"":""직육면체 기하·관측 규격 공통 검사"",""reason"":""확정 배치와 최종 적재 상태 검사""},""load"":{""status"":""PASS"",""violations"":0,""checkedPlacements"":18,""scope"":""입력된 허용 상부하중 · 누적 정적 반력"",""reason"":""입력값 범위의 정적 검사. 실측 재료 인증 아님""},""support"":{""status"":""PASS"",""violations"":0,""checkedPlacements"":18,""scope"":""접촉·합력 작용점·정적 평형"",""reason"":""설정된 지지율·전도 여유 검사. 동적 붕괴·굽힘 파손 미검증""},""payload"":{""status"":""PASS"",""violations"":0,""checkedPlacements"":18,""scope"":""입력 가반하중 · 박스+그리퍼 질량"",""reason"":""사용자가 설정한 가반하중 한계 검사""},""robotCollision"":{""status"":""NOT VERIFIED"",""violations"":0,""checkedPlacements"":18,""scope"":""TCP·그리퍼 스윕 근사만 수행"",""reason"":""전체 로봇 링크 충돌 미검증""},""approach"":{""status"":""NOT VERIFIED"",""violations"":0,""checkedPlacements"":18,""scope"":""TCP·그리퍼 스윕 근사만 수행"",""reason"":""실제 관절 한계·역기구학·접근 자세 미검증""},""sequence"":{""status"":""NOT VERIFIED"",""violations"":0,""checkedPlacements"":18,""scope"":""TCP·그리퍼 스윕 근사만 수행"",""reason"":""실제 파지·관절 궤적·전 과정 실행 미검증""}}","28.350912321428574","100","18","0","0","802469782","1214","","","","295.5354609929078","47.75672432309957","99.71962419619449","95.51820728291317","22.442104098380376","52.45","0.3390922101819669","0","0","","551.2207611111096","1702.3697000000393","1689.1637600000045","1699.7285120000324","9921.973699999973","100","200.57851945194065","101.12603764376144","323.0655016153229","826","34.70630000001984","28.350912321428574","100","100","","","100","0","0","","","100","","","","","","",""
"blb","online","random","44","2","ba2a83fd","partial","","explicit","proxy","{}","{""bounds"":48,""support"":293,""load"":166,""robot-path"":34,""protocol"":26}","adapter-1.0 / planners-f6ec11d4259a","2.1.0","{""requested"":1,""completed"":1,""outcomes"":[""partial""],""sameWorker"":false}","{""collision"":{""status"":""PASS"",""violations"":0,""checkedPlacements"":15,""scope"":""직육면체 기하·관측 규격 공통 검사"",""reason"":""확정 배치와 최종 적재 상태 검사""},""bounds"":{""status"":""PASS"",""violations"":0,""checkedPlacements"":15,""scope"":""직육면체 기하·관측 규격 공통 검사"",""reason"":""확정 배치와 최종 적재 상태 검사""},""height"":{""status"":""PASS"",""violations"":0,""checkedPlacements"":15,""scope"":""직육면체 기하·관측 규격 공통 검사"",""reason"":""확정 배치와 최종 적재 상태 검사""},""orientation"":{""status"":""PASS"",""violations"":0,""checkedPlacements"":15,""scope"":""직육면체 기하·관측 규격 공통 검사"",""reason"":""확정 배치와 최종 적재 상태 검사""},""load"":{""status"":""PASS"",""violations"":0,""checkedPlacements"":15,""scope"":""입력된 허용 상부하중 · 누적 정적 반력"",""reason"":""입력값 범위의 정적 검사. 실측 재료 인증 아님""},""support"":{""status"":""PASS"",""violations"":0,""checkedPlacements"":15,""scope"":""접촉·합력 작용점·정적 평형"",""reason"":""설정된 지지율·전도 여유 검사. 동적 붕괴·굽힘 파손 미검증""},""payload"":{""status"":""PASS"",""violations"":0,""checkedPlacements"":15,""scope"":""입력 가반하중 · 박스+그리퍼 질량"",""reason"":""사용자가 설정한 가반하중 한계 검사""},""robotCollision"":{""status"":""NOT VERIFIED"",""violations"":0,""checkedPlacements"":15,""scope"":""TCP·그리퍼 스윕 근사만 수행"",""reason"":""전체 로봇 링크 충돌 미검증""},""approach"":{""status"":""NOT VERIFIED"",""violations"":0,""checkedPlacements"":15,""scope"":""TCP·그리퍼 스윕 근사만 수행"",""reason"":""실제 관절 한계·역기구학·접근 자세 미검증""},""sequence"":{""status"":""NOT VERIFIED"",""violations"":0,""checkedPlacements"":15,""scope"":""TCP·그리퍼 스윕 근사만 수행"",""reason"":""실제 파지·관절 궤적·전 과정 실행 미검증""}}","22.93393776785714","83.33333333333333","15","3","0.060670115","863139897","629","","","","209.27777777777777","104.79613055582045","99.52184162155146","95.51820728291317","16.73019958817754","54.525","0.39072847682119205","0","0","","18.633266666664795","51.64459999999963","36.85120000001623","48.68592000000292","335.3987999999663","83.33333333333333","146.1057349562535","69.61872772156478","369.59534830147834","824","6.566800000029616","22.93393776785714","0","83.33333333333333","","","100","0","0","","","0","","","","","","",""
"pack-first","online","random","44","2","ba2a83fd","partial","","explicit","proxy","{}","{""support"":487,""bounds"":343,""load"":170,""robot-path"":36,""protocol"":45}","adapter-1.0 / planners-f6ec11d4259a","2.1.0","{""requested"":1,""completed"":1,""outcomes"":[""partial""],""sameWorker"":false}","{""collision"":{""status"":""PASS"",""violations"":0,""checkedPlacements"":16,""scope"":""직육면체 기하·관측 규격 공통 검사"",""reason"":""확정 배치와 최종 적재 상태 검사""},""bounds"":{""status"":""PASS"",""violations"":0,""checkedPlacements"":16,""scope"":""직육면체 기하·관측 규격 공통 검사"",""reason"":""확정 배치와 최종 적재 상태 검사""},""height"":{""status"":""PASS"",""violations"":0,""checkedPlacements"":16,""scope"":""직육면체 기하·관측 규격 공통 검사"",""reason"":""확정 배치와 최종 적재 상태 검사""},""orientation"":{""status"":""PASS"",""violations"":0,""checkedPlacements"":16,""scope"":""직육면체 기하·관측 규격 공통 검사"",""reason"":""확정 배치와 최종 적재 상태 검사""},""load"":{""status"":""PASS"",""violations"":0,""checkedPlacements"":16,""scope"":""입력된 허용 상부하중 · 누적 정적 반력"",""reason"":""입력값 범위의 정적 검사. 실측 재료 인증 아님""},""support"":{""status"":""PASS"",""violations"":0,""checkedPlacements"":16,""scope"":""접촉·합력 작용점·정적 평형"",""reason"":""설정된 지지율·전도 여유 검사. 동적 붕괴·굽힘 파손 미검증""},""payload"":{""status"":""PASS"",""violations"":0,""checkedPlacements"":16,""scope"":""입력 가반하중 · 박스+그리퍼 질량"",""reason"":""사용자가 설정한 가반하중 한계 검사""},""robotCollision"":{""status"":""NOT VERIFIED"",""violations"":0,""checkedPlacements"":16,""scope"":""TCP·그리퍼 스윕 근사만 수행"",""reason"":""전체 로봇 링크 충돌 미검증""},""approach"":{""status"":""NOT VERIFIED"",""violations"":0,""checkedPlacements"":16,""scope"":""TCP·그리퍼 스윕 근사만 수행"",""reason"":""실제 관절 한계·역기구학·접근 자세 미검증""},""sequence"":{""status"":""NOT VERIFIED"",""violations"":0,""checkedPlacements"":16,""scope"":""TCP·그리퍼 스윕 근사만 수행"",""reason"":""실제 파지·관절 궤적·전 과정 실행 미검증""}}","25.980253214285714","88.88888888888889","16","2","0.026551382","829021164","627","","","","231.12790697674419","114.96561186521724","99.89270386266095","98.28326180257511","21.062815133945847","65.85","0.5026525198938993","0","0","","11.702849999998257","25.34499999997206","21.971434999990738","24.67028699997579","210.65129999996861","88.88888888888889","161.51744421963886","76.38633874276525","356.6178271225792","824","7.713199999998324","25.980253214285714","0","88.88888888888889","","","100","0","0","","","0","","","","","","",""
"pack-greedy","online","random","44","2","ba2a83fd","partial","","explicit","proxy","{}","{""support"":577,""bounds"":357,""load"":124,""robot-path"":24,""protocol"":56}","adapter-1.0 / planners-f6ec11d4259a","2.1.0","{""requested"":1,""completed"":1,""outcomes"":[""partial""],""sameWorker"":false}","{""collision"":{""status"":""PASS"",""violations"":0,""checkedPlacements"":10,""scope"":""직육면체 기하·관측 규격 공통 검사"",""reason"":""확정 배치와 최종 적재 상태 검사""},""bounds"":{""status"":""PASS"",""violations"":0,""checkedPlacements"":10,""scope"":""직육면체 기하·관측 규격 공통 검사"",""reason"":""확정 배치와 최종 적재 상태 검사""},""height"":{""status"":""PASS"",""violations"":0,""checkedPlacements"":10,""scope"":""직육면체 기하·관측 규격 공통 검사"",""reason"":""확정 배치와 최종 적재 상태 검사""},""orientation"":{""status"":""PASS"",""violations"":0,""checkedPlacements"":10,""scope"":""직육면체 기하·관측 규격 공통 검사"",""reason"":""확정 배치와 최종 적재 상태 검사""},""load"":{""status"":""PASS"",""violations"":0,""checkedPlacements"":10,""scope"":""입력된 허용 상부하중 · 누적 정적 반력"",""reason"":""입력값 범위의 정적 검사. 실측 재료 인증 아님""},""support"":{""status"":""PASS"",""violations"":0,""checkedPlacements"":10,""scope"":""접촉·합력 작용점·정적 평형"",""reason"":""설정된 지지율·전도 여유 검사. 동적 붕괴·굽힘 파손 미검증""},""payload"":{""status"":""PASS"",""violations"":0,""checkedPlacements"":10,""scope"":""입력 가반하중 · 박스+그리퍼 질량"",""reason"":""사용자가 설정한 가반하중 한계 검사""},""robotCollision"":{""status"":""NOT VERIFIED"",""violations"":0,""checkedPlacements"":10,""scope"":""TCP·그리퍼 스윕 근사만 수행"",""reason"":""전체 로봇 링크 충돌 미검증""},""approach"":{""status"":""NOT VERIFIED"",""violations"":0,""checkedPlacements"":10,""scope"":""TCP·그리퍼 스윕 근사만 수행"",""reason"":""실제 관절 한계·역기구학·접근 자세 미검증""},""sequence"":{""status"":""NOT VERIFIED"",""violations"":0,""checkedPlacements"":10,""scope"":""TCP·그리퍼 스윕 근사만 수행"",""reason"":""실제 파지·관절 궤적·전 과정 실행 미검증""}}","14.676000892857143","55.55555555555556","10","8","0.153159008","955628790","410","","","","142.789156626506","49.35358383623263","100","100","22.394151202821863","70.8","0.9555340220980985","0","0","","9.284883333334518","20.636100000003353","19.340955000036043","20.377071000009888","167.12790000002133","55.55555555555556","87.53235338947403","43.246029703158115","411.27650069932986","824","3.063800000003539","14.676000892857143","0","55.55555555555556","","","100","0","0","","","0","","","","","","",""
"pack-tetris","online","random","44","2","ba2a83fd","partial","","explicit","proxy","{}","{""support"":577,""bounds"":357,""load"":124,""robot-path"":24,""protocol"":56}","adapter-1.0 / planners-f6ec11d4259a","2.1.0","{""requested"":1,""completed"":1,""outcomes"":[""partial""],""sameWorker"":false}","{""collision"":{""status"":""PASS"",""violations"":0,""checkedPlacements"":10,""scope"":""직육면체 기하·관측 규격 공통 검사"",""reason"":""확정 배치와 최종 적재 상태 검사""},""bounds"":{""status"":""PASS"",""violations"":0,""checkedPlacements"":10,""scope"":""직육면체 기하·관측 규격 공통 검사"",""reason"":""확정 배치와 최종 적재 상태 검사""},""height"":{""status"":""PASS"",""violations"":0,""checkedPlacements"":10,""scope"":""직육면체 기하·관측 규격 공통 검사"",""reason"":""확정 배치와 최종 적재 상태 검사""},""orientation"":{""status"":""PASS"",""violations"":0,""checkedPlacements"":10,""scope"":""직육면체 기하·관측 규격 공통 검사"",""reason"":""확정 배치와 최종 적재 상태 검사""},""load"":{""status"":""PASS"",""violations"":0,""checkedPlacements"":10,""scope"":""입력된 허용 상부하중 · 누적 정적 반력"",""reason"":""입력값 범위의 정적 검사. 실측 재료 인증 아님""},""support"":{""status"":""PASS"",""violations"":0,""checkedPlacements"":10,""scope"":""접촉·합력 작용점·정적 평형"",""reason"":""설정된 지지율·전도 여유 검사. 동적 붕괴·굽힘 파손 미검증""},""payload"":{""status"":""PASS"",""violations"":0,""checkedPlacements"":10,""scope"":""입력 가반하중 · 박스+그리퍼 질량"",""reason"":""사용자가 설정한 가반하중 한계 검사""},""robotCollision"":{""status"":""NOT VERIFIED"",""violations"":0,""checkedPlacements"":10,""scope"":""TCP·그리퍼 스윕 근사만 수행"",""reason"":""전체 로봇 링크 충돌 미검증""},""approach"":{""status"":""NOT VERIFIED"",""violations"":0,""checkedPlacements"":10,""scope"":""TCP·그리퍼 스윕 근사만 수행"",""reason"":""실제 관절 한계·역기구학·접근 자세 미검증""},""sequence"":{""status"":""NOT VERIFIED"",""violations"":0,""checkedPlacements"":10,""scope"":""TCP·그리퍼 스윕 근사만 수행"",""reason"":""실제 파지·관절 궤적·전 과정 실행 미검증""}}","14.676000892857143","55.55555555555556","10","8","0.153159008","955628790","410","","","","142.789156626506","49.35358383623263","100","100","22.394151202821863","70.8","0.9555340220980985","0","0","","13.958911111115917","117.61920000001555","30.365340000029974","100.1684280000183","251.26040000008652","55.55555555555556","87.53235338947403","43.246029703158115","411.27650069932986","824","2.621099999989383","14.676000892857143","0","55.55555555555556","","","100","0","0","","","0","","","","","","",""
"pack-beam","online","random","44","2","ba2a83fd","partial","","explicit","proxy","{}","{""support"":543,""bounds"":368,""load"":177,""robot-path"":31,""protocol"":44}","adapter-1.0 / planners-f6ec11d4259a","2.1.0","{""requested"":1,""completed"":1,""outcomes"":[""partial""],""sameWorker"":false}","{""collision"":{""status"":""PASS"",""violations"":0,""checkedPlacements"":15,""scope"":""직육면체 기하·관측 규격 공통 검사"",""reason"":""확정 배치와 최종 적재 상태 검사""},""bounds"":{""status"":""PASS"",""violations"":0,""checkedPlacements"":15,""scope"":""직육면체 기하·관측 규격 공통 검사"",""reason"":""확정 배치와 최종 적재 상태 검사""},""height"":{""status"":""PASS"",""violations"":0,""checkedPlacements"":15,""scope"":""직육면체 기하·관측 규격 공통 검사"",""reason"":""확정 배치와 최종 적재 상태 검사""},""orientation"":{""status"":""PASS"",""violations"":0,""checkedPlacements"":15,""scope"":""직육면체 기하·관측 규격 공통 검사"",""reason"":""확정 배치와 최종 적재 상태 검사""},""load"":{""status"":""PASS"",""violations"":0,""checkedPlacements"":15,""scope"":""입력된 허용 상부하중 · 누적 정적 반력"",""reason"":""입력값 범위의 정적 검사. 실측 재료 인증 아님""},""support"":{""status"":""PASS"",""violations"":0,""checkedPlacements"":15,""scope"":""접촉·합력 작용점·정적 평형"",""reason"":""설정된 지지율·전도 여유 검사. 동적 붕괴·굽힘 파손 미검증""},""payload"":{""status"":""PASS"",""violations"":0,""checkedPlacements"":15,""scope"":""입력 가반하중 · 박스+그리퍼 질량"",""reason"":""사용자가 설정한 가반하중 한계 검사""},""robotCollision"":{""status"":""NOT VERIFIED"",""violations"":0,""checkedPlacements"":15,""scope"":""TCP·그리퍼 스윕 근사만 수행"",""reason"":""전체 로봇 링크 충돌 미검증""},""approach"":{""status"":""NOT VERIFIED"",""violations"":0,""checkedPlacements"":15,""scope"":""TCP·그리퍼 스윕 근사만 수행"",""reason"":""실제 관절 한계·역기구학·접근 자세 미검증""},""sequence"":{""status"":""NOT VERIFIED"",""violations"":0,""checkedPlacements"":15,""scope"":""TCP·그리퍼 스윕 근사만 수행"",""reason"":""실제 파지·관절 궤적·전 과정 실행 미검증""}}","22.93393776785714","83.33333333333333","15","3","0.060670115","863139897","844","","","","230.508547008547","85.33874202978697","99.91031390134529","98.65470852017937","22.537577637143126","63.550000000000004","0.41321044546851","0","0","","1213.3271555555532","2811.759400000039","2459.0357500000036","2741.214670000031","21839.888799999957","83.33333333333333","156.13100226543108","74.18515147253021","345.86340455431844","824","6.928299999970477","22.93393776785714","0","83.33333333333333","","","100","0","0","","","0","","","","","","",""
"pack-robust","online","random","44","2","ba2a83fd","partial","","explicit","proxy","{}","{""support"":524,""bounds"":381,""load"":132,""robot-path"":22,""protocol"":42}","adapter-1.0 / planners-f6ec11d4259a","2.1.0","{""requested"":1,""completed"":1,""outcomes"":[""partial""],""sameWorker"":false}","{""collision"":{""status"":""PASS"",""violations"":0,""checkedPlacements"":15,""scope"":""직육면체 기하·관측 규격 공통 검사"",""reason"":""확정 배치와 최종 적재 상태 검사""},""bounds"":{""status"":""PASS"",""violations"":0,""checkedPlacements"":15,""scope"":""직육면체 기하·관측 규격 공통 검사"",""reason"":""확정 배치와 최종 적재 상태 검사""},""height"":{""status"":""PASS"",""violations"":0,""checkedPlacements"":15,""scope"":""직육면체 기하·관측 규격 공통 검사"",""reason"":""확정 배치와 최종 적재 상태 검사""},""orientation"":{""status"":""PASS"",""violations"":0,""checkedPlacements"":15,""scope"":""직육면체 기하·관측 규격 공통 검사"",""reason"":""확정 배치와 최종 적재 상태 검사""},""load"":{""status"":""PASS"",""violations"":0,""checkedPlacements"":15,""scope"":""입력된 허용 상부하중 · 누적 정적 반력"",""reason"":""입력값 범위의 정적 검사. 실측 재료 인증 아님""},""support"":{""status"":""PASS"",""violations"":0,""checkedPlacements"":15,""scope"":""접촉·합력 작용점·정적 평형"",""reason"":""설정된 지지율·전도 여유 검사. 동적 붕괴·굽힘 파손 미검증""},""payload"":{""status"":""PASS"",""violations"":0,""checkedPlacements"":15,""scope"":""입력 가반하중 · 박스+그리퍼 질량"",""reason"":""사용자가 설정한 가반하중 한계 검사""},""robotCollision"":{""status"":""NOT VERIFIED"",""violations"":0,""checkedPlacements"":15,""scope"":""TCP·그리퍼 스윕 근사만 수행"",""reason"":""전체 로봇 링크 충돌 미검증""},""approach"":{""status"":""NOT VERIFIED"",""violations"":0,""checkedPlacements"":15,""scope"":""TCP·그리퍼 스윕 근사만 수행"",""reason"":""실제 관절 한계·역기구학·접근 자세 미검증""},""sequence"":{""status"":""NOT VERIFIED"",""violations"":0,""checkedPlacements"":15,""scope"":""TCP·그리퍼 스윕 근사만 수행"",""reason"":""실제 파지·관절 궤적·전 과정 실행 미검증""}}","22.93393776785714","83.33333333333333","15","3","0.060670115","863139897","627","","","","198.26068376068375","66.81636737091368","99.93231810490694","98.98477157360406","9.529282486362591","65.85","0.5860927152317881","0","0","","1526.8117333333294","2923.6734999999753","2869.5158349999574","2912.8419669999716","27482.611199999927","83.33333333333333","145.85518638107754","69.45587114770039","370.2302354810584","824","5.60899999999674","22.93393776785714","0","83.33333333333333","","","100","0","0","","","0","","","","","","",""
"random","online","random","44","2","ba2a83fd","partial","","explicit","proxy","{}","{""bounds"":44,""support"":316,""load"":207,""robot-path"":15,""protocol"":28}","adapter-1.0 / planners-f6ec11d4259a","2.1.0","{""requested"":1,""completed"":1,""outcomes"":[""partial""],""sameWorker"":false}","{""collision"":{""status"":""PASS"",""violations"":0,""checkedPlacements"":15,""scope"":""직육면체 기하·관측 규격 공통 검사"",""reason"":""확정 배치와 최종 적재 상태 검사""},""bounds"":{""status"":""PASS"",""violations"":0,""checkedPlacements"":15,""scope"":""직육면체 기하·관측 규격 공통 검사"",""reason"":""확정 배치와 최종 적재 상태 검사""},""height"":{""status"":""PASS"",""violations"":0,""checkedPlacements"":15,""scope"":""직육면체 기하·관측 규격 공통 검사"",""reason"":""확정 배치와 최종 적재 상태 검사""},""orientation"":{""status"":""PASS"",""violations"":0,""checkedPlacements"":15,""scope"":""직육면체 기하·관측 규격 공통 검사"",""reason"":""확정 배치와 최종 적재 상태 검사""},""load"":{""status"":""PASS"",""violations"":0,""checkedPlacements"":15,""scope"":""입력된 허용 상부하중 · 누적 정적 반력"",""reason"":""입력값 범위의 정적 검사. 실측 재료 인증 아님""},""support"":{""status"":""PASS"",""violations"":0,""checkedPlacements"":15,""scope"":""접촉·합력 작용점·정적 평형"",""reason"":""설정된 지지율·전도 여유 검사. 동적 붕괴·굽힘 파손 미검증""},""payload"":{""status"":""PASS"",""violations"":0,""checkedPlacements"":15,""scope"":""입력 가반하중 · 박스+그리퍼 질량"",""reason"":""사용자가 설정한 가반하중 한계 검사""},""robotCollision"":{""status"":""NOT VERIFIED"",""violations"":0,""checkedPlacements"":15,""scope"":""TCP·그리퍼 스윕 근사만 수행"",""reason"":""전체 로봇 링크 충돌 미검증""},""approach"":{""status"":""NOT VERIFIED"",""violations"":0,""checkedPlacements"":15,""scope"":""TCP·그리퍼 스윕 근사만 수행"",""reason"":""실제 관절 한계·역기구학·접근 자세 미검증""},""sequence"":{""status"":""NOT VERIFIED"",""violations"":0,""checkedPlacements"":15,""scope"":""TCP·그리퍼 스윕 근사만 수행"",""reason"":""실제 파지·관절 궤적·전 과정 실행 미검증""}}","22.93393776785714","83.33333333333333","15","3","0.060670115","863139897","627","","","","208.43162393162393","41.58066908775489","99.67761634074253","97.30941704035875","11.741898302290384","53.6875","0.3461187214611872","0","0","","20.236300000002505","62.16610000003129","42.06666000000838","58.14621200002668","364.2534000000451","83.33333333333333","145.48992865451152","69.86845362543248","371.15971187415596","824","7.656300000031479","22.93393776785714","0","83.33333333333333","","","100","0","0","","","0","","","","","","",""
"bl","online","random","44","2","ba2a83fd","partial","","explicit","proxy","{}","{""bounds"":44,""support"":287,""load"":164,""robot-path"":34,""protocol"":26}","adapter-1.0 / planners-f6ec11d4259a","2.1.0","{""requested"":1,""completed"":1,""outcomes"":[""partial""],""sameWorker"":false}","{""collision"":{""status"":""PASS"",""violations"":0,""checkedPlacements"":15,""scope"":""직육면체 기하·관측 규격 공통 검사"",""reason"":""확정 배치와 최종 적재 상태 검사""},""bounds"":{""status"":""PASS"",""violations"":0,""checkedPlacements"":15,""scope"":""직육면체 기하·관측 규격 공통 검사"",""reason"":""확정 배치와 최종 적재 상태 검사""},""height"":{""status"":""PASS"",""violations"":0,""checkedPlacements"":15,""scope"":""직육면체 기하·관측 규격 공통 검사"",""reason"":""확정 배치와 최종 적재 상태 검사""},""orientation"":{""status"":""PASS"",""violations"":0,""checkedPlacements"":15,""scope"":""직육면체 기하·관측 규격 공통 검사"",""reason"":""확정 배치와 최종 적재 상태 검사""},""load"":{""status"":""PASS"",""violations"":0,""checkedPlacements"":15,""scope"":""입력된 허용 상부하중 · 누적 정적 반력"",""reason"":""입력값 범위의 정적 검사. 실측 재료 인증 아님""},""support"":{""status"":""PASS"",""violations"":0,""checkedPlacements"":15,""scope"":""접촉·합력 작용점·정적 평형"",""reason"":""설정된 지지율·전도 여유 검사. 동적 붕괴·굽힘 파손 미검증""},""payload"":{""status"":""PASS"",""violations"":0,""checkedPlacements"":15,""scope"":""입력 가반하중 · 박스+그리퍼 질량"",""reason"":""사용자가 설정한 가반하중 한계 검사""},""robotCollision"":{""status"":""NOT VERIFIED"",""violations"":0,""checkedPlacements"":15,""scope"":""TCP·그리퍼 스윕 근사만 수행"",""reason"":""전체 로봇 링크 충돌 미검증""},""approach"":{""status"":""NOT VERIFIED"",""violations"":0,""checkedPlacements"":15,""scope"":""TCP·그리퍼 스윕 근사만 수행"",""reason"":""실제 관절 한계·역기구학·접근 자세 미검증""},""sequence"":{""status"":""NOT VERIFIED"",""violations"":0,""checkedPlacements"":15,""scope"":""TCP·그리퍼 스윕 근사만 수행"",""reason"":""실제 파지·관절 궤적·전 과정 실행 미검증""}}","22.93393776785714","83.33333333333333","15","3","0.060670115","863139897","627","","","","208.508547008547","104.28776086510622","99.52184162155146","95.51820728291317","16.73019958817754","54.525","0.39072847682119205","0","0","","75.31852222222693","351.0587999999989","160.3383499999673","312.9147099999923","1355.7334000000847","83.33333333333333","145.88678079330978","69.47640751565137","370.1500554495503","826","8.019599999999627","22.93393776785714","0","83.33333333333333","","","100","0","0","","","0","","","","","","",""
"greedy","online","randomExceptions","44","2","f8478f77","complete","","explicit","proxy","{}","{""bounds"":56,""support"":218,""load"":121,""robot-path"":15}","adapter-1.0 / planners-f6ec11d4259a","2.1.0","{""requested"":1,""completed"":1,""outcomes"":[""partial""],""sameWorker"":false}","{""collision"":{""status"":""PASS"",""violations"":0,""checkedPlacements"":16,""scope"":""직육면체 기하·관측 규격 공통 검사"",""reason"":""확정 배치와 최종 적재 상태 검사""},""bounds"":{""status"":""PASS"",""violations"":0,""checkedPlacements"":16,""scope"":""직육면체 기하·관측 규격 공통 검사"",""reason"":""확정 배치와 최종 적재 상태 검사""},""height"":{""status"":""PASS"",""violations"":0,""checkedPlacements"":16,""scope"":""직육면체 기하·관측 규격 공통 검사"",""reason"":""확정 배치와 최종 적재 상태 검사""},""orientation"":{""status"":""PASS"",""violations"":0,""checkedPlacements"":16,""scope"":""직육면체 기하·관측 규격 공통 검사"",""reason"":""확정 배치와 최종 적재 상태 검사""},""load"":{""status"":""PASS"",""violations"":0,""checkedPlacements"":16,""scope"":""입력된 허용 상부하중 · 누적 정적 반력"",""reason"":""입력값 범위의 정적 검사. 실측 재료 인증 아님""},""support"":{""status"":""PASS"",""violations"":0,""checkedPlacements"":16,""scope"":""접촉·합력 작용점·정적 평형"",""reason"":""설정된 지지율·전도 여유 검사. 동적 붕괴·굽힘 파손 미검증""},""payload"":{""status"":""PASS"",""violations"":0,""checkedPlacements"":16,""scope"":""입력 가반하중 · 박스+그리퍼 질량"",""reason"":""사용자가 설정한 가반하중 한계 검사""},""robotCollision"":{""status"":""NOT VERIFIED"",""violations"":0,""checkedPlacements"":16,""scope"":""TCP·그리퍼 스윕 근사만 수행"",""reason"":""전체 로봇 링크 충돌 미검증""},""approach"":{""status"":""NOT VERIFIED"",""violations"":0,""checkedPlacements"":16,""scope"":""TCP·그리퍼 스윕 근사만 수행"",""reason"":""실제 관절 한계·역기구학·접근 자세 미검증""},""sequence"":{""status"":""NOT VERIFIED"",""violations"":0,""checkedPlacements"":16,""scope"":""TCP·그리퍼 스윕 근사만 수행"",""reason"":""실제 파지·관절 궤적·전 과정 실행 미검증""}}","26.083382500000003","100","16","0","0","827866116","613","","","","219.44615384615383","66.72165666000524","99.71988795518207","95.51820728291317","16.750023476748016","52.45","0.5518207282913166","0","0","","145.08531249999214","363.36780000000726","298.60822499998903","350.4158850000036","2321.3649999998743","100","165.85981464230505","77.90887951749829","347.2812273679477","730","7.904500000004191","","","","","","100","0","0","","","100","100","100","100","100","60.43599999998696","",""
"rollout","online","randomExceptions","44","2","f8478f77","partial","","explicit","proxy","{}","{""bounds"":62,""support"":215,""load"":86,""robot-path"":19}","adapter-1.0 / planners-f6ec11d4259a","2.1.0","{""requested"":1,""completed"":1,""outcomes"":[""partial""],""sameWorker"":false}","{""collision"":{""status"":""PASS"",""violations"":0,""checkedPlacements"":14,""scope"":""직육면체 기하·관측 규격 공통 검사"",""reason"":""확정 배치와 최종 적재 상태 검사""},""bounds"":{""status"":""PASS"",""violations"":0,""checkedPlacements"":14,""scope"":""직육면체 기하·관측 규격 공통 검사"",""reason"":""확정 배치와 최종 적재 상태 검사""},""height"":{""status"":""PASS"",""violations"":0,""checkedPlacements"":14,""scope"":""직육면체 기하·관측 규격 공통 검사"",""reason"":""확정 배치와 최종 적재 상태 검사""},""orientation"":{""status"":""PASS"",""violations"":0,""checkedPlacements"":14,""scope"":""직육면체 기하·관측 규격 공통 검사"",""reason"":""확정 배치와 최종 적재 상태 검사""},""load"":{""status"":""PASS"",""violations"":0,""checkedPlacements"":14,""scope"":""입력된 허용 상부하중 · 누적 정적 반력"",""reason"":""입력값 범위의 정적 검사. 실측 재료 인증 아님""},""support"":{""status"":""PASS"",""violations"":0,""checkedPlacements"":14,""scope"":""접촉·합력 작용점·정적 평형"",""reason"":""설정된 지지율·전도 여유 검사. 동적 붕괴·굽힘 파손 미검증""},""payload"":{""status"":""PASS"",""violations"":0,""checkedPlacements"":14,""scope"":""입력 가반하중 · 박스+그리퍼 질량"",""reason"":""사용자가 설정한 가반하중 한계 검사""},""robotCollision"":{""status"":""NOT VERIFIED"",""violations"":0,""checkedPlacements"":14,""scope"":""TCP·그리퍼 스윕 근사만 수행"",""reason"":""전체 로봇 링크 충돌 미검증""},""approach"":{""status"":""NOT VERIFIED"",""violations"":0,""checkedPlacements"":14,""scope"":""TCP·그리퍼 스윕 근사만 수행"",""reason"":""실제 관절 한계·역기구학·접근 자세 미검증""},""sequence"":{""status"":""NOT VERIFIED"",""violations"":0,""checkedPlacements"":14,""scope"":""TCP·그리퍼 스윕 근사만 수행"",""reason"":""실제 파지·관절 궤적·전 과정 실행 미검증""}}","23.712723392857143","87.5","14","2","0.026551382","854417498","613","","","","220.07627118644066","39.713789495936425","99.79118117610834","98.31932773109243","14.24398207571507","63.550000000000004","0.4227467811158798","0","0","","596.6472187500076","1715.535200000042","1412.562500000029","1654.9406600000393","9546.355500000122","87.5","142.5532094387234","69.9095861351702","353.5521942889997","730","5.079499999992549","","","","","","100","0","0","","","0","100","100","100","100","271.26439999998547","",""
"strategy-greedy","online","randomExceptions","44","2","f8478f77","partial","","explicit","proxy","{}","{""bounds"":34,""support"":405,""load"":228,""robot-path"":19,""protocol"":34}","adapter-1.0 / planners-f6ec11d4259a","2.1.0","{""requested"":1,""completed"":1,""outcomes"":[""partial""],""sameWorker"":false}","{""collision"":{""status"":""PASS"",""violations"":0,""checkedPlacements"":13,""scope"":""직육면체 기하·관측 규격 공통 검사"",""reason"":""확정 배치와 최종 적재 상태 검사""},""bounds"":{""status"":""PASS"",""violations"":0,""checkedPlacements"":13,""scope"":""직육면체 기하·관측 규격 공통 검사"",""reason"":""확정 배치와 최종 적재 상태 검사""},""height"":{""status"":""PASS"",""violations"":0,""checkedPlacements"":13,""scope"":""직육면체 기하·관측 규격 공통 검사"",""reason"":""확정 배치와 최종 적재 상태 검사""},""orientation"":{""status"":""PASS"",""violations"":0,""checkedPlacements"":13,""scope"":""직육면체 기하·관측 규격 공통 검사"",""reason"":""확정 배치와 최종 적재 상태 검사""},""load"":{""status"":""PASS"",""violations"":0,""checkedPlacements"":13,""scope"":""입력된 허용 상부하중 · 누적 정적 반력"",""reason"":""입력값 범위의 정적 검사. 실측 재료 인증 아님""},""support"":{""status"":""PASS"",""violations"":0,""checkedPlacements"":13,""scope"":""접촉·합력 작용점·정적 평형"",""reason"":""설정된 지지율·전도 여유 검사. 동적 붕괴·굽힘 파손 미검증""},""payload"":{""status"":""PASS"",""violations"":0,""checkedPlacements"":13,""scope"":""입력 가반하중 · 박스+그리퍼 질량"",""reason"":""사용자가 설정한 가반하중 한계 검사""},""robotCollision"":{""status"":""NOT VERIFIED"",""violations"":0,""checkedPlacements"":13,""scope"":""TCP·그리퍼 스윕 근사만 수행"",""reason"":""전체 로봇 링크 충돌 미검증""},""approach"":{""status"":""NOT VERIFIED"",""violations"":0,""checkedPlacements"":13,""scope"":""TCP·그리퍼 스윕 근사만 수행"",""reason"":""실제 관절 한계·역기구학·접근 자세 미검증""},""sequence"":{""status"":""NOT VERIFIED"",""violations"":0,""checkedPlacements"":13,""scope"":""TCP·그리퍼 스윕 근사만 수행"",""reason"":""실제 파지·관절 궤적·전 과정 실행 미검증""}}","16.944436160714286","81.25","13","3","0.102356199","930222315","613","","","","204.01063829787233","83.49758672912681","99.65524671407024","95.51820728291317","13.776134042562118","52.45","0.3598173515981735","0","0","","13.20711874999688","33.414599999960046","29.865149999968708","32.70470999996178","211.31389999995008","81.25","132.7502765819745","60.9376797782834","352.54163836789127","730","4.168100000009872","","","","","","100","0","0","","","0","100","100","100","100","1.3755999999702908","",""
"macs","online","randomExceptions","44","2","f8478f77","partial","","explicit","proxy","{}","{""bounds"":34,""support"":405,""load"":228,""robot-path"":19,""protocol"":34}","adapter-1.0 / planners-f6ec11d4259a","2.1.0","{""requested"":1,""completed"":1,""outcomes"":[""partial""],""sameWorker"":false}","{""collision"":{""status"":""PASS"",""violations"":0,""checkedPlacements"":13,""scope"":""직육면체 기하·관측 규격 공통 검사"",""reason"":""확정 배치와 최종 적재 상태 검사""},""bounds"":{""status"":""PASS"",""violations"":0,""checkedPlacements"":13,""scope"":""직육면체 기하·관측 규격 공통 검사"",""reason"":""확정 배치와 최종 적재 상태 검사""},""height"":{""status"":""PASS"",""violations"":0,""checkedPlacements"":13,""scope"":""직육면체 기하·관측 규격 공통 검사"",""reason"":""확정 배치와 최종 적재 상태 검사""},""orientation"":{""status"":""PASS"",""violations"":0,""checkedPlacements"":13,""scope"":""직육면체 기하·관측 규격 공통 검사"",""reason"":""확정 배치와 최종 적재 상태 검사""},""load"":{""status"":""PASS"",""violations"":0,""checkedPlacements"":13,""scope"":""입력된 허용 상부하중 · 누적 정적 반력"",""reason"":""입력값 범위의 정적 검사. 실측 재료 인증 아님""},""support"":{""status"":""PASS"",""violations"":0,""checkedPlacements"":13,""scope"":""접촉·합력 작용점·정적 평형"",""reason"":""설정된 지지율·전도 여유 검사. 동적 붕괴·굽힘 파손 미검증""},""payload"":{""status"":""PASS"",""violations"":0,""checkedPlacements"":13,""scope"":""입력 가반하중 · 박스+그리퍼 질량"",""reason"":""사용자가 설정한 가반하중 한계 검사""},""robotCollision"":{""status"":""NOT VERIFIED"",""violations"":0,""checkedPlacements"":13,""scope"":""TCP·그리퍼 스윕 근사만 수행"",""reason"":""전체 로봇 링크 충돌 미검증""},""approach"":{""status"":""NOT VERIFIED"",""violations"":0,""checkedPlacements"":13,""scope"":""TCP·그리퍼 스윕 근사만 수행"",""reason"":""실제 관절 한계·역기구학·접근 자세 미검증""},""sequence"":{""status"":""NOT VERIFIED"",""violations"":0,""checkedPlacements"":13,""scope"":""TCP·그리퍼 스윕 근사만 수행"",""reason"":""실제 파지·관절 궤적·전 과정 실행 미검증""}}","16.944436160714286","81.25","13","3","0.102356199","930222315","613","","","","204.01063829787233","83.49758672912681","99.65524671407024","95.51820728291317","13.776134042562118","52.45","0.3598173515981735","0","0","","16.539743749995978","58.17410000000382","48.23074999998789","56.18543000000063","264.63589999993565","81.25","132.7502765819745","60.9376797782834","352.54163836789127","730","4.6437999999616295","","","","","","100","0","0","","","0","100","100","100","100","1.3950999999651685","",""
"tetris-reserved","online","randomExceptions","44","2","f8478f77","partial","","explicit","proxy","{}","{""bounds"":51,""support"":200,""load"":39,""robot-path"":44}","adapter-1.0 / planners-f6ec11d4259a","2.1.0","{""requested"":1,""completed"":1,""outcomes"":[""partial""],""sameWorker"":false}","{""collision"":{""status"":""PASS"",""violations"":0,""checkedPlacements"":14,""scope"":""직육면체 기하·관측 규격 공통 검사"",""reason"":""확정 배치와 최종 적재 상태 검사""},""bounds"":{""status"":""PASS"",""violations"":0,""checkedPlacements"":14,""scope"":""직육면체 기하·관측 규격 공통 검사"",""reason"":""확정 배치와 최종 적재 상태 검사""},""height"":{""status"":""PASS"",""violations"":0,""checkedPlacements"":14,""scope"":""직육면체 기하·관측 규격 공통 검사"",""reason"":""확정 배치와 최종 적재 상태 검사""},""orientation"":{""status"":""PASS"",""violations"":0,""checkedPlacements"":14,""scope"":""직육면체 기하·관측 규격 공통 검사"",""reason"":""확정 배치와 최종 적재 상태 검사""},""load"":{""status"":""PASS"",""violations"":0,""checkedPlacements"":14,""scope"":""입력된 허용 상부하중 · 누적 정적 반력"",""reason"":""입력값 범위의 정적 검사. 실측 재료 인증 아님""},""support"":{""status"":""PASS"",""violations"":0,""checkedPlacements"":14,""scope"":""접촉·합력 작용점·정적 평형"",""reason"":""설정된 지지율·전도 여유 검사. 동적 붕괴·굽힘 파손 미검증""},""payload"":{""status"":""PASS"",""violations"":0,""checkedPlacements"":14,""scope"":""입력 가반하중 · 박스+그리퍼 질량"",""reason"":""사용자가 설정한 가반하중 한계 검사""},""robotCollision"":{""status"":""NOT VERIFIED"",""violations"":0,""checkedPlacements"":14,""scope"":""TCP·그리퍼 스윕 근사만 수행"",""reason"":""전체 로봇 링크 충돌 미검증""},""approach"":{""status"":""NOT VERIFIED"",""violations"":0,""checkedPlacements"":14,""scope"":""TCP·그리퍼 스윕 근사만 수행"",""reason"":""실제 관절 한계·역기구학·접근 자세 미검증""},""sequence"":{""status"":""NOT VERIFIED"",""violations"":0,""checkedPlacements"":14,""scope"":""TCP·그리퍼 스윕 근사만 수행"",""reason"":""실제 파지·관절 궤적·전 과정 실행 미검증""}}","23.712723392857143","87.5","14","2","0.026551382","854417498","627","","","","198.67796610169492","37.540014082075004","99.83409672882028","97.67735420348397","7.209287769956362","65.85","0.5860927152317881","0","0","","203.7991562499992","1028.2700000000186","527.0985499999952","928.0357100000138","3260.7864999999874","87.5","138.4870364751005","66.61657370881532","363.9329808971813","730","5.300100000051316","","","","","","100","0","0","","","0","100","100","100","100","21.37929999997141","",""
"dynamic-reservation","online","randomExceptions","44","2","f8478f77","partial","","explicit","proxy","{}","{""bounds"":37,""support"":250,""load"":69,""robot-path"":42,""protocol"":13}","adapter-1.0 / planners-f6ec11d4259a","2.1.0","{""requested"":1,""completed"":1,""outcomes"":[""partial""],""sameWorker"":false}","{""collision"":{""status"":""PASS"",""violations"":0,""checkedPlacements"":14,""scope"":""직육면체 기하·관측 규격 공통 검사"",""reason"":""확정 배치와 최종 적재 상태 검사""},""bounds"":{""status"":""PASS"",""violations"":0,""checkedPlacements"":14,""scope"":""직육면체 기하·관측 규격 공통 검사"",""reason"":""확정 배치와 최종 적재 상태 검사""},""height"":{""status"":""PASS"",""violations"":0,""checkedPlacements"":14,""scope"":""직육면체 기하·관측 규격 공통 검사"",""reason"":""확정 배치와 최종 적재 상태 검사""},""orientation"":{""status"":""PASS"",""violations"":0,""checkedPlacements"":14,""scope"":""직육면체 기하·관측 규격 공통 검사"",""reason"":""확정 배치와 최종 적재 상태 검사""},""load"":{""status"":""PASS"",""violations"":0,""checkedPlacements"":14,""scope"":""입력된 허용 상부하중 · 누적 정적 반력"",""reason"":""입력값 범위의 정적 검사. 실측 재료 인증 아님""},""support"":{""status"":""PASS"",""violations"":0,""checkedPlacements"":14,""scope"":""접촉·합력 작용점·정적 평형"",""reason"":""설정된 지지율·전도 여유 검사. 동적 붕괴·굽힘 파손 미검증""},""payload"":{""status"":""PASS"",""violations"":0,""checkedPlacements"":14,""scope"":""입력 가반하중 · 박스+그리퍼 질량"",""reason"":""사용자가 설정한 가반하중 한계 검사""},""robotCollision"":{""status"":""NOT VERIFIED"",""violations"":0,""checkedPlacements"":14,""scope"":""TCP·그리퍼 스윕 근사만 수행"",""reason"":""전체 로봇 링크 충돌 미검증""},""approach"":{""status"":""NOT VERIFIED"",""violations"":0,""checkedPlacements"":14,""scope"":""TCP·그리퍼 스윕 근사만 수행"",""reason"":""실제 관절 한계·역기구학·접근 자세 미검증""},""sequence"":{""status"":""NOT VERIFIED"",""violations"":0,""checkedPlacements"":14,""scope"":""TCP·그리퍼 스윕 근사만 수행"",""reason"":""실제 파지·관절 궤적·전 과정 실행 미검증""}}","23.712723392857143","87.5","14","2","0.026551382","854417498","593","","","","218.0677966101695","15.457099771706357","99.6798719487795","95.51820728291317","1.7233670690566205","66.475","0.5026525198938993","0","0","","346.06153124999037","1423.008199999982","929.2648249999911","1324.2595249999836","5536.984499999846","87.5","139.49579890423271","68.57226928775128","361.3012033043435","730","4.258799999952316","","","","","","100","0","0","","","0","100","100","100","100","41.025399999984074","",""
"lookahead","online","randomExceptions","44","2","f8478f77","partial","","explicit","proxy","{}","{""bounds"":54,""support"":225,""load"":78,""robot-path"":45}","adapter-1.0 / planners-f6ec11d4259a","2.1.0","{""requested"":1,""completed"":1,""outcomes"":[""partial""],""sameWorker"":false}","{""collision"":{""status"":""PASS"",""violations"":0,""checkedPlacements"":14,""scope"":""직육면체 기하·관측 규격 공통 검사"",""reason"":""확정 배치와 최종 적재 상태 검사""},""bounds"":{""status"":""PASS"",""violations"":0,""checkedPlacements"":14,""scope"":""직육면체 기하·관측 규격 공통 검사"",""reason"":""확정 배치와 최종 적재 상태 검사""},""height"":{""status"":""PASS"",""violations"":0,""checkedPlacements"":14,""scope"":""직육면체 기하·관측 규격 공통 검사"",""reason"":""확정 배치와 최종 적재 상태 검사""},""orientation"":{""status"":""PASS"",""violations"":0,""checkedPlacements"":14,""scope"":""직육면체 기하·관측 규격 공통 검사"",""reason"":""확정 배치와 최종 적재 상태 검사""},""load"":{""status"":""PASS"",""violations"":0,""checkedPlacements"":14,""scope"":""입력된 허용 상부하중 · 누적 정적 반력"",""reason"":""입력값 범위의 정적 검사. 실측 재료 인증 아님""},""support"":{""status"":""PASS"",""violations"":0,""checkedPlacements"":14,""scope"":""접촉·합력 작용점·정적 평형"",""reason"":""설정된 지지율·전도 여유 검사. 동적 붕괴·굽힘 파손 미검증""},""payload"":{""status"":""PASS"",""violations"":0,""checkedPlacements"":14,""scope"":""입력 가반하중 · 박스+그리퍼 질량"",""reason"":""사용자가 설정한 가반하중 한계 검사""},""robotCollision"":{""status"":""NOT VERIFIED"",""violations"":0,""checkedPlacements"":14,""scope"":""TCP·그리퍼 스윕 근사만 수행"",""reason"":""전체 로봇 링크 충돌 미검증""},""approach"":{""status"":""NOT VERIFIED"",""violations"":0,""checkedPlacements"":14,""scope"":""TCP·그리퍼 스윕 근사만 수행"",""reason"":""실제 관절 한계·역기구학·접근 자세 미검증""},""sequence"":{""status"":""NOT VERIFIED"",""violations"":0,""checkedPlacements"":14,""scope"":""TCP·그리퍼 스윕 근사만 수행"",""reason"":""실제 파지·관절 궤적·전 과정 실행 미검증""}}","23.712723392857143","87.5","14","2","0.026551382","854417498","613","","","","221.3135593220339","40.47988495407143","100","100","9.69119839153896","65.85","0.5518207282913166","0","0","","183.1875437499948","494.68719999998575","448.9272249999922","485.535204999987","2931.000699999917","87.5","141.45650706253124","68.5467295906453","356.2932596499116","730","9.054400000022724","","","","","","100","0","0","","","0","100","100","100","100","47.337799999979325","",""
"future-hybrid","online","randomExceptions","44","2","f8478f77","complete","","explicit","proxy","{}","{""bounds"":37,""support"":249,""load"":83,""robot-path"":51,""protocol"":7}","adapter-1.0 / planners-f6ec11d4259a","2.1.0","{""requested"":1,""completed"":1,""outcomes"":[""partial""],""sameWorker"":false}","{""collision"":{""status"":""PASS"",""violations"":0,""checkedPlacements"":16,""scope"":""직육면체 기하·관측 규격 공통 검사"",""reason"":""확정 배치와 최종 적재 상태 검사""},""bounds"":{""status"":""PASS"",""violations"":0,""checkedPlacements"":16,""scope"":""직육면체 기하·관측 규격 공통 검사"",""reason"":""확정 배치와 최종 적재 상태 검사""},""height"":{""status"":""PASS"",""violations"":0,""checkedPlacements"":16,""scope"":""직육면체 기하·관측 규격 공통 검사"",""reason"":""확정 배치와 최종 적재 상태 검사""},""orientation"":{""status"":""PASS"",""violations"":0,""checkedPlacements"":16,""scope"":""직육면체 기하·관측 규격 공통 검사"",""reason"":""확정 배치와 최종 적재 상태 검사""},""load"":{""status"":""PASS"",""violations"":0,""checkedPlacements"":16,""scope"":""입력된 허용 상부하중 · 누적 정적 반력"",""reason"":""입력값 범위의 정적 검사. 실측 재료 인증 아님""},""support"":{""status"":""PASS"",""violations"":0,""checkedPlacements"":16,""scope"":""접촉·합력 작용점·정적 평형"",""reason"":""설정된 지지율·전도 여유 검사. 동적 붕괴·굽힘 파손 미검증""},""payload"":{""status"":""PASS"",""violations"":0,""checkedPlacements"":16,""scope"":""입력 가반하중 · 박스+그리퍼 질량"",""reason"":""사용자가 설정한 가반하중 한계 검사""},""robotCollision"":{""status"":""NOT VERIFIED"",""violations"":0,""checkedPlacements"":16,""scope"":""TCP·그리퍼 스윕 근사만 수행"",""reason"":""전체 로봇 링크 충돌 미검증""},""approach"":{""status"":""NOT VERIFIED"",""violations"":0,""checkedPlacements"":16,""scope"":""TCP·그리퍼 스윕 근사만 수행"",""reason"":""실제 관절 한계·역기구학·접근 자세 미검증""},""sequence"":{""status"":""NOT VERIFIED"",""violations"":0,""checkedPlacements"":16,""scope"":""TCP·그리퍼 스윕 근사만 수행"",""reason"":""실제 파지·관절 궤적·전 과정 실행 미검증""}}","26.083382500000003","100","16","0","0","827866116","820","","","","266.4923076923077","34.00947744692674","99.74350205198358","95.89603283173734","12.040409811778144","50.56346153846153","0.3162220255405234","0","0","","373.164893750014","912.093600000022","766.2377250000136","882.9224250000202","5970.638300000224","100","173.68410508737395","85.59466830679308","331.63656496386704","730","6.635699999984354","","","","","","100","0","0","","","100","100","100","100","100","39.2219000000041","",""
"blb","online","randomExceptions","44","2","f8478f77","partial","","explicit","proxy","{}","{""bounds"":48,""support"":222,""load"":89,""robot-path"":48}","adapter-1.0 / planners-f6ec11d4259a","2.1.0","{""requested"":1,""completed"":1,""outcomes"":[""partial""],""sameWorker"":false}","{""collision"":{""status"":""PASS"",""violations"":0,""checkedPlacements"":14,""scope"":""직육면체 기하·관측 규격 공통 검사"",""reason"":""확정 배치와 최종 적재 상태 검사""},""bounds"":{""status"":""PASS"",""violations"":0,""checkedPlacements"":14,""scope"":""직육면체 기하·관측 규격 공통 검사"",""reason"":""확정 배치와 최종 적재 상태 검사""},""height"":{""status"":""PASS"",""violations"":0,""checkedPlacements"":14,""scope"":""직육면체 기하·관측 규격 공통 검사"",""reason"":""확정 배치와 최종 적재 상태 검사""},""orientation"":{""status"":""PASS"",""violations"":0,""checkedPlacements"":14,""scope"":""직육면체 기하·관측 규격 공통 검사"",""reason"":""확정 배치와 최종 적재 상태 검사""},""load"":{""status"":""PASS"",""violations"":0,""checkedPlacements"":14,""scope"":""입력된 허용 상부하중 · 누적 정적 반력"",""reason"":""입력값 범위의 정적 검사. 실측 재료 인증 아님""},""support"":{""status"":""PASS"",""violations"":0,""checkedPlacements"":14,""scope"":""접촉·합력 작용점·정적 평형"",""reason"":""설정된 지지율·전도 여유 검사. 동적 붕괴·굽힘 파손 미검증""},""payload"":{""status"":""PASS"",""violations"":0,""checkedPlacements"":14,""scope"":""입력 가반하중 · 박스+그리퍼 질량"",""reason"":""사용자가 설정한 가반하중 한계 검사""},""robotCollision"":{""status"":""NOT VERIFIED"",""violations"":0,""checkedPlacements"":14,""scope"":""TCP·그리퍼 스윕 근사만 수행"",""reason"":""전체 로봇 링크 충돌 미검증""},""approach"":{""status"":""NOT VERIFIED"",""violations"":0,""checkedPlacements"":14,""scope"":""TCP·그리퍼 스윕 근사만 수행"",""reason"":""실제 관절 한계·역기구학·접근 자세 미검증""},""sequence"":{""status"":""NOT VERIFIED"",""violations"":0,""checkedPlacements"":14,""scope"":""TCP·그리퍼 스윕 근사만 수행"",""reason"":""실제 파지·관절 궤적·전 과정 실행 미검증""}}","23.712723392857143","87.5","14","2","0.026551382","854417498","619","","","","211.635593220339","83.38351998308029","99.5177732109793","96.61016949152543","12.476417605069509","54.525","0.39072847682119205","0","0","","15.702400000001944","35.09030000003986","29.201075000019046","33.91245500003569","251.2384000000311","87.5","137.17494142575333","65.11371192673967","367.4140442573418","728","6.062300000048708","","","","","","100","0","0","","","0","100","100","100","100","2.3423999999649823","",""
"pack-first","online","randomExceptions","44","2","f8478f77","partial","","explicit","proxy","{}","{""support"":412,""bounds"":324,""load"":110,""robot-path"":25,""protocol"":45}","adapter-1.0 / planners-f6ec11d4259a","2.1.0","{""requested"":1,""completed"":1,""outcomes"":[""partial""],""sameWorker"":false}","{""collision"":{""status"":""PASS"",""violations"":0,""checkedPlacements"":14,""scope"":""직육면체 기하·관측 규격 공통 검사"",""reason"":""확정 배치와 최종 적재 상태 검사""},""bounds"":{""status"":""PASS"",""violations"":0,""checkedPlacements"":14,""scope"":""직육면체 기하·관측 규격 공통 검사"",""reason"":""확정 배치와 최종 적재 상태 검사""},""height"":{""status"":""PASS"",""violations"":0,""checkedPlacements"":14,""scope"":""직육면체 기하·관측 규격 공통 검사"",""reason"":""확정 배치와 최종 적재 상태 검사""},""orientation"":{""status"":""PASS"",""violations"":0,""checkedPlacements"":14,""scope"":""직육면체 기하·관측 규격 공통 검사"",""reason"":""확정 배치와 최종 적재 상태 검사""},""load"":{""status"":""PASS"",""violations"":0,""checkedPlacements"":14,""scope"":""입력된 허용 상부하중 · 누적 정적 반력"",""reason"":""입력값 범위의 정적 검사. 실측 재료 인증 아님""},""support"":{""status"":""PASS"",""violations"":0,""checkedPlacements"":14,""scope"":""접촉·합력 작용점·정적 평형"",""reason"":""설정된 지지율·전도 여유 검사. 동적 붕괴·굽힘 파손 미검증""},""payload"":{""status"":""PASS"",""violations"":0,""checkedPlacements"":14,""scope"":""입력 가반하중 · 박스+그리퍼 질량"",""reason"":""사용자가 설정한 가반하중 한계 검사""},""robotCollision"":{""status"":""NOT VERIFIED"",""violations"":0,""checkedPlacements"":14,""scope"":""TCP·그리퍼 스윕 근사만 수행"",""reason"":""전체 로봇 링크 충돌 미검증""},""approach"":{""status"":""NOT VERIFIED"",""violations"":0,""checkedPlacements"":14,""scope"":""TCP·그리퍼 스윕 근사만 수행"",""reason"":""실제 관절 한계·역기구학·접근 자세 미검증""},""sequence"":{""status"":""NOT VERIFIED"",""violations"":0,""checkedPlacements"":14,""scope"":""TCP·그리퍼 스윕 근사만 수행"",""reason"":""실제 파지·관절 궤적·전 과정 실행 미검증""}}","23.712723392857143","87.5","14","2","0.026551382","854417498","603","","","","206.5084745762712","114.26879469212359","99.73599295981226","96.30390143737166","16.537022533220604","65.85","0.5860927152317881","0","0","","11.092106250001962","23.101300000038464","21.139749999987544","22.70899000002828","177.47370000003139","87.5","131.33127887164835","61.96533126657143","383.7623484140174","728","7.224899999971967","","","","","","100","0","0","","","0","100","100","100","100","0.8292999999830499","",""
"pack-greedy","online","randomExceptions","44","2","f8478f77","partial","","explicit","proxy","{}","{""support"":497,""bounds"":326,""load"":125,""robot-path"":44,""protocol"":48}","adapter-1.0 / planners-f6ec11d4259a","2.1.0","{""requested"":1,""completed"":1,""outcomes"":[""partial""],""sameWorker"":false}","{""collision"":{""status"":""PASS"",""violations"":0,""checkedPlacements"":10,""scope"":""직육면체 기하·관측 규격 공통 검사"",""reason"":""확정 배치와 최종 적재 상태 검사""},""bounds"":{""status"":""PASS"",""violations"":0,""checkedPlacements"":10,""scope"":""직육면체 기하·관측 규격 공통 검사"",""reason"":""확정 배치와 최종 적재 상태 검사""},""height"":{""status"":""PASS"",""violations"":0,""checkedPlacements"":10,""scope"":""직육면체 기하·관측 규격 공통 검사"",""reason"":""확정 배치와 최종 적재 상태 검사""},""orientation"":{""status"":""PASS"",""violations"":0,""checkedPlacements"":10,""scope"":""직육면체 기하·관측 규격 공통 검사"",""reason"":""확정 배치와 최종 적재 상태 검사""},""load"":{""status"":""PASS"",""violations"":0,""checkedPlacements"":10,""scope"":""입력된 허용 상부하중 · 누적 정적 반력"",""reason"":""입력값 범위의 정적 검사. 실측 재료 인증 아님""},""support"":{""status"":""PASS"",""violations"":0,""checkedPlacements"":10,""scope"":""접촉·합력 작용점·정적 평형"",""reason"":""설정된 지지율·전도 여유 검사. 동적 붕괴·굽힘 파손 미검증""},""payload"":{""status"":""PASS"",""violations"":0,""checkedPlacements"":10,""scope"":""입력 가반하중 · 박스+그리퍼 질량"",""reason"":""사용자가 설정한 가반하중 한계 검사""},""robotCollision"":{""status"":""NOT VERIFIED"",""violations"":0,""checkedPlacements"":10,""scope"":""TCP·그리퍼 스윕 근사만 수행"",""reason"":""전체 로봇 링크 충돌 미검증""},""approach"":{""status"":""NOT VERIFIED"",""violations"":0,""checkedPlacements"":10,""scope"":""TCP·그리퍼 스윕 근사만 수행"",""reason"":""실제 관절 한계·역기구학·접근 자세 미검증""},""sequence"":{""status"":""NOT VERIFIED"",""violations"":0,""checkedPlacements"":10,""scope"":""TCP·그리퍼 스윕 근사만 수행"",""reason"":""실제 파지·관절 궤적·전 과정 실행 미검증""}}","14.779130178571428","62.5","10","6","0.126607626","954473742","447","","","","149","19.059018166458294","100","100","15.678148548663037","52.45","0.562992125984252","0","0","","7.856187500005035","13.203799999959301","12.651725000017905","13.093384999971022","125.69900000008056","62.5","84.35289006635392","41.17937854313005","426.778501266306","728","1.9425000000046566","","","","","","100","0","0","","","0","100","100","100","100","1.0956000000005588","",""
"pack-tetris","online","randomExceptions","44","2","f8478f77","partial","","explicit","proxy","{}","{""support"":497,""bounds"":326,""load"":125,""robot-path"":44,""protocol"":48}","adapter-1.0 / planners-f6ec11d4259a","2.1.0","{""requested"":1,""completed"":1,""outcomes"":[""partial""],""sameWorker"":false}","{""collision"":{""status"":""PASS"",""violations"":0,""checkedPlacements"":10,""scope"":""직육면체 기하·관측 규격 공통 검사"",""reason"":""확정 배치와 최종 적재 상태 검사""},""bounds"":{""status"":""PASS"",""violations"":0,""checkedPlacements"":10,""scope"":""직육면체 기하·관측 규격 공통 검사"",""reason"":""확정 배치와 최종 적재 상태 검사""},""height"":{""status"":""PASS"",""violations"":0,""checkedPlacements"":10,""scope"":""직육면체 기하·관측 규격 공통 검사"",""reason"":""확정 배치와 최종 적재 상태 검사""},""orientation"":{""status"":""PASS"",""violations"":0,""checkedPlacements"":10,""scope"":""직육면체 기하·관측 규격 공통 검사"",""reason"":""확정 배치와 최종 적재 상태 검사""},""load"":{""status"":""PASS"",""violations"":0,""checkedPlacements"":10,""scope"":""입력된 허용 상부하중 · 누적 정적 반력"",""reason"":""입력값 범위의 정적 검사. 실측 재료 인증 아님""},""support"":{""status"":""PASS"",""violations"":0,""checkedPlacements"":10,""scope"":""접촉·합력 작용점·정적 평형"",""reason"":""설정된 지지율·전도 여유 검사. 동적 붕괴·굽힘 파손 미검증""},""payload"":{""status"":""PASS"",""violations"":0,""checkedPlacements"":10,""scope"":""입력 가반하중 · 박스+그리퍼 질량"",""reason"":""사용자가 설정한 가반하중 한계 검사""},""robotCollision"":{""status"":""NOT VERIFIED"",""violations"":0,""checkedPlacements"":10,""scope"":""TCP·그리퍼 스윕 근사만 수행"",""reason"":""전체 로봇 링크 충돌 미검증""},""approach"":{""status"":""NOT VERIFIED"",""violations"":0,""checkedPlacements"":10,""scope"":""TCP·그리퍼 스윕 근사만 수행"",""reason"":""실제 관절 한계·역기구학·접근 자세 미검증""},""sequence"":{""status"":""NOT VERIFIED"",""violations"":0,""checkedPlacements"":10,""scope"":""TCP·그리퍼 스윕 근사만 수행"",""reason"":""실제 파지·관절 궤적·전 과정 실행 미검증""}}","14.779130178571428","62.5","10","6","0.126607626","954473742","447","","","","149","19.059018166458294","100","100","15.678148548663037","52.45","0.562992125984252","0","0","","8.236531250004191","12.513600000005681","12.151650000014342","12.441210000007413","131.78450000006706","62.5","84.35289006635392","41.17937854313005","426.778501266306","728","4.346699999994598","","","","","","100","0","0","","","0","100","100","100","100","0.6007000000099652","",""
"pack-beam","online","randomExceptions","44","2","f8478f77","partial","","explicit","proxy","{}","{""support"":489,""bounds"":342,""load"":119,""robot-path"":26,""protocol"":58}","adapter-1.0 / planners-f6ec11d4259a","2.1.0","{""requested"":1,""completed"":1,""outcomes"":[""partial""],""sameWorker"":false}","{""collision"":{""status"":""PASS"",""violations"":0,""checkedPlacements"":11,""scope"":""직육면체 기하·관측 규격 공통 검사"",""reason"":""확정 배치와 최종 적재 상태 검사""},""bounds"":{""status"":""PASS"",""violations"":0,""checkedPlacements"":11,""scope"":""직육면체 기하·관측 규격 공통 검사"",""reason"":""확정 배치와 최종 적재 상태 검사""},""height"":{""status"":""PASS"",""violations"":0,""checkedPlacements"":11,""scope"":""직육면체 기하·관측 규격 공통 검사"",""reason"":""확정 배치와 최종 적재 상태 검사""},""orientation"":{""status"":""PASS"",""violations"":0,""checkedPlacements"":11,""scope"":""직육면체 기하·관측 규격 공통 검사"",""reason"":""확정 배치와 최종 적재 상태 검사""},""load"":{""status"":""PASS"",""violations"":0,""checkedPlacements"":11,""scope"":""입력된 허용 상부하중 · 누적 정적 반력"",""reason"":""입력값 범위의 정적 검사. 실측 재료 인증 아님""},""support"":{""status"":""PASS"",""violations"":0,""checkedPlacements"":11,""scope"":""접촉·합력 작용점·정적 평형"",""reason"":""설정된 지지율·전도 여유 검사. 동적 붕괴·굽힘 파손 미검증""},""payload"":{""status"":""PASS"",""violations"":0,""checkedPlacements"":11,""scope"":""입력 가반하중 · 박스+그리퍼 질량"",""reason"":""사용자가 설정한 가반하중 한계 검사""},""robotCollision"":{""status"":""NOT VERIFIED"",""violations"":0,""checkedPlacements"":11,""scope"":""TCP·그리퍼 스윕 근사만 수행"",""reason"":""전체 로봇 링크 충돌 미검증""},""approach"":{""status"":""NOT VERIFIED"",""violations"":0,""checkedPlacements"":11,""scope"":""TCP·그리퍼 스윕 근사만 수행"",""reason"":""실제 관절 한계·역기구학·접근 자세 미검증""},""sequence"":{""status"":""NOT VERIFIED"",""violations"":0,""checkedPlacements"":11,""scope"":""TCP·그리퍼 스윕 근사만 수행"",""reason"":""실제 파지·관절 궤적·전 과정 실행 미검증""}}","17.148299375","68.75","11","5","0.100072931","927939047","481","","","","167.54255319148936","110.20070684868682","100","100","21.817166308576407","57.2","0.5860927152317881","0","0","","669.9950250000111","1805.2032999999938","1772.0871249999764","1798.5800649999903","10719.920400000177","68.75","93.90353811376926","46.08729977395002","421.7093497800098","728","4.349099999992177","","","","","","100","0","0","","","0","100","100","100","100","1496.8987000000197","",""
"pack-robust","online","randomExceptions","44","2","f8478f77","partial","","explicit","proxy","{}","{""support"":489,""bounds"":342,""load"":119,""robot-path"":26,""protocol"":58}","adapter-1.0 / planners-f6ec11d4259a","2.1.0","{""requested"":1,""completed"":1,""outcomes"":[""partial""],""sameWorker"":false}","{""collision"":{""status"":""PASS"",""violations"":0,""checkedPlacements"":11,""scope"":""직육면체 기하·관측 규격 공통 검사"",""reason"":""확정 배치와 최종 적재 상태 검사""},""bounds"":{""status"":""PASS"",""violations"":0,""checkedPlacements"":11,""scope"":""직육면체 기하·관측 규격 공통 검사"",""reason"":""확정 배치와 최종 적재 상태 검사""},""height"":{""status"":""PASS"",""violations"":0,""checkedPlacements"":11,""scope"":""직육면체 기하·관측 규격 공통 검사"",""reason"":""확정 배치와 최종 적재 상태 검사""},""orientation"":{""status"":""PASS"",""violations"":0,""checkedPlacements"":11,""scope"":""직육면체 기하·관측 규격 공통 검사"",""reason"":""확정 배치와 최종 적재 상태 검사""},""load"":{""status"":""PASS"",""violations"":0,""checkedPlacements"":11,""scope"":""입력된 허용 상부하중 · 누적 정적 반력"",""reason"":""입력값 범위의 정적 검사. 실측 재료 인증 아님""},""support"":{""status"":""PASS"",""violations"":0,""checkedPlacements"":11,""scope"":""접촉·합력 작용점·정적 평형"",""reason"":""설정된 지지율·전도 여유 검사. 동적 붕괴·굽힘 파손 미검증""},""payload"":{""status"":""PASS"",""violations"":0,""checkedPlacements"":11,""scope"":""입력 가반하중 · 박스+그리퍼 질량"",""reason"":""사용자가 설정한 가반하중 한계 검사""},""robotCollision"":{""status"":""NOT VERIFIED"",""violations"":0,""checkedPlacements"":11,""scope"":""TCP·그리퍼 스윕 근사만 수행"",""reason"":""전체 로봇 링크 충돌 미검증""},""approach"":{""status"":""NOT VERIFIED"",""violations"":0,""checkedPlacements"":11,""scope"":""TCP·그리퍼 스윕 근사만 수행"",""reason"":""실제 관절 한계·역기구학·접근 자세 미검증""},""sequence"":{""status"":""NOT VERIFIED"",""violations"":0,""checkedPlacements"":11,""scope"":""TCP·그리퍼 스윕 근사만 수행"",""reason"":""실제 파지·관절 궤적·전 과정 실행 미검증""}}","17.148299375","68.75","11","5","0.100072931","927939047","481","","","","167.54255319148936","110.20070684868682","100","100","21.817166308576407","57.2","0.5860927152317881","0","0","","742.8529249999956","2403.552299999981","1981.817550000007","2319.205349999986","11885.64679999993","68.75","93.90353811376926","46.08729977395002","421.7093497800098","728","6.062599999946542","","","","","","100","0","0","","","0","100","100","100","100","1442.8116000000155","",""
"random","online","randomExceptions","44","2","f8478f77","partial","","explicit","proxy","{}","{""bounds"":44,""support"":267,""load"":109,""robot-path"":17}","adapter-1.0 / planners-f6ec11d4259a","2.1.0","{""requested"":1,""completed"":1,""outcomes"":[""partial""],""sameWorker"":false}","{""collision"":{""status"":""PASS"",""violations"":0,""checkedPlacements"":14,""scope"":""직육면체 기하·관측 규격 공통 검사"",""reason"":""확정 배치와 최종 적재 상태 검사""},""bounds"":{""status"":""PASS"",""violations"":0,""checkedPlacements"":14,""scope"":""직육면체 기하·관측 규격 공통 검사"",""reason"":""확정 배치와 최종 적재 상태 검사""},""height"":{""status"":""PASS"",""violations"":0,""checkedPlacements"":14,""scope"":""직육면체 기하·관측 규격 공통 검사"",""reason"":""확정 배치와 최종 적재 상태 검사""},""orientation"":{""status"":""PASS"",""violations"":0,""checkedPlacements"":14,""scope"":""직육면체 기하·관측 규격 공통 검사"",""reason"":""확정 배치와 최종 적재 상태 검사""},""load"":{""status"":""PASS"",""violations"":0,""checkedPlacements"":14,""scope"":""입력된 허용 상부하중 · 누적 정적 반력"",""reason"":""입력값 범위의 정적 검사. 실측 재료 인증 아님""},""support"":{""status"":""PASS"",""violations"":0,""checkedPlacements"":14,""scope"":""접촉·합력 작용점·정적 평형"",""reason"":""설정된 지지율·전도 여유 검사. 동적 붕괴·굽힘 파손 미검증""},""payload"":{""status"":""PASS"",""violations"":0,""checkedPlacements"":14,""scope"":""입력 가반하중 · 박스+그리퍼 질량"",""reason"":""사용자가 설정한 가반하중 한계 검사""},""robotCollision"":{""status"":""NOT VERIFIED"",""violations"":0,""checkedPlacements"":14,""scope"":""TCP·그리퍼 스윕 근사만 수행"",""reason"":""전체 로봇 링크 충돌 미검증""},""approach"":{""status"":""NOT VERIFIED"",""violations"":0,""checkedPlacements"":14,""scope"":""TCP·그리퍼 스윕 근사만 수행"",""reason"":""실제 관절 한계·역기구학·접근 자세 미검증""},""sequence"":{""status"":""NOT VERIFIED"",""violations"":0,""checkedPlacements"":14,""scope"":""TCP·그리퍼 스윕 근사만 수행"",""reason"":""실제 파지·관절 궤적·전 과정 실행 미검증""}}","23.712723392857143","87.5","14","2","0.026551382","854417498","619","","","","215.66949152542372","70.89939959932636","99.5872261184896","95.70815450643777","17.459414484220623","70.8","0.6152073732718893","0","0","","17.62106250000579","35.13890000001993","34.659949999972014","35.043110000010344","281.93700000009267","87.5","135.44662905585025","63.99030888630266","372.10228376534934","728","4.218799999973271","","","","","","100","0","0","","","0","100","100","100","100","0.9735999999684282","",""
"bl","online","randomExceptions","44","2","f8478f77","partial","","explicit","proxy","{}","{""bounds"":44,""support"":224,""load"":106,""robot-path"":40}","adapter-1.0 / planners-f6ec11d4259a","2.1.0","{""requested"":1,""completed"":1,""outcomes"":[""partial""],""sameWorker"":false}","{""collision"":{""status"":""PASS"",""violations"":0,""checkedPlacements"":14,""scope"":""직육면체 기하·관측 규격 공통 검사"",""reason"":""확정 배치와 최종 적재 상태 검사""},""bounds"":{""status"":""PASS"",""violations"":0,""checkedPlacements"":14,""scope"":""직육면체 기하·관측 규격 공통 검사"",""reason"":""확정 배치와 최종 적재 상태 검사""},""height"":{""status"":""PASS"",""violations"":0,""checkedPlacements"":14,""scope"":""직육면체 기하·관측 규격 공통 검사"",""reason"":""확정 배치와 최종 적재 상태 검사""},""orientation"":{""status"":""PASS"",""violations"":0,""checkedPlacements"":14,""scope"":""직육면체 기하·관측 규격 공통 검사"",""reason"":""확정 배치와 최종 적재 상태 검사""},""load"":{""status"":""PASS"",""violations"":0,""checkedPlacements"":14,""scope"":""입력된 허용 상부하중 · 누적 정적 반력"",""reason"":""입력값 범위의 정적 검사. 실측 재료 인증 아님""},""support"":{""status"":""PASS"",""violations"":0,""checkedPlacements"":14,""scope"":""접촉·합력 작용점·정적 평형"",""reason"":""설정된 지지율·전도 여유 검사. 동적 붕괴·굽힘 파손 미검증""},""payload"":{""status"":""PASS"",""violations"":0,""checkedPlacements"":14,""scope"":""입력 가반하중 · 박스+그리퍼 질량"",""reason"":""사용자가 설정한 가반하중 한계 검사""},""robotCollision"":{""status"":""NOT VERIFIED"",""violations"":0,""checkedPlacements"":14,""scope"":""TCP·그리퍼 스윕 근사만 수행"",""reason"":""전체 로봇 링크 충돌 미검증""},""approach"":{""status"":""NOT VERIFIED"",""violations"":0,""checkedPlacements"":14,""scope"":""TCP·그리퍼 스윕 근사만 수행"",""reason"":""실제 관절 한계·역기구학·접근 자세 미검증""},""sequence"":{""status"":""NOT VERIFIED"",""violations"":0,""checkedPlacements"":14,""scope"":""TCP·그리퍼 스윕 근사만 수행"",""reason"":""실제 파지·관절 궤적·전 과정 실행 미검증""}}","23.712723392857143","87.5","14","2","0.026551382","854417498","613","","","","211.44915254237287","97.87747626033386","99.75990396158464","96.63865546218487","17.74768862056846","54.525","0.39072847682119205","0","0","","47.873200000005454","108.23800000001211","85.96165000002657","103.782730000015","765.9712000000873","87.5","136.09582198500397","65.06228429025258","370.32731251333666","730","4.807199999981094","","","","","","100","0","0","","","0","100","100","100","100","10.908200000005309","",""
"rollout","online","random","45","3","c40fab7e","partial","","explicit","proxy","{}","{""robot-path"":33,""support"":298,""load"":245}","adapter-1.0 / planners-f6ec11d4259a","2.1.0","{""requested"":1,""completed"":1,""outcomes"":[""partial""],""sameWorker"":false}","{""collision"":{""status"":""PASS"",""violations"":0,""checkedPlacements"":16,""scope"":""직육면체 기하·관측 규격 공통 검사"",""reason"":""확정 배치와 최종 적재 상태 검사""},""bounds"":{""status"":""PASS"",""violations"":0,""checkedPlacements"":16,""scope"":""직육면체 기하·관측 규격 공통 검사"",""reason"":""확정 배치와 최종 적재 상태 검사""},""height"":{""status"":""PASS"",""violations"":0,""checkedPlacements"":16,""scope"":""직육면체 기하·관측 규격 공통 검사"",""reason"":""확정 배치와 최종 적재 상태 검사""},""orientation"":{""status"":""PASS"",""violations"":0,""checkedPlacements"":16,""scope"":""직육면체 기하·관측 규격 공통 검사"",""reason"":""확정 배치와 최종 적재 상태 검사""},""load"":{""status"":""PASS"",""violations"":0,""checkedPlacements"":16,""scope"":""입력된 허용 상부하중 · 누적 정적 반력"",""reason"":""입력값 범위의 정적 검사. 실측 재료 인증 아님""},""support"":{""status"":""PASS"",""violations"":0,""checkedPlacements"":16,""scope"":""접촉·합력 작용점·정적 평형"",""reason"":""설정된 지지율·전도 여유 검사. 동적 붕괴·굽힘 파손 미검증""},""payload"":{""status"":""PASS"",""violations"":0,""checkedPlacements"":16,""scope"":""입력 가반하중 · 박스+그리퍼 질량"",""reason"":""사용자가 설정한 가반하중 한계 검사""},""robotCollision"":{""status"":""NOT VERIFIED"",""violations"":0,""checkedPlacements"":16,""scope"":""TCP·그리퍼 스윕 근사만 수행"",""reason"":""전체 로봇 링크 충돌 미검증""},""approach"":{""status"":""NOT VERIFIED"",""violations"":0,""checkedPlacements"":16,""scope"":""TCP·그리퍼 스윕 근사만 수행"",""reason"":""실제 관절 한계·역기구학·접근 자세 미검증""},""sequence"":{""status"":""NOT VERIFIED"",""violations"":0,""checkedPlacements"":16,""scope"":""TCP·그리퍼 스윕 근사만 수행"",""reason"":""실제 파지·관절 궤적·전 과정 실행 미검증""}}","25.980253214285714","88.88888888888889","16","2","0.026551382","829021164","651","","","","236.12790697674419","26.31722151117065","100","100","19.299692448723725","54.525","0.39072847682119205","0","0","","453.18989444444173","1025.0496000000276","921.1359100000203","1004.266862000026","8157.418099999952","88.88888888888889","161.53351819784612","77.6967868286","356.5823405731284","826","6.665500000002794","25.980253214285714","0","88.88888888888889","","","100","0","0","","","0","","","","","","",""
"strategy-greedy","online","random","45","3","c40fab7e","partial","","explicit","proxy","{}","{""support"":409,""load"":319,""protocol"":14,""robot-path"":39}","adapter-1.0 / planners-f6ec11d4259a","2.1.0","{""requested"":1,""completed"":1,""outcomes"":[""partial""],""sameWorker"":false}","{""collision"":{""status"":""PASS"",""violations"":0,""checkedPlacements"":15,""scope"":""직육면체 기하·관측 규격 공통 검사"",""reason"":""확정 배치와 최종 적재 상태 검사""},""bounds"":{""status"":""PASS"",""violations"":0,""checkedPlacements"":15,""scope"":""직육면체 기하·관측 규격 공통 검사"",""reason"":""확정 배치와 최종 적재 상태 검사""},""height"":{""status"":""PASS"",""violations"":0,""checkedPlacements"":15,""scope"":""직육면체 기하·관측 규격 공통 검사"",""reason"":""확정 배치와 최종 적재 상태 검사""},""orientation"":{""status"":""PASS"",""violations"":0,""checkedPlacements"":15,""scope"":""직육면체 기하·관측 규격 공통 검사"",""reason"":""확정 배치와 최종 적재 상태 검사""},""load"":{""status"":""PASS"",""violations"":0,""checkedPlacements"":15,""scope"":""입력된 허용 상부하중 · 누적 정적 반력"",""reason"":""입력값 범위의 정적 검사. 실측 재료 인증 아님""},""support"":{""status"":""PASS"",""violations"":0,""checkedPlacements"":15,""scope"":""접촉·합력 작용점·정적 평형"",""reason"":""설정된 지지율·전도 여유 검사. 동적 붕괴·굽힘 파손 미검증""},""payload"":{""status"":""PASS"",""violations"":0,""checkedPlacements"":15,""scope"":""입력 가반하중 · 박스+그리퍼 질량"",""reason"":""사용자가 설정한 가반하중 한계 검사""},""robotCollision"":{""status"":""NOT VERIFIED"",""violations"":0,""checkedPlacements"":15,""scope"":""TCP·그리퍼 스윕 근사만 수행"",""reason"":""전체 로봇 링크 충돌 미검증""},""approach"":{""status"":""NOT VERIFIED"",""violations"":0,""checkedPlacements"":15,""scope"":""TCP·그리퍼 스윕 근사만 수행"",""reason"":""실제 관절 한계·역기구학·접근 자세 미검증""},""sequence"":{""status"":""NOT VERIFIED"",""violations"":0,""checkedPlacements"":15,""scope"":""TCP·그리퍼 스윕 근사만 수행"",""reason"":""실제 파지·관절 궤적·전 과정 실행 미검증""}}","21.15924455357143","83.33333333333333","15","3","0.080546679","883016461","651","","","","259.6720430107527","45.72056951040363","100","100","11.082362353980066","52.45","0.41321044546851","0","0","","21.745533333334606","70.13410000002477","63.298400000011306","68.76696000002207","391.4196000000229","83.33333333333333","153.10605097118795","70.91893313127215","352.6967070044927","826","5.567199999990407","21.15924455357143","0","83.33333333333333","","","100","0","0","","","0","","","","","","",""
"macs","online","random","45","3","c40fab7e","partial","","explicit","proxy","{}","{""support"":417,""load"":269,""protocol"":12,""robot-path"":27}","adapter-1.0 / planners-f6ec11d4259a","2.1.0","{""requested"":1,""completed"":1,""outcomes"":[""partial""],""sameWorker"":false}","{""collision"":{""status"":""PASS"",""violations"":0,""checkedPlacements"":15,""scope"":""직육면체 기하·관측 규격 공통 검사"",""reason"":""확정 배치와 최종 적재 상태 검사""},""bounds"":{""status"":""PASS"",""violations"":0,""checkedPlacements"":15,""scope"":""직육면체 기하·관측 규격 공통 검사"",""reason"":""확정 배치와 최종 적재 상태 검사""},""height"":{""status"":""PASS"",""violations"":0,""checkedPlacements"":15,""scope"":""직육면체 기하·관측 규격 공통 검사"",""reason"":""확정 배치와 최종 적재 상태 검사""},""orientation"":{""status"":""PASS"",""violations"":0,""checkedPlacements"":15,""scope"":""직육면체 기하·관측 규격 공통 검사"",""reason"":""확정 배치와 최종 적재 상태 검사""},""load"":{""status"":""PASS"",""violations"":0,""checkedPlacements"":15,""scope"":""입력된 허용 상부하중 · 누적 정적 반력"",""reason"":""입력값 범위의 정적 검사. 실측 재료 인증 아님""},""support"":{""status"":""PASS"",""violations"":0,""checkedPlacements"":15,""scope"":""접촉·합력 작용점·정적 평형"",""reason"":""설정된 지지율·전도 여유 검사. 동적 붕괴·굽힘 파손 미검증""},""payload"":{""status"":""PASS"",""violations"":0,""checkedPlacements"":15,""scope"":""입력 가반하중 · 박스+그리퍼 질량"",""reason"":""사용자가 설정한 가반하중 한계 검사""},""robotCollision"":{""status"":""NOT VERIFIED"",""violations"":0,""checkedPlacements"":15,""scope"":""TCP·그리퍼 스윕 근사만 수행"",""reason"":""전체 로봇 링크 충돌 미검증""},""approach"":{""status"":""NOT VERIFIED"",""violations"":0,""checkedPlacements"":15,""scope"":""TCP·그리퍼 스윕 근사만 수행"",""reason"":""실제 관절 한계·역기구학·접근 자세 미검증""},""sequence"":{""status"":""NOT VERIFIED"",""violations"":0,""checkedPlacements"":15,""scope"":""TCP·그리퍼 스윕 근사만 수행"",""reason"":""실제 파지·관절 궤적·전 과정 실행 미검증""}}","21.15924455357143","83.33333333333333","15","3","0.080546679","883016461","651","","","","250.6720430107527","48.69530307261942","100","100","10.398648008026631","52.45","0.41321044546851","0","0","","40.83250555555181","250.6072999999742","147.40956499998265","229.96775299997572","734.9850999999326","83.33333333333333","155.15563661890823","72.25116380229034","348.03762967783297","826","5.432800000009593","21.15924455357143","0","83.33333333333333","","","100","0","0","","","0","","","","","","",""
"tetris-reserved","online","random","45","3","c40fab7e","partial","","explicit","proxy","{}","{""robot-path"":40,""support"":289,""load"":232}","adapter-1.0 / planners-f6ec11d4259a","2.1.0","{""requested"":1,""completed"":1,""outcomes"":[""partial""],""sameWorker"":false}","{""collision"":{""status"":""PASS"",""violations"":0,""checkedPlacements"":13,""scope"":""직육면체 기하·관측 규격 공통 검사"",""reason"":""확정 배치와 최종 적재 상태 검사""},""bounds"":{""status"":""PASS"",""violations"":0,""checkedPlacements"":13,""scope"":""직육면체 기하·관측 규격 공통 검사"",""reason"":""확정 배치와 최종 적재 상태 검사""},""height"":{""status"":""PASS"",""violations"":0,""checkedPlacements"":13,""scope"":""직육면체 기하·관측 규격 공통 검사"",""reason"":""확정 배치와 최종 적재 상태 검사""},""orientation"":{""status"":""PASS"",""violations"":0,""checkedPlacements"":13,""scope"":""직육면체 기하·관측 규격 공통 검사"",""reason"":""확정 배치와 최종 적재 상태 검사""},""load"":{""status"":""PASS"",""violations"":0,""checkedPlacements"":13,""scope"":""입력된 허용 상부하중 · 누적 정적 반력"",""reason"":""입력값 범위의 정적 검사. 실측 재료 인증 아님""},""support"":{""status"":""PASS"",""violations"":0,""checkedPlacements"":13,""scope"":""접촉·합력 작용점·정적 평형"",""reason"":""설정된 지지율·전도 여유 검사. 동적 붕괴·굽힘 파손 미검증""},""payload"":{""status"":""PASS"",""violations"":0,""checkedPlacements"":13,""scope"":""입력 가반하중 · 박스+그리퍼 질량"",""reason"":""사용자가 설정한 가반하중 한계 검사""},""robotCollision"":{""status"":""NOT VERIFIED"",""violations"":0,""checkedPlacements"":13,""scope"":""TCP·그리퍼 스윕 근사만 수행"",""reason"":""전체 로봇 링크 충돌 미검증""},""approach"":{""status"":""NOT VERIFIED"",""violations"":0,""checkedPlacements"":13,""scope"":""TCP·그리퍼 스윕 근사만 수행"",""reason"":""실제 관절 한계·역기구학·접근 자세 미검증""},""sequence"":{""status"":""NOT VERIFIED"",""violations"":0,""checkedPlacements"":13,""scope"":""TCP·그리퍼 스윕 근사만 수행"",""reason"":""실제 파지·관절 궤적·전 과정 실행 미검증""}}","18.78858544642857","72.22222222222223","13","5","0.107098061","909567843","434","","","","182.05555555555554","51.89478307978296","100","100","7.738565734956795","58.85719584569725","0.5913705583756346","0","0","","260.3723000000108","891.6031999999541","739.4787000000271","861.1782999999684","4686.701400000195","72.22222222222223","125.67305035551706","59.587482731086084","372.3948759706816","826","5.117900000012014","18.78858544642857","0","72.22222222222223","","","100","0","0","","","0","","","","","","",""
"dynamic-reservation","online","random","45","3","c40fab7e","partial","","explicit","proxy","{}","{""support"":265,""load"":217,""robot-path"":18}","adapter-1.0 / planners-f6ec11d4259a","2.1.0","{""requested"":1,""completed"":1,""outcomes"":[""partial""],""sameWorker"":false}","{""collision"":{""status"":""PASS"",""violations"":0,""checkedPlacements"":14,""scope"":""직육면체 기하·관측 규격 공통 검사"",""reason"":""확정 배치와 최종 적재 상태 검사""},""bounds"":{""status"":""PASS"",""violations"":0,""checkedPlacements"":14,""scope"":""직육면체 기하·관측 규격 공통 검사"",""reason"":""확정 배치와 최종 적재 상태 검사""},""height"":{""status"":""PASS"",""violations"":0,""checkedPlacements"":14,""scope"":""직육면체 기하·관측 규격 공통 검사"",""reason"":""확정 배치와 최종 적재 상태 검사""},""orientation"":{""status"":""PASS"",""violations"":0,""checkedPlacements"":14,""scope"":""직육면체 기하·관측 규격 공통 검사"",""reason"":""확정 배치와 최종 적재 상태 검사""},""load"":{""status"":""PASS"",""violations"":0,""checkedPlacements"":14,""scope"":""입력된 허용 상부하중 · 누적 정적 반력"",""reason"":""입력값 범위의 정적 검사. 실측 재료 인증 아님""},""support"":{""status"":""PASS"",""violations"":0,""checkedPlacements"":14,""scope"":""접촉·합력 작용점·정적 평형"",""reason"":""설정된 지지율·전도 여유 검사. 동적 붕괴·굽힘 파손 미검증""},""payload"":{""status"":""PASS"",""violations"":0,""checkedPlacements"":14,""scope"":""입력 가반하중 · 박스+그리퍼 질량"",""reason"":""사용자가 설정한 가반하중 한계 검사""},""robotCollision"":{""status"":""NOT VERIFIED"",""violations"":0,""checkedPlacements"":14,""scope"":""TCP·그리퍼 스윕 근사만 수행"",""reason"":""전체 로봇 링크 충돌 미검증""},""approach"":{""status"":""NOT VERIFIED"",""violations"":0,""checkedPlacements"":14,""scope"":""TCP·그리퍼 스윕 근사만 수행"",""reason"":""실제 관절 한계·역기구학·접근 자세 미검증""},""sequence"":{""status"":""NOT VERIFIED"",""violations"":0,""checkedPlacements"":14,""scope"":""TCP·그리퍼 스윕 근사만 수행"",""reason"":""실제 파지·관절 궤적·전 과정 실행 미검증""}}","21.834900892857142","77.77777777777777","14","4","0.072979328","875449110","627","","","","227.5215053763441","85.70379534465319","100","100","14.40158786295323","57.4375","0.3598173515981735","0","0","","432.93539444444144","1294.4139999999898","1082.563909999985","1252.0439819999885","7792.837099999946","77.77777777777777","142.89246145641798","69.48009994667169","352.71279874601316","826","3.1585000000195578","21.834900892857142","0","77.77777777777777","","","100","0","0","","","0","","","","","","",""
"lookahead","online","random","45","3","c40fab7e","partial","","explicit","proxy","{}","{""support"":473,""load"":296,""protocol"":19,""robot-path"":25}","adapter-1.0 / planners-f6ec11d4259a","2.1.0","{""requested"":1,""completed"":1,""outcomes"":[""partial""],""sameWorker"":false}","{""collision"":{""status"":""PASS"",""violations"":0,""checkedPlacements"":14,""scope"":""직육면체 기하·관측 규격 공통 검사"",""reason"":""확정 배치와 최종 적재 상태 검사""},""bounds"":{""status"":""PASS"",""violations"":0,""checkedPlacements"":14,""scope"":""직육면체 기하·관측 규격 공통 검사"",""reason"":""확정 배치와 최종 적재 상태 검사""},""height"":{""status"":""PASS"",""violations"":0,""checkedPlacements"":14,""scope"":""직육면체 기하·관측 규격 공통 검사"",""reason"":""확정 배치와 최종 적재 상태 검사""},""orientation"":{""status"":""PASS"",""violations"":0,""checkedPlacements"":14,""scope"":""직육면체 기하·관측 규격 공통 검사"",""reason"":""확정 배치와 최종 적재 상태 검사""},""load"":{""status"":""PASS"",""violations"":0,""checkedPlacements"":14,""scope"":""입력된 허용 상부하중 · 누적 정적 반력"",""reason"":""입력값 범위의 정적 검사. 실측 재료 인증 아님""},""support"":{""status"":""PASS"",""violations"":0,""checkedPlacements"":14,""scope"":""접촉·합력 작용점·정적 평형"",""reason"":""설정된 지지율·전도 여유 검사. 동적 붕괴·굽힘 파손 미검증""},""payload"":{""status"":""PASS"",""violations"":0,""checkedPlacements"":14,""scope"":""입력 가반하중 · 박스+그리퍼 질량"",""reason"":""사용자가 설정한 가반하중 한계 검사""},""robotCollision"":{""status"":""NOT VERIFIED"",""violations"":0,""checkedPlacements"":14,""scope"":""TCP·그리퍼 스윕 근사만 수행"",""reason"":""전체 로봇 링크 충돌 미검증""},""approach"":{""status"":""NOT VERIFIED"",""violations"":0,""checkedPlacements"":14,""scope"":""TCP·그리퍼 스윕 근사만 수행"",""reason"":""실제 관절 한계·역기구학·접근 자세 미검증""},""sequence"":{""status"":""NOT VERIFIED"",""violations"":0,""checkedPlacements"":14,""scope"":""TCP·그리퍼 스윕 근사만 수행"",""reason"":""실제 파지·관절 궤적·전 과정 실행 미검증""}}","18.112929107142858","77.77777777777777","14","4","0.114665412","917135194","1061","","","","324.7098765432099","26.595708203835972","100","100","5.2802920415843895","52.45","0.3099078341013825","0","0","","159.45402222222765","434.821100000001","368.0802900000416","421.47293800000904","2870.1724000000977","77.77777777777777","167.13553761425308","83.9380994492645","301.5516671045904","826","4.738700000045355","18.112929107142858","0","77.77777777777777","","","100","0","0","","","0","","","","","","",""
"future-hybrid","online","random","45","3","c40fab7e","partial","","explicit","proxy","{}","{""support"":265,""load"":217,""robot-path"":18}","adapter-1.0 / planners-f6ec11d4259a","2.1.0","{""requested"":1,""completed"":1,""outcomes"":[""partial""],""sameWorker"":false}","{""collision"":{""status"":""PASS"",""violations"":0,""checkedPlacements"":14,""scope"":""직육면체 기하·관측 규격 공통 검사"",""reason"":""확정 배치와 최종 적재 상태 검사""},""bounds"":{""status"":""PASS"",""violations"":0,""checkedPlacements"":14,""scope"":""직육면체 기하·관측 규격 공통 검사"",""reason"":""확정 배치와 최종 적재 상태 검사""},""height"":{""status"":""PASS"",""violations"":0,""checkedPlacements"":14,""scope"":""직육면체 기하·관측 규격 공통 검사"",""reason"":""확정 배치와 최종 적재 상태 검사""},""orientation"":{""status"":""PASS"",""violations"":0,""checkedPlacements"":14,""scope"":""직육면체 기하·관측 규격 공통 검사"",""reason"":""확정 배치와 최종 적재 상태 검사""},""load"":{""status"":""PASS"",""violations"":0,""checkedPlacements"":14,""scope"":""입력된 허용 상부하중 · 누적 정적 반력"",""reason"":""입력값 범위의 정적 검사. 실측 재료 인증 아님""},""support"":{""status"":""PASS"",""violations"":0,""checkedPlacements"":14,""scope"":""접촉·합력 작용점·정적 평형"",""reason"":""설정된 지지율·전도 여유 검사. 동적 붕괴·굽힘 파손 미검증""},""payload"":{""status"":""PASS"",""violations"":0,""checkedPlacements"":14,""scope"":""입력 가반하중 · 박스+그리퍼 질량"",""reason"":""사용자가 설정한 가반하중 한계 검사""},""robotCollision"":{""status"":""NOT VERIFIED"",""violations"":0,""checkedPlacements"":14,""scope"":""TCP·그리퍼 스윕 근사만 수행"",""reason"":""전체 로봇 링크 충돌 미검증""},""approach"":{""status"":""NOT VERIFIED"",""violations"":0,""checkedPlacements"":14,""scope"":""TCP·그리퍼 스윕 근사만 수행"",""reason"":""실제 관절 한계·역기구학·접근 자세 미검증""},""sequence"":{""status"":""NOT VERIFIED"",""violations"":0,""checkedPlacements"":14,""scope"":""TCP·그리퍼 스윕 근사만 수행"",""reason"":""실제 파지·관절 궤적·전 과정 실행 미검증""}}","21.834900892857142","77.77777777777777","14","4","0.072979328","875449110","627","","","","227.5215053763441","85.70379534465319","100","100","14.40158786295323","57.4375","0.3598173515981735","0","0","","477.46359444444533","1396.9881000000169","1077.0335649999988","1332.9971930000127","8594.344700000016","77.77777777777777","142.89246145641798","69.48009994667169","352.71279874601316","826","8.989300000015646","21.834900892857142","0","77.77777777777777","","","100","0","0","","","0","","","","","","",""
"blb","online","random","45","3","c40fab7e","partial","","explicit","proxy","{}","{""robot-path"":22,""support"":392,""load"":336}","adapter-1.0 / planners-f6ec11d4259a","2.1.0","{""requested"":1,""completed"":1,""outcomes"":[""partial""],""sameWorker"":false}","{""collision"":{""status"":""PASS"",""violations"":0,""checkedPlacements"":15,""scope"":""직육면체 기하·관측 규격 공통 검사"",""reason"":""확정 배치와 최종 적재 상태 검사""},""bounds"":{""status"":""PASS"",""violations"":0,""checkedPlacements"":15,""scope"":""직육면체 기하·관측 규격 공통 검사"",""reason"":""확정 배치와 최종 적재 상태 검사""},""height"":{""status"":""PASS"",""violations"":0,""checkedPlacements"":15,""scope"":""직육면체 기하·관측 규격 공통 검사"",""reason"":""확정 배치와 최종 적재 상태 검사""},""orientation"":{""status"":""PASS"",""violations"":0,""checkedPlacements"":15,""scope"":""직육면체 기하·관측 규격 공통 검사"",""reason"":""확정 배치와 최종 적재 상태 검사""},""load"":{""status"":""PASS"",""violations"":0,""checkedPlacements"":15,""scope"":""입력된 허용 상부하중 · 누적 정적 반력"",""reason"":""입력값 범위의 정적 검사. 실측 재료 인증 아님""},""support"":{""status"":""PASS"",""violations"":0,""checkedPlacements"":15,""scope"":""접촉·합력 작용점·정적 평형"",""reason"":""설정된 지지율·전도 여유 검사. 동적 붕괴·굽힘 파손 미검증""},""payload"":{""status"":""PASS"",""violations"":0,""checkedPlacements"":15,""scope"":""입력 가반하중 · 박스+그리퍼 질량"",""reason"":""사용자가 설정한 가반하중 한계 검사""},""robotCollision"":{""status"":""NOT VERIFIED"",""violations"":0,""checkedPlacements"":15,""scope"":""TCP·그리퍼 스윕 근사만 수행"",""reason"":""전체 로봇 링크 충돌 미검증""},""approach"":{""status"":""NOT VERIFIED"",""violations"":0,""checkedPlacements"":15,""scope"":""TCP·그리퍼 스윕 근사만 수행"",""reason"":""실제 관절 한계·역기구학·접근 자세 미검증""},""sequence"":{""status"":""NOT VERIFIED"",""violations"":0,""checkedPlacements"":15,""scope"":""TCP·그리퍼 스윕 근사만 수행"",""reason"":""실제 파지·관절 궤적·전 과정 실행 미검증""}}","21.15924455357143","83.33333333333333","15","3","0.080546679","883016461","651","","","","230.51075268817203","103.58767915402416","100","100","23.207201612468864","52.45","0.41321044546851","0","0","","16.39337777777756","44.52640000003157","40.601609999992064","43.74144200002366","295.0807999999961","83.33333333333333","152.47009712223752","75.05556312945438","354.1678074534668","824","5.768099999986589","21.15924455357143","0","83.33333333333333","","","100","0","0","","","0","","","","","","",""
"pack-first","online","random","45","3","c40fab7e","partial","","explicit","proxy","{}","{""protocol"":33,""robot-path"":26,""bounds"":324,""support"":512,""load"":239}","adapter-1.0 / planners-f6ec11d4259a","2.1.0","{""requested"":1,""completed"":1,""outcomes"":[""partial""],""sameWorker"":false}","{""collision"":{""status"":""PASS"",""violations"":0,""checkedPlacements"":15,""scope"":""직육면체 기하·관측 규격 공통 검사"",""reason"":""확정 배치와 최종 적재 상태 검사""},""bounds"":{""status"":""PASS"",""violations"":0,""checkedPlacements"":15,""scope"":""직육면체 기하·관측 규격 공통 검사"",""reason"":""확정 배치와 최종 적재 상태 검사""},""height"":{""status"":""PASS"",""violations"":0,""checkedPlacements"":15,""scope"":""직육면체 기하·관측 규격 공통 검사"",""reason"":""확정 배치와 최종 적재 상태 검사""},""orientation"":{""status"":""PASS"",""violations"":0,""checkedPlacements"":15,""scope"":""직육면체 기하·관측 규격 공통 검사"",""reason"":""확정 배치와 최종 적재 상태 검사""},""load"":{""status"":""PASS"",""violations"":0,""checkedPlacements"":15,""scope"":""입력된 허용 상부하중 · 누적 정적 반력"",""reason"":""입력값 범위의 정적 검사. 실측 재료 인증 아님""},""support"":{""status"":""PASS"",""violations"":0,""checkedPlacements"":15,""scope"":""접촉·합력 작용점·정적 평형"",""reason"":""설정된 지지율·전도 여유 검사. 동적 붕괴·굽힘 파손 미검증""},""payload"":{""status"":""PASS"",""violations"":0,""checkedPlacements"":15,""scope"":""입력 가반하중 · 박스+그리퍼 질량"",""reason"":""사용자가 설정한 가반하중 한계 검사""},""robotCollision"":{""status"":""NOT VERIFIED"",""violations"":0,""checkedPlacements"":15,""scope"":""TCP·그리퍼 스윕 근사만 수행"",""reason"":""전체 로봇 링크 충돌 미검증""},""approach"":{""status"":""NOT VERIFIED"",""violations"":0,""checkedPlacements"":15,""scope"":""TCP·그리퍼 스윕 근사만 수행"",""reason"":""실제 관절 한계·역기구학·접근 자세 미검증""},""sequence"":{""status"":""NOT VERIFIED"",""violations"":0,""checkedPlacements"":15,""scope"":""TCP·그리퍼 스윕 근사만 수행"",""reason"":""실제 파지·관절 궤적·전 과정 실행 미검증""}}","21.15924455357143","83.33333333333333","15","3","0.080546679","883016461","820","","","","245.0483870967742","120.64019909102026","100","100","31.80935215010327","52.45","0.4557422969187675","0","0","","9.537111111104927","20.56050000002142","15.405930000002254","19.52958600001758","171.6679999998887","83.33333333333333","155.2371474236101","77.50414582534655","347.85488458278064","824","4.775299999979325","21.15924455357143","0","83.33333333333333","","","100","0","0","","","0","","","","","","",""
"pack-greedy","online","random","45","3","c40fab7e","partial","","explicit","proxy","{}","{""protocol"":43,""robot-path"":36,""bounds"":383,""support"":488,""load"":252}","adapter-1.0 / planners-f6ec11d4259a","2.1.0","{""requested"":1,""completed"":1,""outcomes"":[""partial""],""sameWorker"":false}","{""collision"":{""status"":""PASS"",""violations"":0,""checkedPlacements"":13,""scope"":""직육면체 기하·관측 규격 공통 검사"",""reason"":""확정 배치와 최종 적재 상태 검사""},""bounds"":{""status"":""PASS"",""violations"":0,""checkedPlacements"":13,""scope"":""직육면체 기하·관측 규격 공통 검사"",""reason"":""확정 배치와 최종 적재 상태 검사""},""height"":{""status"":""PASS"",""violations"":0,""checkedPlacements"":13,""scope"":""직육면체 기하·관측 규격 공통 검사"",""reason"":""확정 배치와 최종 적재 상태 검사""},""orientation"":{""status"":""PASS"",""violations"":0,""checkedPlacements"":13,""scope"":""직육면체 기하·관측 규격 공통 검사"",""reason"":""확정 배치와 최종 적재 상태 검사""},""load"":{""status"":""PASS"",""violations"":0,""checkedPlacements"":13,""scope"":""입력된 허용 상부하중 · 누적 정적 반력"",""reason"":""입력값 범위의 정적 검사. 실측 재료 인증 아님""},""support"":{""status"":""PASS"",""violations"":0,""checkedPlacements"":13,""scope"":""접촉·합력 작용점·정적 평형"",""reason"":""설정된 지지율·전도 여유 검사. 동적 붕괴·굽힘 파손 미검증""},""payload"":{""status"":""PASS"",""violations"":0,""checkedPlacements"":13,""scope"":""입력 가반하중 · 박스+그리퍼 질량"",""reason"":""사용자가 설정한 가반하중 한계 검사""},""robotCollision"":{""status"":""NOT VERIFIED"",""violations"":0,""checkedPlacements"":13,""scope"":""TCP·그리퍼 스윕 근사만 수행"",""reason"":""전체 로봇 링크 충돌 미검증""},""approach"":{""status"":""NOT VERIFIED"",""violations"":0,""checkedPlacements"":13,""scope"":""TCP·그리퍼 스윕 근사만 수행"",""reason"":""실제 관절 한계·역기구학·접근 자세 미검증""},""sequence"":{""status"":""NOT VERIFIED"",""violations"":0,""checkedPlacements"":13,""scope"":""TCP·그리퍼 스윕 근사만 수행"",""reason"":""실제 파지·관절 궤적·전 과정 실행 미검증""}}","18.78858544642857","72.22222222222223","13","5","0.107098061","909567843","820","","","","250.24074074074073","133.70199518988656","100","100","40.48629146496434","70.8","0.4557422969187675","0","0","","10.044527777774622","24.272100000001956","21.693965000001477","23.756473000001854","180.8014999999432","72.22222222222223","130.48536121098653","65.31548478714123","358.66092231087424","824","6.351199999975506","18.78858544642857","0","72.22222222222223","","","100","0","0","","","0","","","","","","",""
"pack-tetris","online","random","45","3","c40fab7e","partial","","explicit","proxy","{}","{""protocol"":43,""robot-path"":36,""bounds"":383,""support"":488,""load"":252}","adapter-1.0 / planners-f6ec11d4259a","2.1.0","{""requested"":1,""completed"":1,""outcomes"":[""partial""],""sameWorker"":false}","{""collision"":{""status"":""PASS"",""violations"":0,""checkedPlacements"":13,""scope"":""직육면체 기하·관측 규격 공통 검사"",""reason"":""확정 배치와 최종 적재 상태 검사""},""bounds"":{""status"":""PASS"",""violations"":0,""checkedPlacements"":13,""scope"":""직육면체 기하·관측 규격 공통 검사"",""reason"":""확정 배치와 최종 적재 상태 검사""},""height"":{""status"":""PASS"",""violations"":0,""checkedPlacements"":13,""scope"":""직육면체 기하·관측 규격 공통 검사"",""reason"":""확정 배치와 최종 적재 상태 검사""},""orientation"":{""status"":""PASS"",""violations"":0,""checkedPlacements"":13,""scope"":""직육면체 기하·관측 규격 공통 검사"",""reason"":""확정 배치와 최종 적재 상태 검사""},""load"":{""status"":""PASS"",""violations"":0,""checkedPlacements"":13,""scope"":""입력된 허용 상부하중 · 누적 정적 반력"",""reason"":""입력값 범위의 정적 검사. 실측 재료 인증 아님""},""support"":{""status"":""PASS"",""violations"":0,""checkedPlacements"":13,""scope"":""접촉·합력 작용점·정적 평형"",""reason"":""설정된 지지율·전도 여유 검사. 동적 붕괴·굽힘 파손 미검증""},""payload"":{""status"":""PASS"",""violations"":0,""checkedPlacements"":13,""scope"":""입력 가반하중 · 박스+그리퍼 질량"",""reason"":""사용자가 설정한 가반하중 한계 검사""},""robotCollision"":{""status"":""NOT VERIFIED"",""violations"":0,""checkedPlacements"":13,""scope"":""TCP·그리퍼 스윕 근사만 수행"",""reason"":""전체 로봇 링크 충돌 미검증""},""approach"":{""status"":""NOT VERIFIED"",""violations"":0,""checkedPlacements"":13,""scope"":""TCP·그리퍼 스윕 근사만 수행"",""reason"":""실제 관절 한계·역기구학·접근 자세 미검증""},""sequence"":{""status"":""NOT VERIFIED"",""violations"":0,""checkedPlacements"":13,""scope"":""TCP·그리퍼 스윕 근사만 수행"",""reason"":""실제 파지·관절 궤적·전 과정 실행 미검증""}}","18.78858544642857","72.22222222222223","13","5","0.107098061","909567843","820","","","","250.24074074074073","133.70199518988656","100","100","40.48629146496434","70.8","0.4557422969187675","0","0","","13.327444444439607","63.026099999959115","30.531535000019304","56.52718699997109","239.89399999991292","72.22222222222223","130.48536121098653","65.31548478714123","358.66092231087424","824","4.395299999974668","18.78858544642857","0","72.22222222222223","","","100","0","0","","","0","","","","","","",""
"pack-beam","online","random","45","3","c40fab7e","partial","","explicit","proxy","{}","{""protocol"":48,""robot-path"":25,""support"":517,""bounds"":373,""load"":267}","adapter-1.0 / planners-f6ec11d4259a","2.1.0","{""requested"":1,""completed"":1,""outcomes"":[""partial""],""sameWorker"":false}","{""collision"":{""status"":""PASS"",""violations"":0,""checkedPlacements"":13,""scope"":""직육면체 기하·관측 규격 공통 검사"",""reason"":""확정 배치와 최종 적재 상태 검사""},""bounds"":{""status"":""PASS"",""violations"":0,""checkedPlacements"":13,""scope"":""직육면체 기하·관측 규격 공통 검사"",""reason"":""확정 배치와 최종 적재 상태 검사""},""height"":{""status"":""PASS"",""violations"":0,""checkedPlacements"":13,""scope"":""직육면체 기하·관측 규격 공통 검사"",""reason"":""확정 배치와 최종 적재 상태 검사""},""orientation"":{""status"":""PASS"",""violations"":0,""checkedPlacements"":13,""scope"":""직육면체 기하·관측 규격 공통 검사"",""reason"":""확정 배치와 최종 적재 상태 검사""},""load"":{""status"":""PASS"",""violations"":0,""checkedPlacements"":13,""scope"":""입력된 허용 상부하중 · 누적 정적 반력"",""reason"":""입력값 범위의 정적 검사. 실측 재료 인증 아님""},""support"":{""status"":""PASS"",""violations"":0,""checkedPlacements"":13,""scope"":""접촉·합력 작용점·정적 평형"",""reason"":""설정된 지지율·전도 여유 검사. 동적 붕괴·굽힘 파손 미검증""},""payload"":{""status"":""PASS"",""violations"":0,""checkedPlacements"":13,""scope"":""입력 가반하중 · 박스+그리퍼 질량"",""reason"":""사용자가 설정한 가반하중 한계 검사""},""robotCollision"":{""status"":""NOT VERIFIED"",""violations"":0,""checkedPlacements"":13,""scope"":""TCP·그리퍼 스윕 근사만 수행"",""reason"":""전체 로봇 링크 충돌 미검증""},""approach"":{""status"":""NOT VERIFIED"",""violations"":0,""checkedPlacements"":13,""scope"":""TCP·그리퍼 스윕 근사만 수행"",""reason"":""실제 관절 한계·역기구학·접근 자세 미검증""},""sequence"":{""status"":""NOT VERIFIED"",""violations"":0,""checkedPlacements"":13,""scope"":""TCP·그리퍼 스윕 근사만 수행"",""reason"":""실제 파지·관절 궤적·전 과정 실행 미검증""}}","18.78858544642857","72.22222222222223","13","5","0.107098061","909567843","607","","","","209.5","42.9483203726512","99.31030018078289","95.51820728291317","9.361161908271853","65.85","0.5860927152317881","0","0","","968.8725833333156","2278.52019999997","2166.9957799999975","2256.2153159999752","17439.70649999968","72.22222222222223","129.110677934009","61.82194065710584","362.4797015156283","824","7.17070000001695","18.78858544642857","0","72.22222222222223","","","100","0","0","","","0","","","","","","",""
"pack-robust","online","random","45","3","c40fab7e","partial","","explicit","proxy","{}","{""protocol"":48,""robot-path"":25,""support"":517,""bounds"":373,""load"":267}","adapter-1.0 / planners-f6ec11d4259a","2.1.0","{""requested"":1,""completed"":1,""outcomes"":[""partial""],""sameWorker"":false}","{""collision"":{""status"":""PASS"",""violations"":0,""checkedPlacements"":13,""scope"":""직육면체 기하·관측 규격 공통 검사"",""reason"":""확정 배치와 최종 적재 상태 검사""},""bounds"":{""status"":""PASS"",""violations"":0,""checkedPlacements"":13,""scope"":""직육면체 기하·관측 규격 공통 검사"",""reason"":""확정 배치와 최종 적재 상태 검사""},""height"":{""status"":""PASS"",""violations"":0,""checkedPlacements"":13,""scope"":""직육면체 기하·관측 규격 공통 검사"",""reason"":""확정 배치와 최종 적재 상태 검사""},""orientation"":{""status"":""PASS"",""violations"":0,""checkedPlacements"":13,""scope"":""직육면체 기하·관측 규격 공통 검사"",""reason"":""확정 배치와 최종 적재 상태 검사""},""load"":{""status"":""PASS"",""violations"":0,""checkedPlacements"":13,""scope"":""입력된 허용 상부하중 · 누적 정적 반력"",""reason"":""입력값 범위의 정적 검사. 실측 재료 인증 아님""},""support"":{""status"":""PASS"",""violations"":0,""checkedPlacements"":13,""scope"":""접촉·합력 작용점·정적 평형"",""reason"":""설정된 지지율·전도 여유 검사. 동적 붕괴·굽힘 파손 미검증""},""payload"":{""status"":""PASS"",""violations"":0,""checkedPlacements"":13,""scope"":""입력 가반하중 · 박스+그리퍼 질량"",""reason"":""사용자가 설정한 가반하중 한계 검사""},""robotCollision"":{""status"":""NOT VERIFIED"",""violations"":0,""checkedPlacements"":13,""scope"":""TCP·그리퍼 스윕 근사만 수행"",""reason"":""전체 로봇 링크 충돌 미검증""},""approach"":{""status"":""NOT VERIFIED"",""violations"":0,""checkedPlacements"":13,""scope"":""TCP·그리퍼 스윕 근사만 수행"",""reason"":""실제 관절 한계·역기구학·접근 자세 미검증""},""sequence"":{""status"":""NOT VERIFIED"",""violations"":0,""checkedPlacements"":13,""scope"":""TCP·그리퍼 스윕 근사만 수행"",""reason"":""실제 파지·관절 궤적·전 과정 실행 미검증""}}","18.78858544642857","72.22222222222223","13","5","0.107098061","909567843","607","","","","209.5","42.9483203726512","99.31030018078289","95.51820728291317","9.361161908271853","65.85","0.5860927152317881","0","0","","1049.3130111111159","2398.114200000069","2388.2972099999547","2396.150802000046","18887.634200000088","72.22222222222223","129.110677934009","61.82194065710584","362.4797015156283","824","4.807600000058301","18.78858544642857","0","72.22222222222223","","","100","0","0","","","0","","","","","","",""
"random","online","random","45","3","c40fab7e","partial","","explicit","proxy","{}","{""robot-path"":24,""support"":381,""load"":222,""protocol"":10}","adapter-1.0 / planners-f6ec11d4259a","2.1.0","{""requested"":1,""completed"":1,""outcomes"":[""partial""],""sameWorker"":false}","{""collision"":{""status"":""PASS"",""violations"":0,""checkedPlacements"":13,""scope"":""직육면체 기하·관측 규격 공통 검사"",""reason"":""확정 배치와 최종 적재 상태 검사""},""bounds"":{""status"":""PASS"",""violations"":0,""checkedPlacements"":13,""scope"":""직육면체 기하·관측 규격 공통 검사"",""reason"":""확정 배치와 최종 적재 상태 검사""},""height"":{""status"":""PASS"",""violations"":0,""checkedPlacements"":13,""scope"":""직육면체 기하·관측 규격 공통 검사"",""reason"":""확정 배치와 최종 적재 상태 검사""},""orientation"":{""status"":""PASS"",""violations"":0,""checkedPlacements"":13,""scope"":""직육면체 기하·관측 규격 공통 검사"",""reason"":""확정 배치와 최종 적재 상태 검사""},""load"":{""status"":""PASS"",""violations"":0,""checkedPlacements"":13,""scope"":""입력된 허용 상부하중 · 누적 정적 반력"",""reason"":""입력값 범위의 정적 검사. 실측 재료 인증 아님""},""support"":{""status"":""PASS"",""violations"":0,""checkedPlacements"":13,""scope"":""접촉·합력 작용점·정적 평형"",""reason"":""설정된 지지율·전도 여유 검사. 동적 붕괴·굽힘 파손 미검증""},""payload"":{""status"":""PASS"",""violations"":0,""checkedPlacements"":13,""scope"":""입력 가반하중 · 박스+그리퍼 질량"",""reason"":""사용자가 설정한 가반하중 한계 검사""},""robotCollision"":{""status"":""NOT VERIFIED"",""violations"":0,""checkedPlacements"":13,""scope"":""TCP·그리퍼 스윕 근사만 수행"",""reason"":""전체 로봇 링크 충돌 미검증""},""approach"":{""status"":""NOT VERIFIED"",""violations"":0,""checkedPlacements"":13,""scope"":""TCP·그리퍼 스윕 근사만 수행"",""reason"":""실제 관절 한계·역기구학·접근 자세 미검증""},""sequence"":{""status"":""NOT VERIFIED"",""violations"":0,""checkedPlacements"":13,""scope"":""TCP·그리퍼 스윕 근사만 수행"",""reason"":""실제 파지·관절 궤적·전 과정 실행 미검증""}}","18.78858544642857","72.22222222222223","13","5","0.107098061","909567843","607","","","","210.83333333333334","22.38584651217042","99.65524671407024","95.51820728291317","16.295670032933756","65.85","0.4834516548345166","0","0","","15.70096666667895","31.505699999979697","30.151649999985235","31.2348899999808","282.6174000002211","72.22222222222223","123.41621348920613","59.42053876798398","379.20463346651843","824","4.120100000058301","18.78858544642857","0","72.22222222222223","","","100","0","0","","","0","","","","","","",""
"bl","online","random","45","3","c40fab7e","partial","","explicit","proxy","{}","{""robot-path"":36,""support"":383,""load"":342}","adapter-1.0 / planners-f6ec11d4259a","2.1.0","{""requested"":1,""completed"":1,""outcomes"":[""partial""],""sameWorker"":false}","{""collision"":{""status"":""PASS"",""violations"":0,""checkedPlacements"":13,""scope"":""직육면체 기하·관측 규격 공통 검사"",""reason"":""확정 배치와 최종 적재 상태 검사""},""bounds"":{""status"":""PASS"",""violations"":0,""checkedPlacements"":13,""scope"":""직육면체 기하·관측 규격 공통 검사"",""reason"":""확정 배치와 최종 적재 상태 검사""},""height"":{""status"":""PASS"",""violations"":0,""checkedPlacements"":13,""scope"":""직육면체 기하·관측 규격 공통 검사"",""reason"":""확정 배치와 최종 적재 상태 검사""},""orientation"":{""status"":""PASS"",""violations"":0,""checkedPlacements"":13,""scope"":""직육면체 기하·관측 규격 공통 검사"",""reason"":""확정 배치와 최종 적재 상태 검사""},""load"":{""status"":""PASS"",""violations"":0,""checkedPlacements"":13,""scope"":""입력된 허용 상부하중 · 누적 정적 반력"",""reason"":""입력값 범위의 정적 검사. 실측 재료 인증 아님""},""support"":{""status"":""PASS"",""violations"":0,""checkedPlacements"":13,""scope"":""접촉·합력 작용점·정적 평형"",""reason"":""설정된 지지율·전도 여유 검사. 동적 붕괴·굽힘 파손 미검증""},""payload"":{""status"":""PASS"",""violations"":0,""checkedPlacements"":13,""scope"":""입력 가반하중 · 박스+그리퍼 질량"",""reason"":""사용자가 설정한 가반하중 한계 검사""},""robotCollision"":{""status"":""NOT VERIFIED"",""violations"":0,""checkedPlacements"":13,""scope"":""TCP·그리퍼 스윕 근사만 수행"",""reason"":""전체 로봇 링크 충돌 미검증""},""approach"":{""status"":""NOT VERIFIED"",""violations"":0,""checkedPlacements"":13,""scope"":""TCP·그리퍼 스윕 근사만 수행"",""reason"":""실제 관절 한계·역기구학·접근 자세 미검증""},""sequence"":{""status"":""NOT VERIFIED"",""violations"":0,""checkedPlacements"":13,""scope"":""TCP·그리퍼 스윕 근사만 수행"",""reason"":""실제 파지·관절 궤적·전 과정 실행 미검증""}}","18.78858544642857","72.22222222222223","13","5","0.107098061","909567843","651","","","","228.61111111111111","143.49529693988325","99.71404060623392","96.28252788104089","31.960221537978555","70.8","0.3927291346646187","0","0","","55.30774444444493","198.8921000000555","128.29271500003512","184.77222300005133","995.5394000000088","72.22222222222223","134.12576103259707","65.7317446711881","348.9262587567054","826","4.519300000043586","18.78858544642857","0","72.22222222222223","","","100","0","0","","","0","","","","","","",""
"greedy","online","random","45","3","c40fab7e","partial","","explicit","proxy","{}","{""support"":294,""load"":192,""robot-path"":29}","adapter-1.0 / planners-f6ec11d4259a","2.1.0","{""requested"":1,""completed"":1,""outcomes"":[""partial""],""sameWorker"":false}","{""collision"":{""status"":""PASS"",""violations"":0,""checkedPlacements"":17,""scope"":""직육면체 기하·관측 규격 공통 검사"",""reason"":""확정 배치와 최종 적재 상태 검사""},""bounds"":{""status"":""PASS"",""violations"":0,""checkedPlacements"":17,""scope"":""직육면체 기하·관측 규격 공통 검사"",""reason"":""확정 배치와 최종 적재 상태 검사""},""height"":{""status"":""PASS"",""violations"":0,""checkedPlacements"":17,""scope"":""직육면체 기하·관측 규격 공통 검사"",""reason"":""확정 배치와 최종 적재 상태 검사""},""orientation"":{""status"":""PASS"",""violations"":0,""checkedPlacements"":17,""scope"":""직육면체 기하·관측 규격 공통 검사"",""reason"":""확정 배치와 최종 적재 상태 검사""},""load"":{""status"":""PASS"",""violations"":0,""checkedPlacements"":17,""scope"":""입력된 허용 상부하중 · 누적 정적 반력"",""reason"":""입력값 범위의 정적 검사. 실측 재료 인증 아님""},""support"":{""status"":""PASS"",""violations"":0,""checkedPlacements"":17,""scope"":""접촉·합력 작용점·정적 평형"",""reason"":""설정된 지지율·전도 여유 검사. 동적 붕괴·굽힘 파손 미검증""},""payload"":{""status"":""PASS"",""violations"":0,""checkedPlacements"":17,""scope"":""입력 가반하중 · 박스+그리퍼 질량"",""reason"":""사용자가 설정한 가반하중 한계 검사""},""robotCollision"":{""status"":""NOT VERIFIED"",""violations"":0,""checkedPlacements"":17,""scope"":""TCP·그리퍼 스윕 근사만 수행"",""reason"":""전체 로봇 링크 충돌 미검증""},""approach"":{""status"":""NOT VERIFIED"",""violations"":0,""checkedPlacements"":17,""scope"":""TCP·그리퍼 스윕 근사만 수행"",""reason"":""실제 관절 한계·역기구학·접근 자세 미검증""},""sequence"":{""status"":""NOT VERIFIED"",""violations"":0,""checkedPlacements"":17,""scope"":""TCP·그리퍼 스윕 근사만 수행"",""reason"":""실제 파지·관절 궤적·전 과정 실행 미검증""}}","26.278236160714286","94.44444444444444","17","1","0.023213973","825683755","651","","","","250.08536585365854","99.68200745811536","99.32198793703176","95.19774011299435","16.00077878944813","51.69166666666663","0.3782192788815304","0","0","","229.557083333338","931.7314999999944","695.369704999978","884.4591409999907","4132.027500000084","94.44444444444444","176.2862095652272","84.68603621739766","347.1627199367262","826","6.568300000042655","26.278236160714286","0","94.44444444444444","","","100","0","0","","","0","","","","","","",""
"rollout","online","randomExceptions","45","3","db079818","partial","","explicit","proxy","{}","{""protocol"":16,""bounds"":22,""support"":275,""load"":123,""robot-path"":7}","adapter-1.0 / planners-f6ec11d4259a","2.1.0","{""requested"":1,""completed"":1,""outcomes"":[""partial""],""sameWorker"":false}","{""collision"":{""status"":""PASS"",""violations"":0,""checkedPlacements"":12,""scope"":""직육면체 기하·관측 규격 공통 검사"",""reason"":""확정 배치와 최종 적재 상태 검사""},""bounds"":{""status"":""PASS"",""violations"":0,""checkedPlacements"":12,""scope"":""직육면체 기하·관측 규격 공통 검사"",""reason"":""확정 배치와 최종 적재 상태 검사""},""height"":{""status"":""PASS"",""violations"":0,""checkedPlacements"":12,""scope"":""직육면체 기하·관측 규격 공통 검사"",""reason"":""확정 배치와 최종 적재 상태 검사""},""orientation"":{""status"":""PASS"",""violations"":0,""checkedPlacements"":12,""scope"":""직육면체 기하·관측 규격 공통 검사"",""reason"":""확정 배치와 최종 적재 상태 검사""},""load"":{""status"":""PASS"",""violations"":0,""checkedPlacements"":12,""scope"":""입력된 허용 상부하중 · 누적 정적 반력"",""reason"":""입력값 범위의 정적 검사. 실측 재료 인증 아님""},""support"":{""status"":""PASS"",""violations"":0,""checkedPlacements"":12,""scope"":""접촉·합력 작용점·정적 평형"",""reason"":""설정된 지지율·전도 여유 검사. 동적 붕괴·굽힘 파손 미검증""},""payload"":{""status"":""PASS"",""violations"":0,""checkedPlacements"":12,""scope"":""입력 가반하중 · 박스+그리퍼 질량"",""reason"":""사용자가 설정한 가반하중 한계 검사""},""robotCollision"":{""status"":""NOT VERIFIED"",""violations"":0,""checkedPlacements"":12,""scope"":""TCP·그리퍼 스윕 근사만 수행"",""reason"":""전체 로봇 링크 충돌 미검증""},""approach"":{""status"":""NOT VERIFIED"",""violations"":0,""checkedPlacements"":12,""scope"":""TCP·그리퍼 스윕 근사만 수행"",""reason"":""실제 관절 한계·역기구학·접근 자세 미검증""},""sequence"":{""status"":""NOT VERIFIED"",""violations"":0,""checkedPlacements"":12,""scope"":""TCP·그리퍼 스윕 근사만 수행"",""reason"":""실제 파지·관절 궤적·전 과정 실행 미검증""}}","14.8534","75","12","4","0.083884088","953641920","434","","","","155.43333333333334","83.80403861920311","100","100","14.018177406085359","70.8","0.5913705583756346","0","0","","339.96113125003467","623.0448000000324","570.2049750000879","612.4768350000435","5439.378100000555","75","114.58097172603655","53.02763162192375","377.02595247046196","750","4.403300000005402","","","","","","100","0","0","","","0","100","100","100","100","437.35880000004545","",""
"strategy-greedy","online","randomExceptions","45","3","db079818","partial","","explicit","proxy","{}","{""protocol"":10,""support"":376,""load"":369,""robot-path"":23}","adapter-1.0 / planners-f6ec11d4259a","2.1.0","{""requested"":1,""completed"":1,""outcomes"":[""partial""],""sameWorker"":false}","{""collision"":{""status"":""PASS"",""violations"":0,""checkedPlacements"":13,""scope"":""직육면체 기하·관측 규격 공통 검사"",""reason"":""확정 배치와 최종 적재 상태 검사""},""bounds"":{""status"":""PASS"",""violations"":0,""checkedPlacements"":13,""scope"":""직육면체 기하·관측 규격 공통 검사"",""reason"":""확정 배치와 최종 적재 상태 검사""},""height"":{""status"":""PASS"",""violations"":0,""checkedPlacements"":13,""scope"":""직육면체 기하·관측 규격 공통 검사"",""reason"":""확정 배치와 최종 적재 상태 검사""},""orientation"":{""status"":""PASS"",""violations"":0,""checkedPlacements"":13,""scope"":""직육면체 기하·관측 규격 공통 검사"",""reason"":""확정 배치와 최종 적재 상태 검사""},""load"":{""status"":""PASS"",""violations"":0,""checkedPlacements"":13,""scope"":""입력된 허용 상부하중 · 누적 정적 반력"",""reason"":""입력값 범위의 정적 검사. 실측 재료 인증 아님""},""support"":{""status"":""PASS"",""violations"":0,""checkedPlacements"":13,""scope"":""접촉·합력 작용점·정적 평형"",""reason"":""설정된 지지율·전도 여유 검사. 동적 붕괴·굽힘 파손 미검증""},""payload"":{""status"":""PASS"",""violations"":0,""checkedPlacements"":13,""scope"":""입력 가반하중 · 박스+그리퍼 질량"",""reason"":""사용자가 설정한 가반하중 한계 검사""},""robotCollision"":{""status"":""NOT VERIFIED"",""violations"":0,""checkedPlacements"":13,""scope"":""TCP·그리퍼 스윕 근사만 수행"",""reason"":""전체 로봇 링크 충돌 미검증""},""approach"":{""status"":""NOT VERIFIED"",""violations"":0,""checkedPlacements"":13,""scope"":""TCP·그리퍼 스윕 근사만 수행"",""reason"":""실제 관절 한계·역기구학·접근 자세 미검증""},""sequence"":{""status"":""NOT VERIFIED"",""violations"":0,""checkedPlacements"":13,""scope"":""TCP·그리퍼 스윕 근사만 수행"",""reason"":""실제 파지·관절 궤적·전 과정 실행 미검증""}}","15.066613660714287","81.25","13","3","0.081496095","951253927","868","","","","274.89130434782606","79.01129913958145","100","100","12.505473147584231","52.45","0.3099078341013825","0","0","","13.656006249984785","47.146700000041164","35.36015000005136","44.7893900000432","218.49609999975655","81.25","150.1033530727953","72.21717949731692","311.78517362835663","750","4.075599999981932","","","","","","100","0","0","","","0","100","100","0","66.66666666666667","8.184799999929965","",""
"macs","online","randomExceptions","45","3","db079818","partial","","explicit","proxy","{}","{""protocol"":10,""support"":377,""load"":373,""robot-path"":8}","adapter-1.0 / planners-f6ec11d4259a","2.1.0","{""requested"":1,""completed"":1,""outcomes"":[""partial""],""sameWorker"":false}","{""collision"":{""status"":""PASS"",""violations"":0,""checkedPlacements"":13,""scope"":""직육면체 기하·관측 규격 공통 검사"",""reason"":""확정 배치와 최종 적재 상태 검사""},""bounds"":{""status"":""PASS"",""violations"":0,""checkedPlacements"":13,""scope"":""직육면체 기하·관측 규격 공통 검사"",""reason"":""확정 배치와 최종 적재 상태 검사""},""height"":{""status"":""PASS"",""violations"":0,""checkedPlacements"":13,""scope"":""직육면체 기하·관측 규격 공통 검사"",""reason"":""확정 배치와 최종 적재 상태 검사""},""orientation"":{""status"":""PASS"",""violations"":0,""checkedPlacements"":13,""scope"":""직육면체 기하·관측 규격 공통 검사"",""reason"":""확정 배치와 최종 적재 상태 검사""},""load"":{""status"":""PASS"",""violations"":0,""checkedPlacements"":13,""scope"":""입력된 허용 상부하중 · 누적 정적 반력"",""reason"":""입력값 범위의 정적 검사. 실측 재료 인증 아님""},""support"":{""status"":""PASS"",""violations"":0,""checkedPlacements"":13,""scope"":""접촉·합력 작용점·정적 평형"",""reason"":""설정된 지지율·전도 여유 검사. 동적 붕괴·굽힘 파손 미검증""},""payload"":{""status"":""PASS"",""violations"":0,""checkedPlacements"":13,""scope"":""입력 가반하중 · 박스+그리퍼 질량"",""reason"":""사용자가 설정한 가반하중 한계 검사""},""robotCollision"":{""status"":""NOT VERIFIED"",""violations"":0,""checkedPlacements"":13,""scope"":""TCP·그리퍼 스윕 근사만 수행"",""reason"":""전체 로봇 링크 충돌 미검증""},""approach"":{""status"":""NOT VERIFIED"",""violations"":0,""checkedPlacements"":13,""scope"":""TCP·그리퍼 스윕 근사만 수행"",""reason"":""실제 관절 한계·역기구학·접근 자세 미검증""},""sequence"":{""status"":""NOT VERIFIED"",""violations"":0,""checkedPlacements"":13,""scope"":""TCP·그리퍼 스윕 근사만 수행"",""reason"":""실제 파지·관절 궤적·전 과정 실행 미검증""}}","15.066613660714287","81.25","13","3","0.081496095","951253927","868","","","","259.8478260869565","138.95488509734932","100","100","19.903660755402257","52.45","0.3099078341013825","0","0","","15.233937500008324","43.44660000002477","36.3857250000583","42.034425000031476","243.74300000013318","81.25","144.289406616886","70.38811430097591","324.3481354404784","750","5.299799999920651","","","","","","100","0","0","","","0","100","100","0","66.66666666666667","15.63870000001043","",""
"tetris-reserved","online","randomExceptions","45","3","db079818","partial","","explicit","proxy","{}","{""protocol"":10,""bounds"":22,""support"":293,""load"":286,""robot-path"":15}","adapter-1.0 / planners-f6ec11d4259a","2.1.0","{""requested"":1,""completed"":1,""outcomes"":[""partial""],""sameWorker"":false}","{""collision"":{""status"":""PASS"",""violations"":0,""checkedPlacements"":12,""scope"":""직육면체 기하·관측 규격 공통 검사"",""reason"":""확정 배치와 최종 적재 상태 검사""},""bounds"":{""status"":""PASS"",""violations"":0,""checkedPlacements"":12,""scope"":""직육면체 기하·관측 규격 공통 검사"",""reason"":""확정 배치와 최종 적재 상태 검사""},""height"":{""status"":""PASS"",""violations"":0,""checkedPlacements"":12,""scope"":""직육면체 기하·관측 규격 공통 검사"",""reason"":""확정 배치와 최종 적재 상태 검사""},""orientation"":{""status"":""PASS"",""violations"":0,""checkedPlacements"":12,""scope"":""직육면체 기하·관측 규격 공통 검사"",""reason"":""확정 배치와 최종 적재 상태 검사""},""load"":{""status"":""PASS"",""violations"":0,""checkedPlacements"":12,""scope"":""입력된 허용 상부하중 · 누적 정적 반력"",""reason"":""입력값 범위의 정적 검사. 실측 재료 인증 아님""},""support"":{""status"":""PASS"",""violations"":0,""checkedPlacements"":12,""scope"":""접촉·합력 작용점·정적 평형"",""reason"":""설정된 지지율·전도 여유 검사. 동적 붕괴·굽힘 파손 미검증""},""payload"":{""status"":""PASS"",""violations"":0,""checkedPlacements"":12,""scope"":""입력 가반하중 · 박스+그리퍼 질량"",""reason"":""사용자가 설정한 가반하중 한계 검사""},""robotCollision"":{""status"":""NOT VERIFIED"",""violations"":0,""checkedPlacements"":12,""scope"":""TCP·그리퍼 스윕 근사만 수행"",""reason"":""전체 로봇 링크 충돌 미검증""},""approach"":{""status"":""NOT VERIFIED"",""violations"":0,""checkedPlacements"":12,""scope"":""TCP·그리퍼 스윕 근사만 수행"",""reason"":""실제 관절 한계·역기구학·접근 자세 미검증""},""sequence"":{""status"":""NOT VERIFIED"",""violations"":0,""checkedPlacements"":12,""scope"":""TCP·그리퍼 스윕 근사만 수행"",""reason"":""실제 파지·관절 궤적·전 과정 실행 미검증""}}","14.8534","75","12","4","0.083884088","953641920","434","","","","160.14","44.95591223014437","100","100","8.005817311944908","70.8","0.5518207282913166","0","0","","195.61586875000648","481.35939999995753","394.6657749999722","464.0206749999604","3129.8539000001037","75","117.13197525514494","55.985783915844216","368.81474854239235","750","6.400899999891408","","","","","","100","0","0","","","0","100","100","100","100","334.8264999999665","",""
"dynamic-reservation","online","randomExceptions","45","3","db079818","partial","","explicit","proxy","{}","{""protocol"":10,""bounds"":22,""support"":262,""load"":179,""robot-path"":13}","adapter-1.0 / planners-f6ec11d4259a","2.1.0","{""requested"":1,""completed"":1,""outcomes"":[""partial""],""sameWorker"":false}","{""collision"":{""status"":""PASS"",""violations"":0,""checkedPlacements"":13,""scope"":""직육면체 기하·관측 규격 공통 검사"",""reason"":""확정 배치와 최종 적재 상태 검사""},""bounds"":{""status"":""PASS"",""violations"":0,""checkedPlacements"":13,""scope"":""직육면체 기하·관측 규격 공통 검사"",""reason"":""확정 배치와 최종 적재 상태 검사""},""height"":{""status"":""PASS"",""violations"":0,""checkedPlacements"":13,""scope"":""직육면체 기하·관측 규격 공통 검사"",""reason"":""확정 배치와 최종 적재 상태 검사""},""orientation"":{""status"":""PASS"",""violations"":0,""checkedPlacements"":13,""scope"":""직육면체 기하·관측 규격 공통 검사"",""reason"":""확정 배치와 최종 적재 상태 검사""},""load"":{""status"":""PASS"",""violations"":0,""checkedPlacements"":13,""scope"":""입력된 허용 상부하중 · 누적 정적 반력"",""reason"":""입력값 범위의 정적 검사. 실측 재료 인증 아님""},""support"":{""status"":""PASS"",""violations"":0,""checkedPlacements"":13,""scope"":""접촉·합력 작용점·정적 평형"",""reason"":""설정된 지지율·전도 여유 검사. 동적 붕괴·굽힘 파손 미검증""},""payload"":{""status"":""PASS"",""violations"":0,""checkedPlacements"":13,""scope"":""입력 가반하중 · 박스+그리퍼 질량"",""reason"":""사용자가 설정한 가반하중 한계 검사""},""robotCollision"":{""status"":""NOT VERIFIED"",""violations"":0,""checkedPlacements"":13,""scope"":""TCP·그리퍼 스윕 근사만 수행"",""reason"":""전체 로봇 링크 충돌 미검증""},""approach"":{""status"":""NOT VERIFIED"",""violations"":0,""checkedPlacements"":13,""scope"":""TCP·그리퍼 스윕 근사만 수행"",""reason"":""실제 관절 한계·역기구학·접근 자세 미검증""},""sequence"":{""status"":""NOT VERIFIED"",""violations"":0,""checkedPlacements"":13,""scope"":""TCP·그리퍼 스윕 근사만 수행"",""reason"":""실제 파지·관절 궤적·전 과정 실행 미검증""}}","16.926076160714285","81.25","13","3","0.060670115","930427947","651","","","","181.60752688172042","55.120012747598395","100","100","9.830218600578732","67.152375","0.41321044546851","0","0","","371.11629374999757","1254.0745000001043","788.6837500000547","1160.996350000094","5937.860699999961","81.25","134.5407329056584","66.00147638867797","347.8500450329547","750","5.726400000043213","","","","","","100","0","0","","","0","100","100","100","100","402.7454999999609","",""
"lookahead","online","randomExceptions","45","3","db079818","partial","","explicit","proxy","{}","{""protocol"":10,""support"":376,""load"":369,""robot-path"":23}","adapter-1.0 / planners-f6ec11d4259a","2.1.0","{""requested"":1,""completed"":1,""outcomes"":[""partial""],""sameWorker"":false}","{""collision"":{""status"":""PASS"",""violations"":0,""checkedPlacements"":13,""scope"":""직육면체 기하·관측 규격 공통 검사"",""reason"":""확정 배치와 최종 적재 상태 검사""},""bounds"":{""status"":""PASS"",""violations"":0,""checkedPlacements"":13,""scope"":""직육면체 기하·관측 규격 공통 검사"",""reason"":""확정 배치와 최종 적재 상태 검사""},""height"":{""status"":""PASS"",""violations"":0,""checkedPlacements"":13,""scope"":""직육면체 기하·관측 규격 공통 검사"",""reason"":""확정 배치와 최종 적재 상태 검사""},""orientation"":{""status"":""PASS"",""violations"":0,""checkedPlacements"":13,""scope"":""직육면체 기하·관측 규격 공통 검사"",""reason"":""확정 배치와 최종 적재 상태 검사""},""load"":{""status"":""PASS"",""violations"":0,""checkedPlacements"":13,""scope"":""입력된 허용 상부하중 · 누적 정적 반력"",""reason"":""입력값 범위의 정적 검사. 실측 재료 인증 아님""},""support"":{""status"":""PASS"",""violations"":0,""checkedPlacements"":13,""scope"":""접촉·합력 작용점·정적 평형"",""reason"":""설정된 지지율·전도 여유 검사. 동적 붕괴·굽힘 파손 미검증""},""payload"":{""status"":""PASS"",""violations"":0,""checkedPlacements"":13,""scope"":""입력 가반하중 · 박스+그리퍼 질량"",""reason"":""사용자가 설정한 가반하중 한계 검사""},""robotCollision"":{""status"":""NOT VERIFIED"",""violations"":0,""checkedPlacements"":13,""scope"":""TCP·그리퍼 스윕 근사만 수행"",""reason"":""전체 로봇 링크 충돌 미검증""},""approach"":{""status"":""NOT VERIFIED"",""violations"":0,""checkedPlacements"":13,""scope"":""TCP·그리퍼 스윕 근사만 수행"",""reason"":""실제 관절 한계·역기구학·접근 자세 미검증""},""sequence"":{""status"":""NOT VERIFIED"",""violations"":0,""checkedPlacements"":13,""scope"":""TCP·그리퍼 스윕 근사만 수행"",""reason"":""실제 파지·관절 궤적·전 과정 실행 미검증""}}","15.066613660714287","81.25","13","3","0.081496095","951253927","868","","","","274.89130434782606","79.01129913958145","100","100","12.505473147584231","52.45","0.3099078341013825","0","0","","146.18255624997983","328.6170999999158","316.1506749999826","326.12381499992915","2338.920899999677","81.25","150.1033530727953","72.21717949731692","311.78517362835663","750","5.413500000024214","","","","","","100","0","0","","","0","100","100","0","66.66666666666667","31.975199999986216","",""
"future-hybrid","online","randomExceptions","45","3","db079818","partial","","explicit","proxy","{}","{""protocol"":10,""bounds"":22,""support"":262,""load"":179,""robot-path"":13}","adapter-1.0 / planners-f6ec11d4259a","2.1.0","{""requested"":1,""completed"":1,""outcomes"":[""partial""],""sameWorker"":false}","{""collision"":{""status"":""PASS"",""violations"":0,""checkedPlacements"":13,""scope"":""직육면체 기하·관측 규격 공통 검사"",""reason"":""확정 배치와 최종 적재 상태 검사""},""bounds"":{""status"":""PASS"",""violations"":0,""checkedPlacements"":13,""scope"":""직육면체 기하·관측 규격 공통 검사"",""reason"":""확정 배치와 최종 적재 상태 검사""},""height"":{""status"":""PASS"",""violations"":0,""checkedPlacements"":13,""scope"":""직육면체 기하·관측 규격 공통 검사"",""reason"":""확정 배치와 최종 적재 상태 검사""},""orientation"":{""status"":""PASS"",""violations"":0,""checkedPlacements"":13,""scope"":""직육면체 기하·관측 규격 공통 검사"",""reason"":""확정 배치와 최종 적재 상태 검사""},""load"":{""status"":""PASS"",""violations"":0,""checkedPlacements"":13,""scope"":""입력된 허용 상부하중 · 누적 정적 반력"",""reason"":""입력값 범위의 정적 검사. 실측 재료 인증 아님""},""support"":{""status"":""PASS"",""violations"":0,""checkedPlacements"":13,""scope"":""접촉·합력 작용점·정적 평형"",""reason"":""설정된 지지율·전도 여유 검사. 동적 붕괴·굽힘 파손 미검증""},""payload"":{""status"":""PASS"",""violations"":0,""checkedPlacements"":13,""scope"":""입력 가반하중 · 박스+그리퍼 질량"",""reason"":""사용자가 설정한 가반하중 한계 검사""},""robotCollision"":{""status"":""NOT VERIFIED"",""violations"":0,""checkedPlacements"":13,""scope"":""TCP·그리퍼 스윕 근사만 수행"",""reason"":""전체 로봇 링크 충돌 미검증""},""approach"":{""status"":""NOT VERIFIED"",""violations"":0,""checkedPlacements"":13,""scope"":""TCP·그리퍼 스윕 근사만 수행"",""reason"":""실제 관절 한계·역기구학·접근 자세 미검증""},""sequence"":{""status"":""NOT VERIFIED"",""violations"":0,""checkedPlacements"":13,""scope"":""TCP·그리퍼 스윕 근사만 수행"",""reason"":""실제 파지·관절 궤적·전 과정 실행 미검증""}}","16.926076160714285","81.25","13","3","0.060670115","930427947","651","","","","181.60752688172042","55.120012747598395","100","100","9.830218600578732","67.152375","0.41321044546851","0","0","","364.71675624999625","1085.7291999999434","885.1594749999931","1045.6152549999533","5835.46809999994","81.25","134.5407329056584","66.00147638867797","347.8500450329547","750","4.520699999993667","","","","","","100","0","0","","","0","100","100","100","100","324.8622000000905","",""
"blb","online","randomExceptions","45","3","db079818","partial","","explicit","proxy","{}","{""protocol"":11,""bounds"":24,""support"":289,""load"":211,""robot-path"":12}","adapter-1.0 / planners-f6ec11d4259a","2.1.0","{""requested"":1,""completed"":1,""outcomes"":[""partial""],""sameWorker"":false}","{""collision"":{""status"":""PASS"",""violations"":0,""checkedPlacements"":11,""scope"":""직육면체 기하·관측 규격 공통 검사"",""reason"":""확정 배치와 최종 적재 상태 검사""},""bounds"":{""status"":""PASS"",""violations"":0,""checkedPlacements"":11,""scope"":""직육면체 기하·관측 규격 공통 검사"",""reason"":""확정 배치와 최종 적재 상태 검사""},""height"":{""status"":""PASS"",""violations"":0,""checkedPlacements"":11,""scope"":""직육면체 기하·관측 규격 공통 검사"",""reason"":""확정 배치와 최종 적재 상태 검사""},""orientation"":{""status"":""PASS"",""violations"":0,""checkedPlacements"":11,""scope"":""직육면체 기하·관측 규격 공통 검사"",""reason"":""확정 배치와 최종 적재 상태 검사""},""load"":{""status"":""PASS"",""violations"":0,""checkedPlacements"":11,""scope"":""입력된 허용 상부하중 · 누적 정적 반력"",""reason"":""입력값 범위의 정적 검사. 실측 재료 인증 아님""},""support"":{""status"":""PASS"",""violations"":0,""checkedPlacements"":11,""scope"":""접촉·합력 작용점·정적 평형"",""reason"":""설정된 지지율·전도 여유 검사. 동적 붕괴·굽힘 파손 미검증""},""payload"":{""status"":""PASS"",""violations"":0,""checkedPlacements"":11,""scope"":""입력 가반하중 · 박스+그리퍼 질량"",""reason"":""사용자가 설정한 가반하중 한계 검사""},""robotCollision"":{""status"":""NOT VERIFIED"",""violations"":0,""checkedPlacements"":11,""scope"":""TCP·그리퍼 스윕 근사만 수행"",""reason"":""전체 로봇 링크 충돌 미검증""},""approach"":{""status"":""NOT VERIFIED"",""violations"":0,""checkedPlacements"":11,""scope"":""TCP·그리퍼 스윕 근사만 수행"",""reason"":""실제 관절 한계·역기구학·접근 자세 미검증""},""sequence"":{""status"":""NOT VERIFIED"",""violations"":0,""checkedPlacements"":11,""scope"":""TCP·그리퍼 스윕 근사만 수행"",""reason"":""실제 파지·관절 궤적·전 과정 실행 미검증""}}","12.695954553571429","68.75","11","5","0.108047477","977805309","434","","","","131.67543859649123","101.44687729798216","100","100","26.338916720151506","70.8","0.619815668202765","0","0","","15.055731250038662","36.45980000006966","35.06187500007218","36.18021500007016","240.89170000061858","68.75","107.09955369054273","52.06470989885279","369.7494399875993","744","10.891199999954551","","","","","","100","0","0","","","0","100","100","0","66.66666666666667","8.23879999993369","",""
"pack-first","online","randomExceptions","45","3","db079818","partial","","explicit","proxy","{}","{""protocol"":36,""support"":390,""load"":218,""bounds"":287,""robot-path"":22}","adapter-1.0 / planners-f6ec11d4259a","2.1.0","{""requested"":1,""completed"":1,""outcomes"":[""partial""],""sameWorker"":false}","{""collision"":{""status"":""PASS"",""violations"":0,""checkedPlacements"":11,""scope"":""직육면체 기하·관측 규격 공통 검사"",""reason"":""확정 배치와 최종 적재 상태 검사""},""bounds"":{""status"":""PASS"",""violations"":0,""checkedPlacements"":11,""scope"":""직육면체 기하·관측 규격 공통 검사"",""reason"":""확정 배치와 최종 적재 상태 검사""},""height"":{""status"":""PASS"",""violations"":0,""checkedPlacements"":11,""scope"":""직육면체 기하·관측 규격 공통 검사"",""reason"":""확정 배치와 최종 적재 상태 검사""},""orientation"":{""status"":""PASS"",""violations"":0,""checkedPlacements"":11,""scope"":""직육면체 기하·관측 규격 공통 검사"",""reason"":""확정 배치와 최종 적재 상태 검사""},""load"":{""status"":""PASS"",""violations"":0,""checkedPlacements"":11,""scope"":""입력된 허용 상부하중 · 누적 정적 반력"",""reason"":""입력값 범위의 정적 검사. 실측 재료 인증 아님""},""support"":{""status"":""PASS"",""violations"":0,""checkedPlacements"":11,""scope"":""접촉·합력 작용점·정적 평형"",""reason"":""설정된 지지율·전도 여유 검사. 동적 붕괴·굽힘 파손 미검증""},""payload"":{""status"":""PASS"",""violations"":0,""checkedPlacements"":11,""scope"":""입력 가반하중 · 박스+그리퍼 질량"",""reason"":""사용자가 설정한 가반하중 한계 검사""},""robotCollision"":{""status"":""NOT VERIFIED"",""violations"":0,""checkedPlacements"":11,""scope"":""TCP·그리퍼 스윕 근사만 수행"",""reason"":""전체 로봇 링크 충돌 미검증""},""approach"":{""status"":""NOT VERIFIED"",""violations"":0,""checkedPlacements"":11,""scope"":""TCP·그리퍼 스윕 근사만 수행"",""reason"":""실제 관절 한계·역기구학·접근 자세 미검증""},""sequence"":{""status"":""NOT VERIFIED"",""violations"":0,""checkedPlacements"":11,""scope"":""TCP·그리퍼 스윕 근사만 수행"",""reason"":""실제 파지·관절 궤적·전 과정 실행 미검증""}}","12.695954553571429","68.75","11","5","0.108047477","977805309","434","","","","131.67543859649123","101.44687729798216","100","100","26.338916720151506","70.8","0.619815668202765","0","0","","10.622581249976065","18.92389999993611","17.368699999933597","18.61285999993561","169.96129999961704","68.75","107.09955369054273","52.06470989885279","369.7494399875993","744","3.0204999999841675","","","","","","100","0","0","","","0","100","100","0","66.66666666666667","12.730800000019372","",""
"pack-greedy","online","randomExceptions","45","3","db079818","partial","","explicit","proxy","{}","{""protocol"":38,""support"":429,""load"":234,""bounds"":284,""robot-path"":7}","adapter-1.0 / planners-f6ec11d4259a","2.1.0","{""requested"":1,""completed"":1,""outcomes"":[""partial""],""sameWorker"":false}","{""collision"":{""status"":""PASS"",""violations"":0,""checkedPlacements"":10,""scope"":""직육면체 기하·관측 규격 공통 검사"",""reason"":""확정 배치와 최종 적재 상태 검사""},""bounds"":{""status"":""PASS"",""violations"":0,""checkedPlacements"":10,""scope"":""직육면체 기하·관측 규격 공통 검사"",""reason"":""확정 배치와 최종 적재 상태 검사""},""height"":{""status"":""PASS"",""violations"":0,""checkedPlacements"":10,""scope"":""직육면체 기하·관측 규격 공통 검사"",""reason"":""확정 배치와 최종 적재 상태 검사""},""orientation"":{""status"":""PASS"",""violations"":0,""checkedPlacements"":10,""scope"":""직육면체 기하·관측 규격 공통 검사"",""reason"":""확정 배치와 최종 적재 상태 검사""},""load"":{""status"":""PASS"",""violations"":0,""checkedPlacements"":10,""scope"":""입력된 허용 상부하중 · 누적 정적 반력"",""reason"":""입력값 범위의 정적 검사. 실측 재료 인증 아님""},""support"":{""status"":""PASS"",""violations"":0,""checkedPlacements"":10,""scope"":""접촉·합력 작용점·정적 평형"",""reason"":""설정된 지지율·전도 여유 검사. 동적 붕괴·굽힘 파손 미검증""},""payload"":{""status"":""PASS"",""violations"":0,""checkedPlacements"":10,""scope"":""입력 가반하중 · 박스+그리퍼 질량"",""reason"":""사용자가 설정한 가반하중 한계 검사""},""robotCollision"":{""status"":""NOT VERIFIED"",""violations"":0,""checkedPlacements"":10,""scope"":""TCP·그리퍼 스윕 근사만 수행"",""reason"":""전체 로봇 링크 충돌 미검증""},""approach"":{""status"":""NOT VERIFIED"",""violations"":0,""checkedPlacements"":10,""scope"":""TCP·그리퍼 스윕 근사만 수행"",""reason"":""실제 관절 한계·역기구학·접근 자세 미검증""},""sequence"":{""status"":""NOT VERIFIED"",""violations"":0,""checkedPlacements"":10,""scope"":""TCP·그리퍼 스윕 근사만 수행"",""reason"":""실제 파지·관절 궤적·전 과정 실행 미검증""}}","10.918705178571429","62.5","10","6","0.12795267","997710502","394","","","","116.45918367346938","32.568823101765105","100","100","8.869182696260083","70.8","0.5913705583756346","0","0","","11.262087499984773","25.762299999943934","25.14707500001532","25.63925499995821","180.19339999975637","62.5","93.67559765582936","44.6391384762891","384.3049940526293","744","2.606099999975413","","","","","","100","0","0","","","0","100","100","0","66.66666666666667","7.401700000045821","",""
"pack-tetris","online","randomExceptions","45","3","db079818","partial","","explicit","proxy","{}","{""protocol"":38,""support"":429,""load"":234,""bounds"":284,""robot-path"":7}","adapter-1.0 / planners-f6ec11d4259a","2.1.0","{""requested"":1,""completed"":1,""outcomes"":[""partial""],""sameWorker"":false}","{""collision"":{""status"":""PASS"",""violations"":0,""checkedPlacements"":10,""scope"":""직육면체 기하·관측 규격 공통 검사"",""reason"":""확정 배치와 최종 적재 상태 검사""},""bounds"":{""status"":""PASS"",""violations"":0,""checkedPlacements"":10,""scope"":""직육면체 기하·관측 규격 공통 검사"",""reason"":""확정 배치와 최종 적재 상태 검사""},""height"":{""status"":""PASS"",""violations"":0,""checkedPlacements"":10,""scope"":""직육면체 기하·관측 규격 공통 검사"",""reason"":""확정 배치와 최종 적재 상태 검사""},""orientation"":{""status"":""PASS"",""violations"":0,""checkedPlacements"":10,""scope"":""직육면체 기하·관측 규격 공통 검사"",""reason"":""확정 배치와 최종 적재 상태 검사""},""load"":{""status"":""PASS"",""violations"":0,""checkedPlacements"":10,""scope"":""입력된 허용 상부하중 · 누적 정적 반력"",""reason"":""입력값 범위의 정적 검사. 실측 재료 인증 아님""},""support"":{""status"":""PASS"",""violations"":0,""checkedPlacements"":10,""scope"":""접촉·합력 작용점·정적 평형"",""reason"":""설정된 지지율·전도 여유 검사. 동적 붕괴·굽힘 파손 미검증""},""payload"":{""status"":""PASS"",""violations"":0,""checkedPlacements"":10,""scope"":""입력 가반하중 · 박스+그리퍼 질량"",""reason"":""사용자가 설정한 가반하중 한계 검사""},""robotCollision"":{""status"":""NOT VERIFIED"",""violations"":0,""checkedPlacements"":10,""scope"":""TCP·그리퍼 스윕 근사만 수행"",""reason"":""전체 로봇 링크 충돌 미검증""},""approach"":{""status"":""NOT VERIFIED"",""violations"":0,""checkedPlacements"":10,""scope"":""TCP·그리퍼 스윕 근사만 수행"",""reason"":""실제 관절 한계·역기구학·접근 자세 미검증""},""sequence"":{""status"":""NOT VERIFIED"",""violations"":0,""checkedPlacements"":10,""scope"":""TCP·그리퍼 스윕 근사만 수행"",""reason"":""실제 파지·관절 궤적·전 과정 실행 미검증""}}","10.918705178571429","62.5","10","6","0.12795267","997710502","394","","","","116.45918367346938","32.568823101765105","100","100","8.869182696260083","70.8","0.5913705583756346","0","0","","13.57761875000142","96.48699999996461","35.54079999998794","84.29775999996924","217.24190000002272","62.5","93.67559765582936","44.6391384762891","384.3049940526293","744","2.224900000030175","","","","","","100","0","0","","","0","100","100","0","66.66666666666667","7.766999999992549","",""
"pack-beam","online","randomExceptions","45","3","db079818","partial","","explicit","proxy","{}","{""protocol"":37,""support"":399,""load"":198,""bounds"":307,""robot-path"":30}","adapter-1.0 / planners-f6ec11d4259a","2.1.0","{""requested"":1,""completed"":1,""outcomes"":[""partial""],""sameWorker"":false}","{""collision"":{""status"":""PASS"",""violations"":0,""checkedPlacements"":12,""scope"":""직육면체 기하·관측 규격 공통 검사"",""reason"":""확정 배치와 최종 적재 상태 검사""},""bounds"":{""status"":""PASS"",""violations"":0,""checkedPlacements"":12,""scope"":""직육면체 기하·관측 규격 공통 검사"",""reason"":""확정 배치와 최종 적재 상태 검사""},""height"":{""status"":""PASS"",""violations"":0,""checkedPlacements"":12,""scope"":""직육면체 기하·관측 규격 공통 검사"",""reason"":""확정 배치와 최종 적재 상태 검사""},""orientation"":{""status"":""PASS"",""violations"":0,""checkedPlacements"":12,""scope"":""직육면체 기하·관측 규격 공통 검사"",""reason"":""확정 배치와 최종 적재 상태 검사""},""load"":{""status"":""PASS"",""violations"":0,""checkedPlacements"":12,""scope"":""입력된 허용 상부하중 · 누적 정적 반력"",""reason"":""입력값 범위의 정적 검사. 실측 재료 인증 아님""},""support"":{""status"":""PASS"",""violations"":0,""checkedPlacements"":12,""scope"":""접촉·합력 작용점·정적 평형"",""reason"":""설정된 지지율·전도 여유 검사. 동적 붕괴·굽힘 파손 미검증""},""payload"":{""status"":""PASS"",""violations"":0,""checkedPlacements"":12,""scope"":""입력 가반하중 · 박스+그리퍼 질량"",""reason"":""사용자가 설정한 가반하중 한계 검사""},""robotCollision"":{""status"":""NOT VERIFIED"",""violations"":0,""checkedPlacements"":12,""scope"":""TCP·그리퍼 스윕 근사만 수행"",""reason"":""전체 로봇 링크 충돌 미검증""},""approach"":{""status"":""NOT VERIFIED"",""violations"":0,""checkedPlacements"":12,""scope"":""TCP·그리퍼 스윕 근사만 수행"",""reason"":""실제 관절 한계·역기구학·접근 자세 미검증""},""sequence"":{""status"":""NOT VERIFIED"",""violations"":0,""checkedPlacements"":12,""scope"":""TCP·그리퍼 스윕 근사만 수행"",""reason"":""실제 파지·관절 궤적·전 과정 실행 미검증""}}","14.8534","75","12","4","0.083884088","953641920","434","","","","139.44666666666666","27.082729224031716","100","100","6.381418773806511","70.8","0.619815668202765","0","0","","1342.7678250000026","3512.6001000000397","2814.624525000021","3373.0049850000355","21484.285200000042","75","121.76811295670386","55.74927342185752","354.77268187083007","744","3.164699999964796","","","","","","100","0","0","","","0","100","100","100","100","1263.3858999999939","",""
"pack-robust","online","randomExceptions","45","3","db079818","partial","","explicit","proxy","{}","{""protocol"":35,""support"":424,""load"":201,""bounds"":300,""robot-path"":29}","adapter-1.0 / planners-f6ec11d4259a","2.1.0","{""requested"":1,""completed"":1,""outcomes"":[""partial""],""sameWorker"":false}","{""collision"":{""status"":""PASS"",""violations"":0,""checkedPlacements"":12,""scope"":""직육면체 기하·관측 규격 공통 검사"",""reason"":""확정 배치와 최종 적재 상태 검사""},""bounds"":{""status"":""PASS"",""violations"":0,""checkedPlacements"":12,""scope"":""직육면체 기하·관측 규격 공통 검사"",""reason"":""확정 배치와 최종 적재 상태 검사""},""height"":{""status"":""PASS"",""violations"":0,""checkedPlacements"":12,""scope"":""직육면체 기하·관측 규격 공통 검사"",""reason"":""확정 배치와 최종 적재 상태 검사""},""orientation"":{""status"":""PASS"",""violations"":0,""checkedPlacements"":12,""scope"":""직육면체 기하·관측 규격 공통 검사"",""reason"":""확정 배치와 최종 적재 상태 검사""},""load"":{""status"":""PASS"",""violations"":0,""checkedPlacements"":12,""scope"":""입력된 허용 상부하중 · 누적 정적 반력"",""reason"":""입력값 범위의 정적 검사. 실측 재료 인증 아님""},""support"":{""status"":""PASS"",""violations"":0,""checkedPlacements"":12,""scope"":""접촉·합력 작용점·정적 평형"",""reason"":""설정된 지지율·전도 여유 검사. 동적 붕괴·굽힘 파손 미검증""},""payload"":{""status"":""PASS"",""violations"":0,""checkedPlacements"":12,""scope"":""입력 가반하중 · 박스+그리퍼 질량"",""reason"":""사용자가 설정한 가반하중 한계 검사""},""robotCollision"":{""status"":""NOT VERIFIED"",""violations"":0,""checkedPlacements"":12,""scope"":""TCP·그리퍼 스윕 근사만 수행"",""reason"":""전체 로봇 링크 충돌 미검증""},""approach"":{""status"":""NOT VERIFIED"",""violations"":0,""checkedPlacements"":12,""scope"":""TCP·그리퍼 스윕 근사만 수행"",""reason"":""실제 관절 한계·역기구학·접근 자세 미검증""},""sequence"":{""status"":""NOT VERIFIED"",""violations"":0,""checkedPlacements"":12,""scope"":""TCP·그리퍼 스윕 근사만 수행"",""reason"":""실제 파지·관절 궤적·전 과정 실행 미검증""}}","14.8534","75","12","4","0.083884088","953641920","434","","","","139.44666666666666","19.249115419791217","100","100","6.36011916274857","70.8","0.619815668202765","0","0","","1141.9306124999857","2338.093200000003","2297.3124749999843","2329.9370549999994","18270.88979999977","75","121.2952518996497","56.091913734772305","356.1557383609734","744","4.652699999976903","","","","","","100","0","0","","","0","100","100","100","100","1408.576599999913","",""
"random","online","randomExceptions","45","3","db079818","partial","","explicit","proxy","{}","{""protocol"":9,""bounds"":24,""support"":318,""load"":221,""robot-path"":15}","adapter-1.0 / planners-f6ec11d4259a","2.1.0","{""requested"":1,""completed"":1,""outcomes"":[""partial""],""sameWorker"":false}","{""collision"":{""status"":""PASS"",""violations"":0,""checkedPlacements"":12,""scope"":""직육면체 기하·관측 규격 공통 검사"",""reason"":""확정 배치와 최종 적재 상태 검사""},""bounds"":{""status"":""PASS"",""violations"":0,""checkedPlacements"":12,""scope"":""직육면체 기하·관측 규격 공통 검사"",""reason"":""확정 배치와 최종 적재 상태 검사""},""height"":{""status"":""PASS"",""violations"":0,""checkedPlacements"":12,""scope"":""직육면체 기하·관측 규격 공통 검사"",""reason"":""확정 배치와 최종 적재 상태 검사""},""orientation"":{""status"":""PASS"",""violations"":0,""checkedPlacements"":12,""scope"":""직육면체 기하·관측 규격 공통 검사"",""reason"":""확정 배치와 최종 적재 상태 검사""},""load"":{""status"":""PASS"",""violations"":0,""checkedPlacements"":12,""scope"":""입력된 허용 상부하중 · 누적 정적 반력"",""reason"":""입력값 범위의 정적 검사. 실측 재료 인증 아님""},""support"":{""status"":""PASS"",""violations"":0,""checkedPlacements"":12,""scope"":""접촉·합력 작용점·정적 평형"",""reason"":""설정된 지지율·전도 여유 검사. 동적 붕괴·굽힘 파손 미검증""},""payload"":{""status"":""PASS"",""violations"":0,""checkedPlacements"":12,""scope"":""입력 가반하중 · 박스+그리퍼 질량"",""reason"":""사용자가 설정한 가반하중 한계 검사""},""robotCollision"":{""status"":""NOT VERIFIED"",""violations"":0,""checkedPlacements"":12,""scope"":""TCP·그리퍼 스윕 근사만 수행"",""reason"":""전체 로봇 링크 충돌 미검증""},""approach"":{""status"":""NOT VERIFIED"",""violations"":0,""checkedPlacements"":12,""scope"":""TCP·그리퍼 스윕 근사만 수행"",""reason"":""실제 관절 한계·역기구학·접근 자세 미검증""},""sequence"":{""status"":""NOT VERIFIED"",""violations"":0,""checkedPlacements"":12,""scope"":""TCP·그리퍼 스윕 근사만 수행"",""reason"":""실제 파지·관절 궤적·전 과정 실행 미검증""}}","14.8534","75","12","4","0.083884088","953641920","629","","","","157.42","63.017247021924256","99.51440965025772","95.51820728291317","25.760120544495607","65.85","0.5860927152317881","0","0","","17.77846249997674","48.76610000000801","40.792549999954645","47.17138999999733","284.45539999962784","75","121.05690572491577","55.286988721195236","356.85696525372725","744","3.7290000000502914","","","","","","100","0","0","","","0","100","100","100","100","11.648700000019744","",""
"bl","online","randomExceptions","45","3","db079818","partial","","explicit","proxy","{}","{""protocol"":10,""bounds"":22,""support"":311,""load"":234,""robot-path"":9}","adapter-1.0 / planners-f6ec11d4259a","2.1.0","{""requested"":1,""completed"":1,""outcomes"":[""partial""],""sameWorker"":false}","{""collision"":{""status"":""PASS"",""violations"":0,""checkedPlacements"":11,""scope"":""직육면체 기하·관측 규격 공통 검사"",""reason"":""확정 배치와 최종 적재 상태 검사""},""bounds"":{""status"":""PASS"",""violations"":0,""checkedPlacements"":11,""scope"":""직육면체 기하·관측 규격 공통 검사"",""reason"":""확정 배치와 최종 적재 상태 검사""},""height"":{""status"":""PASS"",""violations"":0,""checkedPlacements"":11,""scope"":""직육면체 기하·관측 규격 공통 검사"",""reason"":""확정 배치와 최종 적재 상태 검사""},""orientation"":{""status"":""PASS"",""violations"":0,""checkedPlacements"":11,""scope"":""직육면체 기하·관측 규격 공통 검사"",""reason"":""확정 배치와 최종 적재 상태 검사""},""load"":{""status"":""PASS"",""violations"":0,""checkedPlacements"":11,""scope"":""입력된 허용 상부하중 · 누적 정적 반력"",""reason"":""입력값 범위의 정적 검사. 실측 재료 인증 아님""},""support"":{""status"":""PASS"",""violations"":0,""checkedPlacements"":11,""scope"":""접촉·합력 작용점·정적 평형"",""reason"":""설정된 지지율·전도 여유 검사. 동적 붕괴·굽힘 파손 미검증""},""payload"":{""status"":""PASS"",""violations"":0,""checkedPlacements"":11,""scope"":""입력 가반하중 · 박스+그리퍼 질량"",""reason"":""사용자가 설정한 가반하중 한계 검사""},""robotCollision"":{""status"":""NOT VERIFIED"",""violations"":0,""checkedPlacements"":11,""scope"":""TCP·그리퍼 스윕 근사만 수행"",""reason"":""전체 로봇 링크 충돌 미검증""},""approach"":{""status"":""NOT VERIFIED"",""violations"":0,""checkedPlacements"":11,""scope"":""TCP·그리퍼 스윕 근사만 수행"",""reason"":""실제 관절 한계·역기구학·접근 자세 미검증""},""sequence"":{""status"":""NOT VERIFIED"",""violations"":0,""checkedPlacements"":11,""scope"":""TCP·그리퍼 스윕 근사만 수행"",""reason"":""실제 파지·관절 궤적·전 과정 실행 미검증""}}","12.695954553571429","68.75","11","5","0.108047477","977805309","434","","","","128.51754385964912","63.74806740020201","100","100","11.890980227030898","70.8","0.619815668202765","0","0","","30.253368749989022","62.963899999973364","60.470224999968195","62.46516499997233","484.05389999982435","68.75","105.0810957910747","50.75271226419857","376.8517990974692","750","2.9954000000143424","","","","","","100","0","0","","","0","100","100","0","66.66666666666667","6.207000000053085","",""
"greedy","online","randomExceptions","45","3","db079818","partial","","explicit","proxy","{}","{""protocol"":10,""support"":322,""load"":208,""robot-path"":18}","adapter-1.0 / planners-f6ec11d4259a","2.1.0","{""requested"":1,""completed"":1,""outcomes"":[""partial""],""sameWorker"":false}","{""collision"":{""status"":""PASS"",""violations"":0,""checkedPlacements"":13,""scope"":""직육면체 기하·관측 규격 공통 검사"",""reason"":""확정 배치와 최종 적재 상태 검사""},""bounds"":{""status"":""PASS"",""violations"":0,""checkedPlacements"":13,""scope"":""직육면체 기하·관측 규격 공통 검사"",""reason"":""확정 배치와 최종 적재 상태 검사""},""height"":{""status"":""PASS"",""violations"":0,""checkedPlacements"":13,""scope"":""직육면체 기하·관측 규격 공통 검사"",""reason"":""확정 배치와 최종 적재 상태 검사""},""orientation"":{""status"":""PASS"",""violations"":0,""checkedPlacements"":13,""scope"":""직육면체 기하·관측 규격 공통 검사"",""reason"":""확정 배치와 최종 적재 상태 검사""},""load"":{""status"":""PASS"",""violations"":0,""checkedPlacements"":13,""scope"":""입력된 허용 상부하중 · 누적 정적 반력"",""reason"":""입력값 범위의 정적 검사. 실측 재료 인증 아님""},""support"":{""status"":""PASS"",""violations"":0,""checkedPlacements"":13,""scope"":""접촉·합력 작용점·정적 평형"",""reason"":""설정된 지지율·전도 여유 검사. 동적 붕괴·굽힘 파손 미검증""},""payload"":{""status"":""PASS"",""violations"":0,""checkedPlacements"":13,""scope"":""입력 가반하중 · 박스+그리퍼 질량"",""reason"":""사용자가 설정한 가반하중 한계 검사""},""robotCollision"":{""status"":""NOT VERIFIED"",""violations"":0,""checkedPlacements"":13,""scope"":""TCP·그리퍼 스윕 근사만 수행"",""reason"":""전체 로봇 링크 충돌 미검증""},""approach"":{""status"":""NOT VERIFIED"",""violations"":0,""checkedPlacements"":13,""scope"":""TCP·그리퍼 스윕 근사만 수행"",""reason"":""실제 관절 한계·역기구학·접근 자세 미검증""},""sequence"":{""status"":""NOT VERIFIED"",""violations"":0,""checkedPlacements"":13,""scope"":""TCP·그리퍼 스윕 근사만 수행"",""reason"":""실제 파지·관절 궤적·전 과정 실행 미검증""}}","15.066613660714287","81.25","13","3","0.081496095","951253927","434","","","","155.65942028985506","14.67619055505036","100","100","5.7685440614201315","52.45","0.562992125984252","0","0","","156.92264999999315","371.5426999999909","331.77499999993597","363.58915999997987","2510.7623999998905","81.25","126.46604281550923","60.752927830080985","370.05981177313043","750","4.2722000000067055","","","","","","100","0","0","","","0","100","100","0","66.66666666666667","7.813299999921583","",""
"strategy-greedy","online","random","46","4","6d2bf63b","partial","","explicit","proxy","{}","{""support"":518,""load"":308,""robot-path"":39,""protocol"":22}","adapter-1.0 / planners-f6ec11d4259a","2.1.0","{""requested"":1,""completed"":1,""outcomes"":[""partial""],""sameWorker"":false}","{""collision"":{""status"":""PASS"",""violations"":0,""checkedPlacements"":13,""scope"":""직육면체 기하·관측 규격 공통 검사"",""reason"":""확정 배치와 최종 적재 상태 검사""},""bounds"":{""status"":""PASS"",""violations"":0,""checkedPlacements"":13,""scope"":""직육면체 기하·관측 규격 공통 검사"",""reason"":""확정 배치와 최종 적재 상태 검사""},""height"":{""status"":""PASS"",""violations"":0,""checkedPlacements"":13,""scope"":""직육면체 기하·관측 규격 공통 검사"",""reason"":""확정 배치와 최종 적재 상태 검사""},""orientation"":{""status"":""PASS"",""violations"":0,""checkedPlacements"":13,""scope"":""직육면체 기하·관측 규격 공통 검사"",""reason"":""확정 배치와 최종 적재 상태 검사""},""load"":{""status"":""PASS"",""violations"":0,""checkedPlacements"":13,""scope"":""입력된 허용 상부하중 · 누적 정적 반력"",""reason"":""입력값 범위의 정적 검사. 실측 재료 인증 아님""},""support"":{""status"":""PASS"",""violations"":0,""checkedPlacements"":13,""scope"":""접촉·합력 작용점·정적 평형"",""reason"":""설정된 지지율·전도 여유 검사. 동적 붕괴·굽힘 파손 미검증""},""payload"":{""status"":""PASS"",""violations"":0,""checkedPlacements"":13,""scope"":""입력 가반하중 · 박스+그리퍼 질량"",""reason"":""사용자가 설정한 가반하중 한계 검사""},""robotCollision"":{""status"":""NOT VERIFIED"",""violations"":0,""checkedPlacements"":13,""scope"":""TCP·그리퍼 스윕 근사만 수행"",""reason"":""전체 로봇 링크 충돌 미검증""},""approach"":{""status"":""NOT VERIFIED"",""violations"":0,""checkedPlacements"":13,""scope"":""TCP·그리퍼 스윕 근사만 수행"",""reason"":""실제 관절 한계·역기구학·접근 자세 미검증""},""sequence"":{""status"":""NOT VERIFIED"",""violations"":0,""checkedPlacements"":13,""scope"":""TCP·그리퍼 스윕 근사만 수행"",""reason"":""실제 파지·관절 궤적·전 과정 실행 미검증""}}","16.335679732142857","72.22222222222223","13","5","0.134570605","937040387","1041","","","","316.4178082191781","37.105579484741625","99.65524671407024","95.51820728291317","3.0138564539426285","52.45","0.3296422855659849","0","0","","15.857961111087612","77.31459999992512","45.82907000001864","71.01749399994378","285.443299999577","72.22222222222223","146.926120365246","71.45197823740988","318.5274332682244","826","31.33129999996163","16.335679732142857","0","72.22222222222223","","","100","0","0","","","0","","","","","","",""
"macs","online","random","46","4","6d2bf63b","partial","","explicit","proxy","{}","{""support"":505,""load"":308,""robot-path"":39,""protocol"":22}","adapter-1.0 / planners-f6ec11d4259a","2.1.0","{""requested"":1,""completed"":1,""outcomes"":[""partial""],""sameWorker"":false}","{""collision"":{""status"":""PASS"",""violations"":0,""checkedPlacements"":13,""scope"":""직육면체 기하·관측 규격 공통 검사"",""reason"":""확정 배치와 최종 적재 상태 검사""},""bounds"":{""status"":""PASS"",""violations"":0,""checkedPlacements"":13,""scope"":""직육면체 기하·관측 규격 공통 검사"",""reason"":""확정 배치와 최종 적재 상태 검사""},""height"":{""status"":""PASS"",""violations"":0,""checkedPlacements"":13,""scope"":""직육면체 기하·관측 규격 공통 검사"",""reason"":""확정 배치와 최종 적재 상태 검사""},""orientation"":{""status"":""PASS"",""violations"":0,""checkedPlacements"":13,""scope"":""직육면체 기하·관측 규격 공통 검사"",""reason"":""확정 배치와 최종 적재 상태 검사""},""load"":{""status"":""PASS"",""violations"":0,""checkedPlacements"":13,""scope"":""입력된 허용 상부하중 · 누적 정적 반력"",""reason"":""입력값 범위의 정적 검사. 실측 재료 인증 아님""},""support"":{""status"":""PASS"",""violations"":0,""checkedPlacements"":13,""scope"":""접촉·합력 작용점·정적 평형"",""reason"":""설정된 지지율·전도 여유 검사. 동적 붕괴·굽힘 파손 미검증""},""payload"":{""status"":""PASS"",""violations"":0,""checkedPlacements"":13,""scope"":""입력 가반하중 · 박스+그리퍼 질량"",""reason"":""사용자가 설정한 가반하중 한계 검사""},""robotCollision"":{""status"":""NOT VERIFIED"",""violations"":0,""checkedPlacements"":13,""scope"":""TCP·그리퍼 스윕 근사만 수행"",""reason"":""전체 로봇 링크 충돌 미검증""},""approach"":{""status"":""NOT VERIFIED"",""violations"":0,""checkedPlacements"":13,""scope"":""TCP·그리퍼 스윕 근사만 수행"",""reason"":""실제 관절 한계·역기구학·접근 자세 미검증""},""sequence"":{""status"":""NOT VERIFIED"",""violations"":0,""checkedPlacements"":13,""scope"":""TCP·그리퍼 스윕 근사만 수행"",""reason"":""실제 파지·관절 궤적·전 과정 실행 미검증""}}","16.335679732142857","72.22222222222223","13","5","0.134570605","937040387","1041","","","","324.513698630137","60.91204756039338","99.65524671407024","95.51820728291317","8.34629767460908","52.45","0.3296422855659849","0","0","","17.085738888864096","45.41710000007879","37.28803999998489","43.79128800005999","307.5432999995537","72.22222222222223","143.2852238875419","69.73539552690224","326.6212574489272","826","5.319699999992736","16.335679732142857","0","72.22222222222223","","","100","0","0","","","0","","","","","","",""
"tetris-reserved","online","random","46","4","6d2bf63b","partial","","explicit","proxy","{}","{""robot-path"":43,""support"":258,""load"":214}","adapter-1.0 / planners-f6ec11d4259a","2.1.0","{""requested"":1,""completed"":1,""outcomes"":[""partial""],""sameWorker"":false}","{""collision"":{""status"":""PASS"",""violations"":0,""checkedPlacements"":16,""scope"":""직육면체 기하·관측 규격 공통 검사"",""reason"":""확정 배치와 최종 적재 상태 검사""},""bounds"":{""status"":""PASS"",""violations"":0,""checkedPlacements"":16,""scope"":""직육면체 기하·관측 규격 공통 검사"",""reason"":""확정 배치와 최종 적재 상태 검사""},""height"":{""status"":""PASS"",""violations"":0,""checkedPlacements"":16,""scope"":""직육면체 기하·관측 규격 공통 검사"",""reason"":""확정 배치와 최종 적재 상태 검사""},""orientation"":{""status"":""PASS"",""violations"":0,""checkedPlacements"":16,""scope"":""직육면체 기하·관측 규격 공통 검사"",""reason"":""확정 배치와 최종 적재 상태 검사""},""load"":{""status"":""PASS"",""violations"":0,""checkedPlacements"":16,""scope"":""입력된 허용 상부하중 · 누적 정적 반력"",""reason"":""입력값 범위의 정적 검사. 실측 재료 인증 아님""},""support"":{""status"":""PASS"",""violations"":0,""checkedPlacements"":16,""scope"":""접촉·합력 작용점·정적 평형"",""reason"":""설정된 지지율·전도 여유 검사. 동적 붕괴·굽힘 파손 미검증""},""payload"":{""status"":""PASS"",""violations"":0,""checkedPlacements"":16,""scope"":""입력 가반하중 · 박스+그리퍼 질량"",""reason"":""사용자가 설정한 가반하중 한계 검사""},""robotCollision"":{""status"":""NOT VERIFIED"",""violations"":0,""checkedPlacements"":16,""scope"":""TCP·그리퍼 스윕 근사만 수행"",""reason"":""전체 로봇 링크 충돌 미검증""},""approach"":{""status"":""NOT VERIFIED"",""violations"":0,""checkedPlacements"":16,""scope"":""TCP·그리퍼 스윕 근사만 수행"",""reason"":""실제 관절 한계·역기구학·접근 자세 미검증""},""sequence"":{""status"":""NOT VERIFIED"",""violations"":0,""checkedPlacements"":16,""scope"":""TCP·그리퍼 스윕 근사만 수행"",""reason"":""실제 파지·관절 궤적·전 과정 실행 미검증""}}","24.205560000000002","88.88888888888889","16","2","0.046427946","848897728","607","","","","217.3190476190476","41.588750550306315","99.71988795518207","95.51820728291317","11.129018022405702","52.45","0.562992125984252","0","0","","261.0180277777771","1620.2068999999901","753.4879099999773","1446.8631019999862","4698.324499999988","88.88888888888889","161.90423907347224","77.28775539775695","355.7658547399805","826","5.993600000045262","24.205560000000002","0","88.88888888888889","","","100","0","0","","","0","","","","","","",""
"dynamic-reservation","online","random","46","4","6d2bf63b","partial","","explicit","proxy","{}","{""support"":289,""load"":208,""robot-path"":31}","adapter-1.0 / planners-f6ec11d4259a","2.1.0","{""requested"":1,""completed"":1,""outcomes"":[""partial""],""sameWorker"":false}","{""collision"":{""status"":""PASS"",""violations"":0,""checkedPlacements"":16,""scope"":""직육면체 기하·관측 규격 공통 검사"",""reason"":""확정 배치와 최종 적재 상태 검사""},""bounds"":{""status"":""PASS"",""violations"":0,""checkedPlacements"":16,""scope"":""직육면체 기하·관측 규격 공통 검사"",""reason"":""확정 배치와 최종 적재 상태 검사""},""height"":{""status"":""PASS"",""violations"":0,""checkedPlacements"":16,""scope"":""직육면체 기하·관측 규격 공통 검사"",""reason"":""확정 배치와 최종 적재 상태 검사""},""orientation"":{""status"":""PASS"",""violations"":0,""checkedPlacements"":16,""scope"":""직육면체 기하·관측 규격 공통 검사"",""reason"":""확정 배치와 최종 적재 상태 검사""},""load"":{""status"":""PASS"",""violations"":0,""checkedPlacements"":16,""scope"":""입력된 허용 상부하중 · 누적 정적 반력"",""reason"":""입력값 범위의 정적 검사. 실측 재료 인증 아님""},""support"":{""status"":""PASS"",""violations"":0,""checkedPlacements"":16,""scope"":""접촉·합력 작용점·정적 평형"",""reason"":""설정된 지지율·전도 여유 검사. 동적 붕괴·굽힘 파손 미검증""},""payload"":{""status"":""PASS"",""violations"":0,""checkedPlacements"":16,""scope"":""입력 가반하중 · 박스+그리퍼 질량"",""reason"":""사용자가 설정한 가반하중 한계 검사""},""robotCollision"":{""status"":""NOT VERIFIED"",""violations"":0,""checkedPlacements"":16,""scope"":""TCP·그리퍼 스윕 근사만 수행"",""reason"":""전체 로봇 링크 충돌 미검증""},""approach"":{""status"":""NOT VERIFIED"",""violations"":0,""checkedPlacements"":16,""scope"":""TCP·그리퍼 스윕 근사만 수행"",""reason"":""실제 관절 한계·역기구학·접근 자세 미검증""},""sequence"":{""status"":""NOT VERIFIED"",""violations"":0,""checkedPlacements"":16,""scope"":""TCP·그리퍼 스윕 근사만 수행"",""reason"":""실제 파지·관절 궤적·전 과정 실행 미검증""}}","24.205560000000002","88.88888888888889","16","2","0.046427946","848897728","844","","","","286.93809523809523","31.196668959922835","100","100","15.046517206512721","52.45","0.41321044546851","0","0","","431.789922222217","1638.7613000000129","1151.4133749999621","1541.291715000002","7772.218599999906","88.88888888888889","167.14556722552751","84.59461869659289","344.6097970536126","826","326.2936000000918","24.205560000000002","0","88.88888888888889","","","100","0","0","","","0","","","","","","",""
"lookahead","online","random","46","4","6d2bf63b","partial","","explicit","proxy","{}","{""support"":417,""load"":299,""robot-path"":19,""protocol"":19}","adapter-1.0 / planners-f6ec11d4259a","2.1.0","{""requested"":1,""completed"":1,""outcomes"":[""partial""],""sameWorker"":false}","{""collision"":{""status"":""PASS"",""violations"":0,""checkedPlacements"":14,""scope"":""직육면체 기하·관측 규격 공통 검사"",""reason"":""확정 배치와 최종 적재 상태 검사""},""bounds"":{""status"":""PASS"",""violations"":0,""checkedPlacements"":14,""scope"":""직육면체 기하·관측 규격 공통 검사"",""reason"":""확정 배치와 최종 적재 상태 검사""},""height"":{""status"":""PASS"",""violations"":0,""checkedPlacements"":14,""scope"":""직육면체 기하·관측 규격 공통 검사"",""reason"":""확정 배치와 최종 적재 상태 검사""},""orientation"":{""status"":""PASS"",""violations"":0,""checkedPlacements"":14,""scope"":""직육면체 기하·관측 규격 공통 검사"",""reason"":""확정 배치와 최종 적재 상태 검사""},""load"":{""status"":""PASS"",""violations"":0,""checkedPlacements"":14,""scope"":""입력된 허용 상부하중 · 누적 정적 반력"",""reason"":""입력값 범위의 정적 검사. 실측 재료 인증 아님""},""support"":{""status"":""PASS"",""violations"":0,""checkedPlacements"":14,""scope"":""접촉·합력 작용점·정적 평형"",""reason"":""설정된 지지율·전도 여유 검사. 동적 붕괴·굽힘 파손 미검증""},""payload"":{""status"":""PASS"",""violations"":0,""checkedPlacements"":14,""scope"":""입력 가반하중 · 박스+그리퍼 질량"",""reason"":""사용자가 설정한 가반하중 한계 검사""},""robotCollision"":{""status"":""NOT VERIFIED"",""violations"":0,""checkedPlacements"":14,""scope"":""TCP·그리퍼 스윕 근사만 수행"",""reason"":""전체 로봇 링크 충돌 미검증""},""approach"":{""status"":""NOT VERIFIED"",""violations"":0,""checkedPlacements"":14,""scope"":""TCP·그리퍼 스윕 근사만 수행"",""reason"":""실제 관절 한계·역기구학·접근 자세 미검증""},""sequence"":{""status"":""NOT VERIFIED"",""violations"":0,""checkedPlacements"":14,""scope"":""TCP·그리퍼 스윕 근사만 수행"",""reason"":""실제 파지·관절 궤적·전 과정 실행 미검증""}}","18.112929107142858","77.77777777777777","14","4","0.114665412","917135194","758","","","","249.6358024691358","50.53200924402341","99.6798719487795","95.51820728291317","14.114440365365844","57.2","0.41321044546851","0","0","","192.93486111110542","511.39789999998175","415.03756499993597","492.12583299997243","3472.8274999998976","77.77777777777777","141.87695070747006","66.87001795985553","355.23740641929624","826","21.85710000002291","18.112929107142858","0","77.77777777777777","","","100","0","0","","","0","","","","","","",""
"future-hybrid","online","random","46","4","6d2bf63b","complete","","explicit","proxy","{}","{""support"":300,""load"":175,""robot-path"":14}","adapter-1.0 / planners-f6ec11d4259a","2.1.0","{""requested"":1,""completed"":1,""outcomes"":[""partial""],""sameWorker"":false}","{""collision"":{""status"":""PASS"",""violations"":0,""checkedPlacements"":18,""scope"":""직육면체 기하·관측 규격 공통 검사"",""reason"":""확정 배치와 최종 적재 상태 검사""},""bounds"":{""status"":""PASS"",""violations"":0,""checkedPlacements"":18,""scope"":""직육면체 기하·관측 규격 공통 검사"",""reason"":""확정 배치와 최종 적재 상태 검사""},""height"":{""status"":""PASS"",""violations"":0,""checkedPlacements"":18,""scope"":""직육면체 기하·관측 규격 공통 검사"",""reason"":""확정 배치와 최종 적재 상태 검사""},""orientation"":{""status"":""PASS"",""violations"":0,""checkedPlacements"":18,""scope"":""직육면체 기하·관측 규격 공통 검사"",""reason"":""확정 배치와 최종 적재 상태 검사""},""load"":{""status"":""PASS"",""violations"":0,""checkedPlacements"":18,""scope"":""입력된 허용 상부하중 · 누적 정적 반력"",""reason"":""입력값 범위의 정적 검사. 실측 재료 인증 아님""},""support"":{""status"":""PASS"",""violations"":0,""checkedPlacements"":18,""scope"":""접촉·합력 작용점·정적 평형"",""reason"":""설정된 지지율·전도 여유 검사. 동적 붕괴·굽힘 파손 미검증""},""payload"":{""status"":""PASS"",""violations"":0,""checkedPlacements"":18,""scope"":""입력 가반하중 · 박스+그리퍼 질량"",""reason"":""사용자가 설정한 가반하중 한계 검사""},""robotCollision"":{""status"":""NOT VERIFIED"",""violations"":0,""checkedPlacements"":18,""scope"":""TCP·그리퍼 스윕 근사만 수행"",""reason"":""전체 로봇 링크 충돌 미검증""},""approach"":{""status"":""NOT VERIFIED"",""violations"":0,""checkedPlacements"":18,""scope"":""TCP·그리퍼 스윕 근사만 수행"",""reason"":""실제 관절 한계·역기구학·접근 자세 미검증""},""sequence"":{""status"":""NOT VERIFIED"",""violations"":0,""checkedPlacements"":18,""scope"":""TCP·그리퍼 스윕 근사만 수행"",""reason"":""실제 파지·관절 궤적·전 과정 실행 미검증""}}","28.350912321428574","100","18","0","0","802469782","796","","","","264.14539007092196","26.831027824554646","100","100","5.784189759263649","52.45","0.41321044546851","0","0","","437.9120888888978","1584.1121000000276","1166.3866549999561","1500.5670110000126","7882.417600000161","100","183.9862782677136","88.39108087401385","352.20017824215796","826","9.4372999999905","28.350912321428574","100","100","","","100","0","0","","","100","","","","","","",""
"blb","online","random","46","4","6d2bf63b","partial","","explicit","proxy","{}","{""robot-path"":13,""support"":430,""load"":348,""protocol"":14}","adapter-1.0 / planners-f6ec11d4259a","2.1.0","{""requested"":1,""completed"":1,""outcomes"":[""partial""],""sameWorker"":false}","{""collision"":{""status"":""PASS"",""violations"":0,""checkedPlacements"":14,""scope"":""직육면체 기하·관측 규격 공통 검사"",""reason"":""확정 배치와 최종 적재 상태 검사""},""bounds"":{""status"":""PASS"",""violations"":0,""checkedPlacements"":14,""scope"":""직육면체 기하·관측 규격 공통 검사"",""reason"":""확정 배치와 최종 적재 상태 검사""},""height"":{""status"":""PASS"",""violations"":0,""checkedPlacements"":14,""scope"":""직육면체 기하·관측 규격 공통 검사"",""reason"":""확정 배치와 최종 적재 상태 검사""},""orientation"":{""status"":""PASS"",""violations"":0,""checkedPlacements"":14,""scope"":""직육면체 기하·관측 규격 공통 검사"",""reason"":""확정 배치와 최종 적재 상태 검사""},""load"":{""status"":""PASS"",""violations"":0,""checkedPlacements"":14,""scope"":""입력된 허용 상부하중 · 누적 정적 반력"",""reason"":""입력값 범위의 정적 검사. 실측 재료 인증 아님""},""support"":{""status"":""PASS"",""violations"":0,""checkedPlacements"":14,""scope"":""접촉·합력 작용점·정적 평형"",""reason"":""설정된 지지율·전도 여유 검사. 동적 붕괴·굽힘 파손 미검증""},""payload"":{""status"":""PASS"",""violations"":0,""checkedPlacements"":14,""scope"":""입력 가반하중 · 박스+그리퍼 질량"",""reason"":""사용자가 설정한 가반하중 한계 검사""},""robotCollision"":{""status"":""NOT VERIFIED"",""violations"":0,""checkedPlacements"":14,""scope"":""TCP·그리퍼 스윕 근사만 수행"",""reason"":""전체 로봇 링크 충돌 미검증""},""approach"":{""status"":""NOT VERIFIED"",""violations"":0,""checkedPlacements"":14,""scope"":""TCP·그리퍼 스윕 근사만 수행"",""reason"":""실제 관절 한계·역기구학·접근 자세 미검증""},""sequence"":{""status"":""NOT VERIFIED"",""violations"":0,""checkedPlacements"":14,""scope"":""TCP·그리퍼 스윕 근사만 수행"",""reason"":""실제 파지·관절 궤적·전 과정 실행 미검증""}}","18.112929107142858","77.77777777777777","14","4","0.114665412","917135194","627","","","","222.08024691358025","114.10075478961755","100","100","25.426555919533","52.45","0.39072847682119205","0","0","","28.402811111106228","296.72299999999814","69.24336499992603","251.22707299998333","511.2505999999121","77.77777777777777","140.12504221145335","68.98127743744469","359.67874981221934","824","4.787000000011176","18.112929107142858","0","77.77777777777777","","","100","0","0","","","0","","","","","","",""
"pack-first","online","random","46","4","6d2bf63b","partial","","explicit","proxy","{}","{""protocol"":47,""robot-path"":20,""bounds"":340,""support"":537,""load"":270}","adapter-1.0 / planners-f6ec11d4259a","2.1.0","{""requested"":1,""completed"":1,""outcomes"":[""partial""],""sameWorker"":false}","{""collision"":{""status"":""PASS"",""violations"":0,""checkedPlacements"":14,""scope"":""직육면체 기하·관측 규격 공통 검사"",""reason"":""확정 배치와 최종 적재 상태 검사""},""bounds"":{""status"":""PASS"",""violations"":0,""checkedPlacements"":14,""scope"":""직육면체 기하·관측 규격 공통 검사"",""reason"":""확정 배치와 최종 적재 상태 검사""},""height"":{""status"":""PASS"",""violations"":0,""checkedPlacements"":14,""scope"":""직육면체 기하·관측 규격 공통 검사"",""reason"":""확정 배치와 최종 적재 상태 검사""},""orientation"":{""status"":""PASS"",""violations"":0,""checkedPlacements"":14,""scope"":""직육면체 기하·관측 규격 공통 검사"",""reason"":""확정 배치와 최종 적재 상태 검사""},""load"":{""status"":""PASS"",""violations"":0,""checkedPlacements"":14,""scope"":""입력된 허용 상부하중 · 누적 정적 반력"",""reason"":""입력값 범위의 정적 검사. 실측 재료 인증 아님""},""support"":{""status"":""PASS"",""violations"":0,""checkedPlacements"":14,""scope"":""접촉·합력 작용점·정적 평형"",""reason"":""설정된 지지율·전도 여유 검사. 동적 붕괴·굽힘 파손 미검증""},""payload"":{""status"":""PASS"",""violations"":0,""checkedPlacements"":14,""scope"":""입력 가반하중 · 박스+그리퍼 질량"",""reason"":""사용자가 설정한 가반하중 한계 검사""},""robotCollision"":{""status"":""NOT VERIFIED"",""violations"":0,""checkedPlacements"":14,""scope"":""TCP·그리퍼 스윕 근사만 수행"",""reason"":""전체 로봇 링크 충돌 미검증""},""approach"":{""status"":""NOT VERIFIED"",""violations"":0,""checkedPlacements"":14,""scope"":""TCP·그리퍼 스윕 근사만 수행"",""reason"":""실제 관절 한계·역기구학·접근 자세 미검증""},""sequence"":{""status"":""NOT VERIFIED"",""violations"":0,""checkedPlacements"":14,""scope"":""TCP·그리퍼 스윕 근사만 수행"",""reason"":""실제 파지·관절 궤적·전 과정 실행 미검증""}}","18.112929107142858","77.77777777777777","14","4","0.114665412","917135194","627","","","","222.08024691358025","114.10075478961755","100","100","25.426555919533","52.45","0.39072847682119205","0","0","","10.883033333346248","38.98149999999441","21.901174999988843","35.56543499999327","195.89460000023246","77.77777777777777","144.6788883652995","71.94127743744468","348.35766689570573","824","5.210099999909289","18.112929107142858","0","77.77777777777777","","","100","0","0","","","0","","","","","","",""
"pack-greedy","online","random","46","4","6d2bf63b","partial","","explicit","proxy","{}","{""protocol"":39,""robot-path"":19,""bounds"":368,""support"":461,""load"":224}","adapter-1.0 / planners-f6ec11d4259a","2.1.0","{""requested"":1,""completed"":1,""outcomes"":[""partial""],""sameWorker"":false}","{""collision"":{""status"":""PASS"",""violations"":0,""checkedPlacements"":13,""scope"":""직육면체 기하·관측 규격 공통 검사"",""reason"":""확정 배치와 최종 적재 상태 검사""},""bounds"":{""status"":""PASS"",""violations"":0,""checkedPlacements"":13,""scope"":""직육면체 기하·관측 규격 공통 검사"",""reason"":""확정 배치와 최종 적재 상태 검사""},""height"":{""status"":""PASS"",""violations"":0,""checkedPlacements"":13,""scope"":""직육면체 기하·관측 규격 공통 검사"",""reason"":""확정 배치와 최종 적재 상태 검사""},""orientation"":{""status"":""PASS"",""violations"":0,""checkedPlacements"":13,""scope"":""직육면체 기하·관측 규격 공통 검사"",""reason"":""확정 배치와 최종 적재 상태 검사""},""load"":{""status"":""PASS"",""violations"":0,""checkedPlacements"":13,""scope"":""입력된 허용 상부하중 · 누적 정적 반력"",""reason"":""입력값 범위의 정적 검사. 실측 재료 인증 아님""},""support"":{""status"":""PASS"",""violations"":0,""checkedPlacements"":13,""scope"":""접촉·합력 작용점·정적 평형"",""reason"":""설정된 지지율·전도 여유 검사. 동적 붕괴·굽힘 파손 미검증""},""payload"":{""status"":""PASS"",""violations"":0,""checkedPlacements"":13,""scope"":""입력 가반하중 · 박스+그리퍼 질량"",""reason"":""사용자가 설정한 가반하중 한계 검사""},""robotCollision"":{""status"":""NOT VERIFIED"",""violations"":0,""checkedPlacements"":13,""scope"":""TCP·그리퍼 스윕 근사만 수행"",""reason"":""전체 로봇 링크 충돌 미검증""},""approach"":{""status"":""NOT VERIFIED"",""violations"":0,""checkedPlacements"":13,""scope"":""TCP·그리퍼 스윕 근사만 수행"",""reason"":""실제 관절 한계·역기구학·접근 자세 미검증""},""sequence"":{""status"":""NOT VERIFIED"",""violations"":0,""checkedPlacements"":13,""scope"":""TCP·그리퍼 스윕 근사만 수행"",""reason"":""실제 파지·관절 궤적·전 과정 실행 미검증""}}","18.78858544642857","72.22222222222223","13","5","0.107098061","909567843","583","","","","205.7716049382716","111.93689194944591","100","100","23.81887514691852","65.85","0.5860927152317881","0","0","","14.563800000016474","69.33519999997225","33.04512999994907","62.077185999967554","262.14840000029653","72.22222222222223","126.28475921830263","59.985093491896706","370.59103798185976","824","4.093600000021979","18.78858544642857","0","72.22222222222223","","","100","0","0","","","0","","","","","","",""
"pack-tetris","online","random","46","4","6d2bf63b","partial","","explicit","proxy","{}","{""protocol"":39,""robot-path"":19,""bounds"":371,""support"":450,""load"":224}","adapter-1.0 / planners-f6ec11d4259a","2.1.0","{""requested"":1,""completed"":1,""outcomes"":[""partial""],""sameWorker"":false}","{""collision"":{""status"":""PASS"",""violations"":0,""checkedPlacements"":13,""scope"":""직육면체 기하·관측 규격 공통 검사"",""reason"":""확정 배치와 최종 적재 상태 검사""},""bounds"":{""status"":""PASS"",""violations"":0,""checkedPlacements"":13,""scope"":""직육면체 기하·관측 규격 공통 검사"",""reason"":""확정 배치와 최종 적재 상태 검사""},""height"":{""status"":""PASS"",""violations"":0,""checkedPlacements"":13,""scope"":""직육면체 기하·관측 규격 공통 검사"",""reason"":""확정 배치와 최종 적재 상태 검사""},""orientation"":{""status"":""PASS"",""violations"":0,""checkedPlacements"":13,""scope"":""직육면체 기하·관측 규격 공통 검사"",""reason"":""확정 배치와 최종 적재 상태 검사""},""load"":{""status"":""PASS"",""violations"":0,""checkedPlacements"":13,""scope"":""입력된 허용 상부하중 · 누적 정적 반력"",""reason"":""입력값 범위의 정적 검사. 실측 재료 인증 아님""},""support"":{""status"":""PASS"",""violations"":0,""checkedPlacements"":13,""scope"":""접촉·합력 작용점·정적 평형"",""reason"":""설정된 지지율·전도 여유 검사. 동적 붕괴·굽힘 파손 미검증""},""payload"":{""status"":""PASS"",""violations"":0,""checkedPlacements"":13,""scope"":""입력 가반하중 · 박스+그리퍼 질량"",""reason"":""사용자가 설정한 가반하중 한계 검사""},""robotCollision"":{""status"":""NOT VERIFIED"",""violations"":0,""checkedPlacements"":13,""scope"":""TCP·그리퍼 스윕 근사만 수행"",""reason"":""전체 로봇 링크 충돌 미검증""},""approach"":{""status"":""NOT VERIFIED"",""violations"":0,""checkedPlacements"":13,""scope"":""TCP·그리퍼 스윕 근사만 수행"",""reason"":""실제 관절 한계·역기구학·접근 자세 미검증""},""sequence"":{""status"":""NOT VERIFIED"",""violations"":0,""checkedPlacements"":13,""scope"":""TCP·그리퍼 스윕 근사만 수행"",""reason"":""실제 파지·관절 궤적·전 과정 실행 미검증""}}","18.78858544642857","72.22222222222223","13","5","0.107098061","909567843","583","","","","205.7716049382716","111.93689194944591","100","100","23.81887514691852","65.85","0.5860927152317881","0","0","","17.394261111130213","158.6325000000652","45.71901000001798","136.04980200005556","313.09670000034384","72.22222222222223","126.28475921830263","59.985093491896706","370.59103798185976","824","4.23609999998007","18.78858544642857","0","72.22222222222223","","","100","0","0","","","0","","","","","","",""
"pack-beam","online","random","46","4","6d2bf63b","partial","","explicit","proxy","{}","{""protocol"":44,""robot-path"":35,""support"":497,""bounds"":403,""load"":232}","adapter-1.0 / planners-f6ec11d4259a","2.1.0","{""requested"":1,""completed"":1,""outcomes"":[""partial""],""sameWorker"":false}","{""collision"":{""status"":""PASS"",""violations"":0,""checkedPlacements"":14,""scope"":""직육면체 기하·관측 규격 공통 검사"",""reason"":""확정 배치와 최종 적재 상태 검사""},""bounds"":{""status"":""PASS"",""violations"":0,""checkedPlacements"":14,""scope"":""직육면체 기하·관측 규격 공통 검사"",""reason"":""확정 배치와 최종 적재 상태 검사""},""height"":{""status"":""PASS"",""violations"":0,""checkedPlacements"":14,""scope"":""직육면체 기하·관측 규격 공통 검사"",""reason"":""확정 배치와 최종 적재 상태 검사""},""orientation"":{""status"":""PASS"",""violations"":0,""checkedPlacements"":14,""scope"":""직육면체 기하·관측 규격 공통 검사"",""reason"":""확정 배치와 최종 적재 상태 검사""},""load"":{""status"":""PASS"",""violations"":0,""checkedPlacements"":14,""scope"":""입력된 허용 상부하중 · 누적 정적 반력"",""reason"":""입력값 범위의 정적 검사. 실측 재료 인증 아님""},""support"":{""status"":""PASS"",""violations"":0,""checkedPlacements"":14,""scope"":""접촉·합력 작용점·정적 평형"",""reason"":""설정된 지지율·전도 여유 검사. 동적 붕괴·굽힘 파손 미검증""},""payload"":{""status"":""PASS"",""violations"":0,""checkedPlacements"":14,""scope"":""입력 가반하중 · 박스+그리퍼 질량"",""reason"":""사용자가 설정한 가반하중 한계 검사""},""robotCollision"":{""status"":""NOT VERIFIED"",""violations"":0,""checkedPlacements"":14,""scope"":""TCP·그리퍼 스윕 근사만 수행"",""reason"":""전체 로봇 링크 충돌 미검증""},""approach"":{""status"":""NOT VERIFIED"",""violations"":0,""checkedPlacements"":14,""scope"":""TCP·그리퍼 스윕 근사만 수행"",""reason"":""실제 관절 한계·역기구학·접근 자세 미검증""},""sequence"":{""status"":""NOT VERIFIED"",""violations"":0,""checkedPlacements"":14,""scope"":""TCP·그리퍼 스윕 근사만 수행"",""reason"":""실제 파지·관절 궤적·전 과정 실행 미검증""}}","19.973915","77.77777777777777","14","4","0.09382237","896292152","631","","","","206.1551724137931","68.81653688211587","99.46661145662526","95.51820728291317","13.06845893385628","57.2","0.4415192762246312","0","0","","1207.2162055555445","2604.565100000007","2350.6368650000013","2553.7794530000056","21729.891699999804","77.77777777777777","145.42975557063315","69.82934112091155","346.5590642179237","824","6.43949999997858","19.973915","0","77.77777777777777","","","100","0","0","","","0","","","","","","",""
"pack-robust","online","random","46","4","6d2bf63b","partial","","explicit","proxy","{}","{""protocol"":44,""robot-path"":35,""support"":497,""bounds"":403,""load"":232}","adapter-1.0 / planners-f6ec11d4259a","2.1.0","{""requested"":1,""completed"":1,""outcomes"":[""partial""],""sameWorker"":false}","{""collision"":{""status"":""PASS"",""violations"":0,""checkedPlacements"":14,""scope"":""직육면체 기하·관측 규격 공통 검사"",""reason"":""확정 배치와 최종 적재 상태 검사""},""bounds"":{""status"":""PASS"",""violations"":0,""checkedPlacements"":14,""scope"":""직육면체 기하·관측 규격 공통 검사"",""reason"":""확정 배치와 최종 적재 상태 검사""},""height"":{""status"":""PASS"",""violations"":0,""checkedPlacements"":14,""scope"":""직육면체 기하·관측 규격 공통 검사"",""reason"":""확정 배치와 최종 적재 상태 검사""},""orientation"":{""status"":""PASS"",""violations"":0,""checkedPlacements"":14,""scope"":""직육면체 기하·관측 규격 공통 검사"",""reason"":""확정 배치와 최종 적재 상태 검사""},""load"":{""status"":""PASS"",""violations"":0,""checkedPlacements"":14,""scope"":""입력된 허용 상부하중 · 누적 정적 반력"",""reason"":""입력값 범위의 정적 검사. 실측 재료 인증 아님""},""support"":{""status"":""PASS"",""violations"":0,""checkedPlacements"":14,""scope"":""접촉·합력 작용점·정적 평형"",""reason"":""설정된 지지율·전도 여유 검사. 동적 붕괴·굽힘 파손 미검증""},""payload"":{""status"":""PASS"",""violations"":0,""checkedPlacements"":14,""scope"":""입력 가반하중 · 박스+그리퍼 질량"",""reason"":""사용자가 설정한 가반하중 한계 검사""},""robotCollision"":{""status"":""NOT VERIFIED"",""violations"":0,""checkedPlacements"":14,""scope"":""TCP·그리퍼 스윕 근사만 수행"",""reason"":""전체 로봇 링크 충돌 미검증""},""approach"":{""status"":""NOT VERIFIED"",""violations"":0,""checkedPlacements"":14,""scope"":""TCP·그리퍼 스윕 근사만 수행"",""reason"":""실제 관절 한계·역기구학·접근 자세 미검증""},""sequence"":{""status"":""NOT VERIFIED"",""violations"":0,""checkedPlacements"":14,""scope"":""TCP·그리퍼 스윕 근사만 수행"",""reason"":""실제 파지·관절 궤적·전 과정 실행 미검증""}}","19.973915","77.77777777777777","14","4","0.09382237","896292152","631","","","","206.1551724137931","68.81653688211587","99.46661145662526","95.51820728291317","13.06845893385628","57.2","0.4415192762246312","0","0","","1223.9997277777939","2837.4887000001036","2695.9108300000657","2809.1731260000956","22031.99510000029","77.77777777777777","145.42975557063315","69.82934112091155","346.5590642179237","824","4.2704999999841675","19.973915","0","77.77777777777777","","","100","0","0","","","0","","","","","","",""
"random","online","random","46","4","6d2bf63b","partial","","explicit","proxy","{}","{""robot-path"":19,""support"":414,""load"":323,""protocol"":20}","adapter-1.0 / planners-f6ec11d4259a","2.1.0","{""requested"":1,""completed"":1,""outcomes"":[""partial""],""sameWorker"":false}","{""collision"":{""status"":""PASS"",""violations"":0,""checkedPlacements"":15,""scope"":""직육면체 기하·관측 규격 공통 검사"",""reason"":""확정 배치와 최종 적재 상태 검사""},""bounds"":{""status"":""PASS"",""violations"":0,""checkedPlacements"":15,""scope"":""직육면체 기하·관측 규격 공통 검사"",""reason"":""확정 배치와 최종 적재 상태 검사""},""height"":{""status"":""PASS"",""violations"":0,""checkedPlacements"":15,""scope"":""직육면체 기하·관측 규격 공통 검사"",""reason"":""확정 배치와 최종 적재 상태 검사""},""orientation"":{""status"":""PASS"",""violations"":0,""checkedPlacements"":15,""scope"":""직육면체 기하·관측 규격 공통 검사"",""reason"":""확정 배치와 최종 적재 상태 검사""},""load"":{""status"":""PASS"",""violations"":0,""checkedPlacements"":15,""scope"":""입력된 허용 상부하중 · 누적 정적 반력"",""reason"":""입력값 범위의 정적 검사. 실측 재료 인증 아님""},""support"":{""status"":""PASS"",""violations"":0,""checkedPlacements"":15,""scope"":""접촉·합력 작용점·정적 평형"",""reason"":""설정된 지지율·전도 여유 검사. 동적 붕괴·굽힘 파손 미검증""},""payload"":{""status"":""PASS"",""violations"":0,""checkedPlacements"":15,""scope"":""입력 가반하중 · 박스+그리퍼 질량"",""reason"":""사용자가 설정한 가반하중 한계 검사""},""robotCollision"":{""status"":""NOT VERIFIED"",""violations"":0,""checkedPlacements"":15,""scope"":""TCP·그리퍼 스윕 근사만 수행"",""reason"":""전체 로봇 링크 충돌 미검증""},""approach"":{""status"":""NOT VERIFIED"",""violations"":0,""checkedPlacements"":15,""scope"":""TCP·그리퍼 스윕 근사만 수행"",""reason"":""실제 관절 한계·역기구학·접근 자세 미검증""},""sequence"":{""status"":""NOT VERIFIED"",""violations"":0,""checkedPlacements"":15,""scope"":""TCP·그리퍼 스윕 근사만 수행"",""reason"":""실제 파지·관절 궤적·전 과정 실행 미검증""}}","21.15924455357143","83.33333333333333","15","3","0.080546679","883016461","820","","","","256.23118279569894","69.43542912923131","99.70121381886088","95.51820728291317","26.21269880010561","52.45","0.4915687276443536","0","0","","14.25309999999849","33.35939999995753","31.933184999949297","33.07415699995588","256.5557999999728","83.33333333333333","156.36815325826973","74.33929961787531","345.3388613652642","824","5.277200000011362","21.15924455357143","0","83.33333333333333","","","100","0","0","","","0","","","","","","",""
"bl","online","random","46","4","6d2bf63b","partial","","explicit","proxy","{}","{""robot-path"":15,""support"":420,""load"":348,""protocol"":10}","adapter-1.0 / planners-f6ec11d4259a","2.1.0","{""requested"":1,""completed"":1,""outcomes"":[""partial""],""sameWorker"":false}","{""collision"":{""status"":""PASS"",""violations"":0,""checkedPlacements"":14,""scope"":""직육면체 기하·관측 규격 공통 검사"",""reason"":""확정 배치와 최종 적재 상태 검사""},""bounds"":{""status"":""PASS"",""violations"":0,""checkedPlacements"":14,""scope"":""직육면체 기하·관측 규격 공통 검사"",""reason"":""확정 배치와 최종 적재 상태 검사""},""height"":{""status"":""PASS"",""violations"":0,""checkedPlacements"":14,""scope"":""직육면체 기하·관측 규격 공통 검사"",""reason"":""확정 배치와 최종 적재 상태 검사""},""orientation"":{""status"":""PASS"",""violations"":0,""checkedPlacements"":14,""scope"":""직육면체 기하·관측 규격 공통 검사"",""reason"":""확정 배치와 최종 적재 상태 검사""},""load"":{""status"":""PASS"",""violations"":0,""checkedPlacements"":14,""scope"":""입력된 허용 상부하중 · 누적 정적 반력"",""reason"":""입력값 범위의 정적 검사. 실측 재료 인증 아님""},""support"":{""status"":""PASS"",""violations"":0,""checkedPlacements"":14,""scope"":""접촉·합력 작용점·정적 평형"",""reason"":""설정된 지지율·전도 여유 검사. 동적 붕괴·굽힘 파손 미검증""},""payload"":{""status"":""PASS"",""violations"":0,""checkedPlacements"":14,""scope"":""입력 가반하중 · 박스+그리퍼 질량"",""reason"":""사용자가 설정한 가반하중 한계 검사""},""robotCollision"":{""status"":""NOT VERIFIED"",""violations"":0,""checkedPlacements"":14,""scope"":""TCP·그리퍼 스윕 근사만 수행"",""reason"":""전체 로봇 링크 충돌 미검증""},""approach"":{""status"":""NOT VERIFIED"",""violations"":0,""checkedPlacements"":14,""scope"":""TCP·그리퍼 스윕 근사만 수행"",""reason"":""실제 관절 한계·역기구학·접근 자세 미검증""},""sequence"":{""status"":""NOT VERIFIED"",""violations"":0,""checkedPlacements"":14,""scope"":""TCP·그리퍼 스윕 근사만 수행"",""reason"":""실제 파지·관절 궤적·전 과정 실행 미검증""}}","18.112929107142858","77.77777777777777","14","4","0.114665412","917135194","627","","","","218.7469135802469","115.67223487003824","100","100","25.552430688661737","52.45","0.39072847682119205","0","0","","40.95783333333546","102.4939000000013","93.85339500000698","100.76579900000243","737.2410000000382","77.77777777777777","140.02252330192408","68.91464014625066","359.9420922541498","826","12.134399999980815","18.112929107142858","0","77.77777777777777","","","100","0","0","","","0","","","","","","",""
"greedy","online","random","46","4","6d2bf63b","complete","","explicit","proxy","{}","{""support"":294,""robot-path"":20,""load"":184}","adapter-1.0 / planners-f6ec11d4259a","2.1.0","{""requested"":1,""completed"":1,""outcomes"":[""partial""],""sameWorker"":false}","{""collision"":{""status"":""PASS"",""violations"":0,""checkedPlacements"":18,""scope"":""직육면체 기하·관측 규격 공통 검사"",""reason"":""확정 배치와 최종 적재 상태 검사""},""bounds"":{""status"":""PASS"",""violations"":0,""checkedPlacements"":18,""scope"":""직육면체 기하·관측 규격 공통 검사"",""reason"":""확정 배치와 최종 적재 상태 검사""},""height"":{""status"":""PASS"",""violations"":0,""checkedPlacements"":18,""scope"":""직육면체 기하·관측 규격 공통 검사"",""reason"":""확정 배치와 최종 적재 상태 검사""},""orientation"":{""status"":""PASS"",""violations"":0,""checkedPlacements"":18,""scope"":""직육면체 기하·관측 규격 공통 검사"",""reason"":""확정 배치와 최종 적재 상태 검사""},""load"":{""status"":""PASS"",""violations"":0,""checkedPlacements"":18,""scope"":""입력된 허용 상부하중 · 누적 정적 반력"",""reason"":""입력값 범위의 정적 검사. 실측 재료 인증 아님""},""support"":{""status"":""PASS"",""violations"":0,""checkedPlacements"":18,""scope"":""접촉·합력 작용점·정적 평형"",""reason"":""설정된 지지율·전도 여유 검사. 동적 붕괴·굽힘 파손 미검증""},""payload"":{""status"":""PASS"",""violations"":0,""checkedPlacements"":18,""scope"":""입력 가반하중 · 박스+그리퍼 질량"",""reason"":""사용자가 설정한 가반하중 한계 검사""},""robotCollision"":{""status"":""NOT VERIFIED"",""violations"":0,""checkedPlacements"":18,""scope"":""TCP·그리퍼 스윕 근사만 수행"",""reason"":""전체 로봇 링크 충돌 미검증""},""approach"":{""status"":""NOT VERIFIED"",""violations"":0,""checkedPlacements"":18,""scope"":""TCP·그리퍼 스윕 근사만 수행"",""reason"":""실제 관절 한계·역기구학·접근 자세 미검증""},""sequence"":{""status"":""NOT VERIFIED"",""violations"":0,""checkedPlacements"":18,""scope"":""TCP·그리퍼 스윕 근사만 수행"",""reason"":""실제 파지·관절 궤적·전 과정 실행 미검증""}}","28.350912321428574","100","18","0","0","802469782","796","","","","279.1666666666667","121.4924564779113","99.87543597409068","97.75784753363229","20.0548804653756","52.45","0.41321044546851","0","0","","202.4466111110976","488.70679999992717","420.45723999994794","475.05688799993123","3644.038999999757","100","183.80548001360347","88.27356200884223","352.5466161030898","826","12.152999999932945","28.350912321428574","100","100","","","100","0","0","","","100","","","","","","",""
"rollout","online","random","46","4","6d2bf63b","partial","","explicit","proxy","{}","{""robot-path"":17,""support"":341,""load"":278,""bounds"":4,""protocol"":4}","adapter-1.0 / planners-f6ec11d4259a","2.1.0","{""requested"":1,""completed"":1,""outcomes"":[""partial""],""sameWorker"":false}","{""collision"":{""status"":""PASS"",""violations"":0,""checkedPlacements"":16,""scope"":""직육면체 기하·관측 규격 공통 검사"",""reason"":""확정 배치와 최종 적재 상태 검사""},""bounds"":{""status"":""PASS"",""violations"":0,""checkedPlacements"":16,""scope"":""직육면체 기하·관측 규격 공통 검사"",""reason"":""확정 배치와 최종 적재 상태 검사""},""height"":{""status"":""PASS"",""violations"":0,""checkedPlacements"":16,""scope"":""직육면체 기하·관측 규격 공통 검사"",""reason"":""확정 배치와 최종 적재 상태 검사""},""orientation"":{""status"":""PASS"",""violations"":0,""checkedPlacements"":16,""scope"":""직육면체 기하·관측 규격 공통 검사"",""reason"":""확정 배치와 최종 적재 상태 검사""},""load"":{""status"":""PASS"",""violations"":0,""checkedPlacements"":16,""scope"":""입력된 허용 상부하중 · 누적 정적 반력"",""reason"":""입력값 범위의 정적 검사. 실측 재료 인증 아님""},""support"":{""status"":""PASS"",""violations"":0,""checkedPlacements"":16,""scope"":""접촉·합력 작용점·정적 평형"",""reason"":""설정된 지지율·전도 여유 검사. 동적 붕괴·굽힘 파손 미검증""},""payload"":{""status"":""PASS"",""violations"":0,""checkedPlacements"":16,""scope"":""입력 가반하중 · 박스+그리퍼 질량"",""reason"":""사용자가 설정한 가반하중 한계 검사""},""robotCollision"":{""status"":""NOT VERIFIED"",""violations"":0,""checkedPlacements"":16,""scope"":""TCP·그리퍼 스윕 근사만 수행"",""reason"":""전체 로봇 링크 충돌 미검증""},""approach"":{""status"":""NOT VERIFIED"",""violations"":0,""checkedPlacements"":16,""scope"":""TCP·그리퍼 스윕 근사만 수행"",""reason"":""실제 관절 한계·역기구학·접근 자세 미검증""},""sequence"":{""status"":""NOT VERIFIED"",""violations"":0,""checkedPlacements"":16,""scope"":""TCP·그리퍼 스윕 근사만 수행"",""reason"":""실제 파지·관절 궤적·전 과정 실행 미검증""}}","24.205560000000002","88.88888888888889","16","2","0.046427946","848897728","796","","","","273.15714285714284","90.91380508288351","100","100","25.354038160837234","52.45","0.41321044546851","0","0","","595.5501888888862","1384.4885999999242","1292.4077600000426","1366.0724319999476","10719.903399999952","88.88888888888889","169.04183540700595","79.32719301455386","340.7440522715288","826","6.808399999979883","24.205560000000002","0","88.88888888888889","","","100","0","0","","","0","","","","","","",""
"strategy-greedy","online","randomExceptions","46","4","34aa28d2","partial","","explicit","proxy","{}","{""protocol"":16,""support"":413,""load"":398,""bounds"":6,""robot-path"":18}","adapter-1.0 / planners-f6ec11d4259a","2.1.0","{""requested"":1,""completed"":1,""outcomes"":[""partial""],""sameWorker"":false}","{""collision"":{""status"":""PASS"",""violations"":0,""checkedPlacements"":12,""scope"":""직육면체 기하·관측 규격 공통 검사"",""reason"":""확정 배치와 최종 적재 상태 검사""},""bounds"":{""status"":""PASS"",""violations"":0,""checkedPlacements"":12,""scope"":""직육면체 기하·관측 규격 공통 검사"",""reason"":""확정 배치와 최종 적재 상태 검사""},""height"":{""status"":""PASS"",""violations"":0,""checkedPlacements"":12,""scope"":""직육면체 기하·관측 규격 공통 검사"",""reason"":""확정 배치와 최종 적재 상태 검사""},""orientation"":{""status"":""PASS"",""violations"":0,""checkedPlacements"":12,""scope"":""직육면체 기하·관측 규격 공통 검사"",""reason"":""확정 배치와 최종 적재 상태 검사""},""load"":{""status"":""PASS"",""violations"":0,""checkedPlacements"":12,""scope"":""입력된 허용 상부하중 · 누적 정적 반력"",""reason"":""입력값 범위의 정적 검사. 실측 재료 인증 아님""},""support"":{""status"":""PASS"",""violations"":0,""checkedPlacements"":12,""scope"":""접촉·합력 작용점·정적 평형"",""reason"":""설정된 지지율·전도 여유 검사. 동적 붕괴·굽힘 파손 미검증""},""payload"":{""status"":""PASS"",""violations"":0,""checkedPlacements"":12,""scope"":""입력 가반하중 · 박스+그리퍼 질량"",""reason"":""사용자가 설정한 가반하중 한계 검사""},""robotCollision"":{""status"":""NOT VERIFIED"",""violations"":0,""checkedPlacements"":12,""scope"":""TCP·그리퍼 스윕 근사만 수행"",""reason"":""전체 로봇 링크 충돌 미검증""},""approach"":{""status"":""NOT VERIFIED"",""violations"":0,""checkedPlacements"":12,""scope"":""TCP·그리퍼 스윕 근사만 수행"",""reason"":""실제 관절 한계·역기구학·접근 자세 미검증""},""sequence"":{""status"":""NOT VERIFIED"",""violations"":0,""checkedPlacements"":12,""scope"":""TCP·그리퍼 스윕 근사만 수행"",""reason"":""실제 파지·관절 궤적·전 과정 실행 미검증""}}","14.663203124999999","75","12","4","0.114665412","955772125","868","","","","279.9015151515151","71.82277347551637","100","100","9.574113358472317","52.45","0.3099078341013825","0","0","","12.94061249999504","40.69679999991786","32.228849999955855","39.00320999992545","207.04979999992065","75","130.46170978908273","62.70011136290378","331.1316406157897","750","57.520200000028126","","","","","","100","0","0","","","0","100","100","100","100","24.427999999956228","",""
"macs","online","randomExceptions","46","4","34aa28d2","partial","","explicit","proxy","{}","{""protocol"":16,""support"":399,""load"":398,""bounds"":6,""robot-path"":18}","adapter-1.0 / planners-f6ec11d4259a","2.1.0","{""requested"":1,""completed"":1,""outcomes"":[""partial""],""sameWorker"":false}","{""collision"":{""status"":""PASS"",""violations"":0,""checkedPlacements"":12,""scope"":""직육면체 기하·관측 규격 공통 검사"",""reason"":""확정 배치와 최종 적재 상태 검사""},""bounds"":{""status"":""PASS"",""violations"":0,""checkedPlacements"":12,""scope"":""직육면체 기하·관측 규격 공통 검사"",""reason"":""확정 배치와 최종 적재 상태 검사""},""height"":{""status"":""PASS"",""violations"":0,""checkedPlacements"":12,""scope"":""직육면체 기하·관측 규격 공통 검사"",""reason"":""확정 배치와 최종 적재 상태 검사""},""orientation"":{""status"":""PASS"",""violations"":0,""checkedPlacements"":12,""scope"":""직육면체 기하·관측 규격 공통 검사"",""reason"":""확정 배치와 최종 적재 상태 검사""},""load"":{""status"":""PASS"",""violations"":0,""checkedPlacements"":12,""scope"":""입력된 허용 상부하중 · 누적 정적 반력"",""reason"":""입력값 범위의 정적 검사. 실측 재료 인증 아님""},""support"":{""status"":""PASS"",""violations"":0,""checkedPlacements"":12,""scope"":""접촉·합력 작용점·정적 평형"",""reason"":""설정된 지지율·전도 여유 검사. 동적 붕괴·굽힘 파손 미검증""},""payload"":{""status"":""PASS"",""violations"":0,""checkedPlacements"":12,""scope"":""입력 가반하중 · 박스+그리퍼 질량"",""reason"":""사용자가 설정한 가반하중 한계 검사""},""robotCollision"":{""status"":""NOT VERIFIED"",""violations"":0,""checkedPlacements"":12,""scope"":""TCP·그리퍼 스윕 근사만 수행"",""reason"":""전체 로봇 링크 충돌 미검증""},""approach"":{""status"":""NOT VERIFIED"",""violations"":0,""checkedPlacements"":12,""scope"":""TCP·그리퍼 스윕 근사만 수행"",""reason"":""실제 관절 한계·역기구학·접근 자세 미검증""},""sequence"":{""status"":""NOT VERIFIED"",""violations"":0,""checkedPlacements"":12,""scope"":""TCP·그리퍼 스윕 근사만 수행"",""reason"":""실제 파지·관절 궤적·전 과정 실행 미검증""}}","14.663203124999999","75","12","4","0.114665412","955772125","868","","","","272.90909090909093","170.8305994876326","100","100","26.13525282146983","57.2","0.3099078341013825","0","0","","18.214768750003714","71.21669999998994","65.1264750000264","69.99865499999723","291.4363000000594","75","133.4940093654211","65.32110608752373","323.6100271866587","750","3.4660999999614432","","","","","","100","0","0","","","0","100","100","100","100","63.09640000003856","",""
"tetris-reserved","online","randomExceptions","46","4","34aa28d2","partial","","explicit","proxy","{}","{""protocol"":22,""bounds"":24,""support"":399,""load"":342,""robot-path"":25}","adapter-1.0 / planners-f6ec11d4259a","2.1.0","{""requested"":1,""completed"":1,""outcomes"":[""partial""],""sameWorker"":false}","{""collision"":{""status"":""PASS"",""violations"":0,""checkedPlacements"":12,""scope"":""직육면체 기하·관측 규격 공통 검사"",""reason"":""확정 배치와 최종 적재 상태 검사""},""bounds"":{""status"":""PASS"",""violations"":0,""checkedPlacements"":12,""scope"":""직육면체 기하·관측 규격 공통 검사"",""reason"":""확정 배치와 최종 적재 상태 검사""},""height"":{""status"":""PASS"",""violations"":0,""checkedPlacements"":12,""scope"":""직육면체 기하·관측 규격 공통 검사"",""reason"":""확정 배치와 최종 적재 상태 검사""},""orientation"":{""status"":""PASS"",""violations"":0,""checkedPlacements"":12,""scope"":""직육면체 기하·관측 규격 공통 검사"",""reason"":""확정 배치와 최종 적재 상태 검사""},""load"":{""status"":""PASS"",""violations"":0,""checkedPlacements"":12,""scope"":""입력된 허용 상부하중 · 누적 정적 반력"",""reason"":""입력값 범위의 정적 검사. 실측 재료 인증 아님""},""support"":{""status"":""PASS"",""violations"":0,""checkedPlacements"":12,""scope"":""접촉·합력 작용점·정적 평형"",""reason"":""설정된 지지율·전도 여유 검사. 동적 붕괴·굽힘 파손 미검증""},""payload"":{""status"":""PASS"",""violations"":0,""checkedPlacements"":12,""scope"":""입력 가반하중 · 박스+그리퍼 질량"",""reason"":""사용자가 설정한 가반하중 한계 검사""},""robotCollision"":{""status"":""NOT VERIFIED"",""violations"":0,""checkedPlacements"":12,""scope"":""TCP·그리퍼 스윕 근사만 수행"",""reason"":""전체 로봇 링크 충돌 미검증""},""approach"":{""status"":""NOT VERIFIED"",""violations"":0,""checkedPlacements"":12,""scope"":""TCP·그리퍼 스윕 근사만 수행"",""reason"":""실제 관절 한계·역기구학·접근 자세 미검증""},""sequence"":{""status"":""NOT VERIFIED"",""violations"":0,""checkedPlacements"":12,""scope"":""TCP·그리퍼 스윕 근사만 수행"",""reason"":""실제 파지·관절 궤적·전 과정 실행 미검증""}}","14.663203124999999","75","12","4","0.114665412","955772125","434","","","","172.75","75.29515232250378","100","100","19.162674325135004","52.45","0.562992125984252","0","0","","126.37926875000994","801.610400000005","435.8617999999842","728.4606800000007","2022.068300000159","75","118.50659450865038","54.92928643062277","364.53667560961446","750","15.020700000110082","","","","","","100","0","0","","","0","100","100","100","100","140.07660000002943","",""
"dynamic-reservation","online","randomExceptions","46","4","34aa28d2","partial","","explicit","proxy","{}","{""protocol"":10,""bounds"":18,""support"":317,""load"":294,""robot-path"":20}","adapter-1.0 / planners-f6ec11d4259a","2.1.0","{""requested"":1,""completed"":1,""outcomes"":[""partial""],""sameWorker"":false}","{""collision"":{""status"":""PASS"",""violations"":0,""checkedPlacements"":14,""scope"":""직육면체 기하·관측 규격 공통 검사"",""reason"":""확정 배치와 최종 적재 상태 검사""},""bounds"":{""status"":""PASS"",""violations"":0,""checkedPlacements"":14,""scope"":""직육면체 기하·관측 규격 공통 검사"",""reason"":""확정 배치와 최종 적재 상태 검사""},""height"":{""status"":""PASS"",""violations"":0,""checkedPlacements"":14,""scope"":""직육면체 기하·관측 규격 공통 검사"",""reason"":""확정 배치와 최종 적재 상태 검사""},""orientation"":{""status"":""PASS"",""violations"":0,""checkedPlacements"":14,""scope"":""직육면체 기하·관측 규격 공통 검사"",""reason"":""확정 배치와 최종 적재 상태 검사""},""load"":{""status"":""PASS"",""violations"":0,""checkedPlacements"":14,""scope"":""입력된 허용 상부하중 · 누적 정적 반력"",""reason"":""입력값 범위의 정적 검사. 실측 재료 인증 아님""},""support"":{""status"":""PASS"",""violations"":0,""checkedPlacements"":14,""scope"":""접촉·합력 작용점·정적 평형"",""reason"":""설정된 지지율·전도 여유 검사. 동적 붕괴·굽힘 파손 미검증""},""payload"":{""status"":""PASS"",""violations"":0,""checkedPlacements"":14,""scope"":""입력 가반하중 · 박스+그리퍼 질량"",""reason"":""사용자가 설정한 가반하중 한계 검사""},""robotCollision"":{""status"":""NOT VERIFIED"",""violations"":0,""checkedPlacements"":14,""scope"":""TCP·그리퍼 스윕 근사만 수행"",""reason"":""전체 로봇 링크 충돌 미검증""},""approach"":{""status"":""NOT VERIFIED"",""violations"":0,""checkedPlacements"":14,""scope"":""TCP·그리퍼 스윕 근사만 수행"",""reason"":""실제 관절 한계·역기구학·접근 자세 미검증""},""sequence"":{""status"":""NOT VERIFIED"",""violations"":0,""checkedPlacements"":14,""scope"":""TCP·그리퍼 스윕 근사만 수행"",""reason"":""실제 파지·관절 궤적·전 과정 실행 미검증""}}","20.75583401785714","87.5","14","2","0.046427946","887534659","651","","","","236.78333333333333","16.822842348763736","100","100","6.857192322349251","52.45","0.41321044546851","0","0","","281.972700000013","703.9472000000533","700.9134500000218","703.340450000047","4511.563200000208","87.5","149.838473834071","72.04500799214615","336.36220865284736","750","6.82819999998901","","","","","","100","0","0","","","0","100","100","100","100","703.9472000000533","",""
"lookahead","online","randomExceptions","46","4","34aa28d2","partial","","explicit","proxy","{}","{""protocol"":16,""support"":397,""load"":329,""bounds"":6,""robot-path"":24}","adapter-1.0 / planners-f6ec11d4259a","2.1.0","{""requested"":1,""completed"":1,""outcomes"":[""partial""],""sameWorker"":false}","{""collision"":{""status"":""PASS"",""violations"":0,""checkedPlacements"":12,""scope"":""직육면체 기하·관측 규격 공통 검사"",""reason"":""확정 배치와 최종 적재 상태 검사""},""bounds"":{""status"":""PASS"",""violations"":0,""checkedPlacements"":12,""scope"":""직육면체 기하·관측 규격 공통 검사"",""reason"":""확정 배치와 최종 적재 상태 검사""},""height"":{""status"":""PASS"",""violations"":0,""checkedPlacements"":12,""scope"":""직육면체 기하·관측 규격 공통 검사"",""reason"":""확정 배치와 최종 적재 상태 검사""},""orientation"":{""status"":""PASS"",""violations"":0,""checkedPlacements"":12,""scope"":""직육면체 기하·관측 규격 공통 검사"",""reason"":""확정 배치와 최종 적재 상태 검사""},""load"":{""status"":""PASS"",""violations"":0,""checkedPlacements"":12,""scope"":""입력된 허용 상부하중 · 누적 정적 반력"",""reason"":""입력값 범위의 정적 검사. 실측 재료 인증 아님""},""support"":{""status"":""PASS"",""violations"":0,""checkedPlacements"":12,""scope"":""접촉·합력 작용점·정적 평형"",""reason"":""설정된 지지율·전도 여유 검사. 동적 붕괴·굽힘 파손 미검증""},""payload"":{""status"":""PASS"",""violations"":0,""checkedPlacements"":12,""scope"":""입력 가반하중 · 박스+그리퍼 질량"",""reason"":""사용자가 설정한 가반하중 한계 검사""},""robotCollision"":{""status"":""NOT VERIFIED"",""violations"":0,""checkedPlacements"":12,""scope"":""TCP·그리퍼 스윕 근사만 수행"",""reason"":""전체 로봇 링크 충돌 미검증""},""approach"":{""status"":""NOT VERIFIED"",""violations"":0,""checkedPlacements"":12,""scope"":""TCP·그리퍼 스윕 근사만 수행"",""reason"":""실제 관절 한계·역기구학·접근 자세 미검증""},""sequence"":{""status"":""NOT VERIFIED"",""violations"":0,""checkedPlacements"":12,""scope"":""TCP·그리퍼 스윕 근사만 수행"",""reason"":""실제 파지·관절 궤적·전 과정 실행 미검증""}}","14.663203124999999","75","12","4","0.114665412","955772125","434","","","","173.0151515151515","34.09515966767135","100","100","6.8574728005246195","52.45","0.562992125984252","0","0","","176.28131250001024","654.1216000000713","442.8702250000497","611.8713250000669","2820.501000000164","75","118.6215058056154","56.303978773650016","364.1835408057597","750","4.867800000007264","","","","","","100","0","0","","","0","100","100","100","100","372.45310000004247","",""
"future-hybrid","online","randomExceptions","46","4","34aa28d2","partial","","explicit","proxy","{}","{""protocol"":10,""bounds"":18,""support"":317,""load"":294,""robot-path"":20}","adapter-1.0 / planners-f6ec11d4259a","2.1.0","{""requested"":1,""completed"":1,""outcomes"":[""partial""],""sameWorker"":false}","{""collision"":{""status"":""PASS"",""violations"":0,""checkedPlacements"":14,""scope"":""직육면체 기하·관측 규격 공통 검사"",""reason"":""확정 배치와 최종 적재 상태 검사""},""bounds"":{""status"":""PASS"",""violations"":0,""checkedPlacements"":14,""scope"":""직육면체 기하·관측 규격 공통 검사"",""reason"":""확정 배치와 최종 적재 상태 검사""},""height"":{""status"":""PASS"",""violations"":0,""checkedPlacements"":14,""scope"":""직육면체 기하·관측 규격 공통 검사"",""reason"":""확정 배치와 최종 적재 상태 검사""},""orientation"":{""status"":""PASS"",""violations"":0,""checkedPlacements"":14,""scope"":""직육면체 기하·관측 규격 공통 검사"",""reason"":""확정 배치와 최종 적재 상태 검사""},""load"":{""status"":""PASS"",""violations"":0,""checkedPlacements"":14,""scope"":""입력된 허용 상부하중 · 누적 정적 반력"",""reason"":""입력값 범위의 정적 검사. 실측 재료 인증 아님""},""support"":{""status"":""PASS"",""violations"":0,""checkedPlacements"":14,""scope"":""접촉·합력 작용점·정적 평형"",""reason"":""설정된 지지율·전도 여유 검사. 동적 붕괴·굽힘 파손 미검증""},""payload"":{""status"":""PASS"",""violations"":0,""checkedPlacements"":14,""scope"":""입력 가반하중 · 박스+그리퍼 질량"",""reason"":""사용자가 설정한 가반하중 한계 검사""},""robotCollision"":{""status"":""NOT VERIFIED"",""violations"":0,""checkedPlacements"":14,""scope"":""TCP·그리퍼 스윕 근사만 수행"",""reason"":""전체 로봇 링크 충돌 미검증""},""approach"":{""status"":""NOT VERIFIED"",""violations"":0,""checkedPlacements"":14,""scope"":""TCP·그리퍼 스윕 근사만 수행"",""reason"":""실제 관절 한계·역기구학·접근 자세 미검증""},""sequence"":{""status"":""NOT VERIFIED"",""violations"":0,""checkedPlacements"":14,""scope"":""TCP·그리퍼 스윕 근사만 수행"",""reason"":""실제 파지·관절 궤적·전 과정 실행 미검증""}}","20.75583401785714","87.5","14","2","0.046427946","887534659","651","","","","236.78333333333333","16.822842348763736","100","100","6.857192322349251","52.45","0.41321044546851","0","0","","345.82717499999853","1126.2621999999974","1016.123424999998","1104.2344449999975","5533.2347999999765","87.5","149.838473834071","72.04500799214615","336.36220865284736","750","16.189100000075996","","","","","","100","0","0","","","0","100","100","100","100","979.4104999999981","",""
"blb","online","randomExceptions","46","4","34aa28d2","partial","","explicit","proxy","{}","{""protocol"":18,""bounds"":20,""support"":338,""load"":244,""robot-path"":18}","adapter-1.0 / planners-f6ec11d4259a","2.1.0","{""requested"":1,""completed"":1,""outcomes"":[""partial""],""sameWorker"":false}","{""collision"":{""status"":""PASS"",""violations"":0,""checkedPlacements"":13,""scope"":""직육면체 기하·관측 규격 공통 검사"",""reason"":""확정 배치와 최종 적재 상태 검사""},""bounds"":{""status"":""PASS"",""violations"":0,""checkedPlacements"":13,""scope"":""직육면체 기하·관측 규격 공통 검사"",""reason"":""확정 배치와 최종 적재 상태 검사""},""height"":{""status"":""PASS"",""violations"":0,""checkedPlacements"":13,""scope"":""직육면체 기하·관측 규격 공통 검사"",""reason"":""확정 배치와 최종 적재 상태 검사""},""orientation"":{""status"":""PASS"",""violations"":0,""checkedPlacements"":13,""scope"":""직육면체 기하·관측 규격 공통 검사"",""reason"":""확정 배치와 최종 적재 상태 검사""},""load"":{""status"":""PASS"",""violations"":0,""checkedPlacements"":13,""scope"":""입력된 허용 상부하중 · 누적 정적 반력"",""reason"":""입력값 범위의 정적 검사. 실측 재료 인증 아님""},""support"":{""status"":""PASS"",""violations"":0,""checkedPlacements"":13,""scope"":""접촉·합력 작용점·정적 평형"",""reason"":""설정된 지지율·전도 여유 검사. 동적 붕괴·굽힘 파손 미검증""},""payload"":{""status"":""PASS"",""violations"":0,""checkedPlacements"":13,""scope"":""입력 가반하중 · 박스+그리퍼 질량"",""reason"":""사용자가 설정한 가반하중 한계 검사""},""robotCollision"":{""status"":""NOT VERIFIED"",""violations"":0,""checkedPlacements"":13,""scope"":""TCP·그리퍼 스윕 근사만 수행"",""reason"":""전체 로봇 링크 충돌 미검증""},""approach"":{""status"":""NOT VERIFIED"",""violations"":0,""checkedPlacements"":13,""scope"":""TCP·그리퍼 스윕 근사만 수행"",""reason"":""실제 관절 한계·역기구학·접근 자세 미검증""},""sequence"":{""status"":""NOT VERIFIED"",""violations"":0,""checkedPlacements"":13,""scope"":""TCP·그리퍼 스윕 근사만 수행"",""reason"":""실제 파지·관절 궤적·전 과정 실행 미검증""}}","16.735879285714287","81.25","13","3","0.091451439","932558152","444","","","","159.1547619047619","79.11088551288405","99.29431732088278","95.30791788856305","14.576969400396445","52.45","0.562992125984252","0","0","","11.233775000022433","28.474300000001676","25.157949999993434","27.811030000000027","179.74040000035893","81.25","122.46120503157722","58.14978327052519","382.1618445444203","744","6.720399999991059","","","","","","100","0","0","","","0","100","100","100","100","21.037899999995716","",""
"pack-first","online","randomExceptions","46","4","34aa28d2","partial","","explicit","proxy","{}","{""protocol"":41,""support"":456,""bounds"":306,""load"":243,""robot-path"":22}","adapter-1.0 / planners-f6ec11d4259a","2.1.0","{""requested"":1,""completed"":1,""outcomes"":[""partial""],""sameWorker"":false}","{""collision"":{""status"":""PASS"",""violations"":0,""checkedPlacements"":12,""scope"":""직육면체 기하·관측 규격 공통 검사"",""reason"":""확정 배치와 최종 적재 상태 검사""},""bounds"":{""status"":""PASS"",""violations"":0,""checkedPlacements"":12,""scope"":""직육면체 기하·관측 규격 공통 검사"",""reason"":""확정 배치와 최종 적재 상태 검사""},""height"":{""status"":""PASS"",""violations"":0,""checkedPlacements"":12,""scope"":""직육면체 기하·관측 규격 공통 검사"",""reason"":""확정 배치와 최종 적재 상태 검사""},""orientation"":{""status"":""PASS"",""violations"":0,""checkedPlacements"":12,""scope"":""직육면체 기하·관측 규격 공통 검사"",""reason"":""확정 배치와 최종 적재 상태 검사""},""load"":{""status"":""PASS"",""violations"":0,""checkedPlacements"":12,""scope"":""입력된 허용 상부하중 · 누적 정적 반력"",""reason"":""입력값 범위의 정적 검사. 실측 재료 인증 아님""},""support"":{""status"":""PASS"",""violations"":0,""checkedPlacements"":12,""scope"":""접촉·합력 작용점·정적 평형"",""reason"":""설정된 지지율·전도 여유 검사. 동적 붕괴·굽힘 파손 미검증""},""payload"":{""status"":""PASS"",""violations"":0,""checkedPlacements"":12,""scope"":""입력 가반하중 · 박스+그리퍼 질량"",""reason"":""사용자가 설정한 가반하중 한계 검사""},""robotCollision"":{""status"":""NOT VERIFIED"",""violations"":0,""checkedPlacements"":12,""scope"":""TCP·그리퍼 스윕 근사만 수행"",""reason"":""전체 로봇 링크 충돌 미검증""},""approach"":{""status"":""NOT VERIFIED"",""violations"":0,""checkedPlacements"":12,""scope"":""TCP·그리퍼 스윕 근사만 수행"",""reason"":""실제 관절 한계·역기구학·접근 자세 미검증""},""sequence"":{""status"":""NOT VERIFIED"",""violations"":0,""checkedPlacements"":12,""scope"":""TCP·그리퍼 스윕 근사만 수행"",""reason"":""실제 파지·관절 궤적·전 과정 실행 미검증""}}","14.958629910714286","75","12","4","0.111356632","952463345","444","","","","141.64473684210526","91.62342410015337","99.88636363636364","98.63636363636363","18.01401147570923","52.45","0.562992125984252","0","0","","14.636706250006682","80.99620000005234","35.341750000050524","71.86531000005195","234.18730000010692","75","113.9552738855348","53.920928025597604","379.0961008385914","744","4.347399999969639","","","","","","100","0","0","","","0","100","100","100","100","14.578100000042468","",""
"pack-greedy","online","randomExceptions","46","4","34aa28d2","partial","","explicit","proxy","{}","{""protocol"":33,""bounds"":307,""support"":433,""load"":207,""robot-path"":15}","adapter-1.0 / planners-f6ec11d4259a","2.1.0","{""requested"":1,""completed"":1,""outcomes"":[""partial""],""sameWorker"":false}","{""collision"":{""status"":""PASS"",""violations"":0,""checkedPlacements"":10,""scope"":""직육면체 기하·관측 규격 공통 검사"",""reason"":""확정 배치와 최종 적재 상태 검사""},""bounds"":{""status"":""PASS"",""violations"":0,""checkedPlacements"":10,""scope"":""직육면체 기하·관측 규격 공통 검사"",""reason"":""확정 배치와 최종 적재 상태 검사""},""height"":{""status"":""PASS"",""violations"":0,""checkedPlacements"":10,""scope"":""직육면체 기하·관측 규격 공통 검사"",""reason"":""확정 배치와 최종 적재 상태 검사""},""orientation"":{""status"":""PASS"",""violations"":0,""checkedPlacements"":10,""scope"":""직육면체 기하·관측 규격 공통 검사"",""reason"":""확정 배치와 최종 적재 상태 검사""},""load"":{""status"":""PASS"",""violations"":0,""checkedPlacements"":10,""scope"":""입력된 허용 상부하중 · 누적 정적 반력"",""reason"":""입력값 범위의 정적 검사. 실측 재료 인증 아님""},""support"":{""status"":""PASS"",""violations"":0,""checkedPlacements"":10,""scope"":""접촉·합력 작용점·정적 평형"",""reason"":""설정된 지지율·전도 여유 검사. 동적 붕괴·굽힘 파손 미검증""},""payload"":{""status"":""PASS"",""violations"":0,""checkedPlacements"":10,""scope"":""입력 가반하중 · 박스+그리퍼 질량"",""reason"":""사용자가 설정한 가반하중 한계 검사""},""robotCollision"":{""status"":""NOT VERIFIED"",""violations"":0,""checkedPlacements"":10,""scope"":""TCP·그리퍼 스윕 근사만 수행"",""reason"":""전체 로봇 링크 충돌 미검증""},""approach"":{""status"":""NOT VERIFIED"",""violations"":0,""checkedPlacements"":10,""scope"":""TCP·그리퍼 스윕 근사만 수행"",""reason"":""실제 관절 한계·역기구학·접근 자세 미검증""},""sequence"":{""status"":""NOT VERIFIED"",""violations"":0,""checkedPlacements"":10,""scope"":""TCP·그리퍼 스윕 근사만 수행"",""reason"":""실제 파지·관절 궤적·전 과정 실행 미검증""}}","12.58797080357143","62.5","10","6","0.137908014","979014727","434","","","","123.703125","37.93751689275777","100","100","16.410688189658153","70.8","0.619815668202765","0","0","","9.929756250006903","51.12250000005588","22.420899999997346","45.38218000004416","158.87610000011045","62.5","96.94976538756904","46.11734750191988","371.3263240615943","744","2.6328999999677762","","","","","","100","0","0","","","0","100","100","100","100","51.12250000005588","",""
"pack-tetris","online","randomExceptions","46","4","34aa28d2","partial","","explicit","proxy","{}","{""protocol"":33,""bounds"":307,""support"":433,""load"":207,""robot-path"":15}","adapter-1.0 / planners-f6ec11d4259a","2.1.0","{""requested"":1,""completed"":1,""outcomes"":[""partial""],""sameWorker"":false}","{""collision"":{""status"":""PASS"",""violations"":0,""checkedPlacements"":10,""scope"":""직육면체 기하·관측 규격 공통 검사"",""reason"":""확정 배치와 최종 적재 상태 검사""},""bounds"":{""status"":""PASS"",""violations"":0,""checkedPlacements"":10,""scope"":""직육면체 기하·관측 규격 공통 검사"",""reason"":""확정 배치와 최종 적재 상태 검사""},""height"":{""status"":""PASS"",""violations"":0,""checkedPlacements"":10,""scope"":""직육면체 기하·관측 규격 공통 검사"",""reason"":""확정 배치와 최종 적재 상태 검사""},""orientation"":{""status"":""PASS"",""violations"":0,""checkedPlacements"":10,""scope"":""직육면체 기하·관측 규격 공통 검사"",""reason"":""확정 배치와 최종 적재 상태 검사""},""load"":{""status"":""PASS"",""violations"":0,""checkedPlacements"":10,""scope"":""입력된 허용 상부하중 · 누적 정적 반력"",""reason"":""입력값 범위의 정적 검사. 실측 재료 인증 아님""},""support"":{""status"":""PASS"",""violations"":0,""checkedPlacements"":10,""scope"":""접촉·합력 작용점·정적 평형"",""reason"":""설정된 지지율·전도 여유 검사. 동적 붕괴·굽힘 파손 미검증""},""payload"":{""status"":""PASS"",""violations"":0,""checkedPlacements"":10,""scope"":""입력 가반하중 · 박스+그리퍼 질량"",""reason"":""사용자가 설정한 가반하중 한계 검사""},""robotCollision"":{""status"":""NOT VERIFIED"",""violations"":0,""checkedPlacements"":10,""scope"":""TCP·그리퍼 스윕 근사만 수행"",""reason"":""전체 로봇 링크 충돌 미검증""},""approach"":{""status"":""NOT VERIFIED"",""violations"":0,""checkedPlacements"":10,""scope"":""TCP·그리퍼 스윕 근사만 수행"",""reason"":""실제 관절 한계·역기구학·접근 자세 미검증""},""sequence"":{""status"":""NOT VERIFIED"",""violations"":0,""checkedPlacements"":10,""scope"":""TCP·그리퍼 스윕 근사만 수행"",""reason"":""실제 파지·관절 궤적·전 과정 실행 미검증""}}","12.58797080357143","62.5","10","6","0.137908014","979014727","434","","","","123.703125","37.93751689275777","100","100","16.410688189658153","70.8","0.619815668202765","0","0","","15.648325000001932","78.41249999997672","56.82292499995674","74.09458499997271","250.37320000003092","62.5","96.94976538756904","46.11734750191988","371.3263240615943","744","2.5820000000530854","","","","","","100","0","0","","","0","100","100","100","100","78.41249999997672","",""
"pack-beam","online","randomExceptions","46","4","34aa28d2","partial","","explicit","proxy","{}","{""protocol"":34,""bounds"":337,""support"":466,""load"":288,""robot-path"":14}","adapter-1.0 / planners-f6ec11d4259a","2.1.0","{""requested"":1,""completed"":1,""outcomes"":[""partial""],""sameWorker"":false}","{""collision"":{""status"":""PASS"",""violations"":0,""checkedPlacements"":12,""scope"":""직육면체 기하·관측 규격 공통 검사"",""reason"":""확정 배치와 최종 적재 상태 검사""},""bounds"":{""status"":""PASS"",""violations"":0,""checkedPlacements"":12,""scope"":""직육면체 기하·관측 규격 공통 검사"",""reason"":""확정 배치와 최종 적재 상태 검사""},""height"":{""status"":""PASS"",""violations"":0,""checkedPlacements"":12,""scope"":""직육면체 기하·관측 규격 공통 검사"",""reason"":""확정 배치와 최종 적재 상태 검사""},""orientation"":{""status"":""PASS"",""violations"":0,""checkedPlacements"":12,""scope"":""직육면체 기하·관측 규격 공통 검사"",""reason"":""확정 배치와 최종 적재 상태 검사""},""load"":{""status"":""PASS"",""violations"":0,""checkedPlacements"":12,""scope"":""입력된 허용 상부하중 · 누적 정적 반력"",""reason"":""입력값 범위의 정적 검사. 실측 재료 인증 아님""},""support"":{""status"":""PASS"",""violations"":0,""checkedPlacements"":12,""scope"":""접촉·합력 작용점·정적 평형"",""reason"":""설정된 지지율·전도 여유 검사. 동적 붕괴·굽힘 파손 미검증""},""payload"":{""status"":""PASS"",""violations"":0,""checkedPlacements"":12,""scope"":""입력 가반하중 · 박스+그리퍼 질량"",""reason"":""사용자가 설정한 가반하중 한계 검사""},""robotCollision"":{""status"":""NOT VERIFIED"",""violations"":0,""checkedPlacements"":12,""scope"":""TCP·그리퍼 스윕 근사만 수행"",""reason"":""전체 로봇 링크 충돌 미검증""},""approach"":{""status"":""NOT VERIFIED"",""violations"":0,""checkedPlacements"":12,""scope"":""TCP·그리퍼 스윕 근사만 수행"",""reason"":""실제 관절 한계·역기구학·접근 자세 미검증""},""sequence"":{""status"":""NOT VERIFIED"",""violations"":0,""checkedPlacements"":12,""scope"":""TCP·그리퍼 스윕 근사만 수행"",""reason"":""실제 파지·관절 궤적·전 과정 실행 미검증""}}","14.663203124999999","75","12","4","0.114665412","955772125","434","","","","131.78787878787878","27.46358407807003","99.65923172242874","95.91078066914498","3.3327415705784187","52.45","0.562992125984252","0","0","","923.1247500000027","2430.7142999999924","2330.3142749999824","2410.6342949999903","14769.996000000043","75","118.69814151490019","55.70379198468514","363.9484110589642","744","5.744500000029802","","","","","","100","0","0","","","0","100","100","100","100","750.9598000000697","",""
"pack-robust","online","randomExceptions","46","4","34aa28d2","partial","","explicit","proxy","{}","{""protocol"":34,""bounds"":337,""support"":466,""load"":288,""robot-path"":14}","adapter-1.0 / planners-f6ec11d4259a","2.1.0","{""requested"":1,""completed"":1,""outcomes"":[""partial""],""sameWorker"":false}","{""collision"":{""status"":""PASS"",""violations"":0,""checkedPlacements"":12,""scope"":""직육면체 기하·관측 규격 공통 검사"",""reason"":""확정 배치와 최종 적재 상태 검사""},""bounds"":{""status"":""PASS"",""violations"":0,""checkedPlacements"":12,""scope"":""직육면체 기하·관측 규격 공통 검사"",""reason"":""확정 배치와 최종 적재 상태 검사""},""height"":{""status"":""PASS"",""violations"":0,""checkedPlacements"":12,""scope"":""직육면체 기하·관측 규격 공통 검사"",""reason"":""확정 배치와 최종 적재 상태 검사""},""orientation"":{""status"":""PASS"",""violations"":0,""checkedPlacements"":12,""scope"":""직육면체 기하·관측 규격 공통 검사"",""reason"":""확정 배치와 최종 적재 상태 검사""},""load"":{""status"":""PASS"",""violations"":0,""checkedPlacements"":12,""scope"":""입력된 허용 상부하중 · 누적 정적 반력"",""reason"":""입력값 범위의 정적 검사. 실측 재료 인증 아님""},""support"":{""status"":""PASS"",""violations"":0,""checkedPlacements"":12,""scope"":""접촉·합력 작용점·정적 평형"",""reason"":""설정된 지지율·전도 여유 검사. 동적 붕괴·굽힘 파손 미검증""},""payload"":{""status"":""PASS"",""violations"":0,""checkedPlacements"":12,""scope"":""입력 가반하중 · 박스+그리퍼 질량"",""reason"":""사용자가 설정한 가반하중 한계 검사""},""robotCollision"":{""status"":""NOT VERIFIED"",""violations"":0,""checkedPlacements"":12,""scope"":""TCP·그리퍼 스윕 근사만 수행"",""reason"":""전체 로봇 링크 충돌 미검증""},""approach"":{""status"":""NOT VERIFIED"",""violations"":0,""checkedPlacements"":12,""scope"":""TCP·그리퍼 스윕 근사만 수행"",""reason"":""실제 관절 한계·역기구학·접근 자세 미검증""},""sequence"":{""status"":""NOT VERIFIED"",""violations"":0,""checkedPlacements"":12,""scope"":""TCP·그리퍼 스윕 근사만 수행"",""reason"":""실제 파지·관절 궤적·전 과정 실행 미검증""}}","14.663203124999999","75","12","4","0.114665412","955772125","434","","","","131.78787878787878","27.46358407807003","99.65923172242874","95.91078066914498","3.3327415705784187","52.45","0.562992125984252","0","0","","876.3352437499925","2573.15419999999","2252.7036499999813","2509.064089999988","14021.36389999988","75","118.69814151490019","55.70379198468514","363.9484110589642","744","11.339199999929406","","","","","","100","0","0","","","0","100","100","100","100","875.8716000000713","",""
"random","online","randomExceptions","46","4","34aa28d2","partial","","explicit","proxy","{}","{""protocol"":11,""bounds"":27,""support"":395,""load"":320,""robot-path"":21}","adapter-1.0 / planners-f6ec11d4259a","2.1.0","{""requested"":1,""completed"":1,""outcomes"":[""partial""],""sameWorker"":false}","{""collision"":{""status"":""PASS"",""violations"":0,""checkedPlacements"":12,""scope"":""직육면체 기하·관측 규격 공통 검사"",""reason"":""확정 배치와 최종 적재 상태 검사""},""bounds"":{""status"":""PASS"",""violations"":0,""checkedPlacements"":12,""scope"":""직육면체 기하·관측 규격 공통 검사"",""reason"":""확정 배치와 최종 적재 상태 검사""},""height"":{""status"":""PASS"",""violations"":0,""checkedPlacements"":12,""scope"":""직육면체 기하·관측 규격 공통 검사"",""reason"":""확정 배치와 최종 적재 상태 검사""},""orientation"":{""status"":""PASS"",""violations"":0,""checkedPlacements"":12,""scope"":""직육면체 기하·관측 규격 공통 검사"",""reason"":""확정 배치와 최종 적재 상태 검사""},""load"":{""status"":""PASS"",""violations"":0,""checkedPlacements"":12,""scope"":""입력된 허용 상부하중 · 누적 정적 반력"",""reason"":""입력값 범위의 정적 검사. 실측 재료 인증 아님""},""support"":{""status"":""PASS"",""violations"":0,""checkedPlacements"":12,""scope"":""접촉·합력 작용점·정적 평형"",""reason"":""설정된 지지율·전도 여유 검사. 동적 붕괴·굽힘 파손 미검증""},""payload"":{""status"":""PASS"",""violations"":0,""checkedPlacements"":12,""scope"":""입력 가반하중 · 박스+그리퍼 질량"",""reason"":""사용자가 설정한 가반하중 한계 검사""},""robotCollision"":{""status"":""NOT VERIFIED"",""violations"":0,""checkedPlacements"":12,""scope"":""TCP·그리퍼 스윕 근사만 수행"",""reason"":""전체 로봇 링크 충돌 미검증""},""approach"":{""status"":""NOT VERIFIED"",""violations"":0,""checkedPlacements"":12,""scope"":""TCP·그리퍼 스윕 근사만 수행"",""reason"":""실제 관절 한계·역기구학·접근 자세 미검증""},""sequence"":{""status"":""NOT VERIFIED"",""violations"":0,""checkedPlacements"":12,""scope"":""TCP·그리퍼 스윕 근사만 수행"",""reason"":""실제 파지·관절 궤적·전 과정 실행 미검증""}}","14.663203124999999","75","12","4","0.114665412","955772125","444","","","","140.74242424242425","28.86547456963761","99.6265172735761","95.51820728291317","13.933665603257555","52.45","0.562992125984252","0","0","","15.90777499997057","57.25289999996312","40.17577500001062","53.83747499997261","254.52439999952912","75","117.36169861307198","53.535104098496774","368.0928319078393","744","4.903400000068359","","","","","","100","0","0","","","0","100","100","100","100","34.48340000002645","",""
"bl","online","randomExceptions","46","4","34aa28d2","partial","","explicit","proxy","{}","{""protocol"":36,""bounds"":20,""support"":355,""load"":215,""robot-path"":8}","adapter-1.0 / planners-f6ec11d4259a","2.1.0","{""requested"":1,""completed"":1,""outcomes"":[""partial""],""sameWorker"":false}","{""collision"":{""status"":""PASS"",""violations"":0,""checkedPlacements"":13,""scope"":""직육면체 기하·관측 규격 공통 검사"",""reason"":""확정 배치와 최종 적재 상태 검사""},""bounds"":{""status"":""PASS"",""violations"":0,""checkedPlacements"":13,""scope"":""직육면체 기하·관측 규격 공통 검사"",""reason"":""확정 배치와 최종 적재 상태 검사""},""height"":{""status"":""PASS"",""violations"":0,""checkedPlacements"":13,""scope"":""직육면체 기하·관측 규격 공통 검사"",""reason"":""확정 배치와 최종 적재 상태 검사""},""orientation"":{""status"":""PASS"",""violations"":0,""checkedPlacements"":13,""scope"":""직육면체 기하·관측 규격 공통 검사"",""reason"":""확정 배치와 최종 적재 상태 검사""},""load"":{""status"":""PASS"",""violations"":0,""checkedPlacements"":13,""scope"":""입력된 허용 상부하중 · 누적 정적 반력"",""reason"":""입력값 범위의 정적 검사. 실측 재료 인증 아님""},""support"":{""status"":""PASS"",""violations"":0,""checkedPlacements"":13,""scope"":""접촉·합력 작용점·정적 평형"",""reason"":""설정된 지지율·전도 여유 검사. 동적 붕괴·굽힘 파손 미검증""},""payload"":{""status"":""PASS"",""violations"":0,""checkedPlacements"":13,""scope"":""입력 가반하중 · 박스+그리퍼 질량"",""reason"":""사용자가 설정한 가반하중 한계 검사""},""robotCollision"":{""status"":""NOT VERIFIED"",""violations"":0,""checkedPlacements"":13,""scope"":""TCP·그리퍼 스윕 근사만 수행"",""reason"":""전체 로봇 링크 충돌 미검증""},""approach"":{""status"":""NOT VERIFIED"",""violations"":0,""checkedPlacements"":13,""scope"":""TCP·그리퍼 스윕 근사만 수행"",""reason"":""실제 관절 한계·역기구학·접근 자세 미검증""},""sequence"":{""status"":""NOT VERIFIED"",""violations"":0,""checkedPlacements"":13,""scope"":""TCP·그리퍼 스윕 근사만 수행"",""reason"":""실제 파지·관절 궤적·전 과정 실행 미검증""}}","16.735879285714287","81.25","13","3","0.091451439","932558152","434","","","","151.29166666666666","17.369635095649237","100","100","5.454476763479319","52.45","0.562992125984252","0","0","","36.25165000000561","70.94610000005923","70.7755499999912","70.91199000004562","580.0264000000898","81.25","121.14651962864215","59.24523775861741","386.3090755182972","750","5.0635000000474975","","","","","","100","0","0","","","0","100","100","100","100","59.01360000006389","",""
"greedy","online","randomExceptions","46","4","34aa28d2","partial","","explicit","proxy","{}","{""protocol"":10,""support"":323,""load"":222,""robot-path"":15}","adapter-1.0 / planners-f6ec11d4259a","2.1.0","{""requested"":1,""completed"":1,""outcomes"":[""partial""],""sameWorker"":false}","{""collision"":{""status"":""PASS"",""violations"":0,""checkedPlacements"":14,""scope"":""직육면체 기하·관측 규격 공통 검사"",""reason"":""확정 배치와 최종 적재 상태 검사""},""bounds"":{""status"":""PASS"",""violations"":0,""checkedPlacements"":14,""scope"":""직육면체 기하·관측 규격 공통 검사"",""reason"":""확정 배치와 최종 적재 상태 검사""},""height"":{""status"":""PASS"",""violations"":0,""checkedPlacements"":14,""scope"":""직육면체 기하·관측 규격 공통 검사"",""reason"":""확정 배치와 최종 적재 상태 검사""},""orientation"":{""status"":""PASS"",""violations"":0,""checkedPlacements"":14,""scope"":""직육면체 기하·관측 규격 공통 검사"",""reason"":""확정 배치와 최종 적재 상태 검사""},""load"":{""status"":""PASS"",""violations"":0,""checkedPlacements"":14,""scope"":""입력된 허용 상부하중 · 누적 정적 반력"",""reason"":""입력값 범위의 정적 검사. 실측 재료 인증 아님""},""support"":{""status"":""PASS"",""violations"":0,""checkedPlacements"":14,""scope"":""접촉·합력 작용점·정적 평형"",""reason"":""설정된 지지율·전도 여유 검사. 동적 붕괴·굽힘 파손 미검증""},""payload"":{""status"":""PASS"",""violations"":0,""checkedPlacements"":14,""scope"":""입력 가반하중 · 박스+그리퍼 질량"",""reason"":""사용자가 설정한 가반하중 한계 검사""},""robotCollision"":{""status"":""NOT VERIFIED"",""violations"":0,""checkedPlacements"":14,""scope"":""TCP·그리퍼 스윕 근사만 수행"",""reason"":""전체 로봇 링크 충돌 미검증""},""approach"":{""status"":""NOT VERIFIED"",""violations"":0,""checkedPlacements"":14,""scope"":""TCP·그리퍼 스윕 근사만 수행"",""reason"":""실제 관절 한계·역기구학·접근 자세 미검증""},""sequence"":{""status"":""NOT VERIFIED"",""violations"":0,""checkedPlacements"":14,""scope"":""TCP·그리퍼 스윕 근사만 수행"",""reason"":""실제 파지·관절 궤적·전 과정 실행 미검증""}}","20.75583401785714","87.5","14","2","0.046427946","887534659","651","","","","241.81666666666666","23.52603233719755","100","100","13.287199901791217","52.45","0.41321044546851","0","0","","133.54043125001772","325.12810000008903","299.6132499999949","320.0251300000702","2136.6469000002835","87.5","147.24402461762133","71.65861600145386","342.2889324771174","750","6.480199999990873","","","","","","100","0","0","","","0","100","100","100","100","325.12810000008903","",""
"rollout","online","randomExceptions","46","4","34aa28d2","partial","","explicit","proxy","{}","{""protocol"":16,""bounds"":24,""support"":327,""load"":240,""robot-path"":20}","adapter-1.0 / planners-f6ec11d4259a","2.1.0","{""requested"":1,""completed"":1,""outcomes"":[""partial""],""sameWorker"":false}","{""collision"":{""status"":""PASS"",""violations"":0,""checkedPlacements"":14,""scope"":""직육면체 기하·관측 규격 공통 검사"",""reason"":""확정 배치와 최종 적재 상태 검사""},""bounds"":{""status"":""PASS"",""violations"":0,""checkedPlacements"":14,""scope"":""직육면체 기하·관측 규격 공통 검사"",""reason"":""확정 배치와 최종 적재 상태 검사""},""height"":{""status"":""PASS"",""violations"":0,""checkedPlacements"":14,""scope"":""직육면체 기하·관측 규격 공통 검사"",""reason"":""확정 배치와 최종 적재 상태 검사""},""orientation"":{""status"":""PASS"",""violations"":0,""checkedPlacements"":14,""scope"":""직육면체 기하·관측 규격 공통 검사"",""reason"":""확정 배치와 최종 적재 상태 검사""},""load"":{""status"":""PASS"",""violations"":0,""checkedPlacements"":14,""scope"":""입력된 허용 상부하중 · 누적 정적 반력"",""reason"":""입력값 범위의 정적 검사. 실측 재료 인증 아님""},""support"":{""status"":""PASS"",""violations"":0,""checkedPlacements"":14,""scope"":""접촉·합력 작용점·정적 평형"",""reason"":""설정된 지지율·전도 여유 검사. 동적 붕괴·굽힘 파손 미검증""},""payload"":{""status"":""PASS"",""violations"":0,""checkedPlacements"":14,""scope"":""입력 가반하중 · 박스+그리퍼 질량"",""reason"":""사용자가 설정한 가반하중 한계 검사""},""robotCollision"":{""status"":""NOT VERIFIED"",""violations"":0,""checkedPlacements"":14,""scope"":""TCP·그리퍼 스윕 근사만 수행"",""reason"":""전체 로봇 링크 충돌 미검증""},""approach"":{""status"":""NOT VERIFIED"",""violations"":0,""checkedPlacements"":14,""scope"":""TCP·그리퍼 스윕 근사만 수행"",""reason"":""실제 관절 한계·역기구학·접근 자세 미검증""},""sequence"":{""status"":""NOT VERIFIED"",""violations"":0,""checkedPlacements"":14,""scope"":""TCP·그리퍼 스윕 근사만 수행"",""reason"":""실제 파지·관절 궤적·전 과정 실행 미검증""}}","20.75583401785714","87.5","14","2","0.046427946","887534659","434","","","","188.21666666666667","79.40294564925019","100","100","11.637636648607202","52.45","0.562992125984252","0","0","","509.01641249999375","1265.1511999999639","990.7258250000596","1210.2661249999828","8144.2625999999","87.5","134.79913793757603","62.91943965942444","373.8896314258306","750","4.862800000002608","","","","","","100","0","0","","","0","100","100","100","100","1265.1511999999639","",""
"macs","online","random","47","5","98786c34","partial","","explicit","proxy","{}","{""bounds"":6,""support"":378,""load"":357,""robot-path"":38}","adapter-1.0 / planners-f6ec11d4259a","2.1.0","{""requested"":1,""completed"":1,""outcomes"":[""partial""],""sameWorker"":false}","{""collision"":{""status"":""PASS"",""violations"":0,""checkedPlacements"":12,""scope"":""직육면체 기하·관측 규격 공통 검사"",""reason"":""확정 배치와 최종 적재 상태 검사""},""bounds"":{""status"":""PASS"",""violations"":0,""checkedPlacements"":12,""scope"":""직육면체 기하·관측 규격 공통 검사"",""reason"":""확정 배치와 최종 적재 상태 검사""},""height"":{""status"":""PASS"",""violations"":0,""checkedPlacements"":12,""scope"":""직육면체 기하·관측 규격 공통 검사"",""reason"":""확정 배치와 최종 적재 상태 검사""},""orientation"":{""status"":""PASS"",""violations"":0,""checkedPlacements"":12,""scope"":""직육면체 기하·관측 규격 공통 검사"",""reason"":""확정 배치와 최종 적재 상태 검사""},""load"":{""status"":""PASS"",""violations"":0,""checkedPlacements"":12,""scope"":""입력된 허용 상부하중 · 누적 정적 반력"",""reason"":""입력값 범위의 정적 검사. 실측 재료 인증 아님""},""support"":{""status"":""PASS"",""violations"":0,""checkedPlacements"":12,""scope"":""접촉·합력 작용점·정적 평형"",""reason"":""설정된 지지율·전도 여유 검사. 동적 붕괴·굽힘 파손 미검증""},""payload"":{""status"":""PASS"",""violations"":0,""checkedPlacements"":12,""scope"":""입력 가반하중 · 박스+그리퍼 질량"",""reason"":""사용자가 설정한 가반하중 한계 검사""},""robotCollision"":{""status"":""NOT VERIFIED"",""violations"":0,""checkedPlacements"":12,""scope"":""TCP·그리퍼 스윕 근사만 수행"",""reason"":""전체 로봇 링크 충돌 미검증""},""approach"":{""status"":""NOT VERIFIED"",""violations"":0,""checkedPlacements"":12,""scope"":""TCP·그리퍼 스윕 근사만 수행"",""reason"":""실제 관절 한계·역기구학·접근 자세 미검증""},""sequence"":{""status"":""NOT VERIFIED"",""violations"":0,""checkedPlacements"":12,""scope"":""TCP·그리퍼 스윕 근사만 수행"",""reason"":""실제 파지·관절 궤적·전 과정 실행 미검증""}}","15.74227","66.66666666666667","12","6","0.141216794","943686576","434","","","","156.92028985507247","7.123833399963749","100","100","3.2664497176902736","70.8","0.5518207282913166","0","0","","33.715300000007524","194.71889999997802","103.43340500002363","176.461800999987","606.8754000001354","66.66666666666667","123.07878029389803","57.251207191033714","350.99470352926267","826","3.5325999999186024","15.74227","0","66.66666666666667","","","100","0","0","","","0","","","","","","",""
"tetris-reserved","online","random","47","5","98786c34","partial","","explicit","proxy","{}","{""bounds"":28,""support"":270,""load"":275,""robot-path"":42}","adapter-1.0 / planners-f6ec11d4259a","2.1.0","{""requested"":1,""completed"":1,""outcomes"":[""partial""],""sameWorker"":false}","{""collision"":{""status"":""PASS"",""violations"":0,""checkedPlacements"":15,""scope"":""직육면체 기하·관측 규격 공통 검사"",""reason"":""확정 배치와 최종 적재 상태 검사""},""bounds"":{""status"":""PASS"",""violations"":0,""checkedPlacements"":15,""scope"":""직육면체 기하·관측 규격 공통 검사"",""reason"":""확정 배치와 최종 적재 상태 검사""},""height"":{""status"":""PASS"",""violations"":0,""checkedPlacements"":15,""scope"":""직육면체 기하·관측 규격 공통 검사"",""reason"":""확정 배치와 최종 적재 상태 검사""},""orientation"":{""status"":""PASS"",""violations"":0,""checkedPlacements"":15,""scope"":""직육면체 기하·관측 규격 공통 검사"",""reason"":""확정 배치와 최종 적재 상태 검사""},""load"":{""status"":""PASS"",""violations"":0,""checkedPlacements"":15,""scope"":""입력된 허용 상부하중 · 누적 정적 반력"",""reason"":""입력값 범위의 정적 검사. 실측 재료 인증 아님""},""support"":{""status"":""PASS"",""violations"":0,""checkedPlacements"":15,""scope"":""접촉·합력 작용점·정적 평형"",""reason"":""설정된 지지율·전도 여유 검사. 동적 붕괴·굽힘 파손 미검증""},""payload"":{""status"":""PASS"",""violations"":0,""checkedPlacements"":15,""scope"":""입력 가반하중 · 박스+그리퍼 질량"",""reason"":""사용자가 설정한 가반하중 한계 검사""},""robotCollision"":{""status"":""NOT VERIFIED"",""violations"":0,""checkedPlacements"":15,""scope"":""TCP·그리퍼 스윕 근사만 수행"",""reason"":""전체 로봇 링크 충돌 미검증""},""approach"":{""status"":""NOT VERIFIED"",""violations"":0,""checkedPlacements"":15,""scope"":""TCP·그리퍼 스윕 근사만 수행"",""reason"":""실제 관절 한계·역기구학·접근 자세 미검증""},""sequence"":{""status"":""NOT VERIFIED"",""violations"":0,""checkedPlacements"":15,""scope"":""TCP·그리퍼 스윕 근사만 수행"",""reason"":""실제 파지·관절 궤적·전 과정 실행 미검증""}}","23.90757705357143","83.33333333333333","15","3","0.049765355","852235137","651","","","","250.518018018018","17.565216982960063","99.8984771573604","98.47715736040608","17.50167433620671","65.85","0.41321044546851","0","0","","270.93748888889485","664.6184999999823","537.2691200000115","639.1486239999879","4876.874800000107","83.33333333333333","152.85040749146663","73.35276486945331","353.28659495405486","826","7.820500000030734","23.90757705357143","0","83.33333333333333","","","100","0","0","","","0","","","","","","",""
"dynamic-reservation","online","random","47","5","98786c34","partial","","explicit","proxy","{}","{""bounds"":28,""support"":267,""load"":205,""robot-path"":29,""protocol"":7}","adapter-1.0 / planners-f6ec11d4259a","2.1.0","{""requested"":1,""completed"":1,""outcomes"":[""partial""],""sameWorker"":false}","{""collision"":{""status"":""PASS"",""violations"":0,""checkedPlacements"":15,""scope"":""직육면체 기하·관측 규격 공통 검사"",""reason"":""확정 배치와 최종 적재 상태 검사""},""bounds"":{""status"":""PASS"",""violations"":0,""checkedPlacements"":15,""scope"":""직육면체 기하·관측 규격 공통 검사"",""reason"":""확정 배치와 최종 적재 상태 검사""},""height"":{""status"":""PASS"",""violations"":0,""checkedPlacements"":15,""scope"":""직육면체 기하·관측 규격 공통 검사"",""reason"":""확정 배치와 최종 적재 상태 검사""},""orientation"":{""status"":""PASS"",""violations"":0,""checkedPlacements"":15,""scope"":""직육면체 기하·관측 규격 공통 검사"",""reason"":""확정 배치와 최종 적재 상태 검사""},""load"":{""status"":""PASS"",""violations"":0,""checkedPlacements"":15,""scope"":""입력된 허용 상부하중 · 누적 정적 반력"",""reason"":""입력값 범위의 정적 검사. 실측 재료 인증 아님""},""support"":{""status"":""PASS"",""violations"":0,""checkedPlacements"":15,""scope"":""접촉·합력 작용점·정적 평형"",""reason"":""설정된 지지율·전도 여유 검사. 동적 붕괴·굽힘 파손 미검증""},""payload"":{""status"":""PASS"",""violations"":0,""checkedPlacements"":15,""scope"":""입력 가반하중 · 박스+그리퍼 질량"",""reason"":""사용자가 설정한 가반하중 한계 검사""},""robotCollision"":{""status"":""NOT VERIFIED"",""violations"":0,""checkedPlacements"":15,""scope"":""TCP·그리퍼 스윕 근사만 수행"",""reason"":""전체 로봇 링크 충돌 미검증""},""approach"":{""status"":""NOT VERIFIED"",""violations"":0,""checkedPlacements"":15,""scope"":""TCP·그리퍼 스윕 근사만 수행"",""reason"":""실제 관절 한계·역기구학·접근 자세 미검증""},""sequence"":{""status"":""NOT VERIFIED"",""violations"":0,""checkedPlacements"":15,""scope"":""TCP·그리퍼 스윕 근사만 수행"",""reason"":""실제 파지·관절 궤적·전 과정 실행 미검증""}}","20.18560526785714","83.33333333333333","15","3","0.091451439","893921221","824","","","","211.7929292929293","40.2602270111824","99.70121381886088","95.51820728291317","16.161616161616163","52.45","0.445757600456435","0","0","","574.0402277777838","2284.4867000000086","1873.5661000000189","2202.30258000001","10332.724100000109","83.33333333333333","155.78735707427927","75.9117820982815","346.62633100741834","826","5.508099999977276","20.18560526785714","0","83.33333333333333","","","100","0","0","","","0","","","","","","",""
"lookahead","online","random","47","5","98786c34","partial","","explicit","proxy","{}","{""bounds"":6,""support"":325,""load"":257,""robot-path"":26}","adapter-1.0 / planners-f6ec11d4259a","2.1.0","{""requested"":1,""completed"":1,""outcomes"":[""partial""],""sameWorker"":false}","{""collision"":{""status"":""PASS"",""violations"":0,""checkedPlacements"":16,""scope"":""직육면체 기하·관측 규격 공통 검사"",""reason"":""확정 배치와 최종 적재 상태 검사""},""bounds"":{""status"":""PASS"",""violations"":0,""checkedPlacements"":16,""scope"":""직육면체 기하·관측 규격 공통 검사"",""reason"":""확정 배치와 최종 적재 상태 검사""},""height"":{""status"":""PASS"",""violations"":0,""checkedPlacements"":16,""scope"":""직육면체 기하·관측 규격 공통 검사"",""reason"":""확정 배치와 최종 적재 상태 검사""},""orientation"":{""status"":""PASS"",""violations"":0,""checkedPlacements"":16,""scope"":""직육면체 기하·관측 규격 공통 검사"",""reason"":""확정 배치와 최종 적재 상태 검사""},""load"":{""status"":""PASS"",""violations"":0,""checkedPlacements"":16,""scope"":""입력된 허용 상부하중 · 누적 정적 반력"",""reason"":""입력값 범위의 정적 검사. 실측 재료 인증 아님""},""support"":{""status"":""PASS"",""violations"":0,""checkedPlacements"":16,""scope"":""접촉·합력 작용점·정적 평형"",""reason"":""설정된 지지율·전도 여유 검사. 동적 붕괴·굽힘 파손 미검증""},""payload"":{""status"":""PASS"",""violations"":0,""checkedPlacements"":16,""scope"":""입력 가반하중 · 박스+그리퍼 질량"",""reason"":""사용자가 설정한 가반하중 한계 검사""},""robotCollision"":{""status"":""NOT VERIFIED"",""violations"":0,""checkedPlacements"":16,""scope"":""TCP·그리퍼 스윕 근사만 수행"",""reason"":""전체 로봇 링크 충돌 미검증""},""approach"":{""status"":""NOT VERIFIED"",""violations"":0,""checkedPlacements"":16,""scope"":""TCP·그리퍼 스윕 근사만 수행"",""reason"":""실제 관절 한계·역기구학·접근 자세 미검증""},""sequence"":{""status"":""NOT VERIFIED"",""violations"":0,""checkedPlacements"":16,""scope"":""TCP·그리퍼 스윕 근사만 수행"",""reason"":""실제 파지·관절 궤적·전 과정 실행 미검증""}}","24.205560000000002","88.88888888888889","16","2","0.046427946","848897728","714","","","","262.252380952381","86.45701447236031","100","100","13.26294980380144","44.95","0.2759103641456583","0","0","","258.1952111110958","805.968200000003","662.4600649999627","777.2665729999947","4647.513799999724","88.88888888888889","163.76781995516865","77.19908297085964","351.71744983701905","826","7.457299999892712","24.205560000000002","0","88.88888888888889","","","100","0","0","","","0","","","","","","",""
"future-hybrid","online","random","47","5","98786c34","partial","","explicit","proxy","{}","{""bounds"":28,""support"":304,""load"":104,""robot-path"":20}","adapter-1.0 / planners-f6ec11d4259a","2.1.0","{""requested"":1,""completed"":1,""outcomes"":[""partial""],""sameWorker"":false}","{""collision"":{""status"":""PASS"",""violations"":0,""checkedPlacements"":16,""scope"":""직육면체 기하·관측 규격 공통 검사"",""reason"":""확정 배치와 최종 적재 상태 검사""},""bounds"":{""status"":""PASS"",""violations"":0,""checkedPlacements"":16,""scope"":""직육면체 기하·관측 규격 공통 검사"",""reason"":""확정 배치와 최종 적재 상태 검사""},""height"":{""status"":""PASS"",""violations"":0,""checkedPlacements"":16,""scope"":""직육면체 기하·관측 규격 공통 검사"",""reason"":""확정 배치와 최종 적재 상태 검사""},""orientation"":{""status"":""PASS"",""violations"":0,""checkedPlacements"":16,""scope"":""직육면체 기하·관측 규격 공통 검사"",""reason"":""확정 배치와 최종 적재 상태 검사""},""load"":{""status"":""PASS"",""violations"":0,""checkedPlacements"":16,""scope"":""입력된 허용 상부하중 · 누적 정적 반력"",""reason"":""입력값 범위의 정적 검사. 실측 재료 인증 아님""},""support"":{""status"":""PASS"",""violations"":0,""checkedPlacements"":16,""scope"":""접촉·합력 작용점·정적 평형"",""reason"":""설정된 지지율·전도 여유 검사. 동적 붕괴·굽힘 파손 미검증""},""payload"":{""status"":""PASS"",""violations"":0,""checkedPlacements"":16,""scope"":""입력 가반하중 · 박스+그리퍼 질량"",""reason"":""사용자가 설정한 가반하중 한계 검사""},""robotCollision"":{""status"":""NOT VERIFIED"",""violations"":0,""checkedPlacements"":16,""scope"":""TCP·그리퍼 스윕 근사만 수행"",""reason"":""전체 로봇 링크 충돌 미검증""},""approach"":{""status"":""NOT VERIFIED"",""violations"":0,""checkedPlacements"":16,""scope"":""TCP·그리퍼 스윕 근사만 수행"",""reason"":""실제 관절 한계·역기구학·접근 자세 미검증""},""sequence"":{""status"":""NOT VERIFIED"",""violations"":0,""checkedPlacements"":16,""scope"":""TCP·그리퍼 스윕 근사만 수행"",""reason"":""실제 파지·관절 궤적·전 과정 실행 미검증""}}","25.980253214285714","88.88888888888889","16","2","0.026551382","829021164","776","","","","267.87984496124034","46.161431322287356","100","100","15.734540859461774","65.85","0.41321044546851","0","0","","563.8759833333315","2392.7967000000644","1796.1638500000863","2273.470130000068","10149.767699999968","88.88888888888889","160.23736034273404","78.15428422277715","359.46673033553793","826","7.558199999970384","25.980253214285714","0","88.88888888888889","","","100","0","0","","","0","","","","","","",""
"blb","online","random","47","5","98786c34","partial","","explicit","proxy","{}","{""bounds"":30,""support"":391,""load"":311,""robot-path"":56,""protocol"":10}","adapter-1.0 / planners-f6ec11d4259a","2.1.0","{""requested"":1,""completed"":1,""outcomes"":[""partial""],""sameWorker"":false}","{""collision"":{""status"":""PASS"",""violations"":0,""checkedPlacements"":14,""scope"":""직육면체 기하·관측 규격 공통 검사"",""reason"":""확정 배치와 최종 적재 상태 검사""},""bounds"":{""status"":""PASS"",""violations"":0,""checkedPlacements"":14,""scope"":""직육면체 기하·관측 규격 공통 검사"",""reason"":""확정 배치와 최종 적재 상태 검사""},""height"":{""status"":""PASS"",""violations"":0,""checkedPlacements"":14,""scope"":""직육면체 기하·관측 규격 공통 검사"",""reason"":""확정 배치와 최종 적재 상태 검사""},""orientation"":{""status"":""PASS"",""violations"":0,""checkedPlacements"":14,""scope"":""직육면체 기하·관측 규격 공통 검사"",""reason"":""확정 배치와 최종 적재 상태 검사""},""load"":{""status"":""PASS"",""violations"":0,""checkedPlacements"":14,""scope"":""입력된 허용 상부하중 · 누적 정적 반력"",""reason"":""입력값 범위의 정적 검사. 실측 재료 인증 아님""},""support"":{""status"":""PASS"",""violations"":0,""checkedPlacements"":14,""scope"":""접촉·합력 작용점·정적 평형"",""reason"":""설정된 지지율·전도 여유 검사. 동적 붕괴·굽힘 파손 미검증""},""payload"":{""status"":""PASS"",""violations"":0,""checkedPlacements"":14,""scope"":""입력 가반하중 · 박스+그리퍼 질량"",""reason"":""사용자가 설정한 가반하중 한계 검사""},""robotCollision"":{""status"":""NOT VERIFIED"",""violations"":0,""checkedPlacements"":14,""scope"":""TCP·그리퍼 스윕 근사만 수행"",""reason"":""전체 로봇 링크 충돌 미검증""},""approach"":{""status"":""NOT VERIFIED"",""violations"":0,""checkedPlacements"":14,""scope"":""TCP·그리퍼 스윕 근사만 수행"",""reason"":""실제 관절 한계·역기구학·접근 자세 미검증""},""sequence"":{""status"":""NOT VERIFIED"",""violations"":0,""checkedPlacements"":14,""scope"":""TCP·그리퍼 스윕 근사만 수행"",""reason"":""실제 파지·관절 궤적·전 과정 실행 미검증""}}","18.112929107142858","77.77777777777777","14","4","0.114665412","917135194","643","","","","183.53703703703704","96.9114857837685","99.35974389755903","95.51820728291317","17.362455384675652","52.45","0.562992125984252","0","0","","23.031050000009902","164.90659999998752","56.79679999991768","143.28463999997336","414.55890000017826","77.77777777777777","131.98948985804668","64.34316840773036","381.8485854760457","824","5.239900000044145","18.112929107142858","0","77.77777777777777","","","100","0","0","","","0","","","","","","",""
"pack-first","online","random","47","5","98786c34","partial","","explicit","proxy","{}","{""support"":485,""load"":218,""bounds"":318,""robot-path"":41,""protocol"":42}","adapter-1.0 / planners-f6ec11d4259a","2.1.0","{""requested"":1,""completed"":1,""outcomes"":[""partial""],""sameWorker"":false}","{""collision"":{""status"":""PASS"",""violations"":0,""checkedPlacements"":11,""scope"":""직육면체 기하·관측 규격 공통 검사"",""reason"":""확정 배치와 최종 적재 상태 검사""},""bounds"":{""status"":""PASS"",""violations"":0,""checkedPlacements"":11,""scope"":""직육면체 기하·관측 규격 공통 검사"",""reason"":""확정 배치와 최종 적재 상태 검사""},""height"":{""status"":""PASS"",""violations"":0,""checkedPlacements"":11,""scope"":""직육면체 기하·관측 규격 공통 검사"",""reason"":""확정 배치와 최종 적재 상태 검사""},""orientation"":{""status"":""PASS"",""violations"":0,""checkedPlacements"":11,""scope"":""직육면체 기하·관측 규격 공통 검사"",""reason"":""확정 배치와 최종 적재 상태 검사""},""load"":{""status"":""PASS"",""violations"":0,""checkedPlacements"":11,""scope"":""입력된 허용 상부하중 · 누적 정적 반력"",""reason"":""입력값 범위의 정적 검사. 실측 재료 인증 아님""},""support"":{""status"":""PASS"",""violations"":0,""checkedPlacements"":11,""scope"":""접촉·합력 작용점·정적 평형"",""reason"":""설정된 지지율·전도 여유 검사. 동적 붕괴·굽힘 파손 미검증""},""payload"":{""status"":""PASS"",""violations"":0,""checkedPlacements"":11,""scope"":""입력 가반하중 · 박스+그리퍼 질량"",""reason"":""사용자가 설정한 가반하중 한계 검사""},""robotCollision"":{""status"":""NOT VERIFIED"",""violations"":0,""checkedPlacements"":11,""scope"":""TCP·그리퍼 스윕 근사만 수행"",""reason"":""전체 로봇 링크 충돌 미검증""},""approach"":{""status"":""NOT VERIFIED"",""violations"":0,""checkedPlacements"":11,""scope"":""TCP·그리퍼 스윕 근사만 수행"",""reason"":""실제 관절 한계·역기구학·접근 자세 미검증""},""sequence"":{""status"":""NOT VERIFIED"",""violations"":0,""checkedPlacements"":11,""scope"":""TCP·그리퍼 스윕 근사만 수행"",""reason"":""실제 파지·관절 궤적·전 과정 실행 미검증""}}","14.279175625","61.111111111111114","11","7","0.157603451","960073233","643","","","","182.421875","153.07963932725508","99.59256429844665","95.51820728291317","28.29115407084676","70.8","0.604030632809351","0","0","","14.063888888883715","99.53680000000168","36.22488999993064","86.87441799998737","253.14999999990687","61.111111111111114","101.11307610066451","49.47349946543195","391.6407405168415","824","2.8845999999903142","14.279175625","0","61.111111111111114","","","100","0","0","","","0","","","","","","",""
"pack-greedy","online","random","47","5","98786c34","partial","","explicit","proxy","{}","{""support"":541,""load"":201,""bounds"":321,""robot-path"":37,""protocol"":47}","adapter-1.0 / planners-f6ec11d4259a","2.1.0","{""requested"":1,""completed"":1,""outcomes"":[""partial""],""sameWorker"":false}","{""collision"":{""status"":""PASS"",""violations"":0,""checkedPlacements"":11,""scope"":""직육면체 기하·관측 규격 공통 검사"",""reason"":""확정 배치와 최종 적재 상태 검사""},""bounds"":{""status"":""PASS"",""violations"":0,""checkedPlacements"":11,""scope"":""직육면체 기하·관측 규격 공통 검사"",""reason"":""확정 배치와 최종 적재 상태 검사""},""height"":{""status"":""PASS"",""violations"":0,""checkedPlacements"":11,""scope"":""직육면체 기하·관측 규격 공통 검사"",""reason"":""확정 배치와 최종 적재 상태 검사""},""orientation"":{""status"":""PASS"",""violations"":0,""checkedPlacements"":11,""scope"":""직육면체 기하·관측 규격 공통 검사"",""reason"":""확정 배치와 최종 적재 상태 검사""},""load"":{""status"":""PASS"",""violations"":0,""checkedPlacements"":11,""scope"":""입력된 허용 상부하중 · 누적 정적 반력"",""reason"":""입력값 범위의 정적 검사. 실측 재료 인증 아님""},""support"":{""status"":""PASS"",""violations"":0,""checkedPlacements"":11,""scope"":""접촉·합력 작용점·정적 평형"",""reason"":""설정된 지지율·전도 여유 검사. 동적 붕괴·굽힘 파손 미검증""},""payload"":{""status"":""PASS"",""violations"":0,""checkedPlacements"":11,""scope"":""입력 가반하중 · 박스+그리퍼 질량"",""reason"":""사용자가 설정한 가반하중 한계 검사""},""robotCollision"":{""status"":""NOT VERIFIED"",""violations"":0,""checkedPlacements"":11,""scope"":""TCP·그리퍼 스윕 근사만 수행"",""reason"":""전체 로봇 링크 충돌 미검증""},""approach"":{""status"":""NOT VERIFIED"",""violations"":0,""checkedPlacements"":11,""scope"":""TCP·그리퍼 스윕 근사만 수행"",""reason"":""실제 관절 한계·역기구학·접근 자세 미검증""},""sequence"":{""status"":""NOT VERIFIED"",""violations"":0,""checkedPlacements"":11,""scope"":""TCP·그리퍼 스윕 근사만 수행"",""reason"":""실제 파지·관절 궤적·전 과정 실행 미검증""}}","14.279175625","61.111111111111114","11","7","0.157603451","960073233","631","","","","185.890625","106.77792214780695","99.59256429844665","95.51820728291317","31.993360367986867","70.8","0.445757600456435","0","0","","8.17207777777609","19.064500000094995","16.16668000000063","18.484936000076118","147.09739999996964","61.111111111111114","101.42997151169634","49.67948148260261","390.4171460349227","824","3.3532000000122935","14.279175625","0","61.111111111111114","","","100","0","0","","","0","","","","","","",""
"pack-tetris","online","random","47","5","98786c34","partial","","explicit","proxy","{}","{""support"":541,""load"":201,""bounds"":321,""robot-path"":37,""protocol"":47}","adapter-1.0 / planners-f6ec11d4259a","2.1.0","{""requested"":1,""completed"":1,""outcomes"":[""partial""],""sameWorker"":false}","{""collision"":{""status"":""PASS"",""violations"":0,""checkedPlacements"":11,""scope"":""직육면체 기하·관측 규격 공통 검사"",""reason"":""확정 배치와 최종 적재 상태 검사""},""bounds"":{""status"":""PASS"",""violations"":0,""checkedPlacements"":11,""scope"":""직육면체 기하·관측 규격 공통 검사"",""reason"":""확정 배치와 최종 적재 상태 검사""},""height"":{""status"":""PASS"",""violations"":0,""checkedPlacements"":11,""scope"":""직육면체 기하·관측 규격 공통 검사"",""reason"":""확정 배치와 최종 적재 상태 검사""},""orientation"":{""status"":""PASS"",""violations"":0,""checkedPlacements"":11,""scope"":""직육면체 기하·관측 규격 공통 검사"",""reason"":""확정 배치와 최종 적재 상태 검사""},""load"":{""status"":""PASS"",""violations"":0,""checkedPlacements"":11,""scope"":""입력된 허용 상부하중 · 누적 정적 반력"",""reason"":""입력값 범위의 정적 검사. 실측 재료 인증 아님""},""support"":{""status"":""PASS"",""violations"":0,""checkedPlacements"":11,""scope"":""접촉·합력 작용점·정적 평형"",""reason"":""설정된 지지율·전도 여유 검사. 동적 붕괴·굽힘 파손 미검증""},""payload"":{""status"":""PASS"",""violations"":0,""checkedPlacements"":11,""scope"":""입력 가반하중 · 박스+그리퍼 질량"",""reason"":""사용자가 설정한 가반하중 한계 검사""},""robotCollision"":{""status"":""NOT VERIFIED"",""violations"":0,""checkedPlacements"":11,""scope"":""TCP·그리퍼 스윕 근사만 수행"",""reason"":""전체 로봇 링크 충돌 미검증""},""approach"":{""status"":""NOT VERIFIED"",""violations"":0,""checkedPlacements"":11,""scope"":""TCP·그리퍼 스윕 근사만 수행"",""reason"":""실제 관절 한계·역기구학·접근 자세 미검증""},""sequence"":{""status"":""NOT VERIFIED"",""violations"":0,""checkedPlacements"":11,""scope"":""TCP·그리퍼 스윕 근사만 수행"",""reason"":""실제 파지·관절 궤적·전 과정 실행 미검증""}}","14.279175625","61.111111111111114","11","7","0.157603451","960073233","631","","","","185.890625","106.77792214780695","99.59256429844665","95.51820728291317","31.993360367986867","70.8","0.445757600456435","0","0","","8.226911111094523","17.053599999984726","16.05782499993802","16.85444499997538","148.08439999970142","61.111111111111114","101.42997151169634","49.67948148260261","390.4171460349227","824","2.4523999999510124","14.279175625","0","61.111111111111114","","","100","0","0","","","0","","","","","","",""
"pack-beam","online","random","47","5","98786c34","partial","","explicit","proxy","{}","{""support"":520,""load"":238,""bounds"":323,""robot-path"":26,""protocol"":48}","adapter-1.0 / planners-f6ec11d4259a","2.1.0","{""requested"":1,""completed"":1,""outcomes"":[""partial""],""sameWorker"":false}","{""collision"":{""status"":""PASS"",""violations"":0,""checkedPlacements"":15,""scope"":""직육면체 기하·관측 규격 공통 검사"",""reason"":""확정 배치와 최종 적재 상태 검사""},""bounds"":{""status"":""PASS"",""violations"":0,""checkedPlacements"":15,""scope"":""직육면체 기하·관측 규격 공통 검사"",""reason"":""확정 배치와 최종 적재 상태 검사""},""height"":{""status"":""PASS"",""violations"":0,""checkedPlacements"":15,""scope"":""직육면체 기하·관측 규격 공통 검사"",""reason"":""확정 배치와 최종 적재 상태 검사""},""orientation"":{""status"":""PASS"",""violations"":0,""checkedPlacements"":15,""scope"":""직육면체 기하·관측 규격 공통 검사"",""reason"":""확정 배치와 최종 적재 상태 검사""},""load"":{""status"":""PASS"",""violations"":0,""checkedPlacements"":15,""scope"":""입력된 허용 상부하중 · 누적 정적 반력"",""reason"":""입력값 범위의 정적 검사. 실측 재료 인증 아님""},""support"":{""status"":""PASS"",""violations"":0,""checkedPlacements"":15,""scope"":""접촉·합력 작용점·정적 평형"",""reason"":""설정된 지지율·전도 여유 검사. 동적 붕괴·굽힘 파손 미검증""},""payload"":{""status"":""PASS"",""violations"":0,""checkedPlacements"":15,""scope"":""입력 가반하중 · 박스+그리퍼 질량"",""reason"":""사용자가 설정한 가반하중 한계 검사""},""robotCollision"":{""status"":""NOT VERIFIED"",""violations"":0,""checkedPlacements"":15,""scope"":""TCP·그리퍼 스윕 근사만 수행"",""reason"":""전체 로봇 링크 충돌 미검증""},""approach"":{""status"":""NOT VERIFIED"",""violations"":0,""checkedPlacements"":15,""scope"":""TCP·그리퍼 스윕 근사만 수행"",""reason"":""실제 관절 한계·역기구학·접근 자세 미검증""},""sequence"":{""status"":""NOT VERIFIED"",""violations"":0,""checkedPlacements"":15,""scope"":""TCP·그리퍼 스윕 근사만 수행"",""reason"":""실제 파지·관절 궤적·전 과정 실행 미검증""}}","21.072951875","83.33333333333333","15","3","0.081513157","883982939","466","","","","184.31981981981983","15.281553937856579","99.79033935380534","98.14126394052045","12.369341364442535","57.2","0.4227467811158798","0","0","","1462.7351944444495","2837.0847000000067","2803.7216899999826","2830.4120980000016","26329.23350000009","83.33333333333333","145.15281399006392","68.34932909354153","372.0217232832733","824","16.426199999987148","21.072951875","0","83.33333333333333","","","100","0","0","","","0","","","","","","",""
"pack-robust","online","random","47","5","98786c34","partial","","explicit","proxy","{}","{""support"":520,""load"":238,""bounds"":323,""robot-path"":26,""protocol"":48}","adapter-1.0 / planners-f6ec11d4259a","2.1.0","{""requested"":1,""completed"":1,""outcomes"":[""partial""],""sameWorker"":false}","{""collision"":{""status"":""PASS"",""violations"":0,""checkedPlacements"":15,""scope"":""직육면체 기하·관측 규격 공통 검사"",""reason"":""확정 배치와 최종 적재 상태 검사""},""bounds"":{""status"":""PASS"",""violations"":0,""checkedPlacements"":15,""scope"":""직육면체 기하·관측 규격 공통 검사"",""reason"":""확정 배치와 최종 적재 상태 검사""},""height"":{""status"":""PASS"",""violations"":0,""checkedPlacements"":15,""scope"":""직육면체 기하·관측 규격 공통 검사"",""reason"":""확정 배치와 최종 적재 상태 검사""},""orientation"":{""status"":""PASS"",""violations"":0,""checkedPlacements"":15,""scope"":""직육면체 기하·관측 규격 공통 검사"",""reason"":""확정 배치와 최종 적재 상태 검사""},""load"":{""status"":""PASS"",""violations"":0,""checkedPlacements"":15,""scope"":""입력된 허용 상부하중 · 누적 정적 반력"",""reason"":""입력값 범위의 정적 검사. 실측 재료 인증 아님""},""support"":{""status"":""PASS"",""violations"":0,""checkedPlacements"":15,""scope"":""접촉·합력 작용점·정적 평형"",""reason"":""설정된 지지율·전도 여유 검사. 동적 붕괴·굽힘 파손 미검증""},""payload"":{""status"":""PASS"",""violations"":0,""checkedPlacements"":15,""scope"":""입력 가반하중 · 박스+그리퍼 질량"",""reason"":""사용자가 설정한 가반하중 한계 검사""},""robotCollision"":{""status"":""NOT VERIFIED"",""violations"":0,""checkedPlacements"":15,""scope"":""TCP·그리퍼 스윕 근사만 수행"",""reason"":""전체 로봇 링크 충돌 미검증""},""approach"":{""status"":""NOT VERIFIED"",""violations"":0,""checkedPlacements"":15,""scope"":""TCP·그리퍼 스윕 근사만 수행"",""reason"":""실제 관절 한계·역기구학·접근 자세 미검증""},""sequence"":{""status"":""NOT VERIFIED"",""violations"":0,""checkedPlacements"":15,""scope"":""TCP·그리퍼 스윕 근사만 수행"",""reason"":""실제 파지·관절 궤적·전 과정 실행 미검증""}}","21.072951875","83.33333333333333","15","3","0.081513157","883982939","466","","","","184.31981981981983","15.281553937856579","99.79033935380534","98.14126394052045","12.369341364442535","57.2","0.4227467811158798","0","0","","1371.3855833333218","2647.5529000000097","2475.680180000019","2613.1783560000113","24684.940499999793","83.33333333333333","145.15281399006392","68.34932909354153","372.0217232832733","824","7.514399999985471","21.072951875","0","83.33333333333333","","","100","0","0","","","0","","","","","","",""
"random","online","random","47","5","98786c34","partial","","explicit","proxy","{}","{""bounds"":30,""support"":414,""load"":275,""robot-path"":37,""protocol"":42}","adapter-1.0 / planners-f6ec11d4259a","2.1.0","{""requested"":1,""completed"":1,""outcomes"":[""partial""],""sameWorker"":false}","{""collision"":{""status"":""PASS"",""violations"":0,""checkedPlacements"":13,""scope"":""직육면체 기하·관측 규격 공통 검사"",""reason"":""확정 배치와 최종 적재 상태 검사""},""bounds"":{""status"":""PASS"",""violations"":0,""checkedPlacements"":13,""scope"":""직육면체 기하·관측 규격 공통 검사"",""reason"":""확정 배치와 최종 적재 상태 검사""},""height"":{""status"":""PASS"",""violations"":0,""checkedPlacements"":13,""scope"":""직육면체 기하·관측 규격 공통 검사"",""reason"":""확정 배치와 최종 적재 상태 검사""},""orientation"":{""status"":""PASS"",""violations"":0,""checkedPlacements"":13,""scope"":""직육면체 기하·관측 규격 공통 검사"",""reason"":""확정 배치와 최종 적재 상태 검사""},""load"":{""status"":""PASS"",""violations"":0,""checkedPlacements"":13,""scope"":""입력된 허용 상부하중 · 누적 정적 반력"",""reason"":""입력값 범위의 정적 검사. 실측 재료 인증 아님""},""support"":{""status"":""PASS"",""violations"":0,""checkedPlacements"":13,""scope"":""접촉·합력 작용점·정적 평형"",""reason"":""설정된 지지율·전도 여유 검사. 동적 붕괴·굽힘 파손 미검증""},""payload"":{""status"":""PASS"",""violations"":0,""checkedPlacements"":13,""scope"":""입력 가반하중 · 박스+그리퍼 질량"",""reason"":""사용자가 설정한 가반하중 한계 검사""},""robotCollision"":{""status"":""NOT VERIFIED"",""violations"":0,""checkedPlacements"":13,""scope"":""TCP·그리퍼 스윕 근사만 수행"",""reason"":""전체 로봇 링크 충돌 미검증""},""approach"":{""status"":""NOT VERIFIED"",""violations"":0,""checkedPlacements"":13,""scope"":""TCP·그리퍼 스윕 근사만 수행"",""reason"":""실제 관절 한계·역기구학·접근 자세 미검증""},""sequence"":{""status"":""NOT VERIFIED"",""violations"":0,""checkedPlacements"":13,""scope"":""TCP·그리퍼 스윕 근사만 수행"",""reason"":""실제 파지·관절 궤적·전 과정 실행 미검증""}}","17.814946160714285","72.22222222222223","13","5","0.118002821","920472603","593","","","","188.16666666666666","58.66635645163544","99.25330154938727","95.51820728291317","23.517210858128955","70.8","0.6675526477203026","0","0","","14.59112777778258","30.58019999996759","28.968684999964896","30.25789699996705","262.6403000000864","72.22222222222223","128.06773457340287","61.794027472711875","365.43162222625455","824","4.232700000051409","17.814946160714285","0","72.22222222222223","","","100","0","0","","","0","","","","","","",""
"bl","online","random","47","5","98786c34","partial","","explicit","proxy","{}","{""bounds"":28,""support"":381,""load"":303,""robot-path"":55,""protocol"":17}","adapter-1.0 / planners-f6ec11d4259a","2.1.0","{""requested"":1,""completed"":1,""outcomes"":[""partial""],""sameWorker"":false}","{""collision"":{""status"":""PASS"",""violations"":0,""checkedPlacements"":14,""scope"":""직육면체 기하·관측 규격 공통 검사"",""reason"":""확정 배치와 최종 적재 상태 검사""},""bounds"":{""status"":""PASS"",""violations"":0,""checkedPlacements"":14,""scope"":""직육면체 기하·관측 규격 공통 검사"",""reason"":""확정 배치와 최종 적재 상태 검사""},""height"":{""status"":""PASS"",""violations"":0,""checkedPlacements"":14,""scope"":""직육면체 기하·관측 규격 공통 검사"",""reason"":""확정 배치와 최종 적재 상태 검사""},""orientation"":{""status"":""PASS"",""violations"":0,""checkedPlacements"":14,""scope"":""직육면체 기하·관측 규격 공통 검사"",""reason"":""확정 배치와 최종 적재 상태 검사""},""load"":{""status"":""PASS"",""violations"":0,""checkedPlacements"":14,""scope"":""입력된 허용 상부하중 · 누적 정적 반력"",""reason"":""입력값 범위의 정적 검사. 실측 재료 인증 아님""},""support"":{""status"":""PASS"",""violations"":0,""checkedPlacements"":14,""scope"":""접촉·합력 작용점·정적 평형"",""reason"":""설정된 지지율·전도 여유 검사. 동적 붕괴·굽힘 파손 미검증""},""payload"":{""status"":""PASS"",""violations"":0,""checkedPlacements"":14,""scope"":""입력 가반하중 · 박스+그리퍼 질량"",""reason"":""사용자가 설정한 가반하중 한계 검사""},""robotCollision"":{""status"":""NOT VERIFIED"",""violations"":0,""checkedPlacements"":14,""scope"":""TCP·그리퍼 스윕 근사만 수행"",""reason"":""전체 로봇 링크 충돌 미검증""},""approach"":{""status"":""NOT VERIFIED"",""violations"":0,""checkedPlacements"":14,""scope"":""TCP·그리퍼 스윕 근사만 수행"",""reason"":""실제 관절 한계·역기구학·접근 자세 미검증""},""sequence"":{""status"":""NOT VERIFIED"",""violations"":0,""checkedPlacements"":14,""scope"":""TCP·그리퍼 스윕 근사만 수행"",""reason"":""실제 파지·관절 궤적·전 과정 실행 미검증""}}","18.112929107142858","77.77777777777777","14","4","0.114665412","917135194","611","","","","181.56172839506172","95.12440334088143","99.3733115563822","95.51820728291317","15.037606480839269","52.45","0.4375","0","0","","55.15369444443948","196.60479999997187","150.53624500003053","187.39108899998354","992.7664999999106","77.77777777777777","131.16263213387782","63.80571088702059","384.2557836789725","826","5.38890000001993","18.112929107142858","0","77.77777777777777","","","100","0","0","","","0","","","","","","",""
"greedy","online","random","47","5","98786c34","partial","","explicit","proxy","{}","{""bounds"":6,""support"":291,""load"":193,""robot-path"":51}","adapter-1.0 / planners-f6ec11d4259a","2.1.0","{""requested"":1,""completed"":1,""outcomes"":[""partial""],""sameWorker"":false}","{""collision"":{""status"":""PASS"",""violations"":0,""checkedPlacements"":17,""scope"":""직육면체 기하·관측 규격 공통 검사"",""reason"":""확정 배치와 최종 적재 상태 검사""},""bounds"":{""status"":""PASS"",""violations"":0,""checkedPlacements"":17,""scope"":""직육면체 기하·관측 규격 공통 검사"",""reason"":""확정 배치와 최종 적재 상태 검사""},""height"":{""status"":""PASS"",""violations"":0,""checkedPlacements"":17,""scope"":""직육면체 기하·관측 규격 공통 검사"",""reason"":""확정 배치와 최종 적재 상태 검사""},""orientation"":{""status"":""PASS"",""violations"":0,""checkedPlacements"":17,""scope"":""직육면체 기하·관측 규격 공통 검사"",""reason"":""확정 배치와 최종 적재 상태 검사""},""load"":{""status"":""PASS"",""violations"":0,""checkedPlacements"":17,""scope"":""입력된 허용 상부하중 · 누적 정적 반력"",""reason"":""입력값 범위의 정적 검사. 실측 재료 인증 아님""},""support"":{""status"":""PASS"",""violations"":0,""checkedPlacements"":17,""scope"":""접촉·합력 작용점·정적 평형"",""reason"":""설정된 지지율·전도 여유 검사. 동적 붕괴·굽힘 파손 미검증""},""payload"":{""status"":""PASS"",""violations"":0,""checkedPlacements"":17,""scope"":""입력 가반하중 · 박스+그리퍼 질량"",""reason"":""사용자가 설정한 가반하중 한계 검사""},""robotCollision"":{""status"":""NOT VERIFIED"",""violations"":0,""checkedPlacements"":17,""scope"":""TCP·그리퍼 스윕 근사만 수행"",""reason"":""전체 로봇 링크 충돌 미검증""},""approach"":{""status"":""NOT VERIFIED"",""violations"":0,""checkedPlacements"":17,""scope"":""TCP·그리퍼 스윕 근사만 수행"",""reason"":""실제 관절 한계·역기구학·접근 자세 미검증""},""sequence"":{""status"":""NOT VERIFIED"",""violations"":0,""checkedPlacements"":17,""scope"":""TCP·그리퍼 스윕 근사만 수행"",""reason"":""실제 파지·관절 궤적·전 과정 실행 미검증""}}","26.278236160714286","94.44444444444444","17","1","0.023213973","825683755","776","","","","264.0121951219512","21.15692261285722","99.56490641627265","95.51820728291317","8.96110391162695","52.45","0.39072847682119205","0","0","","169.24599999999757","367.2613999999594","309.42187500001154","355.69349499996974","3046.4279999999562","94.44444444444444","185.03740633392383","89.07431411705048","330.74393557785135","826","12.254599999985658","26.278236160714286","0","94.44444444444444","","","100","0","0","","","0","","","","","","",""
"rollout","online","random","47","5","98786c34","partial","","explicit","proxy","{}","{""bounds"":6,""support"":319,""load"":196,""robot-path"":29}","adapter-1.0 / planners-f6ec11d4259a","2.1.0","{""requested"":1,""completed"":1,""outcomes"":[""partial""],""sameWorker"":false}","{""collision"":{""status"":""PASS"",""violations"":0,""checkedPlacements"":16,""scope"":""직육면체 기하·관측 규격 공통 검사"",""reason"":""확정 배치와 최종 적재 상태 검사""},""bounds"":{""status"":""PASS"",""violations"":0,""checkedPlacements"":16,""scope"":""직육면체 기하·관측 규격 공통 검사"",""reason"":""확정 배치와 최종 적재 상태 검사""},""height"":{""status"":""PASS"",""violations"":0,""checkedPlacements"":16,""scope"":""직육면체 기하·관측 규격 공통 검사"",""reason"":""확정 배치와 최종 적재 상태 검사""},""orientation"":{""status"":""PASS"",""violations"":0,""checkedPlacements"":16,""scope"":""직육면체 기하·관측 규격 공통 검사"",""reason"":""확정 배치와 최종 적재 상태 검사""},""load"":{""status"":""PASS"",""violations"":0,""checkedPlacements"":16,""scope"":""입력된 허용 상부하중 · 누적 정적 반력"",""reason"":""입력값 범위의 정적 검사. 실측 재료 인증 아님""},""support"":{""status"":""PASS"",""violations"":0,""checkedPlacements"":16,""scope"":""접촉·합력 작용점·정적 평형"",""reason"":""설정된 지지율·전도 여유 검사. 동적 붕괴·굽힘 파손 미검증""},""payload"":{""status"":""PASS"",""violations"":0,""checkedPlacements"":16,""scope"":""입력 가반하중 · 박스+그리퍼 질량"",""reason"":""사용자가 설정한 가반하중 한계 검사""},""robotCollision"":{""status"":""NOT VERIFIED"",""violations"":0,""checkedPlacements"":16,""scope"":""TCP·그리퍼 스윕 근사만 수행"",""reason"":""전체 로봇 링크 충돌 미검증""},""approach"":{""status"":""NOT VERIFIED"",""violations"":0,""checkedPlacements"":16,""scope"":""TCP·그리퍼 스윕 근사만 수행"",""reason"":""실제 관절 한계·역기구학·접근 자세 미검증""},""sequence"":{""status"":""NOT VERIFIED"",""violations"":0,""checkedPlacements"":16,""scope"":""TCP·그리퍼 스윕 근사만 수행"",""reason"":""실제 파지·관절 궤적·전 과정 실행 미검증""}}","25.980253214285714","88.88888888888889","16","2","0.026551382","829021164","631","","","","238.7093023255814","43.37425523356318","99.71988795518207","95.51820728291317","9.332350126561074","65.85","0.460428722797294","0","0","","622.5462222222382","1889.438599999994","1404.915735000045","1792.5340270000033","11205.832000000286","88.88888888888889","162.00342367859957","77.35222539108969","355.5480414677735","826","6.713400000007823","25.980253214285714","0","88.88888888888889","","","100","0","0","","","0","","","","","","",""
"strategy-greedy","online","random","47","5","98786c34","partial","","explicit","proxy","{}","{""bounds"":6,""support"":342,""load"":273,""robot-path"":30}","adapter-1.0 / planners-f6ec11d4259a","2.1.0","{""requested"":1,""completed"":1,""outcomes"":[""partial""],""sameWorker"":false}","{""collision"":{""status"":""PASS"",""violations"":0,""checkedPlacements"":16,""scope"":""직육면체 기하·관측 규격 공통 검사"",""reason"":""확정 배치와 최종 적재 상태 검사""},""bounds"":{""status"":""PASS"",""violations"":0,""checkedPlacements"":16,""scope"":""직육면체 기하·관측 규격 공통 검사"",""reason"":""확정 배치와 최종 적재 상태 검사""},""height"":{""status"":""PASS"",""violations"":0,""checkedPlacements"":16,""scope"":""직육면체 기하·관측 규격 공통 검사"",""reason"":""확정 배치와 최종 적재 상태 검사""},""orientation"":{""status"":""PASS"",""violations"":0,""checkedPlacements"":16,""scope"":""직육면체 기하·관측 규격 공통 검사"",""reason"":""확정 배치와 최종 적재 상태 검사""},""load"":{""status"":""PASS"",""violations"":0,""checkedPlacements"":16,""scope"":""입력된 허용 상부하중 · 누적 정적 반력"",""reason"":""입력값 범위의 정적 검사. 실측 재료 인증 아님""},""support"":{""status"":""PASS"",""violations"":0,""checkedPlacements"":16,""scope"":""접촉·합력 작용점·정적 평형"",""reason"":""설정된 지지율·전도 여유 검사. 동적 붕괴·굽힘 파손 미검증""},""payload"":{""status"":""PASS"",""violations"":0,""checkedPlacements"":16,""scope"":""입력 가반하중 · 박스+그리퍼 질량"",""reason"":""사용자가 설정한 가반하중 한계 검사""},""robotCollision"":{""status"":""NOT VERIFIED"",""violations"":0,""checkedPlacements"":16,""scope"":""TCP·그리퍼 스윕 근사만 수행"",""reason"":""전체 로봇 링크 충돌 미검증""},""approach"":{""status"":""NOT VERIFIED"",""violations"":0,""checkedPlacements"":16,""scope"":""TCP·그리퍼 스윕 근사만 수행"",""reason"":""실제 관절 한계·역기구학·접근 자세 미검증""},""sequence"":{""status"":""NOT VERIFIED"",""violations"":0,""checkedPlacements"":16,""scope"":""TCP·그리퍼 스윕 근사만 수행"",""reason"":""실제 파지·관절 궤적·전 과정 실행 미검증""}}","24.205560000000002","88.88888888888889","16","2","0.046427946","848897728","631","","","","233.17619047619047","23.667410163659117","99.71988795518207","95.51820728291317","6.094639451224485","52.45","0.445757600456435","0","0","","18.90661666666468","73.6315000000177","51.26069000001877","69.15733800001787","340.31909999996424","88.88888888888889","169.32555520542422","79.51161088352572","340.17310576729074","826","10.335499999928288","24.205560000000002","0","88.88888888888889","","","100","0","0","","","0","","","","","","",""
"macs","online","randomExceptions","47","5","ce219085","partial","","explicit","proxy","{}","{""bounds"":6,""support"":373,""load"":324,""protocol"":14,""robot-path"":13}","adapter-1.0 / planners-f6ec11d4259a","2.1.0","{""requested"":1,""completed"":1,""outcomes"":[""partial""],""sameWorker"":false}","{""collision"":{""status"":""PASS"",""violations"":0,""checkedPlacements"":11,""scope"":""직육면체 기하·관측 규격 공통 검사"",""reason"":""확정 배치와 최종 적재 상태 검사""},""bounds"":{""status"":""PASS"",""violations"":0,""checkedPlacements"":11,""scope"":""직육면체 기하·관측 규격 공통 검사"",""reason"":""확정 배치와 최종 적재 상태 검사""},""height"":{""status"":""PASS"",""violations"":0,""checkedPlacements"":11,""scope"":""직육면체 기하·관측 규격 공통 검사"",""reason"":""확정 배치와 최종 적재 상태 검사""},""orientation"":{""status"":""PASS"",""violations"":0,""checkedPlacements"":11,""scope"":""직육면체 기하·관측 규격 공통 검사"",""reason"":""확정 배치와 최종 적재 상태 검사""},""load"":{""status"":""PASS"",""violations"":0,""checkedPlacements"":11,""scope"":""입력된 허용 상부하중 · 누적 정적 반력"",""reason"":""입력값 범위의 정적 검사. 실측 재료 인증 아님""},""support"":{""status"":""PASS"",""violations"":0,""checkedPlacements"":11,""scope"":""접촉·합력 작용점·정적 평형"",""reason"":""설정된 지지율·전도 여유 검사. 동적 붕괴·굽힘 파손 미검증""},""payload"":{""status"":""PASS"",""violations"":0,""checkedPlacements"":11,""scope"":""입력 가반하중 · 박스+그리퍼 질량"",""reason"":""사용자가 설정한 가반하중 한계 검사""},""robotCollision"":{""status"":""NOT VERIFIED"",""violations"":0,""checkedPlacements"":11,""scope"":""TCP·그리퍼 스윕 근사만 수행"",""reason"":""전체 로봇 링크 충돌 미검증""},""approach"":{""status"":""NOT VERIFIED"",""violations"":0,""checkedPlacements"":11,""scope"":""TCP·그리퍼 스윕 근사만 수행"",""reason"":""실제 관절 한계·역기구학·접근 자세 미검증""},""sequence"":{""status"":""NOT VERIFIED"",""violations"":0,""checkedPlacements"":11,""scope"":""TCP·그리퍼 스윕 근사만 수행"",""reason"":""실제 파지·관절 궤적·전 과정 실행 미검증""}}","14.2062675","68.75","11","5","0.127941103","960889804","434","","","","165.40625","79.5665948597659","100","100","20.627306506091337","70.8","0.5518207282913166","0","0","","18.310631249987637","40.788300000014715","40.320675000024494","40.69477500001667","292.9700999998022","68.75","110.05844851508543","52.03799153480551","359.8088155365204","730","3.456400000024587","","","","","","100","0","0","","","0","100","100","100","100","1.2835999999660999","",""
"tetris-reserved","online","randomExceptions","47","5","ce219085","partial","","explicit","proxy","{}","{""bounds"":28,""support"":307,""load"":225,""protocol"":10,""robot-path"":22}","adapter-1.0 / planners-f6ec11d4259a","2.1.0","{""requested"":1,""completed"":1,""outcomes"":[""partial""],""sameWorker"":false}","{""collision"":{""status"":""PASS"",""violations"":0,""checkedPlacements"":12,""scope"":""직육면체 기하·관측 규격 공통 검사"",""reason"":""확정 배치와 최종 적재 상태 검사""},""bounds"":{""status"":""PASS"",""violations"":0,""checkedPlacements"":12,""scope"":""직육면체 기하·관측 규격 공통 검사"",""reason"":""확정 배치와 최종 적재 상태 검사""},""height"":{""status"":""PASS"",""violations"":0,""checkedPlacements"":12,""scope"":""직육면체 기하·관측 규격 공통 검사"",""reason"":""확정 배치와 최종 적재 상태 검사""},""orientation"":{""status"":""PASS"",""violations"":0,""checkedPlacements"":12,""scope"":""직육면체 기하·관측 규격 공통 검사"",""reason"":""확정 배치와 최종 적재 상태 검사""},""load"":{""status"":""PASS"",""violations"":0,""checkedPlacements"":12,""scope"":""입력된 허용 상부하중 · 누적 정적 반력"",""reason"":""입력값 범위의 정적 검사. 실측 재료 인증 아님""},""support"":{""status"":""PASS"",""violations"":0,""checkedPlacements"":12,""scope"":""접촉·합력 작용점·정적 평형"",""reason"":""설정된 지지율·전도 여유 검사. 동적 붕괴·굽힘 파손 미검증""},""payload"":{""status"":""PASS"",""violations"":0,""checkedPlacements"":12,""scope"":""입력 가반하중 · 박스+그리퍼 질량"",""reason"":""사용자가 설정한 가반하중 한계 검사""},""robotCollision"":{""status"":""NOT VERIFIED"",""violations"":0,""checkedPlacements"":12,""scope"":""TCP·그리퍼 스윕 근사만 수행"",""reason"":""전체 로봇 링크 충돌 미검증""},""approach"":{""status"":""NOT VERIFIED"",""violations"":0,""checkedPlacements"":12,""scope"":""TCP·그리퍼 스윕 근사만 수행"",""reason"":""실제 관절 한계·역기구학·접근 자세 미검증""},""sequence"":{""status"":""NOT VERIFIED"",""violations"":0,""checkedPlacements"":12,""scope"":""TCP·그리퍼 스윕 근사만 수행"",""reason"":""실제 파지·관절 궤적·전 과정 실행 미검증""}}","16.278943660714283","75","12","4","0.10472713","937675831","593","","","","172.2439024390244","66.09880550758878","99.6265172735761","95.51820728291317","9.254422995563953","70.8","0.7149867102841954","0","0","","242.32054999998945","646.3175000000047","586.5514249999833","634.3642850000003","3877.1287999998312","75","117.11554417972009","55.97510371681805","368.866492510228","730","3.662400000030175","","","","","","100","0","0","","","0","100","100","100","100","20.161599999992177","",""
"dynamic-reservation","online","randomExceptions","47","5","ce219085","partial","","explicit","proxy","{}","{""bounds"":28,""support"":207,""load"":110,""robot-path"":16}","adapter-1.0 / planners-f6ec11d4259a","2.1.0","{""requested"":1,""completed"":1,""outcomes"":[""partial""],""sameWorker"":false}","{""collision"":{""status"":""PASS"",""violations"":0,""checkedPlacements"":15,""scope"":""직육면체 기하·관측 규격 공통 검사"",""reason"":""확정 배치와 최종 적재 상태 검사""},""bounds"":{""status"":""PASS"",""violations"":0,""checkedPlacements"":15,""scope"":""직육면체 기하·관측 규격 공통 검사"",""reason"":""확정 배치와 최종 적재 상태 검사""},""height"":{""status"":""PASS"",""violations"":0,""checkedPlacements"":15,""scope"":""직육면체 기하·관측 규격 공통 검사"",""reason"":""확정 배치와 최종 적재 상태 검사""},""orientation"":{""status"":""PASS"",""violations"":0,""checkedPlacements"":15,""scope"":""직육면체 기하·관측 규격 공통 검사"",""reason"":""확정 배치와 최종 적재 상태 검사""},""load"":{""status"":""PASS"",""violations"":0,""checkedPlacements"":15,""scope"":""입력된 허용 상부하중 · 누적 정적 반력"",""reason"":""입력값 범위의 정적 검사. 실측 재료 인증 아님""},""support"":{""status"":""PASS"",""violations"":0,""checkedPlacements"":15,""scope"":""접촉·합력 작용점·정적 평형"",""reason"":""설정된 지지율·전도 여유 검사. 동적 붕괴·굽힘 파손 미검증""},""payload"":{""status"":""PASS"",""violations"":0,""checkedPlacements"":15,""scope"":""입력 가반하중 · 박스+그리퍼 질량"",""reason"":""사용자가 설정한 가반하중 한계 검사""},""robotCollision"":{""status"":""NOT VERIFIED"",""violations"":0,""checkedPlacements"":15,""scope"":""TCP·그리퍼 스윕 근사만 수행"",""reason"":""전체 로봇 링크 충돌 미검증""},""approach"":{""status"":""NOT VERIFIED"",""violations"":0,""checkedPlacements"":15,""scope"":""TCP·그리퍼 스윕 근사만 수행"",""reason"":""실제 관절 한계·역기구학·접근 자세 미검증""},""sequence"":{""status"":""NOT VERIFIED"",""violations"":0,""checkedPlacements"":15,""scope"":""TCP·그리퍼 스윕 근사만 수행"",""reason"":""실제 파지·관절 궤적·전 과정 실행 미검증""}}","24.444250714285715","93.75","15","1","0.013275691","846224392","844","","","","234.90322580645162","78.18693590709425","100","100","15.058447645806353","65.85","0.41321044546851","0","0","","574.4821687500007","2550.418399999966","1644.251900000003","2369.185099999973","9191.714700000011","93.75","157.62378071784127","82.30545746659682","342.5878998338719","730","5.658500000019558","","","","","","100","0","0","","","0","100","100","100","100","38.418199999956414","",""
"lookahead","online","randomExceptions","47","5","ce219085","partial","","explicit","proxy","{}","{""bounds"":6,""support"":296,""load"":235,""robot-path"":13}","adapter-1.0 / planners-f6ec11d4259a","2.1.0","{""requested"":1,""completed"":1,""outcomes"":[""partial""],""sameWorker"":false}","{""collision"":{""status"":""PASS"",""violations"":0,""checkedPlacements"":13,""scope"":""직육면체 기하·관측 규격 공통 검사"",""reason"":""확정 배치와 최종 적재 상태 검사""},""bounds"":{""status"":""PASS"",""violations"":0,""checkedPlacements"":13,""scope"":""직육면체 기하·관측 규격 공통 검사"",""reason"":""확정 배치와 최종 적재 상태 검사""},""height"":{""status"":""PASS"",""violations"":0,""checkedPlacements"":13,""scope"":""직육면체 기하·관측 규격 공통 검사"",""reason"":""확정 배치와 최종 적재 상태 검사""},""orientation"":{""status"":""PASS"",""violations"":0,""checkedPlacements"":13,""scope"":""직육면체 기하·관측 규격 공통 검사"",""reason"":""확정 배치와 최종 적재 상태 검사""},""load"":{""status"":""PASS"",""violations"":0,""checkedPlacements"":13,""scope"":""입력된 허용 상부하중 · 누적 정적 반력"",""reason"":""입력값 범위의 정적 검사. 실측 재료 인증 아님""},""support"":{""status"":""PASS"",""violations"":0,""checkedPlacements"":13,""scope"":""접촉·합력 작용점·정적 평형"",""reason"":""설정된 지지율·전도 여유 검사. 동적 붕괴·굽힘 파손 미검증""},""payload"":{""status"":""PASS"",""violations"":0,""checkedPlacements"":13,""scope"":""입력 가반하중 · 박스+그리퍼 질량"",""reason"":""사용자가 설정한 가반하중 한계 검사""},""robotCollision"":{""status"":""NOT VERIFIED"",""violations"":0,""checkedPlacements"":13,""scope"":""TCP·그리퍼 스윕 근사만 수행"",""reason"":""전체 로봇 링크 충돌 미검증""},""approach"":{""status"":""NOT VERIFIED"",""violations"":0,""checkedPlacements"":13,""scope"":""TCP·그리퍼 스윕 근사만 수행"",""reason"":""실제 관절 한계·역기구학·접근 자세 미검증""},""sequence"":{""status"":""NOT VERIFIED"",""violations"":0,""checkedPlacements"":13,""scope"":""TCP·그리퍼 스윕 근사만 수행"",""reason"":""실제 파지·관절 궤적·전 과정 실행 미검증""}}","20.298898392857144","81.25","13","3","0.059703637","892652338","651","","","","257.5568181818182","83.8194815163111","99.8430158401378","97.95920592179137","13.582512110098744","65.85","0.37518466567410574","0","0","","213.8679687499898","627.2397000000346","559.4838000000163","613.688520000031","3421.887499999837","81.25","126.93090607777022","61.705088950550646","368.7045294652334","730","4.378299999982119","","","","","","100","0","0","","","0","100","100","100","100","49.933899999945424","",""
"future-hybrid","online","randomExceptions","47","5","ce219085","partial","","explicit","proxy","{}","{""bounds"":28,""support"":253,""load"":175,""robot-path"":10}","adapter-1.0 / planners-f6ec11d4259a","2.1.0","{""requested"":1,""completed"":1,""outcomes"":[""partial""],""sameWorker"":false}","{""collision"":{""status"":""PASS"",""violations"":0,""checkedPlacements"":13,""scope"":""직육면체 기하·관측 규격 공통 검사"",""reason"":""확정 배치와 최종 적재 상태 검사""},""bounds"":{""status"":""PASS"",""violations"":0,""checkedPlacements"":13,""scope"":""직육면체 기하·관측 규격 공통 검사"",""reason"":""확정 배치와 최종 적재 상태 검사""},""height"":{""status"":""PASS"",""violations"":0,""checkedPlacements"":13,""scope"":""직육면체 기하·관측 규격 공통 검사"",""reason"":""확정 배치와 최종 적재 상태 검사""},""orientation"":{""status"":""PASS"",""violations"":0,""checkedPlacements"":13,""scope"":""직육면체 기하·관측 규격 공통 검사"",""reason"":""확정 배치와 최종 적재 상태 검사""},""load"":{""status"":""PASS"",""violations"":0,""checkedPlacements"":13,""scope"":""입력된 허용 상부하중 · 누적 정적 반력"",""reason"":""입력값 범위의 정적 검사. 실측 재료 인증 아님""},""support"":{""status"":""PASS"",""violations"":0,""checkedPlacements"":13,""scope"":""접촉·합력 작용점·정적 평형"",""reason"":""설정된 지지율·전도 여유 검사. 동적 붕괴·굽힘 파손 미검증""},""payload"":{""status"":""PASS"",""violations"":0,""checkedPlacements"":13,""scope"":""입력 가반하중 · 박스+그리퍼 질량"",""reason"":""사용자가 설정한 가반하중 한계 검사""},""robotCollision"":{""status"":""NOT VERIFIED"",""violations"":0,""checkedPlacements"":13,""scope"":""TCP·그리퍼 스윕 근사만 수행"",""reason"":""전체 로봇 링크 충돌 미검증""},""approach"":{""status"":""NOT VERIFIED"",""violations"":0,""checkedPlacements"":13,""scope"":""TCP·그리퍼 스윕 근사만 수행"",""reason"":""실제 관절 한계·역기구학·접근 자세 미검증""},""sequence"":{""status"":""NOT VERIFIED"",""violations"":0,""checkedPlacements"":13,""scope"":""TCP·그리퍼 스윕 근사만 수행"",""reason"":""실제 파지·관절 궤적·전 과정 실행 미검증""}}","18.35161982142857","81.25","13","3","0.081513157","914461858","414","","","","164.32","41.73209226722284","99.65524671407024","95.51820728291317","10.979950092304172","65.85","0.5860927152317881","0","0","","453.0802812500042","1936.6008000000147","1671.0396750000364","1883.488575000019","7249.284500000067","81.25","128.34485910950116","62.62415842117575","364.6425756724016","730","4.136499999905936","","","","","","100","0","0","","","0","100","100","100","100","43.225600000005215","",""
"blb","online","randomExceptions","47","5","ce219085","partial","","explicit","proxy","{}","{""bounds"":30,""support"":337,""load"":275,""robot-path"":18}","adapter-1.0 / planners-f6ec11d4259a","2.1.0","{""requested"":1,""completed"":1,""outcomes"":[""partial""],""sameWorker"":false}","{""collision"":{""status"":""PASS"",""violations"":0,""checkedPlacements"":11,""scope"":""직육면체 기하·관측 규격 공통 검사"",""reason"":""확정 배치와 최종 적재 상태 검사""},""bounds"":{""status"":""PASS"",""violations"":0,""checkedPlacements"":11,""scope"":""직육면체 기하·관측 규격 공통 검사"",""reason"":""확정 배치와 최종 적재 상태 검사""},""height"":{""status"":""PASS"",""violations"":0,""checkedPlacements"":11,""scope"":""직육면체 기하·관측 규격 공통 검사"",""reason"":""확정 배치와 최종 적재 상태 검사""},""orientation"":{""status"":""PASS"",""violations"":0,""checkedPlacements"":11,""scope"":""직육면체 기하·관측 규격 공통 검사"",""reason"":""확정 배치와 최종 적재 상태 검사""},""load"":{""status"":""PASS"",""violations"":0,""checkedPlacements"":11,""scope"":""입력된 허용 상부하중 · 누적 정적 반력"",""reason"":""입력값 범위의 정적 검사. 실측 재료 인증 아님""},""support"":{""status"":""PASS"",""violations"":0,""checkedPlacements"":11,""scope"":""접촉·합력 작용점·정적 평형"",""reason"":""설정된 지지율·전도 여유 검사. 동적 붕괴·굽힘 파손 미검증""},""payload"":{""status"":""PASS"",""violations"":0,""checkedPlacements"":11,""scope"":""입력 가반하중 · 박스+그리퍼 질량"",""reason"":""사용자가 설정한 가반하중 한계 검사""},""robotCollision"":{""status"":""NOT VERIFIED"",""violations"":0,""checkedPlacements"":11,""scope"":""TCP·그리퍼 스윕 근사만 수행"",""reason"":""전체 로봇 링크 충돌 미검증""},""approach"":{""status"":""NOT VERIFIED"",""violations"":0,""checkedPlacements"":11,""scope"":""TCP·그리퍼 스윕 근사만 수행"",""reason"":""실제 관절 한계·역기구학·접근 자세 미검증""},""sequence"":{""status"":""NOT VERIFIED"",""violations"":0,""checkedPlacements"":11,""scope"":""TCP·그리퍼 스윕 근사만 수행"",""reason"":""실제 파지·관절 궤적·전 과정 실행 미검증""}}","14.2062675","68.75","11","5","0.127941103","960889804","450","","","","167.34375","113.83299363301101","100","100","19.767274239408696","70.8","0.5775981068822718","0","0","","11.579593750015192","27.819699999992736","21.95717500001774","26.647194999997733","185.27350000024308","68.75","100.26034496717044","48.91922422866079","394.9717110285901","728","2.825800000107847","","","","","","100","0","0","","","0","100","100","100","100","0.9537000000709668","",""
"pack-first","online","randomExceptions","47","5","ce219085","partial","","explicit","proxy","{}","{""support"":417,""load"":203,""bounds"":299,""protocol"":19,""robot-path"":14}","adapter-1.0 / planners-f6ec11d4259a","2.1.0","{""requested"":1,""completed"":1,""outcomes"":[""partial""],""sameWorker"":false}","{""collision"":{""status"":""PASS"",""violations"":0,""checkedPlacements"":11,""scope"":""직육면체 기하·관측 규격 공통 검사"",""reason"":""확정 배치와 최종 적재 상태 검사""},""bounds"":{""status"":""PASS"",""violations"":0,""checkedPlacements"":11,""scope"":""직육면체 기하·관측 규격 공통 검사"",""reason"":""확정 배치와 최종 적재 상태 검사""},""height"":{""status"":""PASS"",""violations"":0,""checkedPlacements"":11,""scope"":""직육면체 기하·관측 규격 공통 검사"",""reason"":""확정 배치와 최종 적재 상태 검사""},""orientation"":{""status"":""PASS"",""violations"":0,""checkedPlacements"":11,""scope"":""직육면체 기하·관측 규격 공통 검사"",""reason"":""확정 배치와 최종 적재 상태 검사""},""load"":{""status"":""PASS"",""violations"":0,""checkedPlacements"":11,""scope"":""입력된 허용 상부하중 · 누적 정적 반력"",""reason"":""입력값 범위의 정적 검사. 실측 재료 인증 아님""},""support"":{""status"":""PASS"",""violations"":0,""checkedPlacements"":11,""scope"":""접촉·합력 작용점·정적 평형"",""reason"":""설정된 지지율·전도 여유 검사. 동적 붕괴·굽힘 파손 미검증""},""payload"":{""status"":""PASS"",""violations"":0,""checkedPlacements"":11,""scope"":""입력 가반하중 · 박스+그리퍼 질량"",""reason"":""사용자가 설정한 가반하중 한계 검사""},""robotCollision"":{""status"":""NOT VERIFIED"",""violations"":0,""checkedPlacements"":11,""scope"":""TCP·그리퍼 스윕 근사만 수행"",""reason"":""전체 로봇 링크 충돌 미검증""},""approach"":{""status"":""NOT VERIFIED"",""violations"":0,""checkedPlacements"":11,""scope"":""TCP·그리퍼 스윕 근사만 수행"",""reason"":""실제 관절 한계·역기구학·접근 자세 미검증""},""sequence"":{""status"":""NOT VERIFIED"",""violations"":0,""checkedPlacements"":11,""scope"":""TCP·그리퍼 스윕 근사만 수행"",""reason"":""실제 파지·관절 궤적·전 과정 실행 미검증""}}","14.2062675","68.75","11","5","0.127941103","960889804","627","","","","191.46875","144.9746517781751","100","100","24.289832003461953","70.8","0.5610261725835708","0","0","","8.424406249992899","20.930999999982305","15.095850000041537","19.76396999999415","134.79049999988638","68.75","104.75875040276622","51.843187761798035","378.0113818439966","728","2.8669999999692664","","","","","","100","0","0","","","0","100","100","100","100","0.9941000000108033","",""
"pack-greedy","online","randomExceptions","47","5","ce219085","partial","","explicit","proxy","{}","{""support"":474,""load"":189,""bounds"":293,""protocol"":24,""robot-path"":13}","adapter-1.0 / planners-f6ec11d4259a","2.1.0","{""requested"":1,""completed"":1,""outcomes"":[""partial""],""sameWorker"":false}","{""collision"":{""status"":""PASS"",""violations"":0,""checkedPlacements"":10,""scope"":""직육면체 기하·관측 규격 공통 검사"",""reason"":""확정 배치와 최종 적재 상태 검사""},""bounds"":{""status"":""PASS"",""violations"":0,""checkedPlacements"":10,""scope"":""직육면체 기하·관측 규격 공통 검사"",""reason"":""확정 배치와 최종 적재 상태 검사""},""height"":{""status"":""PASS"",""violations"":0,""checkedPlacements"":10,""scope"":""직육면체 기하·관측 규격 공통 검사"",""reason"":""확정 배치와 최종 적재 상태 검사""},""orientation"":{""status"":""PASS"",""violations"":0,""checkedPlacements"":10,""scope"":""직육면체 기하·관측 규격 공통 검사"",""reason"":""확정 배치와 최종 적재 상태 검사""},""load"":{""status"":""PASS"",""violations"":0,""checkedPlacements"":10,""scope"":""입력된 허용 상부하중 · 누적 정적 반력"",""reason"":""입력값 범위의 정적 검사. 실측 재료 인증 아님""},""support"":{""status"":""PASS"",""violations"":0,""checkedPlacements"":10,""scope"":""접촉·합력 작용점·정적 평형"",""reason"":""설정된 지지율·전도 여유 검사. 동적 붕괴·굽힘 파손 미검증""},""payload"":{""status"":""PASS"",""violations"":0,""checkedPlacements"":10,""scope"":""입력 가반하중 · 박스+그리퍼 질량"",""reason"":""사용자가 설정한 가반하중 한계 검사""},""robotCollision"":{""status"":""NOT VERIFIED"",""violations"":0,""checkedPlacements"":10,""scope"":""TCP·그리퍼 스윕 근사만 수행"",""reason"":""전체 로봇 링크 충돌 미검증""},""approach"":{""status"":""NOT VERIFIED"",""violations"":0,""checkedPlacements"":10,""scope"":""TCP·그리퍼 스윕 근사만 수행"",""reason"":""실제 관절 한계·역기구학·접근 자세 미검증""},""sequence"":{""status"":""NOT VERIFIED"",""violations"":0,""checkedPlacements"":10,""scope"":""TCP·그리퍼 스윕 근사만 수행"",""reason"":""실제 파지·관절 궤적·전 과정 실행 미검증""}}","12.743173125000002","62.5","10","6","0.14432776","977276461","434","","","","138.1271186440678","60.73733602455707","100","100","17.097829692674566","70.8","0.619815668202765","0","0","","8.414749999988999","18.979099999996834","13.620875000051456","17.907455000007754","134.63599999982398","62.5","87.18267282157447","41.7187373340234","412.9260876605212","728","2.0143999999854714","","","","","","100","0","0","","","0","100","100","100","100","0.961600000038743","",""
"pack-tetris","online","randomExceptions","47","5","ce219085","partial","","explicit","proxy","{}","{""support"":474,""load"":189,""bounds"":293,""protocol"":24,""robot-path"":13}","adapter-1.0 / planners-f6ec11d4259a","2.1.0","{""requested"":1,""completed"":1,""outcomes"":[""partial""],""sameWorker"":false}","{""collision"":{""status"":""PASS"",""violations"":0,""checkedPlacements"":10,""scope"":""직육면체 기하·관측 규격 공통 검사"",""reason"":""확정 배치와 최종 적재 상태 검사""},""bounds"":{""status"":""PASS"",""violations"":0,""checkedPlacements"":10,""scope"":""직육면체 기하·관측 규격 공통 검사"",""reason"":""확정 배치와 최종 적재 상태 검사""},""height"":{""status"":""PASS"",""violations"":0,""checkedPlacements"":10,""scope"":""직육면체 기하·관측 규격 공통 검사"",""reason"":""확정 배치와 최종 적재 상태 검사""},""orientation"":{""status"":""PASS"",""violations"":0,""checkedPlacements"":10,""scope"":""직육면체 기하·관측 규격 공통 검사"",""reason"":""확정 배치와 최종 적재 상태 검사""},""load"":{""status"":""PASS"",""violations"":0,""checkedPlacements"":10,""scope"":""입력된 허용 상부하중 · 누적 정적 반력"",""reason"":""입력값 범위의 정적 검사. 실측 재료 인증 아님""},""support"":{""status"":""PASS"",""violations"":0,""checkedPlacements"":10,""scope"":""접촉·합력 작용점·정적 평형"",""reason"":""설정된 지지율·전도 여유 검사. 동적 붕괴·굽힘 파손 미검증""},""payload"":{""status"":""PASS"",""violations"":0,""checkedPlacements"":10,""scope"":""입력 가반하중 · 박스+그리퍼 질량"",""reason"":""사용자가 설정한 가반하중 한계 검사""},""robotCollision"":{""status"":""NOT VERIFIED"",""violations"":0,""checkedPlacements"":10,""scope"":""TCP·그리퍼 스윕 근사만 수행"",""reason"":""전체 로봇 링크 충돌 미검증""},""approach"":{""status"":""NOT VERIFIED"",""violations"":0,""checkedPlacements"":10,""scope"":""TCP·그리퍼 스윕 근사만 수행"",""reason"":""실제 관절 한계·역기구학·접근 자세 미검증""},""sequence"":{""status"":""NOT VERIFIED"",""violations"":0,""checkedPlacements"":10,""scope"":""TCP·그리퍼 스윕 근사만 수행"",""reason"":""실제 파지·관절 궤적·전 과정 실행 미검증""}}","12.743173125000002","62.5","10","6","0.14432776","977276461","434","","","","138.1271186440678","60.73733602455707","100","100","17.097829692674566","70.8","0.619815668202765","0","0","","9.059112500021001","21.658900000038557","18.110574999969685","20.949235000024782","144.94580000033602","62.5","87.18267282157447","41.7187373340234","412.9260876605212","728","2.512499999953434","","","","","","100","0","0","","","0","100","100","100","100","0.47629999998025596","",""
"pack-beam","online","randomExceptions","47","5","ce219085","partial","","explicit","proxy","{}","{""support"":479,""load"":199,""bounds"":325,""protocol"":22,""robot-path"":15}","adapter-1.0 / planners-f6ec11d4259a","2.1.0","{""requested"":1,""completed"":1,""outcomes"":[""partial""],""sameWorker"":false}","{""collision"":{""status"":""PASS"",""violations"":0,""checkedPlacements"":11,""scope"":""직육면체 기하·관측 규격 공통 검사"",""reason"":""확정 배치와 최종 적재 상태 검사""},""bounds"":{""status"":""PASS"",""violations"":0,""checkedPlacements"":11,""scope"":""직육면체 기하·관측 규격 공통 검사"",""reason"":""확정 배치와 최종 적재 상태 검사""},""height"":{""status"":""PASS"",""violations"":0,""checkedPlacements"":11,""scope"":""직육면체 기하·관측 규격 공통 검사"",""reason"":""확정 배치와 최종 적재 상태 검사""},""orientation"":{""status"":""PASS"",""violations"":0,""checkedPlacements"":11,""scope"":""직육면체 기하·관측 규격 공통 검사"",""reason"":""확정 배치와 최종 적재 상태 검사""},""load"":{""status"":""PASS"",""violations"":0,""checkedPlacements"":11,""scope"":""입력된 허용 상부하중 · 누적 정적 반력"",""reason"":""입력값 범위의 정적 검사. 실측 재료 인증 아님""},""support"":{""status"":""PASS"",""violations"":0,""checkedPlacements"":11,""scope"":""접촉·합력 작용점·정적 평형"",""reason"":""설정된 지지율·전도 여유 검사. 동적 붕괴·굽힘 파손 미검증""},""payload"":{""status"":""PASS"",""violations"":0,""checkedPlacements"":11,""scope"":""입력 가반하중 · 박스+그리퍼 질량"",""reason"":""사용자가 설정한 가반하중 한계 검사""},""robotCollision"":{""status"":""NOT VERIFIED"",""violations"":0,""checkedPlacements"":11,""scope"":""TCP·그리퍼 스윕 근사만 수행"",""reason"":""전체 로봇 링크 충돌 미검증""},""approach"":{""status"":""NOT VERIFIED"",""violations"":0,""checkedPlacements"":11,""scope"":""TCP·그리퍼 스윕 근사만 수행"",""reason"":""실제 관절 한계·역기구학·접근 자세 미검증""},""sequence"":{""status"":""NOT VERIFIED"",""violations"":0,""checkedPlacements"":11,""scope"":""TCP·그리퍼 스윕 근사만 수행"",""reason"":""실제 파지·관절 궤적·전 과정 실행 미검증""}}","14.815849285714286","68.75","11","5","0.121113787","954062488","410","","","","154.62987012987014","80.0623855462458","100","100","14.943436374672267","65.85","0.5860927152317881","0","0","","940.3973812499971","2341.3432999999495","2155.74297500003","2304.2232349999654","15046.358099999954","68.75","100.82514272217428","51.236342769413284","392.759176241571","728","1.8462000000290573","","","","","","100","0","0","","","0","100","100","100","100","2073.2701000000816","",""
"pack-robust","online","randomExceptions","47","5","ce219085","partial","","explicit","proxy","{}","{""support"":479,""load"":199,""bounds"":325,""protocol"":22,""robot-path"":15}","adapter-1.0 / planners-f6ec11d4259a","2.1.0","{""requested"":1,""completed"":1,""outcomes"":[""partial""],""sameWorker"":false}","{""collision"":{""status"":""PASS"",""violations"":0,""checkedPlacements"":11,""scope"":""직육면체 기하·관측 규격 공통 검사"",""reason"":""확정 배치와 최종 적재 상태 검사""},""bounds"":{""status"":""PASS"",""violations"":0,""checkedPlacements"":11,""scope"":""직육면체 기하·관측 규격 공통 검사"",""reason"":""확정 배치와 최종 적재 상태 검사""},""height"":{""status"":""PASS"",""violations"":0,""checkedPlacements"":11,""scope"":""직육면체 기하·관측 규격 공통 검사"",""reason"":""확정 배치와 최종 적재 상태 검사""},""orientation"":{""status"":""PASS"",""violations"":0,""checkedPlacements"":11,""scope"":""직육면체 기하·관측 규격 공통 검사"",""reason"":""확정 배치와 최종 적재 상태 검사""},""load"":{""status"":""PASS"",""violations"":0,""checkedPlacements"":11,""scope"":""입력된 허용 상부하중 · 누적 정적 반력"",""reason"":""입력값 범위의 정적 검사. 실측 재료 인증 아님""},""support"":{""status"":""PASS"",""violations"":0,""checkedPlacements"":11,""scope"":""접촉·합력 작용점·정적 평형"",""reason"":""설정된 지지율·전도 여유 검사. 동적 붕괴·굽힘 파손 미검증""},""payload"":{""status"":""PASS"",""violations"":0,""checkedPlacements"":11,""scope"":""입력 가반하중 · 박스+그리퍼 질량"",""reason"":""사용자가 설정한 가반하중 한계 검사""},""robotCollision"":{""status"":""NOT VERIFIED"",""violations"":0,""checkedPlacements"":11,""scope"":""TCP·그리퍼 스윕 근사만 수행"",""reason"":""전체 로봇 링크 충돌 미검증""},""approach"":{""status"":""NOT VERIFIED"",""violations"":0,""checkedPlacements"":11,""scope"":""TCP·그리퍼 스윕 근사만 수행"",""reason"":""실제 관절 한계·역기구학·접근 자세 미검증""},""sequence"":{""status"":""NOT VERIFIED"",""violations"":0,""checkedPlacements"":11,""scope"":""TCP·그리퍼 스윕 근사만 수행"",""reason"":""실제 파지·관절 궤적·전 과정 실행 미검증""}}","14.815849285714286","68.75","11","5","0.121113787","954062488","410","","","","154.62987012987014","80.0623855462458","100","100","14.943436374672267","65.85","0.5860927152317881","0","0","","878.1349875000014","2204.63750000007","2126.6235500000184","2189.0347100000595","14050.159800000023","68.75","100.82514272217428","51.236342769413284","392.759176241571","728","2.894099999917671","","","","","","100","0","0","","","0","100","100","100","100","1627.0854999999283","",""
"random","online","randomExceptions","47","5","ce219085","partial","","explicit","proxy","{}","{""bounds"":30,""support"":287,""load"":233,""protocol"":18}","adapter-1.0 / planners-f6ec11d4259a","2.1.0","{""requested"":1,""completed"":1,""outcomes"":[""partial""],""sameWorker"":false}","{""collision"":{""status"":""PASS"",""violations"":0,""checkedPlacements"":12,""scope"":""직육면체 기하·관측 규격 공통 검사"",""reason"":""확정 배치와 최종 적재 상태 검사""},""bounds"":{""status"":""PASS"",""violations"":0,""checkedPlacements"":12,""scope"":""직육면체 기하·관측 규격 공통 검사"",""reason"":""확정 배치와 최종 적재 상태 검사""},""height"":{""status"":""PASS"",""violations"":0,""checkedPlacements"":12,""scope"":""직육면체 기하·관측 규격 공통 검사"",""reason"":""확정 배치와 최종 적재 상태 검사""},""orientation"":{""status"":""PASS"",""violations"":0,""checkedPlacements"":12,""scope"":""직육면체 기하·관측 규격 공통 검사"",""reason"":""확정 배치와 최종 적재 상태 검사""},""load"":{""status"":""PASS"",""violations"":0,""checkedPlacements"":12,""scope"":""입력된 허용 상부하중 · 누적 정적 반력"",""reason"":""입력값 범위의 정적 검사. 실측 재료 인증 아님""},""support"":{""status"":""PASS"",""violations"":0,""checkedPlacements"":12,""scope"":""접촉·합력 작용점·정적 평형"",""reason"":""설정된 지지율·전도 여유 검사. 동적 붕괴·굽힘 파손 미검증""},""payload"":{""status"":""PASS"",""violations"":0,""checkedPlacements"":12,""scope"":""입력 가반하중 · 박스+그리퍼 질량"",""reason"":""사용자가 설정한 가반하중 한계 검사""},""robotCollision"":{""status"":""NOT VERIFIED"",""violations"":0,""checkedPlacements"":12,""scope"":""TCP·그리퍼 스윕 근사만 수행"",""reason"":""전체 로봇 링크 충돌 미검증""},""approach"":{""status"":""NOT VERIFIED"",""violations"":0,""checkedPlacements"":12,""scope"":""TCP·그리퍼 스윕 근사만 수행"",""reason"":""실제 관절 한계·역기구학·접근 자세 미검증""},""sequence"":{""status"":""NOT VERIFIED"",""violations"":0,""checkedPlacements"":12,""scope"":""TCP·그리퍼 스윕 근사만 수행"",""reason"":""실제 파지·관절 궤적·전 과정 실행 미검증""}}","17.25258294642857","75","12","4","0.09382237","926771071","603","","","","182.47368421052633","82.92250683553412","100","100","22.3976497342271","70.8","0.5518207282913166","0","0","","14.688075000005483","44.950099999899976","36.54522500000894","43.269124999921765","235.00920000008773","75","117.32067821035814","56.75844083673279","368.2215331430458","728","3.7476000000024214","","","","","","100","0","0","","","0","100","100","100","100","0.8792999999132007","",""
"bl","online","randomExceptions","47","5","ce219085","partial","","explicit","proxy","{}","{""bounds"":28,""support"":329,""load"":293,""robot-path"":18}","adapter-1.0 / planners-f6ec11d4259a","2.1.0","{""requested"":1,""completed"":1,""outcomes"":[""partial""],""sameWorker"":false}","{""collision"":{""status"":""PASS"",""violations"":0,""checkedPlacements"":11,""scope"":""직육면체 기하·관측 규격 공통 검사"",""reason"":""확정 배치와 최종 적재 상태 검사""},""bounds"":{""status"":""PASS"",""violations"":0,""checkedPlacements"":11,""scope"":""직육면체 기하·관측 규격 공통 검사"",""reason"":""확정 배치와 최종 적재 상태 검사""},""height"":{""status"":""PASS"",""violations"":0,""checkedPlacements"":11,""scope"":""직육면체 기하·관측 규격 공통 검사"",""reason"":""확정 배치와 최종 적재 상태 검사""},""orientation"":{""status"":""PASS"",""violations"":0,""checkedPlacements"":11,""scope"":""직육면체 기하·관측 규격 공통 검사"",""reason"":""확정 배치와 최종 적재 상태 검사""},""load"":{""status"":""PASS"",""violations"":0,""checkedPlacements"":11,""scope"":""입력된 허용 상부하중 · 누적 정적 반력"",""reason"":""입력값 범위의 정적 검사. 실측 재료 인증 아님""},""support"":{""status"":""PASS"",""violations"":0,""checkedPlacements"":11,""scope"":""접촉·합력 작용점·정적 평형"",""reason"":""설정된 지지율·전도 여유 검사. 동적 붕괴·굽힘 파손 미검증""},""payload"":{""status"":""PASS"",""violations"":0,""checkedPlacements"":11,""scope"":""입력 가반하중 · 박스+그리퍼 질량"",""reason"":""사용자가 설정한 가반하중 한계 검사""},""robotCollision"":{""status"":""NOT VERIFIED"",""violations"":0,""checkedPlacements"":11,""scope"":""TCP·그리퍼 스윕 근사만 수행"",""reason"":""전체 로봇 링크 충돌 미검증""},""approach"":{""status"":""NOT VERIFIED"",""violations"":0,""checkedPlacements"":11,""scope"":""TCP·그리퍼 스윕 근사만 수행"",""reason"":""실제 관절 한계·역기구학·접근 자세 미검증""},""sequence"":{""status"":""NOT VERIFIED"",""violations"":0,""checkedPlacements"":11,""scope"":""TCP·그리퍼 스윕 근사만 수행"",""reason"":""실제 파지·관절 궤적·전 과정 실행 미검증""}}","14.2062675","68.75","11","5","0.127941103","960889804","434","","","","165.9375","112.72874422874862","100","100","19.767274239408696","70.8","0.619815668202765","0","0","","49.254674999996496","104.38139999995474","99.36277499998687","103.37767499996116","788.0747999999439","68.75","100.20139080422673","48.88090402274738","395.20409529415014","730","3.942799999960698","","","","","","100","0","0","","","0","100","100","100","100","71.93880000000354","",""
"greedy","online","randomExceptions","47","5","ce219085","partial","","explicit","proxy","{}","{""bounds"":6,""support"":295,""load"":168,""robot-path"":10}","adapter-1.0 / planners-f6ec11d4259a","2.1.0","{""requested"":1,""completed"":1,""outcomes"":[""partial""],""sameWorker"":false}","{""collision"":{""status"":""PASS"",""violations"":0,""checkedPlacements"":13,""scope"":""직육면체 기하·관측 규격 공통 검사"",""reason"":""확정 배치와 최종 적재 상태 검사""},""bounds"":{""status"":""PASS"",""violations"":0,""checkedPlacements"":13,""scope"":""직육면체 기하·관측 규격 공통 검사"",""reason"":""확정 배치와 최종 적재 상태 검사""},""height"":{""status"":""PASS"",""violations"":0,""checkedPlacements"":13,""scope"":""직육면체 기하·관측 규격 공통 검사"",""reason"":""확정 배치와 최종 적재 상태 검사""},""orientation"":{""status"":""PASS"",""violations"":0,""checkedPlacements"":13,""scope"":""직육면체 기하·관측 규격 공통 검사"",""reason"":""확정 배치와 최종 적재 상태 검사""},""load"":{""status"":""PASS"",""violations"":0,""checkedPlacements"":13,""scope"":""입력된 허용 상부하중 · 누적 정적 반력"",""reason"":""입력값 범위의 정적 검사. 실측 재료 인증 아님""},""support"":{""status"":""PASS"",""violations"":0,""checkedPlacements"":13,""scope"":""접촉·합력 작용점·정적 평형"",""reason"":""설정된 지지율·전도 여유 검사. 동적 붕괴·굽힘 파손 미검증""},""payload"":{""status"":""PASS"",""violations"":0,""checkedPlacements"":13,""scope"":""입력 가반하중 · 박스+그리퍼 질량"",""reason"":""사용자가 설정한 가반하중 한계 검사""},""robotCollision"":{""status"":""NOT VERIFIED"",""violations"":0,""checkedPlacements"":13,""scope"":""TCP·그리퍼 스윕 근사만 수행"",""reason"":""전체 로봇 링크 충돌 미검증""},""approach"":{""status"":""NOT VERIFIED"",""violations"":0,""checkedPlacements"":13,""scope"":""TCP·그리퍼 스윕 근사만 수행"",""reason"":""실제 관절 한계·역기구학·접근 자세 미검증""},""sequence"":{""status"":""NOT VERIFIED"",""violations"":0,""checkedPlacements"":13,""scope"":""TCP·그리퍼 스윕 근사만 수행"",""reason"":""실제 파지·관절 궤적·전 과정 실행 미검증""}}","18.35161982142857","81.25","13","3","0.081513157","914461858","844","","","","236.24","7.612154754075895","100","100","6.24024640657084","70.8","0.41321044546851","0","0","","149.33446875002846","288.6240000000689","273.13200000001234","285.5256000000576","2389.3515000004554","81.25","142.88647077140422","72.07620600141274","327.5327590312774","730","5.21909999998752","","","","","","100","0","0","","","0","100","100","100","100","40.32070000004023","",""
"rollout","online","randomExceptions","47","5","ce219085","partial","","explicit","proxy","{}","{""bounds"":6,""support"":295,""load"":202,""robot-path"":20}","adapter-1.0 / planners-f6ec11d4259a","2.1.0","{""requested"":1,""completed"":1,""outcomes"":[""partial""],""sameWorker"":false}","{""collision"":{""status"":""PASS"",""violations"":0,""checkedPlacements"":14,""scope"":""직육면체 기하·관측 규격 공통 검사"",""reason"":""확정 배치와 최종 적재 상태 검사""},""bounds"":{""status"":""PASS"",""violations"":0,""checkedPlacements"":14,""scope"":""직육면체 기하·관측 규격 공통 검사"",""reason"":""확정 배치와 최종 적재 상태 검사""},""height"":{""status"":""PASS"",""violations"":0,""checkedPlacements"":14,""scope"":""직육면체 기하·관측 규격 공통 검사"",""reason"":""확정 배치와 최종 적재 상태 검사""},""orientation"":{""status"":""PASS"",""violations"":0,""checkedPlacements"":14,""scope"":""직육면체 기하·관측 규격 공통 검사"",""reason"":""확정 배치와 최종 적재 상태 검사""},""load"":{""status"":""PASS"",""violations"":0,""checkedPlacements"":14,""scope"":""입력된 허용 상부하중 · 누적 정적 반력"",""reason"":""입력값 범위의 정적 검사. 실측 재료 인증 아님""},""support"":{""status"":""PASS"",""violations"":0,""checkedPlacements"":14,""scope"":""접촉·합력 작용점·정적 평형"",""reason"":""설정된 지지율·전도 여유 검사. 동적 붕괴·굽힘 파손 미검증""},""payload"":{""status"":""PASS"",""violations"":0,""checkedPlacements"":14,""scope"":""입력 가반하중 · 박스+그리퍼 질량"",""reason"":""사용자가 설정한 가반하중 한계 검사""},""robotCollision"":{""status"":""NOT VERIFIED"",""violations"":0,""checkedPlacements"":14,""scope"":""TCP·그리퍼 스윕 근사만 수행"",""reason"":""전체 로봇 링크 충돌 미검증""},""approach"":{""status"":""NOT VERIFIED"",""violations"":0,""checkedPlacements"":14,""scope"":""TCP·그리퍼 스윕 근사만 수행"",""reason"":""실제 관절 한계·역기구학·접근 자세 미검증""},""sequence"":{""status"":""NOT VERIFIED"",""violations"":0,""checkedPlacements"":14,""scope"":""TCP·그리퍼 스윕 근사만 수행"",""reason"":""실제 파지·관절 궤적·전 과정 실행 미검증""}}","19.536949375000003","87.5","14","2","0.068237466","901186167","844","","","","235.85849056603774","23.856722798345746","100","100","8.285757088445735","57.2","0.41321044546851","0","0","","619.6378687499819","1710.2406999999657","1452.405550000025","1658.6736699999774","9914.20589999971","87.5","152.17067075061811","76.81093598790176","331.2070568618117","730","4.943599999998696","","","","","","100","0","0","","","0","100","100","100","100","276.9651999999769","",""
"strategy-greedy","online","randomExceptions","47","5","ce219085","partial","","explicit","proxy","{}","{""bounds"":6,""support"":373,""load"":324,""protocol"":14,""robot-path"":13}","adapter-1.0 / planners-f6ec11d4259a","2.1.0","{""requested"":1,""completed"":1,""outcomes"":[""partial""],""sameWorker"":false}","{""collision"":{""status"":""PASS"",""violations"":0,""checkedPlacements"":11,""scope"":""직육면체 기하·관측 규격 공통 검사"",""reason"":""확정 배치와 최종 적재 상태 검사""},""bounds"":{""status"":""PASS"",""violations"":0,""checkedPlacements"":11,""scope"":""직육면체 기하·관측 규격 공통 검사"",""reason"":""확정 배치와 최종 적재 상태 검사""},""height"":{""status"":""PASS"",""violations"":0,""checkedPlacements"":11,""scope"":""직육면체 기하·관측 규격 공통 검사"",""reason"":""확정 배치와 최종 적재 상태 검사""},""orientation"":{""status"":""PASS"",""violations"":0,""checkedPlacements"":11,""scope"":""직육면체 기하·관측 규격 공통 검사"",""reason"":""확정 배치와 최종 적재 상태 검사""},""load"":{""status"":""PASS"",""violations"":0,""checkedPlacements"":11,""scope"":""입력된 허용 상부하중 · 누적 정적 반력"",""reason"":""입력값 범위의 정적 검사. 실측 재료 인증 아님""},""support"":{""status"":""PASS"",""violations"":0,""checkedPlacements"":11,""scope"":""접촉·합력 작용점·정적 평형"",""reason"":""설정된 지지율·전도 여유 검사. 동적 붕괴·굽힘 파손 미검증""},""payload"":{""status"":""PASS"",""violations"":0,""checkedPlacements"":11,""scope"":""입력 가반하중 · 박스+그리퍼 질량"",""reason"":""사용자가 설정한 가반하중 한계 검사""},""robotCollision"":{""status"":""NOT VERIFIED"",""violations"":0,""checkedPlacements"":11,""scope"":""TCP·그리퍼 스윕 근사만 수행"",""reason"":""전체 로봇 링크 충돌 미검증""},""approach"":{""status"":""NOT VERIFIED"",""violations"":0,""checkedPlacements"":11,""scope"":""TCP·그리퍼 스윕 근사만 수행"",""reason"":""실제 관절 한계·역기구학·접근 자세 미검증""},""sequence"":{""status"":""NOT VERIFIED"",""violations"":0,""checkedPlacements"":11,""scope"":""TCP·그리퍼 스윕 근사만 수행"",""reason"":""실제 파지·관절 궤적·전 과정 실행 미검증""}}","14.2062675","68.75","11","5","0.127941103","960889804","434","","","","165.40625","79.5665948597659","100","100","20.627306506091337","70.8","0.5518207282913166","0","0","","14.349093749995518","33.66300000005867","30.957824999961304","33.1219650000392","229.5854999999283","68.75","110.05844851508543","52.03799153480551","359.8088155365204","730","3.6152000000001863","","","","","","100","0","0","","","0","100","100","100","100","1.2643999999854714","",""
"tetris-reserved","online","random","48","6","20d708c9","complete","","explicit","proxy","{}","{""bounds"":28,""protocol"":6,""robot-path"":16,""support"":347,""load"":254}","adapter-1.0 / planners-f6ec11d4259a","2.1.0","{""requested"":1,""completed"":1,""outcomes"":[""partial""],""sameWorker"":false}","{""collision"":{""status"":""PASS"",""violations"":0,""checkedPlacements"":18,""scope"":""직육면체 기하·관측 규격 공통 검사"",""reason"":""확정 배치와 최종 적재 상태 검사""},""bounds"":{""status"":""PASS"",""violations"":0,""checkedPlacements"":18,""scope"":""직육면체 기하·관측 규격 공통 검사"",""reason"":""확정 배치와 최종 적재 상태 검사""},""height"":{""status"":""PASS"",""violations"":0,""checkedPlacements"":18,""scope"":""직육면체 기하·관측 규격 공통 검사"",""reason"":""확정 배치와 최종 적재 상태 검사""},""orientation"":{""status"":""PASS"",""violations"":0,""checkedPlacements"":18,""scope"":""직육면체 기하·관측 규격 공통 검사"",""reason"":""확정 배치와 최종 적재 상태 검사""},""load"":{""status"":""PASS"",""violations"":0,""checkedPlacements"":18,""scope"":""입력된 허용 상부하중 · 누적 정적 반력"",""reason"":""입력값 범위의 정적 검사. 실측 재료 인증 아님""},""support"":{""status"":""PASS"",""violations"":0,""checkedPlacements"":18,""scope"":""접촉·합력 작용점·정적 평형"",""reason"":""설정된 지지율·전도 여유 검사. 동적 붕괴·굽힘 파손 미검증""},""payload"":{""status"":""PASS"",""violations"":0,""checkedPlacements"":18,""scope"":""입력 가반하중 · 박스+그리퍼 질량"",""reason"":""사용자가 설정한 가반하중 한계 검사""},""robotCollision"":{""status"":""NOT VERIFIED"",""violations"":0,""checkedPlacements"":18,""scope"":""TCP·그리퍼 스윕 근사만 수행"",""reason"":""전체 로봇 링크 충돌 미검증""},""approach"":{""status"":""NOT VERIFIED"",""violations"":0,""checkedPlacements"":18,""scope"":""TCP·그리퍼 스윕 근사만 수행"",""reason"":""실제 관절 한계·역기구학·접근 자세 미검증""},""sequence"":{""status"":""NOT VERIFIED"",""violations"":0,""checkedPlacements"":18,""scope"":""TCP·그리퍼 스윕 근사만 수행"",""reason"":""실제 파지·관절 궤적·전 과정 실행 미검증""}}","28.350912321428574","100","18","0","0","802469782","1013","","","","309.90425531914894","116.7355136489059","100","100","26.856479487213452","52.45","0.39994818205371785","0","0","","327.6897888888941","2973.5964000000386","915.5569349999912","2561.9885070000255","5898.416200000094","100","193.24992511860071","95.71245132709048","335.3170768901005","826","7.070799999986775","28.350912321428574","100","100","","","100","0","0","","","100","","","","","","",""
"dynamic-reservation","online","random","48","6","20d708c9","complete","","explicit","proxy","{}","{""bounds"":28,""support"":228,""robot-path"":40,""protocol"":8,""load"":168}","adapter-1.0 / planners-f6ec11d4259a","2.1.0","{""requested"":1,""completed"":1,""outcomes"":[""partial""],""sameWorker"":false}","{""collision"":{""status"":""PASS"",""violations"":0,""checkedPlacements"":18,""scope"":""직육면체 기하·관측 규격 공통 검사"",""reason"":""확정 배치와 최종 적재 상태 검사""},""bounds"":{""status"":""PASS"",""violations"":0,""checkedPlacements"":18,""scope"":""직육면체 기하·관측 규격 공통 검사"",""reason"":""확정 배치와 최종 적재 상태 검사""},""height"":{""status"":""PASS"",""violations"":0,""checkedPlacements"":18,""scope"":""직육면체 기하·관측 규격 공통 검사"",""reason"":""확정 배치와 최종 적재 상태 검사""},""orientation"":{""status"":""PASS"",""violations"":0,""checkedPlacements"":18,""scope"":""직육면체 기하·관측 규격 공통 검사"",""reason"":""확정 배치와 최종 적재 상태 검사""},""load"":{""status"":""PASS"",""violations"":0,""checkedPlacements"":18,""scope"":""입력된 허용 상부하중 · 누적 정적 반력"",""reason"":""입력값 범위의 정적 검사. 실측 재료 인증 아님""},""support"":{""status"":""PASS"",""violations"":0,""checkedPlacements"":18,""scope"":""접촉·합력 작용점·정적 평형"",""reason"":""설정된 지지율·전도 여유 검사. 동적 붕괴·굽힘 파손 미검증""},""payload"":{""status"":""PASS"",""violations"":0,""checkedPlacements"":18,""scope"":""입력 가반하중 · 박스+그리퍼 질량"",""reason"":""사용자가 설정한 가반하중 한계 검사""},""robotCollision"":{""status"":""NOT VERIFIED"",""violations"":0,""checkedPlacements"":18,""scope"":""TCP·그리퍼 스윕 근사만 수행"",""reason"":""전체 로봇 링크 충돌 미검증""},""approach"":{""status"":""NOT VERIFIED"",""violations"":0,""checkedPlacements"":18,""scope"":""TCP·그리퍼 스윕 근사만 수행"",""reason"":""실제 관절 한계·역기구학·접근 자세 미검증""},""sequence"":{""status"":""NOT VERIFIED"",""violations"":0,""checkedPlacements"":18,""scope"":""TCP·그리퍼 스윕 근사만 수행"",""reason"":""실제 파지·관절 궤적·전 과정 실행 미검증""}}","28.350912321428574","100","18","0","0","802469782","1013","","","","330.08156028368796","127.50192560958914","100","100","30.20233403744607","48.67954545454544","0.39994818205371796","0","0","","617.8266888888902","1606.1454999999842","1563.584980000078","1597.633396000003","11120.880400000024","100","185.93727502099313","92.25922876364554","348.504623361205","826","20.712700000032783","28.350912321428574","100","100","","","100","0","0","","","100","","","","","","",""
"lookahead","online","random","48","6","20d708c9","partial","","explicit","proxy","{}","{""bounds"":28,""protocol"":11,""robot-path"":37,""support"":311,""load"":193}","adapter-1.0 / planners-f6ec11d4259a","2.1.0","{""requested"":1,""completed"":1,""outcomes"":[""partial""],""sameWorker"":false}","{""collision"":{""status"":""PASS"",""violations"":0,""checkedPlacements"":17,""scope"":""직육면체 기하·관측 규격 공통 검사"",""reason"":""확정 배치와 최종 적재 상태 검사""},""bounds"":{""status"":""PASS"",""violations"":0,""checkedPlacements"":17,""scope"":""직육면체 기하·관측 규격 공통 검사"",""reason"":""확정 배치와 최종 적재 상태 검사""},""height"":{""status"":""PASS"",""violations"":0,""checkedPlacements"":17,""scope"":""직육면체 기하·관측 규격 공통 검사"",""reason"":""확정 배치와 최종 적재 상태 검사""},""orientation"":{""status"":""PASS"",""violations"":0,""checkedPlacements"":17,""scope"":""직육면체 기하·관측 규격 공통 검사"",""reason"":""확정 배치와 최종 적재 상태 검사""},""load"":{""status"":""PASS"",""violations"":0,""checkedPlacements"":17,""scope"":""입력된 허용 상부하중 · 누적 정적 반력"",""reason"":""입력값 범위의 정적 검사. 실측 재료 인증 아님""},""support"":{""status"":""PASS"",""violations"":0,""checkedPlacements"":17,""scope"":""접촉·합력 작용점·정적 평형"",""reason"":""설정된 지지율·전도 여유 검사. 동적 붕괴·굽힘 파손 미검증""},""payload"":{""status"":""PASS"",""violations"":0,""checkedPlacements"":17,""scope"":""입력 가반하중 · 박스+그리퍼 질량"",""reason"":""사용자가 설정한 가반하중 한계 검사""},""robotCollision"":{""status"":""NOT VERIFIED"",""violations"":0,""checkedPlacements"":17,""scope"":""TCP·그리퍼 스윕 근사만 수행"",""reason"":""전체 로봇 링크 충돌 미검증""},""approach"":{""status"":""NOT VERIFIED"",""violations"":0,""checkedPlacements"":17,""scope"":""TCP·그리퍼 스윕 근사만 수행"",""reason"":""실제 관절 한계·역기구학·접근 자세 미검증""},""sequence"":{""status"":""NOT VERIFIED"",""violations"":0,""checkedPlacements"":17,""scope"":""TCP·그리퍼 스윕 근사만 수행"",""reason"":""실제 파지·관절 궤적·전 과정 실행 미검증""}}","27.165582767857146","94.44444444444444","17","1","0.013275691","815745473","776","","","","259.68518518518516","81.39156065222403","100","100","20.044735341841754","57.2","0.4854916555213119","0","0","","309.3357777777775","907.3251999999629","785.2465850000384","882.9094769999779","5568.043999999994","94.44444444444444","170.00223886700036","81.25145526355021","359.99525893232055","826","18.862800000002608","27.165582767857146","0","94.44444444444444","","","100","0","0","","","0","","","","","","",""
"future-hybrid","online","random","48","6","20d708c9","complete","","explicit","proxy","{}","{""bounds"":28,""support"":228,""robot-path"":44,""protocol"":8,""load"":168}","adapter-1.0 / planners-f6ec11d4259a","2.1.0","{""requested"":1,""completed"":1,""outcomes"":[""partial""],""sameWorker"":false}","{""collision"":{""status"":""PASS"",""violations"":0,""checkedPlacements"":18,""scope"":""직육면체 기하·관측 규격 공통 검사"",""reason"":""확정 배치와 최종 적재 상태 검사""},""bounds"":{""status"":""PASS"",""violations"":0,""checkedPlacements"":18,""scope"":""직육면체 기하·관측 규격 공통 검사"",""reason"":""확정 배치와 최종 적재 상태 검사""},""height"":{""status"":""PASS"",""violations"":0,""checkedPlacements"":18,""scope"":""직육면체 기하·관측 규격 공통 검사"",""reason"":""확정 배치와 최종 적재 상태 검사""},""orientation"":{""status"":""PASS"",""violations"":0,""checkedPlacements"":18,""scope"":""직육면체 기하·관측 규격 공통 검사"",""reason"":""확정 배치와 최종 적재 상태 검사""},""load"":{""status"":""PASS"",""violations"":0,""checkedPlacements"":18,""scope"":""입력된 허용 상부하중 · 누적 정적 반력"",""reason"":""입력값 범위의 정적 검사. 실측 재료 인증 아님""},""support"":{""status"":""PASS"",""violations"":0,""checkedPlacements"":18,""scope"":""접촉·합력 작용점·정적 평형"",""reason"":""설정된 지지율·전도 여유 검사. 동적 붕괴·굽힘 파손 미검증""},""payload"":{""status"":""PASS"",""violations"":0,""checkedPlacements"":18,""scope"":""입력 가반하중 · 박스+그리퍼 질량"",""reason"":""사용자가 설정한 가반하중 한계 검사""},""robotCollision"":{""status"":""NOT VERIFIED"",""violations"":0,""checkedPlacements"":18,""scope"":""TCP·그리퍼 스윕 근사만 수행"",""reason"":""전체 로봇 링크 충돌 미검증""},""approach"":{""status"":""NOT VERIFIED"",""violations"":0,""checkedPlacements"":18,""scope"":""TCP·그리퍼 스윕 근사만 수행"",""reason"":""실제 관절 한계·역기구학·접근 자세 미검증""},""sequence"":{""status"":""NOT VERIFIED"",""violations"":0,""checkedPlacements"":18,""scope"":""TCP·그리퍼 스윕 근사만 수행"",""reason"":""실제 파지·관절 궤적·전 과정 실행 미검증""}}","28.350912321428574","100","18","0","0","802469782","1045","","","","372.70567375886526","156.4024558881242","100","100","38.15040117976929","52.5279209621993","0.3551058251806381","0","0","","743.3430611111302","2573.9931000000797","2031.773850000055","2465.5492500000737","13380.175100000342","100","182.5546871495243","89.4105466471908","354.9621267567046","826","27.602199999964796","28.350912321428574","100","100","","","100","0","0","","","100","","","","","","",""
"blb","online","random","48","6","20d708c9","partial","","explicit","proxy","{}","{""bounds"":40,""protocol"":53,""robot-path"":15,""support"":538,""load"":409}","adapter-1.0 / planners-f6ec11d4259a","2.1.0","{""requested"":1,""completed"":1,""outcomes"":[""partial""],""sameWorker"":false}","{""collision"":{""status"":""PASS"",""violations"":0,""checkedPlacements"":17,""scope"":""직육면체 기하·관측 규격 공통 검사"",""reason"":""확정 배치와 최종 적재 상태 검사""},""bounds"":{""status"":""PASS"",""violations"":0,""checkedPlacements"":17,""scope"":""직육면체 기하·관측 규격 공통 검사"",""reason"":""확정 배치와 최종 적재 상태 검사""},""height"":{""status"":""PASS"",""violations"":0,""checkedPlacements"":17,""scope"":""직육면체 기하·관측 규격 공통 검사"",""reason"":""확정 배치와 최종 적재 상태 검사""},""orientation"":{""status"":""PASS"",""violations"":0,""checkedPlacements"":17,""scope"":""직육면체 기하·관측 규격 공통 검사"",""reason"":""확정 배치와 최종 적재 상태 검사""},""load"":{""status"":""PASS"",""violations"":0,""checkedPlacements"":17,""scope"":""입력된 허용 상부하중 · 누적 정적 반력"",""reason"":""입력값 범위의 정적 검사. 실측 재료 인증 아님""},""support"":{""status"":""PASS"",""violations"":0,""checkedPlacements"":17,""scope"":""접촉·합력 작용점·정적 평형"",""reason"":""설정된 지지율·전도 여유 검사. 동적 붕괴·굽힘 파손 미검증""},""payload"":{""status"":""PASS"",""violations"":0,""checkedPlacements"":17,""scope"":""입력 가반하중 · 박스+그리퍼 질량"",""reason"":""사용자가 설정한 가반하중 한계 검사""},""robotCollision"":{""status"":""NOT VERIFIED"",""violations"":0,""checkedPlacements"":17,""scope"":""TCP·그리퍼 스윕 근사만 수행"",""reason"":""전체 로봇 링크 충돌 미검증""},""approach"":{""status"":""NOT VERIFIED"",""violations"":0,""checkedPlacements"":17,""scope"":""TCP·그리퍼 스윕 근사만 수행"",""reason"":""실제 관절 한계·역기구학·접근 자세 미검증""},""sequence"":{""status"":""NOT VERIFIED"",""violations"":0,""checkedPlacements"":17,""scope"":""TCP·그리퍼 스윕 근사만 수행"",""reason"":""실제 파지·관절 궤적·전 과정 실행 미검증""}}","25.304596875","94.44444444444444","17","1","0.034118733","836588515","1053","","","","327.58527131782944","219.4762275606973","99.47273026857802","95.51820728291317","47.452523330422224","52.45","0.3691760052735662","0","0","","11.843150000010306","28.510699999984354","25.921515000052747","27.992862999998028","213.17670000018552","94.44444444444444","168.23827868280318","81.40488114382207","363.7697703468936","824","4.740500000072643","25.304596875","0","94.44444444444444","","","100","0","0","","","0","","","","","","",""
"pack-first","online","random","48","6","20d708c9","partial","","explicit","proxy","{}","{""bounds"":290,""robot-path"":34,""support"":566,""load"":202,""protocol"":48}","adapter-1.0 / planners-f6ec11d4259a","2.1.0","{""requested"":1,""completed"":1,""outcomes"":[""partial""],""sameWorker"":false}","{""collision"":{""status"":""PASS"",""violations"":0,""checkedPlacements"":16,""scope"":""직육면체 기하·관측 규격 공통 검사"",""reason"":""확정 배치와 최종 적재 상태 검사""},""bounds"":{""status"":""PASS"",""violations"":0,""checkedPlacements"":16,""scope"":""직육면체 기하·관측 규격 공통 검사"",""reason"":""확정 배치와 최종 적재 상태 검사""},""height"":{""status"":""PASS"",""violations"":0,""checkedPlacements"":16,""scope"":""직육면체 기하·관측 규격 공통 검사"",""reason"":""확정 배치와 최종 적재 상태 검사""},""orientation"":{""status"":""PASS"",""violations"":0,""checkedPlacements"":16,""scope"":""직육면체 기하·관측 규격 공통 검사"",""reason"":""확정 배치와 최종 적재 상태 검사""},""load"":{""status"":""PASS"",""violations"":0,""checkedPlacements"":16,""scope"":""입력된 허용 상부하중 · 누적 정적 반력"",""reason"":""입력값 범위의 정적 검사. 실측 재료 인증 아님""},""support"":{""status"":""PASS"",""violations"":0,""checkedPlacements"":16,""scope"":""접촉·합력 작용점·정적 평형"",""reason"":""설정된 지지율·전도 여유 검사. 동적 붕괴·굽힘 파손 미검증""},""payload"":{""status"":""PASS"",""violations"":0,""checkedPlacements"":16,""scope"":""입력 가반하중 · 박스+그리퍼 질량"",""reason"":""사용자가 설정한 가반하중 한계 검사""},""robotCollision"":{""status"":""NOT VERIFIED"",""violations"":0,""checkedPlacements"":16,""scope"":""TCP·그리퍼 스윕 근사만 수행"",""reason"":""전체 로봇 링크 충돌 미검증""},""approach"":{""status"":""NOT VERIFIED"",""violations"":0,""checkedPlacements"":16,""scope"":""TCP·그리퍼 스윕 근사만 수행"",""reason"":""실제 관절 한계·역기구학·접근 자세 미검증""},""sequence"":{""status"":""NOT VERIFIED"",""violations"":0,""checkedPlacements"":16,""scope"":""TCP·그리퍼 스윕 근사만 수행"",""reason"":""실제 파지·관절 궤적·전 과정 실행 미검증""}}","23.8415025","88.88888888888889","16","2","0.05050539","852975172","1226","","","","339.0483870967742","233.45825792759817","100","100","55.07329845360529","52.45","0.3099078341013825","0","0","","10.517072222208501","24.165599999949336","23.57731500006048","24.047942999971564","189.307299999753","88.88888888888889","166.75687822436524","83.04197084583738","345.41303851047945","824","6.096299999975599","23.8415025","0","88.88888888888889","","","100","0","0","","","0","","","","","","",""
"pack-greedy","online","random","48","6","20d708c9","partial","","explicit","proxy","{}","{""bounds"":308,""robot-path"":25,""support"":582,""load"":192,""protocol"":44}","adapter-1.0 / planners-f6ec11d4259a","2.1.0","{""requested"":1,""completed"":1,""outcomes"":[""partial""],""sameWorker"":false}","{""collision"":{""status"":""PASS"",""violations"":0,""checkedPlacements"":12,""scope"":""직육면체 기하·관측 규격 공통 검사"",""reason"":""확정 배치와 최종 적재 상태 검사""},""bounds"":{""status"":""PASS"",""violations"":0,""checkedPlacements"":12,""scope"":""직육면체 기하·관측 규격 공통 검사"",""reason"":""확정 배치와 최종 적재 상태 검사""},""height"":{""status"":""PASS"",""violations"":0,""checkedPlacements"":12,""scope"":""직육면체 기하·관측 규격 공통 검사"",""reason"":""확정 배치와 최종 적재 상태 검사""},""orientation"":{""status"":""PASS"",""violations"":0,""checkedPlacements"":12,""scope"":""직육면체 기하·관측 규격 공통 검사"",""reason"":""확정 배치와 최종 적재 상태 검사""},""load"":{""status"":""PASS"",""violations"":0,""checkedPlacements"":12,""scope"":""입력된 허용 상부하중 · 누적 정적 반력"",""reason"":""입력값 범위의 정적 검사. 실측 재료 인증 아님""},""support"":{""status"":""PASS"",""violations"":0,""checkedPlacements"":12,""scope"":""접촉·합력 작용점·정적 평형"",""reason"":""설정된 지지율·전도 여유 검사. 동적 붕괴·굽힘 파손 미검증""},""payload"":{""status"":""PASS"",""violations"":0,""checkedPlacements"":12,""scope"":""입력 가반하중 · 박스+그리퍼 질량"",""reason"":""사용자가 설정한 가반하중 한계 검사""},""robotCollision"":{""status"":""NOT VERIFIED"",""violations"":0,""checkedPlacements"":12,""scope"":""TCP·그리퍼 스윕 근사만 수행"",""reason"":""전체 로봇 링크 충돌 미검증""},""approach"":{""status"":""NOT VERIFIED"",""violations"":0,""checkedPlacements"":12,""scope"":""TCP·그리퍼 스윕 근사만 수행"",""reason"":""실제 관절 한계·역기구학·접근 자세 미검증""},""sequence"":{""status"":""NOT VERIFIED"",""violations"":0,""checkedPlacements"":12,""scope"":""TCP·그리퍼 스윕 근사만 수행"",""reason"":""실제 파지·관절 궤적·전 과정 실행 미검증""}}","17.63857982142857","66.66666666666667","12","6","0.119978124","922447906","603","","","","220.98453608247422","164.1599156112911","99.8451053283767","98.14126394052045","37.362487142419724","57.2","0.6002005515166707","0","0","","10.140005555547154","23.881099999998696","21.47152000003843","23.39918400000664","182.52009999984875","66.66666666666667","108.47257180420755","54.25717167273489","398.2573592702843","824","3.1985000000568107","17.63857982142857","0","66.66666666666667","","","100","0","0","","","0","","","","","","",""
"pack-tetris","online","random","48","6","20d708c9","partial","","explicit","proxy","{}","{""bounds"":308,""robot-path"":25,""support"":582,""load"":192,""protocol"":44}","adapter-1.0 / planners-f6ec11d4259a","2.1.0","{""requested"":1,""completed"":1,""outcomes"":[""partial""],""sameWorker"":false}","{""collision"":{""status"":""PASS"",""violations"":0,""checkedPlacements"":12,""scope"":""직육면체 기하·관측 규격 공통 검사"",""reason"":""확정 배치와 최종 적재 상태 검사""},""bounds"":{""status"":""PASS"",""violations"":0,""checkedPlacements"":12,""scope"":""직육면체 기하·관측 규격 공통 검사"",""reason"":""확정 배치와 최종 적재 상태 검사""},""height"":{""status"":""PASS"",""violations"":0,""checkedPlacements"":12,""scope"":""직육면체 기하·관측 규격 공통 검사"",""reason"":""확정 배치와 최종 적재 상태 검사""},""orientation"":{""status"":""PASS"",""violations"":0,""checkedPlacements"":12,""scope"":""직육면체 기하·관측 규격 공통 검사"",""reason"":""확정 배치와 최종 적재 상태 검사""},""load"":{""status"":""PASS"",""violations"":0,""checkedPlacements"":12,""scope"":""입력된 허용 상부하중 · 누적 정적 반력"",""reason"":""입력값 범위의 정적 검사. 실측 재료 인증 아님""},""support"":{""status"":""PASS"",""violations"":0,""checkedPlacements"":12,""scope"":""접촉·합력 작용점·정적 평형"",""reason"":""설정된 지지율·전도 여유 검사. 동적 붕괴·굽힘 파손 미검증""},""payload"":{""status"":""PASS"",""violations"":0,""checkedPlacements"":12,""scope"":""입력 가반하중 · 박스+그리퍼 질량"",""reason"":""사용자가 설정한 가반하중 한계 검사""},""robotCollision"":{""status"":""NOT VERIFIED"",""violations"":0,""checkedPlacements"":12,""scope"":""TCP·그리퍼 스윕 근사만 수행"",""reason"":""전체 로봇 링크 충돌 미검증""},""approach"":{""status"":""NOT VERIFIED"",""violations"":0,""checkedPlacements"":12,""scope"":""TCP·그리퍼 스윕 근사만 수행"",""reason"":""실제 관절 한계·역기구학·접근 자세 미검증""},""sequence"":{""status"":""NOT VERIFIED"",""violations"":0,""checkedPlacements"":12,""scope"":""TCP·그리퍼 스윕 근사만 수행"",""reason"":""실제 파지·관절 궤적·전 과정 실행 미검증""}}","17.63857982142857","66.66666666666667","12","6","0.119978124","922447906","603","","","","220.98453608247422","164.1599156112911","99.8451053283767","98.14126394052045","37.362487142419724","57.2","0.6002005515166707","0","0","","10.399699999996098","24.587500000023283","23.07790000006207","24.28558000003104","187.19459999992978","66.66666666666667","108.47257180420755","54.25717167273489","398.2573592702843","824","3.3571000000229105","17.63857982142857","0","66.66666666666667","","","100","0","0","","","0","","","","","","",""
"pack-beam","online","random","48","6","20d708c9","partial","","explicit","proxy","{}","{""bounds"":354,""robot-path"":47,""support"":578,""load"":166,""protocol"":49}","adapter-1.0 / planners-f6ec11d4259a","2.1.0","{""requested"":1,""completed"":1,""outcomes"":[""partial""],""sameWorker"":false}","{""collision"":{""status"":""PASS"",""violations"":0,""checkedPlacements"":15,""scope"":""직육면체 기하·관측 규격 공통 검사"",""reason"":""확정 배치와 최종 적재 상태 검사""},""bounds"":{""status"":""PASS"",""violations"":0,""checkedPlacements"":15,""scope"":""직육면체 기하·관측 규격 공통 검사"",""reason"":""확정 배치와 최종 적재 상태 검사""},""height"":{""status"":""PASS"",""violations"":0,""checkedPlacements"":15,""scope"":""직육면체 기하·관측 규격 공통 검사"",""reason"":""확정 배치와 최종 적재 상태 검사""},""orientation"":{""status"":""PASS"",""violations"":0,""checkedPlacements"":15,""scope"":""직육면체 기하·관측 규격 공통 검사"",""reason"":""확정 배치와 최종 적재 상태 검사""},""load"":{""status"":""PASS"",""violations"":0,""checkedPlacements"":15,""scope"":""입력된 허용 상부하중 · 누적 정적 반력"",""reason"":""입력값 범위의 정적 검사. 실측 재료 인증 아님""},""support"":{""status"":""PASS"",""violations"":0,""checkedPlacements"":15,""scope"":""접촉·합력 작용점·정적 평형"",""reason"":""설정된 지지율·전도 여유 검사. 동적 붕괴·굽힘 파손 미검증""},""payload"":{""status"":""PASS"",""violations"":0,""checkedPlacements"":15,""scope"":""입력 가반하중 · 박스+그리퍼 질량"",""reason"":""사용자가 설정한 가반하중 한계 검사""},""robotCollision"":{""status"":""NOT VERIFIED"",""violations"":0,""checkedPlacements"":15,""scope"":""TCP·그리퍼 스윕 근사만 수행"",""reason"":""전체 로봇 링크 충돌 미검증""},""approach"":{""status"":""NOT VERIFIED"",""violations"":0,""checkedPlacements"":15,""scope"":""TCP·그리퍼 스윕 근사만 수행"",""reason"":""실제 관절 한계·역기구학·접근 자세 미검증""},""sequence"":{""status"":""NOT VERIFIED"",""violations"":0,""checkedPlacements"":15,""scope"":""TCP·그리퍼 스윕 근사만 수행"",""reason"":""실제 파지·관절 궤적·전 과정 실행 미검증""}}","22.378408125","83.33333333333333","15","3","0.066892047","869361829","1240","","","","311.2647058823529","205.58419372361652","99.9623352165725","99.43502824858757","41.14123654945132","52.45","0.26536153356840264","0","0","","976.320899999998","3560.638200000045","2361.8863450000044","3320.887829000035","17573.776199999964","83.33333333333333","144.04319609081142","73.47807745902742","374.88754391395156","824","6.410400000051595","22.378408125","0","83.33333333333333","","","100","0","0","","","0","","","","","","",""
"pack-robust","online","random","48","6","20d708c9","partial","","explicit","proxy","{}","{""bounds"":354,""robot-path"":47,""support"":578,""load"":166,""protocol"":49}","adapter-1.0 / planners-f6ec11d4259a","2.1.0","{""requested"":1,""completed"":1,""outcomes"":[""partial""],""sameWorker"":false}","{""collision"":{""status"":""PASS"",""violations"":0,""checkedPlacements"":15,""scope"":""직육면체 기하·관측 규격 공통 검사"",""reason"":""확정 배치와 최종 적재 상태 검사""},""bounds"":{""status"":""PASS"",""violations"":0,""checkedPlacements"":15,""scope"":""직육면체 기하·관측 규격 공통 검사"",""reason"":""확정 배치와 최종 적재 상태 검사""},""height"":{""status"":""PASS"",""violations"":0,""checkedPlacements"":15,""scope"":""직육면체 기하·관측 규격 공통 검사"",""reason"":""확정 배치와 최종 적재 상태 검사""},""orientation"":{""status"":""PASS"",""violations"":0,""checkedPlacements"":15,""scope"":""직육면체 기하·관측 규격 공통 검사"",""reason"":""확정 배치와 최종 적재 상태 검사""},""load"":{""status"":""PASS"",""violations"":0,""checkedPlacements"":15,""scope"":""입력된 허용 상부하중 · 누적 정적 반력"",""reason"":""입력값 범위의 정적 검사. 실측 재료 인증 아님""},""support"":{""status"":""PASS"",""violations"":0,""checkedPlacements"":15,""scope"":""접촉·합력 작용점·정적 평형"",""reason"":""설정된 지지율·전도 여유 검사. 동적 붕괴·굽힘 파손 미검증""},""payload"":{""status"":""PASS"",""violations"":0,""checkedPlacements"":15,""scope"":""입력 가반하중 · 박스+그리퍼 질량"",""reason"":""사용자가 설정한 가반하중 한계 검사""},""robotCollision"":{""status"":""NOT VERIFIED"",""violations"":0,""checkedPlacements"":15,""scope"":""TCP·그리퍼 스윕 근사만 수행"",""reason"":""전체 로봇 링크 충돌 미검증""},""approach"":{""status"":""NOT VERIFIED"",""violations"":0,""checkedPlacements"":15,""scope"":""TCP·그리퍼 스윕 근사만 수행"",""reason"":""실제 관절 한계·역기구학·접근 자세 미검증""},""sequence"":{""status"":""NOT VERIFIED"",""violations"":0,""checkedPlacements"":15,""scope"":""TCP·그리퍼 스윕 근사만 수행"",""reason"":""실제 파지·관절 궤적·전 과정 실행 미검증""}}","22.378408125","83.33333333333333","15","3","0.066892047","869361829","1240","","","","311.2647058823529","205.58419372361652","99.9623352165725","99.43502824858757","41.14123654945132","52.45","0.26536153356840264","0","0","","981.1020277777765","3060.220399999991","2388.036064999992","2925.7835329999903","17659.836499999976","83.33333333333333","144.04319609081142","73.47807745902742","374.88754391395156","824","5.020200000028126","22.378408125","0","83.33333333333333","","","100","0","0","","","0","","","","","","",""
"random","online","random","48","6","20d708c9","partial","","explicit","proxy","{}","{""bounds"":34,""robot-path"":52,""protocol"":15,""support"":453,""load"":165}","adapter-1.0 / planners-f6ec11d4259a","2.1.0","{""requested"":1,""completed"":1,""outcomes"":[""partial""],""sameWorker"":false}","{""collision"":{""status"":""PASS"",""violations"":0,""checkedPlacements"":16,""scope"":""직육면체 기하·관측 규격 공통 검사"",""reason"":""확정 배치와 최종 적재 상태 검사""},""bounds"":{""status"":""PASS"",""violations"":0,""checkedPlacements"":16,""scope"":""직육면체 기하·관측 규격 공통 검사"",""reason"":""확정 배치와 최종 적재 상태 검사""},""height"":{""status"":""PASS"",""violations"":0,""checkedPlacements"":16,""scope"":""직육면체 기하·관측 규격 공통 검사"",""reason"":""확정 배치와 최종 적재 상태 검사""},""orientation"":{""status"":""PASS"",""violations"":0,""checkedPlacements"":16,""scope"":""직육면체 기하·관측 규격 공통 검사"",""reason"":""확정 배치와 최종 적재 상태 검사""},""load"":{""status"":""PASS"",""violations"":0,""checkedPlacements"":16,""scope"":""입력된 허용 상부하중 · 누적 정적 반력"",""reason"":""입력값 범위의 정적 검사. 실측 재료 인증 아님""},""support"":{""status"":""PASS"",""violations"":0,""checkedPlacements"":16,""scope"":""접촉·합력 작용점·정적 평형"",""reason"":""설정된 지지율·전도 여유 검사. 동적 붕괴·굽힘 파손 미검증""},""payload"":{""status"":""PASS"",""violations"":0,""checkedPlacements"":16,""scope"":""입력 가반하중 · 박스+그리퍼 질량"",""reason"":""사용자가 설정한 가반하중 한계 검사""},""robotCollision"":{""status"":""NOT VERIFIED"",""violations"":0,""checkedPlacements"":16,""scope"":""TCP·그리퍼 스윕 근사만 수행"",""reason"":""전체 로봇 링크 충돌 미검증""},""approach"":{""status"":""NOT VERIFIED"",""violations"":0,""checkedPlacements"":16,""scope"":""TCP·그리퍼 스윕 근사만 수행"",""reason"":""실제 관절 한계·역기구학·접근 자세 미검증""},""sequence"":{""status"":""NOT VERIFIED"",""violations"":0,""checkedPlacements"":16,""scope"":""TCP·그리퍼 스윕 근사만 수행"",""reason"":""실제 파지·관절 궤적·전 과정 실행 미검증""}}","24.119267321428573","88.88888888888889","16","2","0.047394424","849864206","995","","","","304.4593495934959","86.8282499331287","99.46959677979078","95.51820728291317","19.058385102625202","57.2","0.3466581094709819","0","0","","18.707516666650513","59.14609999989625","42.91348000002906","55.89957599992279","336.73529999970924","88.88888888888889","165.92854264370663","77.95355271840931","347.1373826484015","824","6.0889000000897795","24.119267321428573","0","88.88888888888889","","","100","0","0","","","0","","","","","","",""
"bl","online","random","48","6","20d708c9","partial","","explicit","proxy","{}","{""bounds"":34,""support"":510,""protocol"":50,""robot-path"":15,""load"":401}","adapter-1.0 / planners-f6ec11d4259a","2.1.0","{""requested"":1,""completed"":1,""outcomes"":[""partial""],""sameWorker"":false}","{""collision"":{""status"":""PASS"",""violations"":0,""checkedPlacements"":17,""scope"":""직육면체 기하·관측 규격 공통 검사"",""reason"":""확정 배치와 최종 적재 상태 검사""},""bounds"":{""status"":""PASS"",""violations"":0,""checkedPlacements"":17,""scope"":""직육면체 기하·관측 규격 공통 검사"",""reason"":""확정 배치와 최종 적재 상태 검사""},""height"":{""status"":""PASS"",""violations"":0,""checkedPlacements"":17,""scope"":""직육면체 기하·관측 규격 공통 검사"",""reason"":""확정 배치와 최종 적재 상태 검사""},""orientation"":{""status"":""PASS"",""violations"":0,""checkedPlacements"":17,""scope"":""직육면체 기하·관측 규격 공통 검사"",""reason"":""확정 배치와 최종 적재 상태 검사""},""load"":{""status"":""PASS"",""violations"":0,""checkedPlacements"":17,""scope"":""입력된 허용 상부하중 · 누적 정적 반력"",""reason"":""입력값 범위의 정적 검사. 실측 재료 인증 아님""},""support"":{""status"":""PASS"",""violations"":0,""checkedPlacements"":17,""scope"":""접촉·합력 작용점·정적 평형"",""reason"":""설정된 지지율·전도 여유 검사. 동적 붕괴·굽힘 파손 미검증""},""payload"":{""status"":""PASS"",""violations"":0,""checkedPlacements"":17,""scope"":""입력 가반하중 · 박스+그리퍼 질량"",""reason"":""사용자가 설정한 가반하중 한계 검사""},""robotCollision"":{""status"":""NOT VERIFIED"",""violations"":0,""checkedPlacements"":17,""scope"":""TCP·그리퍼 스윕 근사만 수행"",""reason"":""전체 로봇 링크 충돌 미검증""},""approach"":{""status"":""NOT VERIFIED"",""violations"":0,""checkedPlacements"":17,""scope"":""TCP·그리퍼 스윕 근사만 수행"",""reason"":""실제 관절 한계·역기구학·접근 자세 미검증""},""sequence"":{""status"":""NOT VERIFIED"",""violations"":0,""checkedPlacements"":17,""scope"":""TCP·그리퍼 스윕 근사만 수행"",""reason"":""실제 파지·관절 궤적·전 과정 실행 미검증""}}","25.304596875","94.44444444444444","17","1","0.034118733","836588515","1017","","","","326.18992248062017","218.7681315294214","99.47273026857802","95.51820728291317","47.452523330422224","52.45","0.37570539144257514","0","0","","60.58546111109253","123.31889999995474","115.78926000003119","121.81297199997002","1090.5382999996655","94.44444444444444","167.89810929203148","81.18377103982048","364.5067848474252","826","6.476000000024214","25.304596875","0","94.44444444444444","","","100","0","0","","","0","","","","","","",""
"greedy","online","random","48","6","20d708c9","partial","","explicit","proxy","{}","{""bounds"":28,""protocol"":8,""robot-path"":33,""support"":352,""load"":168}","adapter-1.0 / planners-f6ec11d4259a","2.1.0","{""requested"":1,""completed"":1,""outcomes"":[""partial""],""sameWorker"":false}","{""collision"":{""status"":""PASS"",""violations"":0,""checkedPlacements"":17,""scope"":""직육면체 기하·관측 규격 공통 검사"",""reason"":""확정 배치와 최종 적재 상태 검사""},""bounds"":{""status"":""PASS"",""violations"":0,""checkedPlacements"":17,""scope"":""직육면체 기하·관측 규격 공통 검사"",""reason"":""확정 배치와 최종 적재 상태 검사""},""height"":{""status"":""PASS"",""violations"":0,""checkedPlacements"":17,""scope"":""직육면체 기하·관측 규격 공통 검사"",""reason"":""확정 배치와 최종 적재 상태 검사""},""orientation"":{""status"":""PASS"",""violations"":0,""checkedPlacements"":17,""scope"":""직육면체 기하·관측 규격 공통 검사"",""reason"":""확정 배치와 최종 적재 상태 검사""},""load"":{""status"":""PASS"",""violations"":0,""checkedPlacements"":17,""scope"":""입력된 허용 상부하중 · 누적 정적 반력"",""reason"":""입력값 범위의 정적 검사. 실측 재료 인증 아님""},""support"":{""status"":""PASS"",""violations"":0,""checkedPlacements"":17,""scope"":""접촉·합력 작용점·정적 평형"",""reason"":""설정된 지지율·전도 여유 검사. 동적 붕괴·굽힘 파손 미검증""},""payload"":{""status"":""PASS"",""violations"":0,""checkedPlacements"":17,""scope"":""입력 가반하중 · 박스+그리퍼 질량"",""reason"":""사용자가 설정한 가반하중 한계 검사""},""robotCollision"":{""status"":""NOT VERIFIED"",""violations"":0,""checkedPlacements"":17,""scope"":""TCP·그리퍼 스윕 근사만 수행"",""reason"":""전체 로봇 링크 충돌 미검증""},""approach"":{""status"":""NOT VERIFIED"",""violations"":0,""checkedPlacements"":17,""scope"":""TCP·그리퍼 스윕 근사만 수행"",""reason"":""실제 관절 한계·역기구학·접근 자세 미검증""},""sequence"":{""status"":""NOT VERIFIED"",""violations"":0,""checkedPlacements"":17,""scope"":""TCP·그리퍼 스윕 근사만 수행"",""reason"":""실제 파지·관절 궤적·전 과정 실행 미검증""}}","27.165582767857146","94.44444444444444","17","1","0.013275691","815745473","810","","","","264.3","89.05412250566378","99.44620422687672","95.06726457399103","23.881672102542215","57.2","0.4457576004564348","0","0","","168.728133333336","332.1742999999551","316.2728399999847","328.994007999961","3037.106400000048","94.44444444444444","166.65261928469937","77.77420253505457","367.23095180070095","826","6.810499999905005","27.165582767857146","0","94.44444444444444","","","100","0","0","","","0","","","","","","",""
"rollout","online","random","48","6","20d708c9","complete","","explicit","proxy","{}","{""bounds"":34,""protocol"":49,""robot-path"":33,""support"":372,""load"":178}","adapter-1.0 / planners-f6ec11d4259a","2.1.0","{""requested"":1,""completed"":1,""outcomes"":[""partial""],""sameWorker"":false}","{""collision"":{""status"":""PASS"",""violations"":0,""checkedPlacements"":18,""scope"":""직육면체 기하·관측 규격 공통 검사"",""reason"":""확정 배치와 최종 적재 상태 검사""},""bounds"":{""status"":""PASS"",""violations"":0,""checkedPlacements"":18,""scope"":""직육면체 기하·관측 규격 공통 검사"",""reason"":""확정 배치와 최종 적재 상태 검사""},""height"":{""status"":""PASS"",""violations"":0,""checkedPlacements"":18,""scope"":""직육면체 기하·관측 규격 공통 검사"",""reason"":""확정 배치와 최종 적재 상태 검사""},""orientation"":{""status"":""PASS"",""violations"":0,""checkedPlacements"":18,""scope"":""직육면체 기하·관측 규격 공통 검사"",""reason"":""확정 배치와 최종 적재 상태 검사""},""load"":{""status"":""PASS"",""violations"":0,""checkedPlacements"":18,""scope"":""입력된 허용 상부하중 · 누적 정적 반력"",""reason"":""입력값 범위의 정적 검사. 실측 재료 인증 아님""},""support"":{""status"":""PASS"",""violations"":0,""checkedPlacements"":18,""scope"":""접촉·합력 작용점·정적 평형"",""reason"":""설정된 지지율·전도 여유 검사. 동적 붕괴·굽힘 파손 미검증""},""payload"":{""status"":""PASS"",""violations"":0,""checkedPlacements"":18,""scope"":""입력 가반하중 · 박스+그리퍼 질량"",""reason"":""사용자가 설정한 가반하중 한계 검사""},""robotCollision"":{""status"":""NOT VERIFIED"",""violations"":0,""checkedPlacements"":18,""scope"":""TCP·그리퍼 스윕 근사만 수행"",""reason"":""전체 로봇 링크 충돌 미검증""},""approach"":{""status"":""NOT VERIFIED"",""violations"":0,""checkedPlacements"":18,""scope"":""TCP·그리퍼 스윕 근사만 수행"",""reason"":""실제 관절 한계·역기구학·접근 자세 미검증""},""sequence"":{""status"":""NOT VERIFIED"",""violations"":0,""checkedPlacements"":18,""scope"":""TCP·그리퍼 스윕 근사만 수행"",""reason"":""실제 파지·관절 궤적·전 과정 실행 미검증""}}","28.350912321428574","100","18","0","0","802469782","1210","","","","371.4503546099291","105.16950576765734","99.5020230314348","95.51820728291317","28.457671774782263","52.45","0.3602758092319479","0","0","","1014.9367000000008","2583.870099999942","2375.093184999999","2542.114716999953","18268.860600000015","100","200.04004337637429","96.87602819464325","323.93514271579687","826","6.971599999931641","28.350912321428574","100","100","","","100","0","0","","","100","","","","","","",""
"strategy-greedy","online","random","48","6","20d708c9","partial","","explicit","proxy","{}","{""bounds"":14,""protocol"":42,""robot-path"":17,""support"":451,""load"":306}","adapter-1.0 / planners-f6ec11d4259a","2.1.0","{""requested"":1,""completed"":1,""outcomes"":[""partial""],""sameWorker"":false}","{""collision"":{""status"":""PASS"",""violations"":0,""checkedPlacements"":15,""scope"":""직육면체 기하·관측 규격 공통 검사"",""reason"":""확정 배치와 최종 적재 상태 검사""},""bounds"":{""status"":""PASS"",""violations"":0,""checkedPlacements"":15,""scope"":""직육면체 기하·관측 규격 공통 검사"",""reason"":""확정 배치와 최종 적재 상태 검사""},""height"":{""status"":""PASS"",""violations"":0,""checkedPlacements"":15,""scope"":""직육면체 기하·관측 규격 공통 검사"",""reason"":""확정 배치와 최종 적재 상태 검사""},""orientation"":{""status"":""PASS"",""violations"":0,""checkedPlacements"":15,""scope"":""직육면체 기하·관측 규격 공통 검사"",""reason"":""확정 배치와 최종 적재 상태 검사""},""load"":{""status"":""PASS"",""violations"":0,""checkedPlacements"":15,""scope"":""입력된 허용 상부하중 · 누적 정적 반력"",""reason"":""입력값 범위의 정적 검사. 실측 재료 인증 아님""},""support"":{""status"":""PASS"",""violations"":0,""checkedPlacements"":15,""scope"":""접촉·합력 작용점·정적 평형"",""reason"":""설정된 지지율·전도 여유 검사. 동적 붕괴·굽힘 파손 미검증""},""payload"":{""status"":""PASS"",""violations"":0,""checkedPlacements"":15,""scope"":""입력 가반하중 · 박스+그리퍼 질량"",""reason"":""사용자가 설정한 가반하중 한계 검사""},""robotCollision"":{""status"":""NOT VERIFIED"",""violations"":0,""checkedPlacements"":15,""scope"":""TCP·그리퍼 스윕 근사만 수행"",""reason"":""전체 로봇 링크 충돌 미검증""},""approach"":{""status"":""NOT VERIFIED"",""violations"":0,""checkedPlacements"":15,""scope"":""TCP·그리퍼 스윕 근사만 수행"",""reason"":""실제 관절 한계·역기구학·접근 자세 미검증""},""sequence"":{""status"":""NOT VERIFIED"",""violations"":0,""checkedPlacements"":15,""scope"":""TCP·그리퍼 스윕 근사만 수행"",""reason"":""실제 파지·관절 궤적·전 과정 실행 미검증""}}","19.211965982142857","83.33333333333333","15","3","0.102356199","904825981","810","","","","244.43333333333334","111.70687203914976","99.40242763772176","95.51820728291317","19.623614593402277","52.45","0.4457576004564348","0","0","","15.50342777779507","61.87089999997988","40.06848500001357","57.51041699998659","279.06170000031125","83.33333333333333","150.6525205078678","70.62413833011405","358.440733802259","826","4.976699999999255","19.211965982142857","0","83.33333333333333","","","100","0","0","","","0","","","","","","",""
"macs","online","random","48","6","20d708c9","partial","","explicit","proxy","{}","{""bounds"":14,""protocol"":43,""robot-path"":18,""support"":458,""load"":313}","adapter-1.0 / planners-f6ec11d4259a","2.1.0","{""requested"":1,""completed"":1,""outcomes"":[""partial""],""sameWorker"":false}","{""collision"":{""status"":""PASS"",""violations"":0,""checkedPlacements"":15,""scope"":""직육면체 기하·관측 규격 공통 검사"",""reason"":""확정 배치와 최종 적재 상태 검사""},""bounds"":{""status"":""PASS"",""violations"":0,""checkedPlacements"":15,""scope"":""직육면체 기하·관측 규격 공통 검사"",""reason"":""확정 배치와 최종 적재 상태 검사""},""height"":{""status"":""PASS"",""violations"":0,""checkedPlacements"":15,""scope"":""직육면체 기하·관측 규격 공통 검사"",""reason"":""확정 배치와 최종 적재 상태 검사""},""orientation"":{""status"":""PASS"",""violations"":0,""checkedPlacements"":15,""scope"":""직육면체 기하·관측 규격 공통 검사"",""reason"":""확정 배치와 최종 적재 상태 검사""},""load"":{""status"":""PASS"",""violations"":0,""checkedPlacements"":15,""scope"":""입력된 허용 상부하중 · 누적 정적 반력"",""reason"":""입력값 범위의 정적 검사. 실측 재료 인증 아님""},""support"":{""status"":""PASS"",""violations"":0,""checkedPlacements"":15,""scope"":""접촉·합력 작용점·정적 평형"",""reason"":""설정된 지지율·전도 여유 검사. 동적 붕괴·굽힘 파손 미검증""},""payload"":{""status"":""PASS"",""violations"":0,""checkedPlacements"":15,""scope"":""입력 가반하중 · 박스+그리퍼 질량"",""reason"":""사용자가 설정한 가반하중 한계 검사""},""robotCollision"":{""status"":""NOT VERIFIED"",""violations"":0,""checkedPlacements"":15,""scope"":""TCP·그리퍼 스윕 근사만 수행"",""reason"":""전체 로봇 링크 충돌 미검증""},""approach"":{""status"":""NOT VERIFIED"",""violations"":0,""checkedPlacements"":15,""scope"":""TCP·그리퍼 스윕 근사만 수행"",""reason"":""실제 관절 한계·역기구학·접근 자세 미검증""},""sequence"":{""status"":""NOT VERIFIED"",""violations"":0,""checkedPlacements"":15,""scope"":""TCP·그리퍼 스윕 근사만 수행"",""reason"":""실제 파지·관절 궤적·전 과정 실행 미검증""}}","19.211965982142857","83.33333333333333","15","3","0.102356199","904825981","1079","","","","257.24285714285713","133.50637826916267","99.70121381886088","95.51820728291317","22.00456697435466","52.45","0.3093078288306053","0","0","","18.264672222236793","44.8127000000095","44.35251000002027","44.72066200001165","328.76410000026226","83.33333333333333","150.2165017442264","70.34072613374714","359.48114470103815","826","4.234799999976531","19.211965982142857","0","83.33333333333333","","","100","0","0","","","0","","","","","","",""
"tetris-reserved","online","randomExceptions","48","6","949f46f4","partial","","explicit","proxy","{}","{""bounds"":29,""protocol"":6,""robot-path"":21,""support"":233,""load"":98}","adapter-1.0 / planners-f6ec11d4259a","2.1.0","{""requested"":1,""completed"":1,""outcomes"":[""partial""],""sameWorker"":false}","{""collision"":{""status"":""PASS"",""violations"":0,""checkedPlacements"":14,""scope"":""직육면체 기하·관측 규격 공통 검사"",""reason"":""확정 배치와 최종 적재 상태 검사""},""bounds"":{""status"":""PASS"",""violations"":0,""checkedPlacements"":14,""scope"":""직육면체 기하·관측 규격 공통 검사"",""reason"":""확정 배치와 최종 적재 상태 검사""},""height"":{""status"":""PASS"",""violations"":0,""checkedPlacements"":14,""scope"":""직육면체 기하·관측 규격 공통 검사"",""reason"":""확정 배치와 최종 적재 상태 검사""},""orientation"":{""status"":""PASS"",""violations"":0,""checkedPlacements"":14,""scope"":""직육면체 기하·관측 규격 공통 검사"",""reason"":""확정 배치와 최종 적재 상태 검사""},""load"":{""status"":""PASS"",""violations"":0,""checkedPlacements"":14,""scope"":""입력된 허용 상부하중 · 누적 정적 반력"",""reason"":""입력값 범위의 정적 검사. 실측 재료 인증 아님""},""support"":{""status"":""PASS"",""violations"":0,""checkedPlacements"":14,""scope"":""접촉·합력 작용점·정적 평형"",""reason"":""설정된 지지율·전도 여유 검사. 동적 붕괴·굽힘 파손 미검증""},""payload"":{""status"":""PASS"",""violations"":0,""checkedPlacements"":14,""scope"":""입력 가반하중 · 박스+그리퍼 질량"",""reason"":""사용자가 설정한 가반하중 한계 검사""},""robotCollision"":{""status"":""NOT VERIFIED"",""violations"":0,""checkedPlacements"":14,""scope"":""TCP·그리퍼 스윕 근사만 수행"",""reason"":""전체 로봇 링크 충돌 미검증""},""approach"":{""status"":""NOT VERIFIED"",""violations"":0,""checkedPlacements"":14,""scope"":""TCP·그리퍼 스윕 근사만 수행"",""reason"":""실제 관절 한계·역기구학·접근 자세 미검증""},""sequence"":{""status"":""NOT VERIFIED"",""violations"":0,""checkedPlacements"":14,""scope"":""TCP·그리퍼 스윕 근사만 수행"",""reason"":""실제 파지·관절 궤적·전 과정 실행 미검증""}}","21.631378839285713","87.5","14","2","0.036489664","877728557","613","","","","206.92156862745097","99.3865560527641","100","100","17.30842725950607","57.2","0.5518207282913166","0","0","","351.2206499999884","2775.6162000000477","1110.6966000000248","2442.6322800000426","5619.530399999814","87.5","134.1412990126361","64.44184435821346","375.7232140360615","730","9.067500000004657","","","","","","100","0","0","","","0","100","100","100","100","24.762599999899976","",""
"dynamic-reservation","online","randomExceptions","48","6","949f46f4","partial","","explicit","proxy","{}","{""bounds"":28,""support"":240,""protocol"":20,""robot-path"":24,""load"":148}","adapter-1.0 / planners-f6ec11d4259a","2.1.0","{""requested"":1,""completed"":1,""outcomes"":[""partial""],""sameWorker"":false}","{""collision"":{""status"":""PASS"",""violations"":0,""checkedPlacements"":15,""scope"":""직육면체 기하·관측 규격 공통 검사"",""reason"":""확정 배치와 최종 적재 상태 검사""},""bounds"":{""status"":""PASS"",""violations"":0,""checkedPlacements"":15,""scope"":""직육면체 기하·관측 규격 공통 검사"",""reason"":""확정 배치와 최종 적재 상태 검사""},""height"":{""status"":""PASS"",""violations"":0,""checkedPlacements"":15,""scope"":""직육면체 기하·관측 규격 공통 검사"",""reason"":""확정 배치와 최종 적재 상태 검사""},""orientation"":{""status"":""PASS"",""violations"":0,""checkedPlacements"":15,""scope"":""직육면체 기하·관측 규격 공통 검사"",""reason"":""확정 배치와 최종 적재 상태 검사""},""load"":{""status"":""PASS"",""violations"":0,""checkedPlacements"":15,""scope"":""입력된 허용 상부하중 · 누적 정적 반력"",""reason"":""입력값 범위의 정적 검사. 실측 재료 인증 아님""},""support"":{""status"":""PASS"",""violations"":0,""checkedPlacements"":15,""scope"":""접촉·합력 작용점·정적 평형"",""reason"":""설정된 지지율·전도 여유 검사. 동적 붕괴·굽힘 파손 미검증""},""payload"":{""status"":""PASS"",""violations"":0,""checkedPlacements"":15,""scope"":""입력 가반하중 · 박스+그리퍼 질량"",""reason"":""사용자가 설정한 가반하중 한계 검사""},""robotCollision"":{""status"":""NOT VERIFIED"",""violations"":0,""checkedPlacements"":15,""scope"":""TCP·그리퍼 스윕 근사만 수행"",""reason"":""전체 로봇 링크 충돌 미검증""},""approach"":{""status"":""NOT VERIFIED"",""violations"":0,""checkedPlacements"":15,""scope"":""TCP·그리퍼 스윕 근사만 수행"",""reason"":""실제 관절 한계·역기구학·접근 자세 미검증""},""sequence"":{""status"":""NOT VERIFIED"",""violations"":0,""checkedPlacements"":15,""scope"":""TCP·그리퍼 스윕 근사만 수행"",""reason"":""실제 파지·관절 궤적·전 과정 실행 미검증""}}","23.704055","93.75","15","1","0.013275691","854514584","780","","","","234.13333333333333","99.64805079768381","100","100","25.026951519925035","57.2","0.5277193653221182","0","0","","609.6754687499997","1832.2596999999369","1705.801899999933","1806.968139999936","9754.807499999995","93.75","139.27434727814088","67.77832573079158","387.72394956666443","730","8.9085999999661","","","","","","100","0","0","","","0","100","100","100","100","44.507800000021234","",""
"lookahead","online","randomExceptions","48","6","949f46f4","partial","","explicit","proxy","{}","{""bounds"":29,""protocol"":5,""robot-path"":56,""support"":221,""load"":71}","adapter-1.0 / planners-f6ec11d4259a","2.1.0","{""requested"":1,""completed"":1,""outcomes"":[""partial""],""sameWorker"":false}","{""collision"":{""status"":""PASS"",""violations"":0,""checkedPlacements"":15,""scope"":""직육면체 기하·관측 규격 공통 검사"",""reason"":""확정 배치와 최종 적재 상태 검사""},""bounds"":{""status"":""PASS"",""violations"":0,""checkedPlacements"":15,""scope"":""직육면체 기하·관측 규격 공통 검사"",""reason"":""확정 배치와 최종 적재 상태 검사""},""height"":{""status"":""PASS"",""violations"":0,""checkedPlacements"":15,""scope"":""직육면체 기하·관측 규격 공통 검사"",""reason"":""확정 배치와 최종 적재 상태 검사""},""orientation"":{""status"":""PASS"",""violations"":0,""checkedPlacements"":15,""scope"":""직육면체 기하·관측 규격 공통 검사"",""reason"":""확정 배치와 최종 적재 상태 검사""},""load"":{""status"":""PASS"",""violations"":0,""checkedPlacements"":15,""scope"":""입력된 허용 상부하중 · 누적 정적 반력"",""reason"":""입력값 범위의 정적 검사. 실측 재료 인증 아님""},""support"":{""status"":""PASS"",""violations"":0,""checkedPlacements"":15,""scope"":""접촉·합력 작용점·정적 평형"",""reason"":""설정된 지지율·전도 여유 검사. 동적 붕괴·굽힘 파손 미검증""},""payload"":{""status"":""PASS"",""violations"":0,""checkedPlacements"":15,""scope"":""입력 가반하중 · 박스+그리퍼 질량"",""reason"":""사용자가 설정한 가반하중 한계 검사""},""robotCollision"":{""status"":""NOT VERIFIED"",""violations"":0,""checkedPlacements"":15,""scope"":""TCP·그리퍼 스윕 근사만 수행"",""reason"":""전체 로봇 링크 충돌 미검증""},""approach"":{""status"":""NOT VERIFIED"",""violations"":0,""checkedPlacements"":15,""scope"":""TCP·그리퍼 스윕 근사만 수행"",""reason"":""실제 관절 한계·역기구학·접근 자세 미검증""},""sequence"":{""status"":""NOT VERIFIED"",""violations"":0,""checkedPlacements"":15,""scope"":""TCP·그리퍼 스윕 근사만 수행"",""reason"":""실제 파지·관절 궤적·전 과정 실행 미검증""}}","23.704055","93.75","15","1","0.013275691","854514584","810","","","","245.36666666666667","69.98734731879918","99.70121381886088","95.51820728291317","24.635544017336624","57.2","0.460428722797294","0","0","","331.30899999999383","906.9243000000715","764.0340000000433","878.3462400000658","5300.943999999901","93.75","142.41227004934908","67.2179755320769","379.1808106231842","730","245.8578999999445","","","","","","100","0","0","","","0","100","100","100","100","59.89590000000317","",""
"future-hybrid","online","randomExceptions","48","6","949f46f4","partial","","explicit","proxy","{}","{""bounds"":28,""support"":268,""protocol"":22,""robot-path"":32,""load"":169}","adapter-1.0 / planners-f6ec11d4259a","2.1.0","{""requested"":1,""completed"":1,""outcomes"":[""partial""],""sameWorker"":false}","{""collision"":{""status"":""PASS"",""violations"":0,""checkedPlacements"":15,""scope"":""직육면체 기하·관측 규격 공통 검사"",""reason"":""확정 배치와 최종 적재 상태 검사""},""bounds"":{""status"":""PASS"",""violations"":0,""checkedPlacements"":15,""scope"":""직육면체 기하·관측 규격 공통 검사"",""reason"":""확정 배치와 최종 적재 상태 검사""},""height"":{""status"":""PASS"",""violations"":0,""checkedPlacements"":15,""scope"":""직육면체 기하·관측 규격 공통 검사"",""reason"":""확정 배치와 최종 적재 상태 검사""},""orientation"":{""status"":""PASS"",""violations"":0,""checkedPlacements"":15,""scope"":""직육면체 기하·관측 규격 공통 검사"",""reason"":""확정 배치와 최종 적재 상태 검사""},""load"":{""status"":""PASS"",""violations"":0,""checkedPlacements"":15,""scope"":""입력된 허용 상부하중 · 누적 정적 반력"",""reason"":""입력값 범위의 정적 검사. 실측 재료 인증 아님""},""support"":{""status"":""PASS"",""violations"":0,""checkedPlacements"":15,""scope"":""접촉·합력 작용점·정적 평형"",""reason"":""설정된 지지율·전도 여유 검사. 동적 붕괴·굽힘 파손 미검증""},""payload"":{""status"":""PASS"",""violations"":0,""checkedPlacements"":15,""scope"":""입력 가반하중 · 박스+그리퍼 질량"",""reason"":""사용자가 설정한 가반하중 한계 검사""},""robotCollision"":{""status"":""NOT VERIFIED"",""violations"":0,""checkedPlacements"":15,""scope"":""TCP·그리퍼 스윕 근사만 수행"",""reason"":""전체 로봇 링크 충돌 미검증""},""approach"":{""status"":""NOT VERIFIED"",""violations"":0,""checkedPlacements"":15,""scope"":""TCP·그리퍼 스윕 근사만 수행"",""reason"":""실제 관절 한계·역기구학·접근 자세 미검증""},""sequence"":{""status"":""NOT VERIFIED"",""violations"":0,""checkedPlacements"":15,""scope"":""TCP·그리퍼 스윕 근사만 수행"",""reason"":""실제 파지·관절 궤적·전 과정 실행 미검증""}}","23.704055","93.75","15","1","0.013275691","854514584","619","","","","226.425","107.8567787495168","99.70121381886088","95.51820728291317","25.756979068134395","57.2","0.5983964686275394","0","0","","421.8456124999939","1056.2439999999478","1040.201049999916","1053.0354099999415","6749.529799999902","93.75","141.12823419047663","68.33335222380983","382.6307351590454","730","4.920999999856576","","","","","","100","0","0","","","0","100","100","100","100","48.93939999991562","",""
"blb","online","randomExceptions","48","6","949f46f4","partial","","explicit","proxy","{}","{""bounds"":40,""protocol"":17,""robot-path"":27,""support"":348,""load"":246}","adapter-1.0 / planners-f6ec11d4259a","2.1.0","{""requested"":1,""completed"":1,""outcomes"":[""partial""],""sameWorker"":false}","{""collision"":{""status"":""PASS"",""violations"":0,""checkedPlacements"":15,""scope"":""직육면체 기하·관측 규격 공통 검사"",""reason"":""확정 배치와 최종 적재 상태 검사""},""bounds"":{""status"":""PASS"",""violations"":0,""checkedPlacements"":15,""scope"":""직육면체 기하·관측 규격 공통 검사"",""reason"":""확정 배치와 최종 적재 상태 검사""},""height"":{""status"":""PASS"",""violations"":0,""checkedPlacements"":15,""scope"":""직육면체 기하·관측 규격 공통 검사"",""reason"":""확정 배치와 최종 적재 상태 검사""},""orientation"":{""status"":""PASS"",""violations"":0,""checkedPlacements"":15,""scope"":""직육면체 기하·관측 규격 공통 검사"",""reason"":""확정 배치와 최종 적재 상태 검사""},""load"":{""status"":""PASS"",""violations"":0,""checkedPlacements"":15,""scope"":""입력된 허용 상부하중 · 누적 정적 반력"",""reason"":""입력값 범위의 정적 검사. 실측 재료 인증 아님""},""support"":{""status"":""PASS"",""violations"":0,""checkedPlacements"":15,""scope"":""접촉·합력 작용점·정적 평형"",""reason"":""설정된 지지율·전도 여유 검사. 동적 붕괴·굽힘 파손 미검증""},""payload"":{""status"":""PASS"",""violations"":0,""checkedPlacements"":15,""scope"":""입력 가반하중 · 박스+그리퍼 질량"",""reason"":""사용자가 설정한 가반하중 한계 검사""},""robotCollision"":{""status"":""NOT VERIFIED"",""violations"":0,""checkedPlacements"":15,""scope"":""TCP·그리퍼 스윕 근사만 수행"",""reason"":""전체 로봇 링크 충돌 미검증""},""approach"":{""status"":""NOT VERIFIED"",""violations"":0,""checkedPlacements"":15,""scope"":""TCP·그리퍼 스윕 근사만 수행"",""reason"":""실제 관절 한계·역기구학·접근 자세 미검증""},""sequence"":{""status"":""NOT VERIFIED"",""violations"":0,""checkedPlacements"":15,""scope"":""TCP·그리퍼 스윕 근사만 수행"",""reason"":""실제 파지·관절 궤적·전 과정 실행 미검증""}}","22.816708392857144","93.75","15","1","0.023213973","864452866","820","","","","247.15740740740742","155.61983735741893","99.51124144672531","96.18768328445748","31.55020429379633","40.89256018043598","0.46399033340761037","0","0","","14.603175000025658","46.459400000050664","36.999650000128895","44.5674500000663","233.65080000041053","93.75","153.65316782105998","73.874559083689","351.4408506233131","728","6.102100000018254","","","","","","100","0","0","","","0","100","100","100","100","0.770699999993667","",""
"pack-first","online","randomExceptions","48","6","949f46f4","partial","","explicit","proxy","{}","{""bounds"":257,""robot-path"":31,""support"":493,""load"":200,""protocol"":45}","adapter-1.0 / planners-f6ec11d4259a","2.1.0","{""requested"":1,""completed"":1,""outcomes"":[""partial""],""sameWorker"":false}","{""collision"":{""status"":""PASS"",""violations"":0,""checkedPlacements"":15,""scope"":""직육면체 기하·관측 규격 공통 검사"",""reason"":""확정 배치와 최종 적재 상태 검사""},""bounds"":{""status"":""PASS"",""violations"":0,""checkedPlacements"":15,""scope"":""직육면체 기하·관측 규격 공통 검사"",""reason"":""확정 배치와 최종 적재 상태 검사""},""height"":{""status"":""PASS"",""violations"":0,""checkedPlacements"":15,""scope"":""직육면체 기하·관측 규격 공통 검사"",""reason"":""확정 배치와 최종 적재 상태 검사""},""orientation"":{""status"":""PASS"",""violations"":0,""checkedPlacements"":15,""scope"":""직육면체 기하·관측 규격 공통 검사"",""reason"":""확정 배치와 최종 적재 상태 검사""},""load"":{""status"":""PASS"",""violations"":0,""checkedPlacements"":15,""scope"":""입력된 허용 상부하중 · 누적 정적 반력"",""reason"":""입력값 범위의 정적 검사. 실측 재료 인증 아님""},""support"":{""status"":""PASS"",""violations"":0,""checkedPlacements"":15,""scope"":""접촉·합력 작용점·정적 평형"",""reason"":""설정된 지지율·전도 여유 검사. 동적 붕괴·굽힘 파손 미검증""},""payload"":{""status"":""PASS"",""violations"":0,""checkedPlacements"":15,""scope"":""입력 가반하중 · 박스+그리퍼 질량"",""reason"":""사용자가 설정한 가반하중 한계 검사""},""robotCollision"":{""status"":""NOT VERIFIED"",""violations"":0,""checkedPlacements"":15,""scope"":""TCP·그리퍼 스윕 근사만 수행"",""reason"":""전체 로봇 링크 충돌 미검증""},""approach"":{""status"":""NOT VERIFIED"",""violations"":0,""checkedPlacements"":15,""scope"":""TCP·그리퍼 스윕 근사만 수행"",""reason"":""실제 관절 한계·역기구학·접근 자세 미검증""},""sequence"":{""status"":""NOT VERIFIED"",""violations"":0,""checkedPlacements"":15,""scope"":""TCP·그리퍼 스윕 근사만 수행"",""reason"":""실제 파지·관절 궤적·전 과정 실행 미검증""}}","22.816708392857144","93.75","15","1","0.023213973","864452866","1047","","","","292.77777777777777","205.76125260287066","100","100","45.487149363892335","48.67954545454544","0.3099078341013825","0","0","","11.23901874999865","29.498699999880046","20.774174999911338","27.7537949998863","179.8242999999784","93.75","153.84229854882543","75.29749405673654","351.00879608127957","728","5.30019999993965","","","","","","100","0","0","","","0","100","100","100","100","1.4335999998729676","",""
"pack-greedy","online","randomExceptions","48","6","949f46f4","partial","","explicit","proxy","{}","{""bounds"":271,""robot-path"":23,""support"":498,""load"":162,""protocol"":44}","adapter-1.0 / planners-f6ec11d4259a","2.1.0","{""requested"":1,""completed"":1,""outcomes"":[""partial""],""sameWorker"":false}","{""collision"":{""status"":""PASS"",""violations"":0,""checkedPlacements"":9,""scope"":""직육면체 기하·관측 규격 공통 검사"",""reason"":""확정 배치와 최종 적재 상태 검사""},""bounds"":{""status"":""PASS"",""violations"":0,""checkedPlacements"":9,""scope"":""직육면체 기하·관측 규격 공통 검사"",""reason"":""확정 배치와 최종 적재 상태 검사""},""height"":{""status"":""PASS"",""violations"":0,""checkedPlacements"":9,""scope"":""직육면체 기하·관측 규격 공통 검사"",""reason"":""확정 배치와 최종 적재 상태 검사""},""orientation"":{""status"":""PASS"",""violations"":0,""checkedPlacements"":9,""scope"":""직육면체 기하·관측 규격 공통 검사"",""reason"":""확정 배치와 최종 적재 상태 검사""},""load"":{""status"":""PASS"",""violations"":0,""checkedPlacements"":9,""scope"":""입력된 허용 상부하중 · 누적 정적 반력"",""reason"":""입력값 범위의 정적 검사. 실측 재료 인증 아님""},""support"":{""status"":""PASS"",""violations"":0,""checkedPlacements"":9,""scope"":""접촉·합력 작용점·정적 평형"",""reason"":""설정된 지지율·전도 여유 검사. 동적 붕괴·굽힘 파손 미검증""},""payload"":{""status"":""PASS"",""violations"":0,""checkedPlacements"":9,""scope"":""입력 가반하중 · 박스+그리퍼 질량"",""reason"":""사용자가 설정한 가반하중 한계 검사""},""robotCollision"":{""status"":""NOT VERIFIED"",""violations"":0,""checkedPlacements"":9,""scope"":""TCP·그리퍼 스윕 근사만 수행"",""reason"":""전체 로봇 링크 충돌 미검증""},""approach"":{""status"":""NOT VERIFIED"",""violations"":0,""checkedPlacements"":9,""scope"":""TCP·그리퍼 스윕 근사만 수행"",""reason"":""실제 관절 한계·역기구학·접근 자세 미검증""},""sequence"":{""status"":""NOT VERIFIED"",""violations"":0,""checkedPlacements"":9,""scope"":""TCP·그리퍼 스윕 근사만 수행"",""reason"":""실제 파지·관절 궤적·전 과정 실행 미검증""}}","12.104375892857142","56.25","9","7","0.143192097","984430990","410","","","","137","130.45432180700263","100","100","31.714233210463444","57.2","0.911484593837535","0","0","","8.897874999980559","18.523999999975786","17.156975000048988","18.250594999990426","142.36599999968894","56.25","76.02375276191448","37.7154392952444","426.18259192581434","728","1.9909000000916421","","","","","","100","0","0","","","0","100","100","100","100","0.6587000000290573","",""
"pack-tetris","online","randomExceptions","48","6","949f46f4","partial","","explicit","proxy","{}","{""bounds"":271,""robot-path"":23,""support"":498,""load"":162,""protocol"":44}","adapter-1.0 / planners-f6ec11d4259a","2.1.0","{""requested"":1,""completed"":1,""outcomes"":[""partial""],""sameWorker"":false}","{""collision"":{""status"":""PASS"",""violations"":0,""checkedPlacements"":9,""scope"":""직육면체 기하·관측 규격 공통 검사"",""reason"":""확정 배치와 최종 적재 상태 검사""},""bounds"":{""status"":""PASS"",""violations"":0,""checkedPlacements"":9,""scope"":""직육면체 기하·관측 규격 공통 검사"",""reason"":""확정 배치와 최종 적재 상태 검사""},""height"":{""status"":""PASS"",""violations"":0,""checkedPlacements"":9,""scope"":""직육면체 기하·관측 규격 공통 검사"",""reason"":""확정 배치와 최종 적재 상태 검사""},""orientation"":{""status"":""PASS"",""violations"":0,""checkedPlacements"":9,""scope"":""직육면체 기하·관측 규격 공통 검사"",""reason"":""확정 배치와 최종 적재 상태 검사""},""load"":{""status"":""PASS"",""violations"":0,""checkedPlacements"":9,""scope"":""입력된 허용 상부하중 · 누적 정적 반력"",""reason"":""입력값 범위의 정적 검사. 실측 재료 인증 아님""},""support"":{""status"":""PASS"",""violations"":0,""checkedPlacements"":9,""scope"":""접촉·합력 작용점·정적 평형"",""reason"":""설정된 지지율·전도 여유 검사. 동적 붕괴·굽힘 파손 미검증""},""payload"":{""status"":""PASS"",""violations"":0,""checkedPlacements"":9,""scope"":""입력 가반하중 · 박스+그리퍼 질량"",""reason"":""사용자가 설정한 가반하중 한계 검사""},""robotCollision"":{""status"":""NOT VERIFIED"",""violations"":0,""checkedPlacements"":9,""scope"":""TCP·그리퍼 스윕 근사만 수행"",""reason"":""전체 로봇 링크 충돌 미검증""},""approach"":{""status"":""NOT VERIFIED"",""violations"":0,""checkedPlacements"":9,""scope"":""TCP·그리퍼 스윕 근사만 수행"",""reason"":""실제 관절 한계·역기구학·접근 자세 미검증""},""sequence"":{""status"":""NOT VERIFIED"",""violations"":0,""checkedPlacements"":9,""scope"":""TCP·그리퍼 스윕 근사만 수행"",""reason"":""실제 파지·관절 궤적·전 과정 실행 미검증""}}","12.104375892857142","56.25","9","7","0.143192097","984430990","410","","","","137","130.45432180700263","100","100","31.714233210463444","57.2","0.911484593837535","0","0","","8.083412500025588","19.913799999980256","17.664175000041723","19.463874999992548","129.3346000004094","56.25","76.02375276191448","37.7154392952444","426.18259192581434","728","1.9402999999001622","","","","","","100","0","0","","","0","100","100","100","100","0.6873000001069158","",""
"pack-beam","online","randomExceptions","48","6","949f46f4","partial","","explicit","proxy","{}","{""bounds"":295,""robot-path"":22,""support"":480,""load"":163,""protocol"":43}","adapter-1.0 / planners-f6ec11d4259a","2.1.0","{""requested"":1,""completed"":1,""outcomes"":[""partial""],""sameWorker"":false}","{""collision"":{""status"":""PASS"",""violations"":0,""checkedPlacements"":12,""scope"":""직육면체 기하·관측 규격 공통 검사"",""reason"":""확정 배치와 최종 적재 상태 검사""},""bounds"":{""status"":""PASS"",""violations"":0,""checkedPlacements"":12,""scope"":""직육면체 기하·관측 규격 공통 검사"",""reason"":""확정 배치와 최종 적재 상태 검사""},""height"":{""status"":""PASS"",""violations"":0,""checkedPlacements"":12,""scope"":""직육면체 기하·관측 규격 공통 검사"",""reason"":""확정 배치와 최종 적재 상태 검사""},""orientation"":{""status"":""PASS"",""violations"":0,""checkedPlacements"":12,""scope"":""직육면체 기하·관측 규격 공통 검사"",""reason"":""확정 배치와 최종 적재 상태 검사""},""load"":{""status"":""PASS"",""violations"":0,""checkedPlacements"":12,""scope"":""입력된 허용 상부하중 · 누적 정적 반력"",""reason"":""입력값 범위의 정적 검사. 실측 재료 인증 아님""},""support"":{""status"":""PASS"",""violations"":0,""checkedPlacements"":12,""scope"":""접촉·합력 작용점·정적 평형"",""reason"":""설정된 지지율·전도 여유 검사. 동적 붕괴·굽힘 파손 미검증""},""payload"":{""status"":""PASS"",""violations"":0,""checkedPlacements"":12,""scope"":""입력 가반하중 · 박스+그리퍼 질량"",""reason"":""사용자가 설정한 가반하중 한계 검사""},""robotCollision"":{""status"":""NOT VERIFIED"",""violations"":0,""checkedPlacements"":12,""scope"":""TCP·그리퍼 스윕 근사만 수행"",""reason"":""전체 로봇 링크 충돌 미검증""},""approach"":{""status"":""NOT VERIFIED"",""violations"":0,""checkedPlacements"":12,""scope"":""TCP·그리퍼 스윕 근사만 수행"",""reason"":""실제 관절 한계·역기구학·접근 자세 미검증""},""sequence"":{""status"":""NOT VERIFIED"",""violations"":0,""checkedPlacements"":12,""scope"":""TCP·그리퍼 스윕 근사만 수행"",""reason"":""실제 파지·관절 궤적·전 과정 실행 미검증""}}","18.705190089285715","75","12","4","0.069262978","910501871","820","","","","230.29347826086956","109.38964376720527","100","100","27.211514239622993","57.2","0.4557422969187675","0","0","","1019.0300812500063","2165.84850000008","1992.607575000031","2131.20031500007","16304.481300000101","75","111.47600530191502","54.25940344624476","387.5273417180646","728","6.865200000116602","","","","","","100","0","0","","","0","100","100","100","100","1834.3055000000168","",""
"pack-robust","online","randomExceptions","48","6","949f46f4","partial","","explicit","proxy","{}","{""bounds"":277,""robot-path"":30,""support"":502,""load"":139,""protocol"":42}","adapter-1.0 / planners-f6ec11d4259a","2.1.0","{""requested"":1,""completed"":1,""outcomes"":[""partial""],""sameWorker"":false}","{""collision"":{""status"":""PASS"",""violations"":0,""checkedPlacements"":13,""scope"":""직육면체 기하·관측 규격 공통 검사"",""reason"":""확정 배치와 최종 적재 상태 검사""},""bounds"":{""status"":""PASS"",""violations"":0,""checkedPlacements"":13,""scope"":""직육면체 기하·관측 규격 공통 검사"",""reason"":""확정 배치와 최종 적재 상태 검사""},""height"":{""status"":""PASS"",""violations"":0,""checkedPlacements"":13,""scope"":""직육면체 기하·관측 규격 공통 검사"",""reason"":""확정 배치와 최종 적재 상태 검사""},""orientation"":{""status"":""PASS"",""violations"":0,""checkedPlacements"":13,""scope"":""직육면체 기하·관측 규격 공통 검사"",""reason"":""확정 배치와 최종 적재 상태 검사""},""load"":{""status"":""PASS"",""violations"":0,""checkedPlacements"":13,""scope"":""입력된 허용 상부하중 · 누적 정적 반력"",""reason"":""입력값 범위의 정적 검사. 실측 재료 인증 아님""},""support"":{""status"":""PASS"",""violations"":0,""checkedPlacements"":13,""scope"":""접촉·합력 작용점·정적 평형"",""reason"":""설정된 지지율·전도 여유 검사. 동적 붕괴·굽힘 파손 미검증""},""payload"":{""status"":""PASS"",""violations"":0,""checkedPlacements"":13,""scope"":""입력 가반하중 · 박스+그리퍼 질량"",""reason"":""사용자가 설정한 가반하중 한계 검사""},""robotCollision"":{""status"":""NOT VERIFIED"",""violations"":0,""checkedPlacements"":13,""scope"":""TCP·그리퍼 스윕 근사만 수행"",""reason"":""전체 로봇 링크 충돌 미검증""},""approach"":{""status"":""NOT VERIFIED"",""violations"":0,""checkedPlacements"":13,""scope"":""TCP·그리퍼 스윕 근사만 수행"",""reason"":""실제 관절 한계·역기구학·접근 자세 미검증""},""sequence"":{""status"":""NOT VERIFIED"",""violations"":0,""checkedPlacements"":13,""scope"":""TCP·그리퍼 스윕 근사만 수행"",""reason"":""실제 파지·관절 궤적·전 과정 실행 미검증""}}","20.168284464285716","81.25","13","3","0.052876321","894115214","830","","","","284.0670103092784","162.62975067970515","99.65524671407024","95.51820728291317","29.50459224342926","57.2","0.41321044546851","0","0","","764.1554812499962","2244.6132999998517","1939.1173000000417","2183.5140999998894","12226.48769999994","81.25","135.48819493513767","62.717326707839476","345.4175474284279","728","6.088699999963865","","","","","","100","0","0","","","0","100","100","100","100","1837.285300000105","",""
"random","online","randomExceptions","48","6","949f46f4","partial","","explicit","proxy","{}","{""bounds"":34,""robot-path"":45,""protocol"":13,""support"":418,""load"":289}","adapter-1.0 / planners-f6ec11d4259a","2.1.0","{""requested"":1,""completed"":1,""outcomes"":[""partial""],""sameWorker"":false}","{""collision"":{""status"":""PASS"",""violations"":0,""checkedPlacements"":14,""scope"":""직육면체 기하·관측 규격 공통 검사"",""reason"":""확정 배치와 최종 적재 상태 검사""},""bounds"":{""status"":""PASS"",""violations"":0,""checkedPlacements"":14,""scope"":""직육면체 기하·관측 규격 공통 검사"",""reason"":""확정 배치와 최종 적재 상태 검사""},""height"":{""status"":""PASS"",""violations"":0,""checkedPlacements"":14,""scope"":""직육면체 기하·관측 규격 공통 검사"",""reason"":""확정 배치와 최종 적재 상태 검사""},""orientation"":{""status"":""PASS"",""violations"":0,""checkedPlacements"":14,""scope"":""직육면체 기하·관측 규격 공통 검사"",""reason"":""확정 배치와 최종 적재 상태 검사""},""load"":{""status"":""PASS"",""violations"":0,""checkedPlacements"":14,""scope"":""입력된 허용 상부하중 · 누적 정적 반력"",""reason"":""입력값 범위의 정적 검사. 실측 재료 인증 아님""},""support"":{""status"":""PASS"",""violations"":0,""checkedPlacements"":14,""scope"":""접촉·합력 작용점·정적 평형"",""reason"":""설정된 지지율·전도 여유 검사. 동적 붕괴·굽힘 파손 미검증""},""payload"":{""status"":""PASS"",""violations"":0,""checkedPlacements"":14,""scope"":""입력 가반하중 · 박스+그리퍼 질량"",""reason"":""사용자가 설정한 가반하중 한계 검사""},""robotCollision"":{""status"":""NOT VERIFIED"",""violations"":0,""checkedPlacements"":14,""scope"":""TCP·그리퍼 스윕 근사만 수행"",""reason"":""전체 로봇 링크 충돌 미검증""},""approach"":{""status"":""NOT VERIFIED"",""violations"":0,""checkedPlacements"":14,""scope"":""TCP·그리퍼 스윕 근사만 수행"",""reason"":""실제 관절 한계·역기구학·접근 자세 미검증""},""sequence"":{""status"":""NOT VERIFIED"",""violations"":0,""checkedPlacements"":14,""scope"":""TCP·그리퍼 스윕 근사만 수행"",""reason"":""실제 파지·관절 궤적·전 과정 실행 미검증""}}","21.631378839285713","87.5","14","2","0.036489664","877728557","828","","","","243.19607843137254","106.91688590731783","99.6798719487795","95.51820728291317","28.533768556438204","57.2","0.33909221018196695","0","0","","14.901831250012037","33.650100000202656","30.156524999940302","32.95138500015018","238.4293000001926","87.5","140.14991877397958","67.04744720308673","359.6149069574583","728","7.42920000012964","","","","","","100","0","0","","","0","100","100","100","100","12.053899999940768","",""
"bl","online","randomExceptions","48","6","949f46f4","partial","","explicit","proxy","{}","{""bounds"":34,""support"":333,""protocol"":13,""robot-path"":29,""load"":241}","adapter-1.0 / planners-f6ec11d4259a","2.1.0","{""requested"":1,""completed"":1,""outcomes"":[""partial""],""sameWorker"":false}","{""collision"":{""status"":""PASS"",""violations"":0,""checkedPlacements"":15,""scope"":""직육면체 기하·관측 규격 공통 검사"",""reason"":""확정 배치와 최종 적재 상태 검사""},""bounds"":{""status"":""PASS"",""violations"":0,""checkedPlacements"":15,""scope"":""직육면체 기하·관측 규격 공통 검사"",""reason"":""확정 배치와 최종 적재 상태 검사""},""height"":{""status"":""PASS"",""violations"":0,""checkedPlacements"":15,""scope"":""직육면체 기하·관측 규격 공통 검사"",""reason"":""확정 배치와 최종 적재 상태 검사""},""orientation"":{""status"":""PASS"",""violations"":0,""checkedPlacements"":15,""scope"":""직육면체 기하·관측 규격 공통 검사"",""reason"":""확정 배치와 최종 적재 상태 검사""},""load"":{""status"":""PASS"",""violations"":0,""checkedPlacements"":15,""scope"":""입력된 허용 상부하중 · 누적 정적 반력"",""reason"":""입력값 범위의 정적 검사. 실측 재료 인증 아님""},""support"":{""status"":""PASS"",""violations"":0,""checkedPlacements"":15,""scope"":""접촉·합력 작용점·정적 평형"",""reason"":""설정된 지지율·전도 여유 검사. 동적 붕괴·굽힘 파손 미검증""},""payload"":{""status"":""PASS"",""violations"":0,""checkedPlacements"":15,""scope"":""입력 가반하중 · 박스+그리퍼 질량"",""reason"":""사용자가 설정한 가반하중 한계 검사""},""robotCollision"":{""status"":""NOT VERIFIED"",""violations"":0,""checkedPlacements"":15,""scope"":""TCP·그리퍼 스윕 근사만 수행"",""reason"":""전체 로봇 링크 충돌 미검증""},""approach"":{""status"":""NOT VERIFIED"",""violations"":0,""checkedPlacements"":15,""scope"":""TCP·그리퍼 스윕 근사만 수행"",""reason"":""실제 관절 한계·역기구학·접근 자세 미검증""},""sequence"":{""status"":""NOT VERIFIED"",""violations"":0,""checkedPlacements"":15,""scope"":""TCP·그리퍼 스윕 근사만 수행"",""reason"":""실제 파지·관절 궤적·전 과정 실행 미검증""}}","22.816708392857144","93.75","15","1","0.023213973","864452866","820","","","","246.32407407407408","154.9156575031825","99.51124144672531","96.18768328445748","31.55020429379633","42.07943864229763","0.4753501400560224","0","0","","75.19329375000962","303.9224000000395","173.61770000006072","277.8614600000437","1203.0927000001539","93.75","153.62206076138438","73.85433949489983","351.51201417533554","730","5.973200000124052","","","","","","100","0","0","","","0","100","100","100","100","12.618600000161678","",""
"greedy","online","randomExceptions","48","6","949f46f4","partial","","explicit","proxy","{}","{""bounds"":29,""protocol"":23,""robot-path"":33,""support"":339,""load"":121}","adapter-1.0 / planners-f6ec11d4259a","2.1.0","{""requested"":1,""completed"":1,""outcomes"":[""partial""],""sameWorker"":false}","{""collision"":{""status"":""PASS"",""violations"":0,""checkedPlacements"":15,""scope"":""직육면체 기하·관측 규격 공통 검사"",""reason"":""확정 배치와 최종 적재 상태 검사""},""bounds"":{""status"":""PASS"",""violations"":0,""checkedPlacements"":15,""scope"":""직육면체 기하·관측 규격 공통 검사"",""reason"":""확정 배치와 최종 적재 상태 검사""},""height"":{""status"":""PASS"",""violations"":0,""checkedPlacements"":15,""scope"":""직육면체 기하·관측 규격 공통 검사"",""reason"":""확정 배치와 최종 적재 상태 검사""},""orientation"":{""status"":""PASS"",""violations"":0,""checkedPlacements"":15,""scope"":""직육면체 기하·관측 규격 공통 검사"",""reason"":""확정 배치와 최종 적재 상태 검사""},""load"":{""status"":""PASS"",""violations"":0,""checkedPlacements"":15,""scope"":""입력된 허용 상부하중 · 누적 정적 반력"",""reason"":""입력값 범위의 정적 검사. 실측 재료 인증 아님""},""support"":{""status"":""PASS"",""violations"":0,""checkedPlacements"":15,""scope"":""접촉·합력 작용점·정적 평형"",""reason"":""설정된 지지율·전도 여유 검사. 동적 붕괴·굽힘 파손 미검증""},""payload"":{""status"":""PASS"",""violations"":0,""checkedPlacements"":15,""scope"":""입력 가반하중 · 박스+그리퍼 질량"",""reason"":""사용자가 설정한 가반하중 한계 검사""},""robotCollision"":{""status"":""NOT VERIFIED"",""violations"":0,""checkedPlacements"":15,""scope"":""TCP·그리퍼 스윕 근사만 수행"",""reason"":""전체 로봇 링크 충돌 미검증""},""approach"":{""status"":""NOT VERIFIED"",""violations"":0,""checkedPlacements"":15,""scope"":""TCP·그리퍼 스윕 근사만 수행"",""reason"":""실제 관절 한계·역기구학·접근 자세 미검증""},""sequence"":{""status"":""NOT VERIFIED"",""violations"":0,""checkedPlacements"":15,""scope"":""TCP·그리퍼 스윕 근사만 수행"",""reason"":""실제 파지·관절 궤적·전 과정 실행 미검증""}}","23.704055","93.75","15","1","0.013275691","854514584","800","","","","238.49166666666667","55.83292164027321","99.12981301566475","95.51820728291317","13.222789269212113","57.2","0.5518994667438303","0","0","","166.04921249995823","463.82720000017434","331.8943250000011","437.4406250001397","2656.7873999993317","93.75","143.60936715923287","66.69608865350138","376.02004011427226","730","6.940699999919161","","","","","","100","0","0","","","0","100","100","100","100","36.83679999993183","",""
"rollout","online","randomExceptions","48","6","949f46f4","partial","","explicit","proxy","{}","{""bounds"":31,""protocol"":6,""robot-path"":21,""support"":258,""load"":89}","adapter-1.0 / planners-f6ec11d4259a","2.1.0","{""requested"":1,""completed"":1,""outcomes"":[""partial""],""sameWorker"":false}","{""collision"":{""status"":""PASS"",""violations"":0,""checkedPlacements"":15,""scope"":""직육면체 기하·관측 규격 공통 검사"",""reason"":""확정 배치와 최종 적재 상태 검사""},""bounds"":{""status"":""PASS"",""violations"":0,""checkedPlacements"":15,""scope"":""직육면체 기하·관측 규격 공통 검사"",""reason"":""확정 배치와 최종 적재 상태 검사""},""height"":{""status"":""PASS"",""violations"":0,""checkedPlacements"":15,""scope"":""직육면체 기하·관측 규격 공통 검사"",""reason"":""확정 배치와 최종 적재 상태 검사""},""orientation"":{""status"":""PASS"",""violations"":0,""checkedPlacements"":15,""scope"":""직육면체 기하·관측 규격 공통 검사"",""reason"":""확정 배치와 최종 적재 상태 검사""},""load"":{""status"":""PASS"",""violations"":0,""checkedPlacements"":15,""scope"":""입력된 허용 상부하중 · 누적 정적 반력"",""reason"":""입력값 범위의 정적 검사. 실측 재료 인증 아님""},""support"":{""status"":""PASS"",""violations"":0,""checkedPlacements"":15,""scope"":""접촉·합력 작용점·정적 평형"",""reason"":""설정된 지지율·전도 여유 검사. 동적 붕괴·굽힘 파손 미검증""},""payload"":{""status"":""PASS"",""violations"":0,""checkedPlacements"":15,""scope"":""입력 가반하중 · 박스+그리퍼 질량"",""reason"":""사용자가 설정한 가반하중 한계 검사""},""robotCollision"":{""status"":""NOT VERIFIED"",""violations"":0,""checkedPlacements"":15,""scope"":""TCP·그리퍼 스윕 근사만 수행"",""reason"":""전체 로봇 링크 충돌 미검증""},""approach"":{""status"":""NOT VERIFIED"",""violations"":0,""checkedPlacements"":15,""scope"":""TCP·그리퍼 스윕 근사만 수행"",""reason"":""실제 관절 한계·역기구학·접근 자세 미검증""},""sequence"":{""status"":""NOT VERIFIED"",""violations"":0,""checkedPlacements"":15,""scope"":""TCP·그리퍼 스윕 근사만 수행"",""reason"":""실제 파지·관절 궤적·전 과정 실행 미검증""}}","23.704055","93.75","15","1","0.013275691","854514584","800","","","","238.49166666666667","28.082186549285794","99.40242763772176","95.51820728291317","10.617329819152625","57.2","0.5552064817494109","0","0","","1024.8565875000204","3552.0775999999605","2600.5747250001295","3361.777024999994","16397.705400000326","93.75","145.91949738142233","68.19767329792451","370.0670641624276","730","6.166999999899417","","","","","","100","0","0","","","0","100","100","100","100","246.16429999982938","",""
"strategy-greedy","online","randomExceptions","48","6","949f46f4","partial","","explicit","proxy","{}","{""support"":450,""bounds"":6,""protocol"":35,""robot-path"":16,""load"":280}","adapter-1.0 / planners-f6ec11d4259a","2.1.0","{""requested"":1,""completed"":1,""outcomes"":[""partial""],""sameWorker"":false}","{""collision"":{""status"":""PASS"",""violations"":0,""checkedPlacements"":13,""scope"":""직육면체 기하·관측 규격 공통 검사"",""reason"":""확정 배치와 최종 적재 상태 검사""},""bounds"":{""status"":""PASS"",""violations"":0,""checkedPlacements"":13,""scope"":""직육면체 기하·관측 규격 공통 검사"",""reason"":""확정 배치와 최종 적재 상태 검사""},""height"":{""status"":""PASS"",""violations"":0,""checkedPlacements"":13,""scope"":""직육면체 기하·관측 규격 공통 검사"",""reason"":""확정 배치와 최종 적재 상태 검사""},""orientation"":{""status"":""PASS"",""violations"":0,""checkedPlacements"":13,""scope"":""직육면체 기하·관측 규격 공통 검사"",""reason"":""확정 배치와 최종 적재 상태 검사""},""load"":{""status"":""PASS"",""violations"":0,""checkedPlacements"":13,""scope"":""입력된 허용 상부하중 · 누적 정적 반력"",""reason"":""입력값 범위의 정적 검사. 실측 재료 인증 아님""},""support"":{""status"":""PASS"",""violations"":0,""checkedPlacements"":13,""scope"":""접촉·합력 작용점·정적 평형"",""reason"":""설정된 지지율·전도 여유 검사. 동적 붕괴·굽힘 파손 미검증""},""payload"":{""status"":""PASS"",""violations"":0,""checkedPlacements"":13,""scope"":""입력 가반하중 · 박스+그리퍼 질량"",""reason"":""사용자가 설정한 가반하중 한계 검사""},""robotCollision"":{""status"":""NOT VERIFIED"",""violations"":0,""checkedPlacements"":13,""scope"":""TCP·그리퍼 스윕 근사만 수행"",""reason"":""전체 로봇 링크 충돌 미검증""},""approach"":{""status"":""NOT VERIFIED"",""violations"":0,""checkedPlacements"":13,""scope"":""TCP·그리퍼 스윕 근사만 수행"",""reason"":""실제 관절 한계·역기구학·접근 자세 미검증""},""sequence"":{""status"":""NOT VERIFIED"",""violations"":0,""checkedPlacements"":13,""scope"":""TCP·그리퍼 스윕 근사만 수행"",""reason"":""실제 파지·관절 궤적·전 과정 실행 미검증""}}","16.7240775","81.25","13","3","0.091451439","932690332","828","","","","239.98809523809524","71.02952421815593","99.65524671407024","95.51820728291317","10.334265146378884","52.45","0.33909221018196695","0","0","","13.021181250020163","26.138299999991432","25.124974999926053","25.935634999978355","208.3389000003226","81.25","130.1433814318498","58.593197930702374","359.60338117161217","730","4.518500000005588","","","","","","100","0","0","","","0","100","100","100","100","1.341200000140816","",""
"macs","online","randomExceptions","48","6","949f46f4","partial","","explicit","proxy","{}","{""support"":450,""bounds"":6,""protocol"":35,""robot-path"":16,""load"":280}","adapter-1.0 / planners-f6ec11d4259a","2.1.0","{""requested"":1,""completed"":1,""outcomes"":[""partial""],""sameWorker"":false}","{""collision"":{""status"":""PASS"",""violations"":0,""checkedPlacements"":13,""scope"":""직육면체 기하·관측 규격 공통 검사"",""reason"":""확정 배치와 최종 적재 상태 검사""},""bounds"":{""status"":""PASS"",""violations"":0,""checkedPlacements"":13,""scope"":""직육면체 기하·관측 규격 공통 검사"",""reason"":""확정 배치와 최종 적재 상태 검사""},""height"":{""status"":""PASS"",""violations"":0,""checkedPlacements"":13,""scope"":""직육면체 기하·관측 규격 공통 검사"",""reason"":""확정 배치와 최종 적재 상태 검사""},""orientation"":{""status"":""PASS"",""violations"":0,""checkedPlacements"":13,""scope"":""직육면체 기하·관측 규격 공통 검사"",""reason"":""확정 배치와 최종 적재 상태 검사""},""load"":{""status"":""PASS"",""violations"":0,""checkedPlacements"":13,""scope"":""입력된 허용 상부하중 · 누적 정적 반력"",""reason"":""입력값 범위의 정적 검사. 실측 재료 인증 아님""},""support"":{""status"":""PASS"",""violations"":0,""checkedPlacements"":13,""scope"":""접촉·합력 작용점·정적 평형"",""reason"":""설정된 지지율·전도 여유 검사. 동적 붕괴·굽힘 파손 미검증""},""payload"":{""status"":""PASS"",""violations"":0,""checkedPlacements"":13,""scope"":""입력 가반하중 · 박스+그리퍼 질량"",""reason"":""사용자가 설정한 가반하중 한계 검사""},""robotCollision"":{""status"":""NOT VERIFIED"",""violations"":0,""checkedPlacements"":13,""scope"":""TCP·그리퍼 스윕 근사만 수행"",""reason"":""전체 로봇 링크 충돌 미검증""},""approach"":{""status"":""NOT VERIFIED"",""violations"":0,""checkedPlacements"":13,""scope"":""TCP·그리퍼 스윕 근사만 수행"",""reason"":""실제 관절 한계·역기구학·접근 자세 미검증""},""sequence"":{""status"":""NOT VERIFIED"",""violations"":0,""checkedPlacements"":13,""scope"":""TCP·그리퍼 스윕 근사만 수행"",""reason"":""실제 파지·관절 궤적·전 과정 실행 미검증""}}","16.7240775","81.25","13","3","0.091451439","932690332","864","","","","241.0595238095238","72.05875185444765","99.65524671407024","95.51820728291317","10.334265146378884","52.45","0.3268841166936791","0","0","","11.84557499998482","30.681499999947846","27.4113499999512","30.027469999948515","189.5291999997571","81.25","130.114951373833","58.574718392991464","359.6819543477291","730","3.5585999998729676","","","","","","100","0","0","","","0","100","100","100","100","1.4225999999325722","",""
"dynamic-reservation","online","random","49","7","20f35f7a","partial","","explicit","proxy","{}","{""bounds"":42,""support"":272,""load"":76,""robot-path"":25}","adapter-1.0 / planners-f6ec11d4259a","2.1.0","{""requested"":1,""completed"":1,""outcomes"":[""partial""],""sameWorker"":false}","{""collision"":{""status"":""PASS"",""violations"":0,""checkedPlacements"":16,""scope"":""직육면체 기하·관측 규격 공통 검사"",""reason"":""확정 배치와 최종 적재 상태 검사""},""bounds"":{""status"":""PASS"",""violations"":0,""checkedPlacements"":16,""scope"":""직육면체 기하·관측 규격 공통 검사"",""reason"":""확정 배치와 최종 적재 상태 검사""},""height"":{""status"":""PASS"",""violations"":0,""checkedPlacements"":16,""scope"":""직육면체 기하·관측 규격 공통 검사"",""reason"":""확정 배치와 최종 적재 상태 검사""},""orientation"":{""status"":""PASS"",""violations"":0,""checkedPlacements"":16,""scope"":""직육면체 기하·관측 규격 공통 검사"",""reason"":""확정 배치와 최종 적재 상태 검사""},""load"":{""status"":""PASS"",""violations"":0,""checkedPlacements"":16,""scope"":""입력된 허용 상부하중 · 누적 정적 반력"",""reason"":""입력값 범위의 정적 검사. 실측 재료 인증 아님""},""support"":{""status"":""PASS"",""violations"":0,""checkedPlacements"":16,""scope"":""접촉·합력 작용점·정적 평형"",""reason"":""설정된 지지율·전도 여유 검사. 동적 붕괴·굽힘 파손 미검증""},""payload"":{""status"":""PASS"",""violations"":0,""checkedPlacements"":16,""scope"":""입력 가반하중 · 박스+그리퍼 질량"",""reason"":""사용자가 설정한 가반하중 한계 검사""},""robotCollision"":{""status"":""NOT VERIFIED"",""violations"":0,""checkedPlacements"":16,""scope"":""TCP·그리퍼 스윕 근사만 수행"",""reason"":""전체 로봇 링크 충돌 미검증""},""approach"":{""status"":""NOT VERIFIED"",""violations"":0,""checkedPlacements"":16,""scope"":""TCP·그리퍼 스윕 근사만 수행"",""reason"":""실제 관절 한계·역기구학·접근 자세 미검증""},""sequence"":{""status"":""NOT VERIFIED"",""violations"":0,""checkedPlacements"":16,""scope"":""TCP·그리퍼 스윕 근사만 수행"",""reason"":""실제 파지·관절 궤적·전 과정 실행 미검증""}}","25.980253214285714","88.88888888888889","16","2","0.026551382","829021164","830","","","","254.25193798449612","29.91358515404367","99.71988795518207","95.51820728291317","7.023848819932985","65.85","0.41321044546851","0","0","","473.5581833333191","1692.6866000001319","1357.822469999955","1625.713774000096","8524.047299999744","88.88888888888889","169.5680523188216","83.56923400723404","339.6866285383792","826","10.499499999918044","25.980253214285714","0","88.88888888888889","","","100","0","0","","","0","","","","","","",""
"lookahead","online","random","49","7","20f35f7a","partial","","explicit","proxy","{}","{""support"":476,""load"":320,""robot-path"":7,""protocol"":37}","adapter-1.0 / planners-f6ec11d4259a","2.1.0","{""requested"":1,""completed"":1,""outcomes"":[""partial""],""sameWorker"":false}","{""collision"":{""status"":""PASS"",""violations"":0,""checkedPlacements"":14,""scope"":""직육면체 기하·관측 규격 공통 검사"",""reason"":""확정 배치와 최종 적재 상태 검사""},""bounds"":{""status"":""PASS"",""violations"":0,""checkedPlacements"":14,""scope"":""직육면체 기하·관측 규격 공통 검사"",""reason"":""확정 배치와 최종 적재 상태 검사""},""height"":{""status"":""PASS"",""violations"":0,""checkedPlacements"":14,""scope"":""직육면체 기하·관측 규격 공통 검사"",""reason"":""확정 배치와 최종 적재 상태 검사""},""orientation"":{""status"":""PASS"",""violations"":0,""checkedPlacements"":14,""scope"":""직육면체 기하·관측 규격 공통 검사"",""reason"":""확정 배치와 최종 적재 상태 검사""},""load"":{""status"":""PASS"",""violations"":0,""checkedPlacements"":14,""scope"":""입력된 허용 상부하중 · 누적 정적 반력"",""reason"":""입력값 범위의 정적 검사. 실측 재료 인증 아님""},""support"":{""status"":""PASS"",""violations"":0,""checkedPlacements"":14,""scope"":""접촉·합력 작용점·정적 평형"",""reason"":""설정된 지지율·전도 여유 검사. 동적 붕괴·굽힘 파손 미검증""},""payload"":{""status"":""PASS"",""violations"":0,""checkedPlacements"":14,""scope"":""입력 가반하중 · 박스+그리퍼 질량"",""reason"":""사용자가 설정한 가반하중 한계 검사""},""robotCollision"":{""status"":""NOT VERIFIED"",""violations"":0,""checkedPlacements"":14,""scope"":""TCP·그리퍼 스윕 근사만 수행"",""reason"":""전체 로봇 링크 충돌 미검증""},""approach"":{""status"":""NOT VERIFIED"",""violations"":0,""checkedPlacements"":14,""scope"":""TCP·그리퍼 스윕 근사만 수행"",""reason"":""실제 관절 한계·역기구학·접근 자세 미검증""},""sequence"":{""status"":""NOT VERIFIED"",""violations"":0,""checkedPlacements"":14,""scope"":""TCP·그리퍼 스윕 근사만 수행"",""reason"":""실제 파지·관절 궤적·전 과정 실행 미검증""}}","17.139289821428573","77.77777777777777","14","4","0.125570172","928039954","868","","","","251.9022988505747","46.422708263472984","100","100","11.00734320029793","52.45","0.3099078341013825","0","0","","167.19574444440917","451.95209999987856","384.8989999999291","438.54147999988857","3009.523399999365","77.77777777777777","142.37359427452054","68.49283627843832","353.99822738772906","826","8.012199999997392","17.139289821428573","0","77.77777777777777","","","100","0","0","","","0","","","","","","",""
"future-hybrid","online","random","49","7","20f35f7a","partial","","explicit","proxy","{}","{""bounds"":42,""support"":272,""load"":76,""robot-path"":25}","adapter-1.0 / planners-f6ec11d4259a","2.1.0","{""requested"":1,""completed"":1,""outcomes"":[""partial""],""sameWorker"":false}","{""collision"":{""status"":""PASS"",""violations"":0,""checkedPlacements"":16,""scope"":""직육면체 기하·관측 규격 공통 검사"",""reason"":""확정 배치와 최종 적재 상태 검사""},""bounds"":{""status"":""PASS"",""violations"":0,""checkedPlacements"":16,""scope"":""직육면체 기하·관측 규격 공통 검사"",""reason"":""확정 배치와 최종 적재 상태 검사""},""height"":{""status"":""PASS"",""violations"":0,""checkedPlacements"":16,""scope"":""직육면체 기하·관측 규격 공통 검사"",""reason"":""확정 배치와 최종 적재 상태 검사""},""orientation"":{""status"":""PASS"",""violations"":0,""checkedPlacements"":16,""scope"":""직육면체 기하·관측 규격 공통 검사"",""reason"":""확정 배치와 최종 적재 상태 검사""},""load"":{""status"":""PASS"",""violations"":0,""checkedPlacements"":16,""scope"":""입력된 허용 상부하중 · 누적 정적 반력"",""reason"":""입력값 범위의 정적 검사. 실측 재료 인증 아님""},""support"":{""status"":""PASS"",""violations"":0,""checkedPlacements"":16,""scope"":""접촉·합력 작용점·정적 평형"",""reason"":""설정된 지지율·전도 여유 검사. 동적 붕괴·굽힘 파손 미검증""},""payload"":{""status"":""PASS"",""violations"":0,""checkedPlacements"":16,""scope"":""입력 가반하중 · 박스+그리퍼 질량"",""reason"":""사용자가 설정한 가반하중 한계 검사""},""robotCollision"":{""status"":""NOT VERIFIED"",""violations"":0,""checkedPlacements"":16,""scope"":""TCP·그리퍼 스윕 근사만 수행"",""reason"":""전체 로봇 링크 충돌 미검증""},""approach"":{""status"":""NOT VERIFIED"",""violations"":0,""checkedPlacements"":16,""scope"":""TCP·그리퍼 스윕 근사만 수행"",""reason"":""실제 관절 한계·역기구학·접근 자세 미검증""},""sequence"":{""status"":""NOT VERIFIED"",""violations"":0,""checkedPlacements"":16,""scope"":""TCP·그리퍼 스윕 근사만 수행"",""reason"":""실제 파지·관절 궤적·전 과정 실행 미검증""}}","25.980253214285714","88.88888888888889","16","2","0.026551382","829021164","830","","","","254.25193798449612","29.91358515404367","99.71988795518207","95.51820728291317","7.023848819932985","65.85","0.41321044546851","0","0","","494.1855055555546","1935.2257000000682","1722.96990500004","1892.774541000062","8895.339099999983","88.88888888888889","169.5680523188216","83.56923400723404","339.6866285383792","826","6.506000000052154","25.980253214285714","0","88.88888888888889","","","100","0","0","","","0","","","","","","",""
"blb","online","random","49","7","20f35f7a","partial","","explicit","proxy","{}","{""bounds"":38,""support"":404,""load"":241,""robot-path"":19,""protocol"":27}","adapter-1.0 / planners-f6ec11d4259a","2.1.0","{""requested"":1,""completed"":1,""outcomes"":[""partial""],""sameWorker"":false}","{""collision"":{""status"":""PASS"",""violations"":0,""checkedPlacements"":15,""scope"":""직육면체 기하·관측 규격 공통 검사"",""reason"":""확정 배치와 최종 적재 상태 검사""},""bounds"":{""status"":""PASS"",""violations"":0,""checkedPlacements"":15,""scope"":""직육면체 기하·관측 규격 공통 검사"",""reason"":""확정 배치와 최종 적재 상태 검사""},""height"":{""status"":""PASS"",""violations"":0,""checkedPlacements"":15,""scope"":""직육면체 기하·관측 규격 공통 검사"",""reason"":""확정 배치와 최종 적재 상태 검사""},""orientation"":{""status"":""PASS"",""violations"":0,""checkedPlacements"":15,""scope"":""직육면체 기하·관측 규격 공통 검사"",""reason"":""확정 배치와 최종 적재 상태 검사""},""load"":{""status"":""PASS"",""violations"":0,""checkedPlacements"":15,""scope"":""입력된 허용 상부하중 · 누적 정적 반력"",""reason"":""입력값 범위의 정적 검사. 실측 재료 인증 아님""},""support"":{""status"":""PASS"",""violations"":0,""checkedPlacements"":15,""scope"":""접촉·합력 작용점·정적 평형"",""reason"":""설정된 지지율·전도 여유 검사. 동적 붕괴·굽힘 파손 미검증""},""payload"":{""status"":""PASS"",""violations"":0,""checkedPlacements"":15,""scope"":""입력 가반하중 · 박스+그리퍼 질량"",""reason"":""사용자가 설정한 가반하중 한계 검사""},""robotCollision"":{""status"":""NOT VERIFIED"",""violations"":0,""checkedPlacements"":15,""scope"":""TCP·그리퍼 스윕 근사만 수행"",""reason"":""전체 로봇 링크 충돌 미검증""},""approach"":{""status"":""NOT VERIFIED"",""violations"":0,""checkedPlacements"":15,""scope"":""TCP·그리퍼 스윕 근사만 수행"",""reason"":""실제 관절 한계·역기구학·접근 자세 미검증""},""sequence"":{""status"":""NOT VERIFIED"",""violations"":0,""checkedPlacements"":15,""scope"":""TCP·그리퍼 스윕 근사만 수행"",""reason"":""실제 파지·관절 궤적·전 과정 실행 미검증""}}","20.18560526785714","83.33333333333333","15","3","0.091451439","893921221","643","","","","188.84343434343435","80.1296065861289","99.46409571580571","95.51820728291317","21.817171209095605","52.45","0.562992125984252","0","0","","14.56047222221322","34.020100000081584","33.42016999998595","33.90011400006246","262.08849999983795","83.33333333333333","137.2990941016868","66.49441116609641","393.30193948698883","824","10.12859999993816","20.18560526785714","0","83.33333333333333","","","100","0","0","","","0","","","","","","",""
"pack-first","online","random","49","7","20f35f7a","partial","","explicit","proxy","{}","{""support"":545,""load"":228,""bounds"":382,""robot-path"":27,""protocol"":42}","adapter-1.0 / planners-f6ec11d4259a","2.1.0","{""requested"":1,""completed"":1,""outcomes"":[""partial""],""sameWorker"":false}","{""collision"":{""status"":""PASS"",""violations"":0,""checkedPlacements"":15,""scope"":""직육면체 기하·관측 규격 공통 검사"",""reason"":""확정 배치와 최종 적재 상태 검사""},""bounds"":{""status"":""PASS"",""violations"":0,""checkedPlacements"":15,""scope"":""직육면체 기하·관측 규격 공통 검사"",""reason"":""확정 배치와 최종 적재 상태 검사""},""height"":{""status"":""PASS"",""violations"":0,""checkedPlacements"":15,""scope"":""직육면체 기하·관측 규격 공통 검사"",""reason"":""확정 배치와 최종 적재 상태 검사""},""orientation"":{""status"":""PASS"",""violations"":0,""checkedPlacements"":15,""scope"":""직육면체 기하·관측 규격 공통 검사"",""reason"":""확정 배치와 최종 적재 상태 검사""},""load"":{""status"":""PASS"",""violations"":0,""checkedPlacements"":15,""scope"":""입력된 허용 상부하중 · 누적 정적 반력"",""reason"":""입력값 범위의 정적 검사. 실측 재료 인증 아님""},""support"":{""status"":""PASS"",""violations"":0,""checkedPlacements"":15,""scope"":""접촉·합력 작용점·정적 평형"",""reason"":""설정된 지지율·전도 여유 검사. 동적 붕괴·굽힘 파손 미검증""},""payload"":{""status"":""PASS"",""violations"":0,""checkedPlacements"":15,""scope"":""입력 가반하중 · 박스+그리퍼 질량"",""reason"":""사용자가 설정한 가반하중 한계 검사""},""robotCollision"":{""status"":""NOT VERIFIED"",""violations"":0,""checkedPlacements"":15,""scope"":""TCP·그리퍼 스윕 근사만 수행"",""reason"":""전체 로봇 링크 충돌 미검증""},""approach"":{""status"":""NOT VERIFIED"",""violations"":0,""checkedPlacements"":15,""scope"":""TCP·그리퍼 스윕 근사만 수행"",""reason"":""실제 관절 한계·역기구학·접근 자세 미검증""},""sequence"":{""status"":""NOT VERIFIED"",""violations"":0,""checkedPlacements"":15,""scope"":""TCP·그리퍼 스윕 근사만 수행"",""reason"":""실제 파지·관절 궤적·전 과정 실행 미검증""}}","20.18560526785714","83.33333333333333","15","3","0.091451439","893921221","659","","","","205.24747474747474","65.02840651368297","99.46409571580571","95.51820728291317","20.300538607419018","52.45","0.4227467811158798","0","0","","9.218161111141349","22.524800000013784","16.07185500002232","21.23421100001548","165.92690000054426","83.33333333333333","140.49839196674864","67.92395477838662","384.3460358804678","824","17.44940000004135","20.18560526785714","0","83.33333333333333","","","100","0","0","","","0","","","","","","",""
"pack-greedy","online","random","49","7","20f35f7a","partial","","explicit","proxy","{}","{""support"":570,""load"":152,""bounds"":352,""protocol"":49,""robot-path"":10}","adapter-1.0 / planners-f6ec11d4259a","2.1.0","{""requested"":1,""completed"":1,""outcomes"":[""partial""],""sameWorker"":false}","{""collision"":{""status"":""PASS"",""violations"":0,""checkedPlacements"":10,""scope"":""직육면체 기하·관측 규격 공통 검사"",""reason"":""확정 배치와 최종 적재 상태 검사""},""bounds"":{""status"":""PASS"",""violations"":0,""checkedPlacements"":10,""scope"":""직육면체 기하·관측 규격 공통 검사"",""reason"":""확정 배치와 최종 적재 상태 검사""},""height"":{""status"":""PASS"",""violations"":0,""checkedPlacements"":10,""scope"":""직육면체 기하·관측 규격 공통 검사"",""reason"":""확정 배치와 최종 적재 상태 검사""},""orientation"":{""status"":""PASS"",""violations"":0,""checkedPlacements"":10,""scope"":""직육면체 기하·관측 규격 공통 검사"",""reason"":""확정 배치와 최종 적재 상태 검사""},""load"":{""status"":""PASS"",""violations"":0,""checkedPlacements"":10,""scope"":""입력된 허용 상부하중 · 누적 정적 반력"",""reason"":""입력값 범위의 정적 검사. 실측 재료 인증 아님""},""support"":{""status"":""PASS"",""violations"":0,""checkedPlacements"":10,""scope"":""접촉·합력 작용점·정적 평형"",""reason"":""설정된 지지율·전도 여유 검사. 동적 붕괴·굽힘 파손 미검증""},""payload"":{""status"":""PASS"",""violations"":0,""checkedPlacements"":10,""scope"":""입력 가반하중 · 박스+그리퍼 질량"",""reason"":""사용자가 설정한 가반하중 한계 검사""},""robotCollision"":{""status"":""NOT VERIFIED"",""violations"":0,""checkedPlacements"":10,""scope"":""TCP·그리퍼 스윕 근사만 수행"",""reason"":""전체 로봇 링크 충돌 미검증""},""approach"":{""status"":""NOT VERIFIED"",""violations"":0,""checkedPlacements"":10,""scope"":""TCP·그리퍼 스윕 근사만 수행"",""reason"":""실제 관절 한계·역기구학·접근 자세 미검증""},""sequence"":{""status"":""NOT VERIFIED"",""violations"":0,""checkedPlacements"":10,""scope"":""TCP·그리퍼 스윕 근사만 수행"",""reason"":""실제 파지·관절 궤적·전 과정 실행 미검증""}}","14.380574107142857","55.55555555555556","10","8","0.156467788","958937570","603","","","","167.1164383561644","74.82306206896789","100","100","20.413180414249403","70.8","0.6660456450861667","0","0","","8.567361111080068","19.755900000222027","17.175470000063065","19.23981400019023","154.2124999994412","55.55555555555556","93.11550788492332","44.92508012520016","386.6165885546214","824","4.1687000000383705","14.380574107142857","0","55.55555555555556","","","100","0","0","","","0","","","","","","",""
"pack-tetris","online","random","49","7","20f35f7a","partial","","explicit","proxy","{}","{""support"":570,""load"":152,""bounds"":352,""protocol"":49,""robot-path"":10}","adapter-1.0 / planners-f6ec11d4259a","2.1.0","{""requested"":1,""completed"":1,""outcomes"":[""partial""],""sameWorker"":false}","{""collision"":{""status"":""PASS"",""violations"":0,""checkedPlacements"":10,""scope"":""직육면체 기하·관측 규격 공통 검사"",""reason"":""확정 배치와 최종 적재 상태 검사""},""bounds"":{""status"":""PASS"",""violations"":0,""checkedPlacements"":10,""scope"":""직육면체 기하·관측 규격 공통 검사"",""reason"":""확정 배치와 최종 적재 상태 검사""},""height"":{""status"":""PASS"",""violations"":0,""checkedPlacements"":10,""scope"":""직육면체 기하·관측 규격 공통 검사"",""reason"":""확정 배치와 최종 적재 상태 검사""},""orientation"":{""status"":""PASS"",""violations"":0,""checkedPlacements"":10,""scope"":""직육면체 기하·관측 규격 공통 검사"",""reason"":""확정 배치와 최종 적재 상태 검사""},""load"":{""status"":""PASS"",""violations"":0,""checkedPlacements"":10,""scope"":""입력된 허용 상부하중 · 누적 정적 반력"",""reason"":""입력값 범위의 정적 검사. 실측 재료 인증 아님""},""support"":{""status"":""PASS"",""violations"":0,""checkedPlacements"":10,""scope"":""접촉·합력 작용점·정적 평형"",""reason"":""설정된 지지율·전도 여유 검사. 동적 붕괴·굽힘 파손 미검증""},""payload"":{""status"":""PASS"",""violations"":0,""checkedPlacements"":10,""scope"":""입력 가반하중 · 박스+그리퍼 질량"",""reason"":""사용자가 설정한 가반하중 한계 검사""},""robotCollision"":{""status"":""NOT VERIFIED"",""violations"":0,""checkedPlacements"":10,""scope"":""TCP·그리퍼 스윕 근사만 수행"",""reason"":""전체 로봇 링크 충돌 미검증""},""approach"":{""status"":""NOT VERIFIED"",""violations"":0,""checkedPlacements"":10,""scope"":""TCP·그리퍼 스윕 근사만 수행"",""reason"":""실제 관절 한계·역기구학·접근 자세 미검증""},""sequence"":{""status"":""NOT VERIFIED"",""violations"":0,""checkedPlacements"":10,""scope"":""TCP·그리퍼 스윕 근사만 수행"",""reason"":""실제 파지·관절 궤적·전 과정 실행 미검증""}}","14.380574107142857","55.55555555555556","10","8","0.156467788","958937570","603","","","","167.1164383561644","74.82306206896789","100","100","20.413180414249403","70.8","0.6660456450861667","0","0","","9.14411666667244","18.279399999883026","15.53356000008061","17.730231999922538","164.59410000010394","55.55555555555556","93.11550788492332","44.92508012520016","386.6165885546214","824","2.326200000010431","14.380574107142857","0","55.55555555555556","","","100","0","0","","","0","","","","","","",""
"pack-beam","online","random","49","7","20f35f7a","partial","","explicit","proxy","{}","{""support"":554,""load"":194,""bounds"":349,""protocol"":50,""robot-path"":21}","adapter-1.0 / planners-f6ec11d4259a","2.1.0","{""requested"":1,""completed"":1,""outcomes"":[""partial""],""sameWorker"":false}","{""collision"":{""status"":""PASS"",""violations"":0,""checkedPlacements"":11,""scope"":""직육면체 기하·관측 규격 공통 검사"",""reason"":""확정 배치와 최종 적재 상태 검사""},""bounds"":{""status"":""PASS"",""violations"":0,""checkedPlacements"":11,""scope"":""직육면체 기하·관측 규격 공통 검사"",""reason"":""확정 배치와 최종 적재 상태 검사""},""height"":{""status"":""PASS"",""violations"":0,""checkedPlacements"":11,""scope"":""직육면체 기하·관측 규격 공통 검사"",""reason"":""확정 배치와 최종 적재 상태 검사""},""orientation"":{""status"":""PASS"",""violations"":0,""checkedPlacements"":11,""scope"":""직육면체 기하·관측 규격 공통 검사"",""reason"":""확정 배치와 최종 적재 상태 검사""},""load"":{""status"":""PASS"",""violations"":0,""checkedPlacements"":11,""scope"":""입력된 허용 상부하중 · 누적 정적 반력"",""reason"":""입력값 범위의 정적 검사. 실측 재료 인증 아님""},""support"":{""status"":""PASS"",""violations"":0,""checkedPlacements"":11,""scope"":""접촉·합력 작용점·정적 평형"",""reason"":""설정된 지지율·전도 여유 검사. 동적 붕괴·굽힘 파손 미검증""},""payload"":{""status"":""PASS"",""violations"":0,""checkedPlacements"":11,""scope"":""입력 가반하중 · 박스+그리퍼 질량"",""reason"":""사용자가 설정한 가반하중 한계 검사""},""robotCollision"":{""status"":""NOT VERIFIED"",""violations"":0,""checkedPlacements"":11,""scope"":""TCP·그리퍼 스윕 근사만 수행"",""reason"":""전체 로봇 링크 충돌 미검증""},""approach"":{""status"":""NOT VERIFIED"",""violations"":0,""checkedPlacements"":11,""scope"":""TCP·그리퍼 스윕 근사만 수행"",""reason"":""실제 관절 한계·역기구학·접근 자세 미검증""},""sequence"":{""status"":""NOT VERIFIED"",""violations"":0,""checkedPlacements"":11,""scope"":""TCP·그리퍼 스윕 근사만 수행"",""reason"":""실제 파지·관절 궤적·전 과정 실행 미검증""}}","15.843668482142856","61.111111111111114","11","7","0.140081131","942550913","396","","","","157.4102564102564","74.18402496158004","100","100","14.197379634983745","65.85","0.5026525198938993","0","0","","761.9648277777402","2010.0722000000533","1992.6319849999738","2006.5841570000373","13715.366899999324","61.111111111111114","101.76201839450424","48.59531195642776","389.14322479809067","824","3.7589000000152737","15.843668482142856","0","61.111111111111114","","","100","0","0","","","0","","","","","","",""
"pack-robust","online","random","49","7","20f35f7a","partial","","explicit","proxy","{}","{""support"":554,""load"":194,""bounds"":349,""protocol"":50,""robot-path"":21}","adapter-1.0 / planners-f6ec11d4259a","2.1.0","{""requested"":1,""completed"":1,""outcomes"":[""partial""],""sameWorker"":false}","{""collision"":{""status"":""PASS"",""violations"":0,""checkedPlacements"":11,""scope"":""직육면체 기하·관측 규격 공통 검사"",""reason"":""확정 배치와 최종 적재 상태 검사""},""bounds"":{""status"":""PASS"",""violations"":0,""checkedPlacements"":11,""scope"":""직육면체 기하·관측 규격 공통 검사"",""reason"":""확정 배치와 최종 적재 상태 검사""},""height"":{""status"":""PASS"",""violations"":0,""checkedPlacements"":11,""scope"":""직육면체 기하·관측 규격 공통 검사"",""reason"":""확정 배치와 최종 적재 상태 검사""},""orientation"":{""status"":""PASS"",""violations"":0,""checkedPlacements"":11,""scope"":""직육면체 기하·관측 규격 공통 검사"",""reason"":""확정 배치와 최종 적재 상태 검사""},""load"":{""status"":""PASS"",""violations"":0,""checkedPlacements"":11,""scope"":""입력된 허용 상부하중 · 누적 정적 반력"",""reason"":""입력값 범위의 정적 검사. 실측 재료 인증 아님""},""support"":{""status"":""PASS"",""violations"":0,""checkedPlacements"":11,""scope"":""접촉·합력 작용점·정적 평형"",""reason"":""설정된 지지율·전도 여유 검사. 동적 붕괴·굽힘 파손 미검증""},""payload"":{""status"":""PASS"",""violations"":0,""checkedPlacements"":11,""scope"":""입력 가반하중 · 박스+그리퍼 질량"",""reason"":""사용자가 설정한 가반하중 한계 검사""},""robotCollision"":{""status"":""NOT VERIFIED"",""violations"":0,""checkedPlacements"":11,""scope"":""TCP·그리퍼 스윕 근사만 수행"",""reason"":""전체 로봇 링크 충돌 미검증""},""approach"":{""status"":""NOT VERIFIED"",""violations"":0,""checkedPlacements"":11,""scope"":""TCP·그리퍼 스윕 근사만 수행"",""reason"":""실제 관절 한계·역기구학·접근 자세 미검증""},""sequence"":{""status"":""NOT VERIFIED"",""violations"":0,""checkedPlacements"":11,""scope"":""TCP·그리퍼 스윕 근사만 수행"",""reason"":""실제 파지·관절 궤적·전 과정 실행 미검증""}}","15.843668482142856","61.111111111111114","11","7","0.140081131","942550913","396","","","","157.4102564102564","74.18402496158004","100","100","14.197379634983745","65.85","0.5026525198938993","0","0","","823.1971166666675","2292.6444999999367","2206.992380000034","2275.514075999956","14817.548100000015","61.111111111111114","101.76201839450424","48.59531195642776","389.14322479809067","824","3.1381000000983477","15.843668482142856","0","61.111111111111114","","","100","0","0","","","0","","","","","","",""
"random","online","random","49","7","20f35f7a","partial","","explicit","proxy","{}","{""bounds"":42,""support"":451,""load"":184,""protocol"":28,""robot-path"":8}","adapter-1.0 / planners-f6ec11d4259a","2.1.0","{""requested"":1,""completed"":1,""outcomes"":[""partial""],""sameWorker"":false}","{""collision"":{""status"":""PASS"",""violations"":0,""checkedPlacements"":13,""scope"":""직육면체 기하·관측 규격 공통 검사"",""reason"":""확정 배치와 최종 적재 상태 검사""},""bounds"":{""status"":""PASS"",""violations"":0,""checkedPlacements"":13,""scope"":""직육면체 기하·관측 규격 공통 검사"",""reason"":""확정 배치와 최종 적재 상태 검사""},""height"":{""status"":""PASS"",""violations"":0,""checkedPlacements"":13,""scope"":""직육면체 기하·관측 규격 공통 검사"",""reason"":""확정 배치와 최종 적재 상태 검사""},""orientation"":{""status"":""PASS"",""violations"":0,""checkedPlacements"":13,""scope"":""직육면체 기하·관측 규격 공통 검사"",""reason"":""확정 배치와 최종 적재 상태 검사""},""load"":{""status"":""PASS"",""violations"":0,""checkedPlacements"":13,""scope"":""입력된 허용 상부하중 · 누적 정적 반력"",""reason"":""입력값 범위의 정적 검사. 실측 재료 인증 아님""},""support"":{""status"":""PASS"",""violations"":0,""checkedPlacements"":13,""scope"":""접촉·합력 작용점·정적 평형"",""reason"":""설정된 지지율·전도 여유 검사. 동적 붕괴·굽힘 파손 미검증""},""payload"":{""status"":""PASS"",""violations"":0,""checkedPlacements"":13,""scope"":""입력 가반하중 · 박스+그리퍼 질량"",""reason"":""사용자가 설정한 가반하중 한계 검사""},""robotCollision"":{""status"":""NOT VERIFIED"",""violations"":0,""checkedPlacements"":13,""scope"":""TCP·그리퍼 스윕 근사만 수행"",""reason"":""전체 로봇 링크 충돌 미검증""},""approach"":{""status"":""NOT VERIFIED"",""violations"":0,""checkedPlacements"":13,""scope"":""TCP·그리퍼 스윕 근사만 수행"",""reason"":""실제 관절 한계·역기구학·접근 자세 미검증""},""sequence"":{""status"":""NOT VERIFIED"",""violations"":0,""checkedPlacements"":13,""scope"":""TCP·그리퍼 스윕 근사만 수행"",""reason"":""실제 파지·관절 궤적·전 과정 실행 미검증""}}","17.814946160714285","72.22222222222223","13","5","0.118002821","920472603","830","","","","233.16666666666666","89.63986938363607","99.82752673335632","97.75784753363229","32.90520306703774","66.475","0.41321044546851","0","0","","13.468161111115478","45.266100000124425","29.941960000165246","42.20127200013256","242.4269000000786","72.22222222222223","134.90004665280588","63.63503032432384","346.9235271685992","824","8.705499999923632","17.814946160714285","0","72.22222222222223","","","100","0","0","","","0","","","","","","",""
"bl","online","random","49","7","20f35f7a","partial","","explicit","proxy","{}","{""bounds"":34,""support"":429,""load"":200,""robot-path"":21,""protocol"":18}","adapter-1.0 / planners-f6ec11d4259a","2.1.0","{""requested"":1,""completed"":1,""outcomes"":[""partial""],""sameWorker"":false}","{""collision"":{""status"":""PASS"",""violations"":0,""checkedPlacements"":15,""scope"":""직육면체 기하·관측 규격 공통 검사"",""reason"":""확정 배치와 최종 적재 상태 검사""},""bounds"":{""status"":""PASS"",""violations"":0,""checkedPlacements"":15,""scope"":""직육면체 기하·관측 규격 공통 검사"",""reason"":""확정 배치와 최종 적재 상태 검사""},""height"":{""status"":""PASS"",""violations"":0,""checkedPlacements"":15,""scope"":""직육면체 기하·관측 규격 공통 검사"",""reason"":""확정 배치와 최종 적재 상태 검사""},""orientation"":{""status"":""PASS"",""violations"":0,""checkedPlacements"":15,""scope"":""직육면체 기하·관측 규격 공통 검사"",""reason"":""확정 배치와 최종 적재 상태 검사""},""load"":{""status"":""PASS"",""violations"":0,""checkedPlacements"":15,""scope"":""입력된 허용 상부하중 · 누적 정적 반력"",""reason"":""입력값 범위의 정적 검사. 실측 재료 인증 아님""},""support"":{""status"":""PASS"",""violations"":0,""checkedPlacements"":15,""scope"":""접촉·합력 작용점·정적 평형"",""reason"":""설정된 지지율·전도 여유 검사. 동적 붕괴·굽힘 파손 미검증""},""payload"":{""status"":""PASS"",""violations"":0,""checkedPlacements"":15,""scope"":""입력 가반하중 · 박스+그리퍼 질량"",""reason"":""사용자가 설정한 가반하중 한계 검사""},""robotCollision"":{""status"":""NOT VERIFIED"",""violations"":0,""checkedPlacements"":15,""scope"":""TCP·그리퍼 스윕 근사만 수행"",""reason"":""전체 로봇 링크 충돌 미검증""},""approach"":{""status"":""NOT VERIFIED"",""violations"":0,""checkedPlacements"":15,""scope"":""TCP·그리퍼 스윕 근사만 수행"",""reason"":""실제 관절 한계·역기구학·접근 자세 미검증""},""sequence"":{""status"":""NOT VERIFIED"",""violations"":0,""checkedPlacements"":15,""scope"":""TCP·그리퍼 스윕 근사만 수행"",""reason"":""실제 파지·관절 궤적·전 과정 실행 미검증""}}","20.18560526785714","83.33333333333333","15","3","0.091451439","893921221","613","","","","202.41919191919192","108.07078991614088","99.80848153214774","97.12722298221614","29.897979289903674","52.45","0.562992125984252","0","0","","56.702161111144555","99.2730000000447","97.56084499991266","98.9305690000183","1020.638900000602","83.33333333333333","137.82151109475848","67.48398221159302","391.811115485975","826","3.641099999891594","20.18560526785714","0","83.33333333333333","","","100","0","0","","","0","","","","","","",""
"greedy","online","random","49","7","20f35f7a","partial","","explicit","proxy","{}","{""support"":259,""load"":140,""robot-path"":39}","adapter-1.0 / planners-f6ec11d4259a","2.1.0","{""requested"":1,""completed"":1,""outcomes"":[""partial""],""sameWorker"":false}","{""collision"":{""status"":""PASS"",""violations"":0,""checkedPlacements"":17,""scope"":""직육면체 기하·관측 규격 공통 검사"",""reason"":""확정 배치와 최종 적재 상태 검사""},""bounds"":{""status"":""PASS"",""violations"":0,""checkedPlacements"":17,""scope"":""직육면체 기하·관측 규격 공통 검사"",""reason"":""확정 배치와 최종 적재 상태 검사""},""height"":{""status"":""PASS"",""violations"":0,""checkedPlacements"":17,""scope"":""직육면체 기하·관측 규격 공통 검사"",""reason"":""확정 배치와 최종 적재 상태 검사""},""orientation"":{""status"":""PASS"",""violations"":0,""checkedPlacements"":17,""scope"":""직육면체 기하·관측 규격 공통 검사"",""reason"":""확정 배치와 최종 적재 상태 검사""},""load"":{""status"":""PASS"",""violations"":0,""checkedPlacements"":17,""scope"":""입력된 허용 상부하중 · 누적 정적 반력"",""reason"":""입력값 범위의 정적 검사. 실측 재료 인증 아님""},""support"":{""status"":""PASS"",""violations"":0,""checkedPlacements"":17,""scope"":""접촉·합력 작용점·정적 평형"",""reason"":""설정된 지지율·전도 여유 검사. 동적 붕괴·굽힘 파손 미검증""},""payload"":{""status"":""PASS"",""violations"":0,""checkedPlacements"":17,""scope"":""입력 가반하중 · 박스+그리퍼 질량"",""reason"":""사용자가 설정한 가반하중 한계 검사""},""robotCollision"":{""status"":""NOT VERIFIED"",""violations"":0,""checkedPlacements"":17,""scope"":""TCP·그리퍼 스윕 근사만 수행"",""reason"":""전체 로봇 링크 충돌 미검증""},""approach"":{""status"":""NOT VERIFIED"",""violations"":0,""checkedPlacements"":17,""scope"":""TCP·그리퍼 스윕 근사만 수행"",""reason"":""실제 관절 한계·역기구학·접근 자세 미검증""},""sequence"":{""status"":""NOT VERIFIED"",""violations"":0,""checkedPlacements"":17,""scope"":""TCP·그리퍼 스윕 근사만 수행"",""reason"":""실제 파지·관절 궤적·전 과정 실행 미검증""}}","26.278236160714286","94.44444444444444","17","1","0.023213973","825683755","830","","","","273.3130081300813","112.01156777178701","99.21345300395318","95.51820728291317","21.097834025846744","52.45","0.39072847682119205","0","0","","264.90175555554583","566.0879999999888","522.4552899999194","557.3614579999748","4768.2315999998245","94.44444444444444","175.0028822055248","84.50187343359114","349.7085261037371","826","11.043999999994412","26.278236160714286","0","94.44444444444444","","","100","0","0","","","0","","","","","","",""
"rollout","online","random","49","7","20f35f7a","partial","","explicit","proxy","{}","{""support"":305,""load"":136,""robot-path"":32}","adapter-1.0 / planners-f6ec11d4259a","2.1.0","{""requested"":1,""completed"":1,""outcomes"":[""partial""],""sameWorker"":false}","{""collision"":{""status"":""PASS"",""violations"":0,""checkedPlacements"":17,""scope"":""직육면체 기하·관측 규격 공통 검사"",""reason"":""확정 배치와 최종 적재 상태 검사""},""bounds"":{""status"":""PASS"",""violations"":0,""checkedPlacements"":17,""scope"":""직육면체 기하·관측 규격 공통 검사"",""reason"":""확정 배치와 최종 적재 상태 검사""},""height"":{""status"":""PASS"",""violations"":0,""checkedPlacements"":17,""scope"":""직육면체 기하·관측 규격 공통 검사"",""reason"":""확정 배치와 최종 적재 상태 검사""},""orientation"":{""status"":""PASS"",""violations"":0,""checkedPlacements"":17,""scope"":""직육면체 기하·관측 규격 공통 검사"",""reason"":""확정 배치와 최종 적재 상태 검사""},""load"":{""status"":""PASS"",""violations"":0,""checkedPlacements"":17,""scope"":""입력된 허용 상부하중 · 누적 정적 반력"",""reason"":""입력값 범위의 정적 검사. 실측 재료 인증 아님""},""support"":{""status"":""PASS"",""violations"":0,""checkedPlacements"":17,""scope"":""접촉·합력 작용점·정적 평형"",""reason"":""설정된 지지율·전도 여유 검사. 동적 붕괴·굽힘 파손 미검증""},""payload"":{""status"":""PASS"",""violations"":0,""checkedPlacements"":17,""scope"":""입력 가반하중 · 박스+그리퍼 질량"",""reason"":""사용자가 설정한 가반하중 한계 검사""},""robotCollision"":{""status"":""NOT VERIFIED"",""violations"":0,""checkedPlacements"":17,""scope"":""TCP·그리퍼 스윕 근사만 수행"",""reason"":""전체 로봇 링크 충돌 미검증""},""approach"":{""status"":""NOT VERIFIED"",""violations"":0,""checkedPlacements"":17,""scope"":""TCP·그리퍼 스윕 근사만 수행"",""reason"":""실제 관절 한계·역기구학·접근 자세 미검증""},""sequence"":{""status"":""NOT VERIFIED"",""violations"":0,""checkedPlacements"":17,""scope"":""TCP·그리퍼 스윕 근사만 수행"",""reason"":""실제 파지·관절 궤적·전 과정 실행 미검증""}}","26.278236160714286","94.44444444444444","17","1","0.023213973","825683755","830","","","","262.2642276422764","76.52203939424504","99.73636513428902","95.51820728291317","17.1855716396674","52.45","0.41321044546851","0","0","","887.1775333333192","1722.9307999999728","1331.447914999944","1644.6342229999664","15969.195599999744","94.44444444444444","173.67103127548845","82.98617032906749","352.3903759339145","826","4.144799999892712","26.278236160714286","0","94.44444444444444","","","100","0","0","","","0","","","","","","",""
"strategy-greedy","online","random","49","7","20f35f7a","partial","","explicit","proxy","{}","{""support"":469,""load"":315,""robot-path"":7,""protocol"":51}","adapter-1.0 / planners-f6ec11d4259a","2.1.0","{""requested"":1,""completed"":1,""outcomes"":[""partial""],""sameWorker"":false}","{""collision"":{""status"":""PASS"",""violations"":0,""checkedPlacements"":14,""scope"":""직육면체 기하·관측 규격 공통 검사"",""reason"":""확정 배치와 최종 적재 상태 검사""},""bounds"":{""status"":""PASS"",""violations"":0,""checkedPlacements"":14,""scope"":""직육면체 기하·관측 규격 공통 검사"",""reason"":""확정 배치와 최종 적재 상태 검사""},""height"":{""status"":""PASS"",""violations"":0,""checkedPlacements"":14,""scope"":""직육면체 기하·관측 규격 공통 검사"",""reason"":""확정 배치와 최종 적재 상태 검사""},""orientation"":{""status"":""PASS"",""violations"":0,""checkedPlacements"":14,""scope"":""직육면체 기하·관측 규격 공통 검사"",""reason"":""확정 배치와 최종 적재 상태 검사""},""load"":{""status"":""PASS"",""violations"":0,""checkedPlacements"":14,""scope"":""입력된 허용 상부하중 · 누적 정적 반력"",""reason"":""입력값 범위의 정적 검사. 실측 재료 인증 아님""},""support"":{""status"":""PASS"",""violations"":0,""checkedPlacements"":14,""scope"":""접촉·합력 작용점·정적 평형"",""reason"":""설정된 지지율·전도 여유 검사. 동적 붕괴·굽힘 파손 미검증""},""payload"":{""status"":""PASS"",""violations"":0,""checkedPlacements"":14,""scope"":""입력 가반하중 · 박스+그리퍼 질량"",""reason"":""사용자가 설정한 가반하중 한계 검사""},""robotCollision"":{""status"":""NOT VERIFIED"",""violations"":0,""checkedPlacements"":14,""scope"":""TCP·그리퍼 스윕 근사만 수행"",""reason"":""전체 로봇 링크 충돌 미검증""},""approach"":{""status"":""NOT VERIFIED"",""violations"":0,""checkedPlacements"":14,""scope"":""TCP·그리퍼 스윕 근사만 수행"",""reason"":""실제 관절 한계·역기구학·접근 자세 미검증""},""sequence"":{""status"":""NOT VERIFIED"",""violations"":0,""checkedPlacements"":14,""scope"":""TCP·그리퍼 스윕 근사만 수행"",""reason"":""실제 파지·관절 궤적·전 과정 실행 미검증""}}","17.139289821428573","77.77777777777777","14","4","0.125570172","928039954","1065","","","","293.14367816091954","75.17071446109068","99.6798719487795","95.51820728291317","15.73752528120873","52.45","0.2610240111108143","0","0","","16.297411111105855","45.57899999991059","33.23521499995839","43.11024299992013","293.3533999999054","77.77777777777777","138.9121597683137","66.2429038494039","362.8192095210401","826","9.043400000082329","17.139289821428573","0","77.77777777777777","","","100","0","0","","","0","","","","","","",""
"macs","online","random","49","7","20f35f7a","partial","","explicit","proxy","{}","{""support"":476,""load"":322,""robot-path"":7,""protocol"":37}","adapter-1.0 / planners-f6ec11d4259a","2.1.0","{""requested"":1,""completed"":1,""outcomes"":[""partial""],""sameWorker"":false}","{""collision"":{""status"":""PASS"",""violations"":0,""checkedPlacements"":14,""scope"":""직육면체 기하·관측 규격 공통 검사"",""reason"":""확정 배치와 최종 적재 상태 검사""},""bounds"":{""status"":""PASS"",""violations"":0,""checkedPlacements"":14,""scope"":""직육면체 기하·관측 규격 공통 검사"",""reason"":""확정 배치와 최종 적재 상태 검사""},""height"":{""status"":""PASS"",""violations"":0,""checkedPlacements"":14,""scope"":""직육면체 기하·관측 규격 공통 검사"",""reason"":""확정 배치와 최종 적재 상태 검사""},""orientation"":{""status"":""PASS"",""violations"":0,""checkedPlacements"":14,""scope"":""직육면체 기하·관측 규격 공통 검사"",""reason"":""확정 배치와 최종 적재 상태 검사""},""load"":{""status"":""PASS"",""violations"":0,""checkedPlacements"":14,""scope"":""입력된 허용 상부하중 · 누적 정적 반력"",""reason"":""입력값 범위의 정적 검사. 실측 재료 인증 아님""},""support"":{""status"":""PASS"",""violations"":0,""checkedPlacements"":14,""scope"":""접촉·합력 작용점·정적 평형"",""reason"":""설정된 지지율·전도 여유 검사. 동적 붕괴·굽힘 파손 미검증""},""payload"":{""status"":""PASS"",""violations"":0,""checkedPlacements"":14,""scope"":""입력 가반하중 · 박스+그리퍼 질량"",""reason"":""사용자가 설정한 가반하중 한계 검사""},""robotCollision"":{""status"":""NOT VERIFIED"",""violations"":0,""checkedPlacements"":14,""scope"":""TCP·그리퍼 스윕 근사만 수행"",""reason"":""전체 로봇 링크 충돌 미검증""},""approach"":{""status"":""NOT VERIFIED"",""violations"":0,""checkedPlacements"":14,""scope"":""TCP·그리퍼 스윕 근사만 수행"",""reason"":""실제 관절 한계·역기구학·접근 자세 미검증""},""sequence"":{""status"":""NOT VERIFIED"",""violations"":0,""checkedPlacements"":14,""scope"":""TCP·그리퍼 스윕 근사만 수행"",""reason"":""실제 파지·관절 궤적·전 과정 실행 미검증""}}","17.139289821428573","77.77777777777777","14","4","0.125570172","928039954","1065","","","","280.17816091954023","83.10074437978938","99.6798719487795","95.51820728291317","16.54297366272711","52.45","0.2610240111108143","0","0","","22.25088333333325","138.45709999999963","61.23349500001628","123.01237900000282","400.5158999999985","77.77777777777777","139.0342215394561","66.32224400064645","362.50068106935197","826","4.580599999986589","17.139289821428573","0","77.77777777777777","","","100","0","0","","","0","","","","","","",""
"tetris-reserved","online","random","49","7","20f35f7a","partial","","explicit","proxy","{}","{""bounds"":34,""support"":441,""load"":270,""robot-path"":21,""protocol"":10}","adapter-1.0 / planners-f6ec11d4259a","2.1.0","{""requested"":1,""completed"":1,""outcomes"":[""partial""],""sameWorker"":false}","{""collision"":{""status"":""PASS"",""violations"":0,""checkedPlacements"":13,""scope"":""직육면체 기하·관측 규격 공통 검사"",""reason"":""확정 배치와 최종 적재 상태 검사""},""bounds"":{""status"":""PASS"",""violations"":0,""checkedPlacements"":13,""scope"":""직육면체 기하·관측 규격 공통 검사"",""reason"":""확정 배치와 최종 적재 상태 검사""},""height"":{""status"":""PASS"",""violations"":0,""checkedPlacements"":13,""scope"":""직육면체 기하·관측 규격 공통 검사"",""reason"":""확정 배치와 최종 적재 상태 검사""},""orientation"":{""status"":""PASS"",""violations"":0,""checkedPlacements"":13,""scope"":""직육면체 기하·관측 규격 공통 검사"",""reason"":""확정 배치와 최종 적재 상태 검사""},""load"":{""status"":""PASS"",""violations"":0,""checkedPlacements"":13,""scope"":""입력된 허용 상부하중 · 누적 정적 반력"",""reason"":""입력값 범위의 정적 검사. 실측 재료 인증 아님""},""support"":{""status"":""PASS"",""violations"":0,""checkedPlacements"":13,""scope"":""접촉·합력 작용점·정적 평형"",""reason"":""설정된 지지율·전도 여유 검사. 동적 붕괴·굽힘 파손 미검증""},""payload"":{""status"":""PASS"",""violations"":0,""checkedPlacements"":13,""scope"":""입력 가반하중 · 박스+그리퍼 질량"",""reason"":""사용자가 설정한 가반하중 한계 검사""},""robotCollision"":{""status"":""NOT VERIFIED"",""violations"":0,""checkedPlacements"":13,""scope"":""TCP·그리퍼 스윕 근사만 수행"",""reason"":""전체 로봇 링크 충돌 미검증""},""approach"":{""status"":""NOT VERIFIED"",""violations"":0,""checkedPlacements"":13,""scope"":""TCP·그리퍼 스윕 근사만 수행"",""reason"":""실제 관절 한계·역기구학·접근 자세 미검증""},""sequence"":{""status"":""NOT VERIFIED"",""violations"":0,""checkedPlacements"":13,""scope"":""TCP·그리퍼 스윕 근사만 수행"",""reason"":""실제 파지·관절 궤적·전 과정 실행 미검증""}}","17.814946160714285","72.22222222222223","13","5","0.118002821","920472603","613","","","","207.61494252873564","44.728996359619835","100","100","17.60422793761015","67.15237499999999","0.5913705583756346","0","0","","159.642272222218","544.4192999999505","441.08038000008077","523.7515159999764","2873.560899999924","72.22222222222223","125.46344690629508","61.401240489091805","373.0170113607155","826","5.02350000012666","17.814946160714285","0","72.22222222222223","","","100","0","0","","","0","","","","","","",""
"dynamic-reservation","online","randomExceptions","49","7","ab38e2b9","partial","","explicit","proxy","{}","{""bounds"":42,""support"":276,""load"":215,""robot-path"":33}","adapter-1.0 / planners-f6ec11d4259a","2.1.0","{""requested"":1,""completed"":1,""outcomes"":[""partial""],""sameWorker"":false}","{""collision"":{""status"":""PASS"",""violations"":0,""checkedPlacements"":15,""scope"":""직육면체 기하·관측 규격 공통 검사"",""reason"":""확정 배치와 최종 적재 상태 검사""},""bounds"":{""status"":""PASS"",""violations"":0,""checkedPlacements"":15,""scope"":""직육면체 기하·관측 규격 공통 검사"",""reason"":""확정 배치와 최종 적재 상태 검사""},""height"":{""status"":""PASS"",""violations"":0,""checkedPlacements"":15,""scope"":""직육면체 기하·관측 규격 공통 검사"",""reason"":""확정 배치와 최종 적재 상태 검사""},""orientation"":{""status"":""PASS"",""violations"":0,""checkedPlacements"":15,""scope"":""직육면체 기하·관측 규격 공통 검사"",""reason"":""확정 배치와 최종 적재 상태 검사""},""load"":{""status"":""PASS"",""violations"":0,""checkedPlacements"":15,""scope"":""입력된 허용 상부하중 · 누적 정적 반력"",""reason"":""입력값 범위의 정적 검사. 실측 재료 인증 아님""},""support"":{""status"":""PASS"",""violations"":0,""checkedPlacements"":15,""scope"":""접촉·합력 작용점·정적 평형"",""reason"":""설정된 지지율·전도 여유 검사. 동적 붕괴·굽힘 파손 미검증""},""payload"":{""status"":""PASS"",""violations"":0,""checkedPlacements"":15,""scope"":""입력 가반하중 · 박스+그리퍼 질량"",""reason"":""사용자가 설정한 가반하중 한계 검사""},""robotCollision"":{""status"":""NOT VERIFIED"",""violations"":0,""checkedPlacements"":15,""scope"":""TCP·그리퍼 스윕 근사만 수행"",""reason"":""전체 로봇 링크 충돌 미검증""},""approach"":{""status"":""NOT VERIFIED"",""violations"":0,""checkedPlacements"":15,""scope"":""TCP·그리퍼 스윕 근사만 수행"",""reason"":""실제 관절 한계·역기구학·접근 자세 미검증""},""sequence"":{""status"":""NOT VERIFIED"",""violations"":0,""checkedPlacements"":15,""scope"":""TCP·그리퍼 스윕 근사만 수행"",""reason"":""실제 파지·관절 궤적·전 과정 실행 미검증""}}","22.462406964285712","93.75","15","1","0.023213973","868421042","820","","","","275.75773195876286","68.87198643471753","99.70121381886088","95.51820728291317","19.57056935308654","52.45","0.35162419604331185","0","0","","449.8654062500136","2132.7900000000373","1465.8530250000185","1999.4026050000332","7197.846500000218","93.75","159.6847230735161","76.49506999778545","338.1663502972625","730","9.05490000010468","","","","","","100","0","0","","","0","100","100","100","100","42.51919999998063","",""
"lookahead","online","randomExceptions","49","7","ab38e2b9","partial","","explicit","proxy","{}","{""support"":251,""load"":201,""robot-path"":25}","adapter-1.0 / planners-f6ec11d4259a","2.1.0","{""requested"":1,""completed"":1,""outcomes"":[""partial""],""sameWorker"":false}","{""collision"":{""status"":""PASS"",""violations"":0,""checkedPlacements"":13,""scope"":""직육면체 기하·관측 규격 공통 검사"",""reason"":""확정 배치와 최종 적재 상태 검사""},""bounds"":{""status"":""PASS"",""violations"":0,""checkedPlacements"":13,""scope"":""직육면체 기하·관측 규격 공통 검사"",""reason"":""확정 배치와 최종 적재 상태 검사""},""height"":{""status"":""PASS"",""violations"":0,""checkedPlacements"":13,""scope"":""직육면체 기하·관측 규격 공통 검사"",""reason"":""확정 배치와 최종 적재 상태 검사""},""orientation"":{""status"":""PASS"",""violations"":0,""checkedPlacements"":13,""scope"":""직육면체 기하·관측 규격 공통 검사"",""reason"":""확정 배치와 최종 적재 상태 검사""},""load"":{""status"":""PASS"",""violations"":0,""checkedPlacements"":13,""scope"":""입력된 허용 상부하중 · 누적 정적 반력"",""reason"":""입력값 범위의 정적 검사. 실측 재료 인증 아님""},""support"":{""status"":""PASS"",""violations"":0,""checkedPlacements"":13,""scope"":""접촉·합력 작용점·정적 평형"",""reason"":""설정된 지지율·전도 여유 검사. 동적 붕괴·굽힘 파손 미검증""},""payload"":{""status"":""PASS"",""violations"":0,""checkedPlacements"":13,""scope"":""입력 가반하중 · 박스+그리퍼 질량"",""reason"":""사용자가 설정한 가반하중 한계 검사""},""robotCollision"":{""status"":""NOT VERIFIED"",""violations"":0,""checkedPlacements"":13,""scope"":""TCP·그리퍼 스윕 근사만 수행"",""reason"":""전체 로봇 링크 충돌 미검증""},""approach"":{""status"":""NOT VERIFIED"",""violations"":0,""checkedPlacements"":13,""scope"":""TCP·그리퍼 스윕 근사만 수행"",""reason"":""실제 관절 한계·역기구학·접근 자세 미검증""},""sequence"":{""status"":""NOT VERIFIED"",""violations"":0,""checkedPlacements"":13,""scope"":""TCP·그리퍼 스윕 근사만 수행"",""reason"":""실제 파지·관절 궤적·전 과정 실행 미검증""}}","20.09174785714286","81.25","13","3","0.049765355","894972424","579","","","","210.9470588235294","94.33654324281474","99.65524671407024","95.51820728291317","17.672382600492885","67.2","0.5518207282913166","0","0","","190.8162312500208","566.9436000001151","443.7521250000573","542.3053050001035","3053.0597000003327","81.25","123.67973886203718","58.94183026032416","378.3966592313448","730","5.377099999925122","","","","","","100","0","0","","","0","100","100","100","100","60.92959999991581","",""
"future-hybrid","online","randomExceptions","49","7","ab38e2b9","partial","","explicit","proxy","{}","{""bounds"":42,""support"":276,""load"":215,""robot-path"":33}","adapter-1.0 / planners-f6ec11d4259a","2.1.0","{""requested"":1,""completed"":1,""outcomes"":[""partial""],""sameWorker"":false}","{""collision"":{""status"":""PASS"",""violations"":0,""checkedPlacements"":15,""scope"":""직육면체 기하·관측 규격 공통 검사"",""reason"":""확정 배치와 최종 적재 상태 검사""},""bounds"":{""status"":""PASS"",""violations"":0,""checkedPlacements"":15,""scope"":""직육면체 기하·관측 규격 공통 검사"",""reason"":""확정 배치와 최종 적재 상태 검사""},""height"":{""status"":""PASS"",""violations"":0,""checkedPlacements"":15,""scope"":""직육면체 기하·관측 규격 공통 검사"",""reason"":""확정 배치와 최종 적재 상태 검사""},""orientation"":{""status"":""PASS"",""violations"":0,""checkedPlacements"":15,""scope"":""직육면체 기하·관측 규격 공통 검사"",""reason"":""확정 배치와 최종 적재 상태 검사""},""load"":{""status"":""PASS"",""violations"":0,""checkedPlacements"":15,""scope"":""입력된 허용 상부하중 · 누적 정적 반력"",""reason"":""입력값 범위의 정적 검사. 실측 재료 인증 아님""},""support"":{""status"":""PASS"",""violations"":0,""checkedPlacements"":15,""scope"":""접촉·합력 작용점·정적 평형"",""reason"":""설정된 지지율·전도 여유 검사. 동적 붕괴·굽힘 파손 미검증""},""payload"":{""status"":""PASS"",""violations"":0,""checkedPlacements"":15,""scope"":""입력 가반하중 · 박스+그리퍼 질량"",""reason"":""사용자가 설정한 가반하중 한계 검사""},""robotCollision"":{""status"":""NOT VERIFIED"",""violations"":0,""checkedPlacements"":15,""scope"":""TCP·그리퍼 스윕 근사만 수행"",""reason"":""전체 로봇 링크 충돌 미검증""},""approach"":{""status"":""NOT VERIFIED"",""violations"":0,""checkedPlacements"":15,""scope"":""TCP·그리퍼 스윕 근사만 수행"",""reason"":""실제 관절 한계·역기구학·접근 자세 미검증""},""sequence"":{""status"":""NOT VERIFIED"",""violations"":0,""checkedPlacements"":15,""scope"":""TCP·그리퍼 스윕 근사만 수행"",""reason"":""실제 파지·관절 궤적·전 과정 실행 미검증""}}","22.462406964285712","93.75","15","1","0.023213973","868421042","971","","","","277.95360824742266","61.41316028975732","99.70121381886088","95.51820728291317","16.777832425828457","52.45","0.39072847682119205","0","0","","419.5444437499973","1568.2748000000138","1335.5701250000275","1521.7338650000165","6712.711099999957","93.75","161.4925520097223","77.67015880631949","334.38074591049286","730","4.736099999863654","","","","","","100","0","0","","","0","100","100","100","100","40.03040000004694","",""
"blb","online","randomExceptions","49","7","ab38e2b9","partial","","explicit","proxy","{}","{""bounds"":42,""support"":330,""load"":247,""robot-path"":44,""protocol"":9}","adapter-1.0 / planners-f6ec11d4259a","2.1.0","{""requested"":1,""completed"":1,""outcomes"":[""partial""],""sameWorker"":false}","{""collision"":{""status"":""PASS"",""violations"":0,""checkedPlacements"":13,""scope"":""직육면체 기하·관측 규격 공통 검사"",""reason"":""확정 배치와 최종 적재 상태 검사""},""bounds"":{""status"":""PASS"",""violations"":0,""checkedPlacements"":13,""scope"":""직육면체 기하·관측 규격 공통 검사"",""reason"":""확정 배치와 최종 적재 상태 검사""},""height"":{""status"":""PASS"",""violations"":0,""checkedPlacements"":13,""scope"":""직육면체 기하·관측 규격 공통 검사"",""reason"":""확정 배치와 최종 적재 상태 검사""},""orientation"":{""status"":""PASS"",""violations"":0,""checkedPlacements"":13,""scope"":""직육면체 기하·관측 규격 공통 검사"",""reason"":""확정 배치와 최종 적재 상태 검사""},""load"":{""status"":""PASS"",""violations"":0,""checkedPlacements"":13,""scope"":""입력된 허용 상부하중 · 누적 정적 반력"",""reason"":""입력값 범위의 정적 검사. 실측 재료 인증 아님""},""support"":{""status"":""PASS"",""violations"":0,""checkedPlacements"":13,""scope"":""접촉·합력 작용점·정적 평형"",""reason"":""설정된 지지율·전도 여유 검사. 동적 붕괴·굽힘 파손 미검증""},""payload"":{""status"":""PASS"",""violations"":0,""checkedPlacements"":13,""scope"":""입력 가반하중 · 박스+그리퍼 질량"",""reason"":""사용자가 설정한 가반하중 한계 검사""},""robotCollision"":{""status"":""NOT VERIFIED"",""violations"":0,""checkedPlacements"":13,""scope"":""TCP·그리퍼 스윕 근사만 수행"",""reason"":""전체 로봇 링크 충돌 미검증""},""approach"":{""status"":""NOT VERIFIED"",""violations"":0,""checkedPlacements"":13,""scope"":""TCP·그리퍼 스윕 근사만 수행"",""reason"":""실제 관절 한계·역기구학·접근 자세 미검증""},""sequence"":{""status"":""NOT VERIFIED"",""violations"":0,""checkedPlacements"":13,""scope"":""TCP·그리퍼 스윕 근사만 수행"",""reason"":""실제 파지·관절 궤적·전 과정 실행 미검증""}}","16.36977607142857","81.25","13","3","0.091451439","936658508","659","","","","212.4041095890411","113.1248834558349","100","100","20.241188990867972","52.42422680412365","0.41321044546851","0","0","","13.165931250012363","27.66370000015013","27.327700000081677","27.596500000136437","210.6549000001978","81.25","124.56034801641202","60.81422621066782","375.7214935995013","728","5.395400000037625","","","","","","100","0","0","","","0","100","100","100","100","0.600899999961257","",""
"pack-first","online","randomExceptions","49","7","ab38e2b9","partial","","explicit","proxy","{}","{""support"":478,""load"":255,""bounds"":317,""robot-path"":15,""protocol"":47}","adapter-1.0 / planners-f6ec11d4259a","2.1.0","{""requested"":1,""completed"":1,""outcomes"":[""partial""],""sameWorker"":false}","{""collision"":{""status"":""PASS"",""violations"":0,""checkedPlacements"":10,""scope"":""직육면체 기하·관측 규격 공통 검사"",""reason"":""확정 배치와 최종 적재 상태 검사""},""bounds"":{""status"":""PASS"",""violations"":0,""checkedPlacements"":10,""scope"":""직육면체 기하·관측 규격 공통 검사"",""reason"":""확정 배치와 최종 적재 상태 검사""},""height"":{""status"":""PASS"",""violations"":0,""checkedPlacements"":10,""scope"":""직육면체 기하·관측 규격 공통 검사"",""reason"":""확정 배치와 최종 적재 상태 검사""},""orientation"":{""status"":""PASS"",""violations"":0,""checkedPlacements"":10,""scope"":""직육면체 기하·관측 규격 공통 검사"",""reason"":""확정 배치와 최종 적재 상태 검사""},""load"":{""status"":""PASS"",""violations"":0,""checkedPlacements"":10,""scope"":""입력된 허용 상부하중 · 누적 정적 반력"",""reason"":""입력값 범위의 정적 검사. 실측 재료 인증 아님""},""support"":{""status"":""PASS"",""violations"":0,""checkedPlacements"":10,""scope"":""접촉·합력 작용점·정적 평형"",""reason"":""설정된 지지율·전도 여유 검사. 동적 붕괴·굽힘 파손 미검증""},""payload"":{""status"":""PASS"",""violations"":0,""checkedPlacements"":10,""scope"":""입력 가반하중 · 박스+그리퍼 질량"",""reason"":""사용자가 설정한 가반하중 한계 검사""},""robotCollision"":{""status"":""NOT VERIFIED"",""violations"":0,""checkedPlacements"":10,""scope"":""TCP·그리퍼 스윕 근사만 수행"",""reason"":""전체 로봇 링크 충돌 미검증""},""approach"":{""status"":""NOT VERIFIED"",""violations"":0,""checkedPlacements"":10,""scope"":""TCP·그리퍼 스윕 근사만 수행"",""reason"":""실제 관절 한계·역기구학·접근 자세 미검증""},""sequence"":{""status"":""NOT VERIFIED"",""violations"":0,""checkedPlacements"":10,""scope"":""TCP·그리퍼 스윕 근사만 수행"",""reason"":""실제 파지·관절 궤적·전 과정 실행 미검증""}}","11.352182946428572","62.5","10","6","0.147648482","992855551","426","","","","112.48076923076923","54.38870380944012","100","100","10.232487134822847","52.42422680412365","0.6908615477336122","0","0","","8.246062499965774","17.172500000102445","14.97327499993844","16.73265500006964","131.93699999945238","62.5","90.81255499062988","44.07816074390942","396.42095747349595","728","2.5768999999854714","","","","","","100","0","0","","","0","100","100","100","100","0.9392999999690801","",""
"pack-greedy","online","randomExceptions","49","7","ab38e2b9","partial","","explicit","proxy","{}","{""support"":485,""load"":190,""bounds"":327,""protocol"":48,""robot-path"":9}","adapter-1.0 / planners-f6ec11d4259a","2.1.0","{""requested"":1,""completed"":1,""outcomes"":[""partial""],""sameWorker"":false}","{""collision"":{""status"":""PASS"",""violations"":0,""checkedPlacements"":11,""scope"":""직육면체 기하·관측 규격 공통 검사"",""reason"":""확정 배치와 최종 적재 상태 검사""},""bounds"":{""status"":""PASS"",""violations"":0,""checkedPlacements"":11,""scope"":""직육면체 기하·관측 규격 공통 검사"",""reason"":""확정 배치와 최종 적재 상태 검사""},""height"":{""status"":""PASS"",""violations"":0,""checkedPlacements"":11,""scope"":""직육면체 기하·관측 규격 공통 검사"",""reason"":""확정 배치와 최종 적재 상태 검사""},""orientation"":{""status"":""PASS"",""violations"":0,""checkedPlacements"":11,""scope"":""직육면체 기하·관측 규격 공통 검사"",""reason"":""확정 배치와 최종 적재 상태 검사""},""load"":{""status"":""PASS"",""violations"":0,""checkedPlacements"":11,""scope"":""입력된 허용 상부하중 · 누적 정적 반력"",""reason"":""입력값 범위의 정적 검사. 실측 재료 인증 아님""},""support"":{""status"":""PASS"",""violations"":0,""checkedPlacements"":11,""scope"":""접촉·합력 작용점·정적 평형"",""reason"":""설정된 지지율·전도 여유 검사. 동적 붕괴·굽힘 파손 미검증""},""payload"":{""status"":""PASS"",""violations"":0,""checkedPlacements"":11,""scope"":""입력 가반하중 · 박스+그리퍼 질량"",""reason"":""사용자가 설정한 가반하중 한계 검사""},""robotCollision"":{""status"":""NOT VERIFIED"",""violations"":0,""checkedPlacements"":11,""scope"":""TCP·그리퍼 스윕 근사만 수행"",""reason"":""전체 로봇 링크 충돌 미검증""},""approach"":{""status"":""NOT VERIFIED"",""violations"":0,""checkedPlacements"":11,""scope"":""TCP·그리퍼 스윕 근사만 수행"",""reason"":""실제 관절 한계·역기구학·접근 자세 미검증""},""sequence"":{""status"":""NOT VERIFIED"",""violations"":0,""checkedPlacements"":11,""scope"":""TCP·그리퍼 스윕 근사만 수행"",""reason"":""실제 파지·관절 궤적·전 과정 실행 미검증""}}","13.443587321428572","68.75","11","5","0.124224753","969431822","410","","","","133.5793650793651","62.19852358865696","100","100","9.91473932472597","52.45","0.562992125984252","0","0","","7.782506249975995","21.23909999988973","15.170399999944493","20.02535999990068","124.52009999961592","68.75","96.37378826903654","47.04296237487375","410.9001079157837","728","2.7800999998580664","","","","","","100","0","0","","","0","100","100","100","100","0.7982999999076128","",""
"pack-tetris","online","randomExceptions","49","7","ab38e2b9","partial","","explicit","proxy","{}","{""support"":485,""load"":190,""bounds"":327,""protocol"":48,""robot-path"":9}","adapter-1.0 / planners-f6ec11d4259a","2.1.0","{""requested"":1,""completed"":1,""outcomes"":[""partial""],""sameWorker"":false}","{""collision"":{""status"":""PASS"",""violations"":0,""checkedPlacements"":11,""scope"":""직육면체 기하·관측 규격 공통 검사"",""reason"":""확정 배치와 최종 적재 상태 검사""},""bounds"":{""status"":""PASS"",""violations"":0,""checkedPlacements"":11,""scope"":""직육면체 기하·관측 규격 공통 검사"",""reason"":""확정 배치와 최종 적재 상태 검사""},""height"":{""status"":""PASS"",""violations"":0,""checkedPlacements"":11,""scope"":""직육면체 기하·관측 규격 공통 검사"",""reason"":""확정 배치와 최종 적재 상태 검사""},""orientation"":{""status"":""PASS"",""violations"":0,""checkedPlacements"":11,""scope"":""직육면체 기하·관측 규격 공통 검사"",""reason"":""확정 배치와 최종 적재 상태 검사""},""load"":{""status"":""PASS"",""violations"":0,""checkedPlacements"":11,""scope"":""입력된 허용 상부하중 · 누적 정적 반력"",""reason"":""입력값 범위의 정적 검사. 실측 재료 인증 아님""},""support"":{""status"":""PASS"",""violations"":0,""checkedPlacements"":11,""scope"":""접촉·합력 작용점·정적 평형"",""reason"":""설정된 지지율·전도 여유 검사. 동적 붕괴·굽힘 파손 미검증""},""payload"":{""status"":""PASS"",""violations"":0,""checkedPlacements"":11,""scope"":""입력 가반하중 · 박스+그리퍼 질량"",""reason"":""사용자가 설정한 가반하중 한계 검사""},""robotCollision"":{""status"":""NOT VERIFIED"",""violations"":0,""checkedPlacements"":11,""scope"":""TCP·그리퍼 스윕 근사만 수행"",""reason"":""전체 로봇 링크 충돌 미검증""},""approach"":{""status"":""NOT VERIFIED"",""violations"":0,""checkedPlacements"":11,""scope"":""TCP·그리퍼 스윕 근사만 수행"",""reason"":""실제 관절 한계·역기구학·접근 자세 미검증""},""sequence"":{""status"":""NOT VERIFIED"",""violations"":0,""checkedPlacements"":11,""scope"":""TCP·그리퍼 스윕 근사만 수행"",""reason"":""실제 파지·관절 궤적·전 과정 실행 미검증""}}","13.443587321428572","68.75","11","5","0.124224753","969431822","410","","","","133.5793650793651","62.19852358865696","100","100","9.91473932472597","52.45","0.562992125984252","0","0","","10.12618125003064","30.9808999998495","24.069575000088662","29.598634999897328","162.01890000049025","68.75","96.37378826903654","47.04296237487375","410.9001079157837","728","3.4385000001639128","","","","","","100","0","0","","","0","100","100","100","100","0.9810000001452863","",""
"pack-beam","online","randomExceptions","49","7","ab38e2b9","partial","","explicit","proxy","{}","{""support"":499,""load"":222,""bounds"":324,""protocol"":43,""robot-path"":26}","adapter-1.0 / planners-f6ec11d4259a","2.1.0","{""requested"":1,""completed"":1,""outcomes"":[""partial""],""sameWorker"":false}","{""collision"":{""status"":""PASS"",""violations"":0,""checkedPlacements"":12,""scope"":""직육면체 기하·관측 규격 공통 검사"",""reason"":""확정 배치와 최종 적재 상태 검사""},""bounds"":{""status"":""PASS"",""violations"":0,""checkedPlacements"":12,""scope"":""직육면체 기하·관측 규격 공통 검사"",""reason"":""확정 배치와 최종 적재 상태 검사""},""height"":{""status"":""PASS"",""violations"":0,""checkedPlacements"":12,""scope"":""직육면체 기하·관측 규격 공통 검사"",""reason"":""확정 배치와 최종 적재 상태 검사""},""orientation"":{""status"":""PASS"",""violations"":0,""checkedPlacements"":12,""scope"":""직육면체 기하·관측 규격 공통 검사"",""reason"":""확정 배치와 최종 적재 상태 검사""},""load"":{""status"":""PASS"",""violations"":0,""checkedPlacements"":12,""scope"":""입력된 허용 상부하중 · 누적 정적 반력"",""reason"":""입력값 범위의 정적 검사. 실측 재료 인증 아님""},""support"":{""status"":""PASS"",""violations"":0,""checkedPlacements"":12,""scope"":""접촉·합력 작용점·정적 평형"",""reason"":""설정된 지지율·전도 여유 검사. 동적 붕괴·굽힘 파손 미검증""},""payload"":{""status"":""PASS"",""violations"":0,""checkedPlacements"":12,""scope"":""입력 가반하중 · 박스+그리퍼 질량"",""reason"":""사용자가 설정한 가반하중 한계 검사""},""robotCollision"":{""status"":""NOT VERIFIED"",""violations"":0,""checkedPlacements"":12,""scope"":""TCP·그리퍼 스윕 근사만 수행"",""reason"":""전체 로봇 링크 충돌 미검증""},""approach"":{""status"":""NOT VERIFIED"",""violations"":0,""checkedPlacements"":12,""scope"":""TCP·그리퍼 스윕 근사만 수행"",""reason"":""실제 관절 한계·역기구학·접근 자세 미검증""},""sequence"":{""status"":""NOT VERIFIED"",""violations"":0,""checkedPlacements"":12,""scope"":""TCP·그리퍼 스윕 근사만 수행"",""reason"":""실제 파지·관절 궤적·전 과정 실행 미검증""}}","16.175747767857143","75","12","4","0.093624556","938831625","603","","","","181.36111111111111","54.66302582867979","100","100","14.57346710708039","52.45","0.562992125984252","0","0","","828.4882437500055","2070.255899999989","1943.5667250000406","2044.9180649999994","13255.811900000088","75","113.0612336290171","53.33980185886112","382.09383192960973","728","4.253199999919161","","","","","","100","0","0","","","0","100","100","100","100","1711.1082000001334","",""
"pack-robust","online","randomExceptions","49","7","ab38e2b9","partial","","explicit","proxy","{}","{""support"":489,""load"":216,""bounds"":326,""robot-path"":37,""protocol"":48}","adapter-1.0 / planners-f6ec11d4259a","2.1.0","{""requested"":1,""completed"":1,""outcomes"":[""partial""],""sameWorker"":false}","{""collision"":{""status"":""PASS"",""violations"":0,""checkedPlacements"":11,""scope"":""직육면체 기하·관측 규격 공통 검사"",""reason"":""확정 배치와 최종 적재 상태 검사""},""bounds"":{""status"":""PASS"",""violations"":0,""checkedPlacements"":11,""scope"":""직육면체 기하·관측 규격 공통 검사"",""reason"":""확정 배치와 최종 적재 상태 검사""},""height"":{""status"":""PASS"",""violations"":0,""checkedPlacements"":11,""scope"":""직육면체 기하·관측 규격 공통 검사"",""reason"":""확정 배치와 최종 적재 상태 검사""},""orientation"":{""status"":""PASS"",""violations"":0,""checkedPlacements"":11,""scope"":""직육면체 기하·관측 규격 공통 검사"",""reason"":""확정 배치와 최종 적재 상태 검사""},""load"":{""status"":""PASS"",""violations"":0,""checkedPlacements"":11,""scope"":""입력된 허용 상부하중 · 누적 정적 반력"",""reason"":""입력값 범위의 정적 검사. 실측 재료 인증 아님""},""support"":{""status"":""PASS"",""violations"":0,""checkedPlacements"":11,""scope"":""접촉·합력 작용점·정적 평형"",""reason"":""설정된 지지율·전도 여유 검사. 동적 붕괴·굽힘 파손 미검증""},""payload"":{""status"":""PASS"",""violations"":0,""checkedPlacements"":11,""scope"":""입력 가반하중 · 박스+그리퍼 질량"",""reason"":""사용자가 설정한 가반하중 한계 검사""},""robotCollision"":{""status"":""NOT VERIFIED"",""violations"":0,""checkedPlacements"":11,""scope"":""TCP·그리퍼 스윕 근사만 수행"",""reason"":""전체 로봇 링크 충돌 미검증""},""approach"":{""status"":""NOT VERIFIED"",""violations"":0,""checkedPlacements"":11,""scope"":""TCP·그리퍼 스윕 근사만 수행"",""reason"":""실제 관절 한계·역기구학·접근 자세 미검증""},""sequence"":{""status"":""NOT VERIFIED"",""violations"":0,""checkedPlacements"":11,""scope"":""TCP·그리퍼 스윕 근사만 수행"",""reason"":""실제 파지·관절 궤적·전 과정 실행 미검증""}}","13.129432321428572","68.75","11","5","0.127743289","972950358","390","","","","124.35","28.15499018330893","100","100","3.025347332544796","52.45","0.562992125984252","0","0","","679.0836562499608","2208.9865000001155","1992.9191499999724","2165.7730300000867","10865.338499999372","68.75","99.42145751019459","48.373947381626486","398.3043599611226","728","13.582500000018626","","","","","","100","0","0","","","0","100","100","100","100","1920.8966999999247","",""
"random","online","randomExceptions","49","7","ab38e2b9","partial","","explicit","proxy","{}","{""bounds"":50,""support"":339,""load"":254,""robot-path"":17,""protocol"":9}","adapter-1.0 / planners-f6ec11d4259a","2.1.0","{""requested"":1,""completed"":1,""outcomes"":[""partial""],""sameWorker"":false}","{""collision"":{""status"":""PASS"",""violations"":0,""checkedPlacements"":14,""scope"":""직육면체 기하·관측 규격 공통 검사"",""reason"":""확정 배치와 최종 적재 상태 검사""},""bounds"":{""status"":""PASS"",""violations"":0,""checkedPlacements"":14,""scope"":""직육면체 기하·관측 규격 공통 검사"",""reason"":""확정 배치와 최종 적재 상태 검사""},""height"":{""status"":""PASS"",""violations"":0,""checkedPlacements"":14,""scope"":""직육면체 기하·관측 규격 공통 검사"",""reason"":""확정 배치와 최종 적재 상태 검사""},""orientation"":{""status"":""PASS"",""violations"":0,""checkedPlacements"":14,""scope"":""직육면체 기하·관측 규격 공통 검사"",""reason"":""확정 배치와 최종 적재 상태 검사""},""load"":{""status"":""PASS"",""violations"":0,""checkedPlacements"":14,""scope"":""입력된 허용 상부하중 · 누적 정적 반력"",""reason"":""입력값 범위의 정적 검사. 실측 재료 인증 아님""},""support"":{""status"":""PASS"",""violations"":0,""checkedPlacements"":14,""scope"":""접촉·합력 작용점·정적 평형"",""reason"":""설정된 지지율·전도 여유 검사. 동적 붕괴·굽힘 파손 미검증""},""payload"":{""status"":""PASS"",""violations"":0,""checkedPlacements"":14,""scope"":""입력 가반하중 · 박스+그리퍼 질량"",""reason"":""사용자가 설정한 가반하중 한계 검사""},""robotCollision"":{""status"":""NOT VERIFIED"",""violations"":0,""checkedPlacements"":14,""scope"":""TCP·그리퍼 스윕 근사만 수행"",""reason"":""전체 로봇 링크 충돌 미검증""},""approach"":{""status"":""NOT VERIFIED"",""violations"":0,""checkedPlacements"":14,""scope"":""TCP·그리퍼 스윕 근사만 수행"",""reason"":""실제 관절 한계·역기구학·접근 자세 미검증""},""sequence"":{""status"":""NOT VERIFIED"",""violations"":0,""checkedPlacements"":14,""scope"":""TCP·그리퍼 스윕 근사만 수행"",""reason"":""실제 파지·관절 궤적·전 과정 실행 미검증""}}","19.416091517857144","87.5","14","2","0.057332706","902539775","971","","","","268.5235294117647","142.98564546725865","99.6798719487795","95.51820728291317","38.557888730082155","52.45","0.3992278902543247","0","0","","15.54655625000305","49.62390000000596","30.83024999994086","45.86516999999293","248.7449000000488","87.5","138.65329795886916","68.02464367326495","363.4965827855816","728","6.625099999830127","","","","","","100","0","0","","","0","100","100","100","100","1.4462000001221895","",""
"bl","online","randomExceptions","49","7","ab38e2b9","partial","","explicit","proxy","{}","{""bounds"":38,""support"":327,""load"":248,""robot-path"":42,""protocol"":8}","adapter-1.0 / planners-f6ec11d4259a","2.1.0","{""requested"":1,""completed"":1,""outcomes"":[""partial""],""sameWorker"":false}","{""collision"":{""status"":""PASS"",""violations"":0,""checkedPlacements"":13,""scope"":""직육면체 기하·관측 규격 공통 검사"",""reason"":""확정 배치와 최종 적재 상태 검사""},""bounds"":{""status"":""PASS"",""violations"":0,""checkedPlacements"":13,""scope"":""직육면체 기하·관측 규격 공통 검사"",""reason"":""확정 배치와 최종 적재 상태 검사""},""height"":{""status"":""PASS"",""violations"":0,""checkedPlacements"":13,""scope"":""직육면체 기하·관측 규격 공통 검사"",""reason"":""확정 배치와 최종 적재 상태 검사""},""orientation"":{""status"":""PASS"",""violations"":0,""checkedPlacements"":13,""scope"":""직육면체 기하·관측 규격 공통 검사"",""reason"":""확정 배치와 최종 적재 상태 검사""},""load"":{""status"":""PASS"",""violations"":0,""checkedPlacements"":13,""scope"":""입력된 허용 상부하중 · 누적 정적 반력"",""reason"":""입력값 범위의 정적 검사. 실측 재료 인증 아님""},""support"":{""status"":""PASS"",""violations"":0,""checkedPlacements"":13,""scope"":""접촉·합력 작용점·정적 평형"",""reason"":""설정된 지지율·전도 여유 검사. 동적 붕괴·굽힘 파손 미검증""},""payload"":{""status"":""PASS"",""violations"":0,""checkedPlacements"":13,""scope"":""입력 가반하중 · 박스+그리퍼 질량"",""reason"":""사용자가 설정한 가반하중 한계 검사""},""robotCollision"":{""status"":""NOT VERIFIED"",""violations"":0,""checkedPlacements"":13,""scope"":""TCP·그리퍼 스윕 근사만 수행"",""reason"":""전체 로봇 링크 충돌 미검증""},""approach"":{""status"":""NOT VERIFIED"",""violations"":0,""checkedPlacements"":13,""scope"":""TCP·그리퍼 스윕 근사만 수행"",""reason"":""실제 관절 한계·역기구학·접근 자세 미검증""},""sequence"":{""status"":""NOT VERIFIED"",""violations"":0,""checkedPlacements"":13,""scope"":""TCP·그리퍼 스윕 근사만 수행"",""reason"":""실제 파지·관절 궤적·전 과정 실행 미검증""}}","16.36977607142857","81.25","13","3","0.091451439","936658508","651","","","","207.47260273972603","112.76840794294681","100","100","20.241188990867972","52.42422680412365","0.41321044546851","0","0","","55.479899999976624","112.66929999995045","109.21450000000186","111.97833999996074","887.678399999626","81.25","124.09879834834707","60.51421892642559","377.1188812693556","730","6.633499999996275","","","","","","100","0","0","","","0","100","100","100","100","8.082999999867752","",""
"greedy","online","randomExceptions","49","7","ab38e2b9","partial","","explicit","proxy","{}","{""support"":337,""load"":232,""robot-path"":14,""protocol"":2}","adapter-1.0 / planners-f6ec11d4259a","2.1.0","{""requested"":1,""completed"":1,""outcomes"":[""partial""],""sameWorker"":false}","{""collision"":{""status"":""PASS"",""violations"":0,""checkedPlacements"":14,""scope"":""직육면체 기하·관측 규격 공통 검사"",""reason"":""확정 배치와 최종 적재 상태 검사""},""bounds"":{""status"":""PASS"",""violations"":0,""checkedPlacements"":14,""scope"":""직육면체 기하·관측 규격 공통 검사"",""reason"":""확정 배치와 최종 적재 상태 검사""},""height"":{""status"":""PASS"",""violations"":0,""checkedPlacements"":14,""scope"":""직육면체 기하·관측 규격 공통 검사"",""reason"":""확정 배치와 최종 적재 상태 검사""},""orientation"":{""status"":""PASS"",""violations"":0,""checkedPlacements"":14,""scope"":""직육면체 기하·관측 규격 공통 검사"",""reason"":""확정 배치와 최종 적재 상태 검사""},""load"":{""status"":""PASS"",""violations"":0,""checkedPlacements"":14,""scope"":""입력된 허용 상부하중 · 누적 정적 반력"",""reason"":""입력값 범위의 정적 검사. 실측 재료 인증 아님""},""support"":{""status"":""PASS"",""violations"":0,""checkedPlacements"":14,""scope"":""접촉·합력 작용점·정적 평형"",""reason"":""설정된 지지율·전도 여유 검사. 동적 붕괴·굽힘 파손 미검증""},""payload"":{""status"":""PASS"",""violations"":0,""checkedPlacements"":14,""scope"":""입력 가반하중 · 박스+그리퍼 질량"",""reason"":""사용자가 설정한 가반하중 한계 검사""},""robotCollision"":{""status"":""NOT VERIFIED"",""violations"":0,""checkedPlacements"":14,""scope"":""TCP·그리퍼 스윕 근사만 수행"",""reason"":""전체 로봇 링크 충돌 미검증""},""approach"":{""status"":""NOT VERIFIED"",""violations"":0,""checkedPlacements"":14,""scope"":""TCP·그리퍼 스윕 근사만 수행"",""reason"":""실제 관절 한계·역기구학·접근 자세 미검증""},""sequence"":{""status"":""NOT VERIFIED"",""violations"":0,""checkedPlacements"":14,""scope"":""TCP·그리퍼 스윕 근사만 수행"",""reason"":""실제 파지·관절 궤적·전 과정 실행 미검증""}}","19.416091517857144","87.5","14","2","0.057332706","902539775","820","","","","275.2176470588235","117.25073951559972","99.45978391356542","95.51820728291317","26.26715834634632","52.45","0.39072847682119205","0","0","","224.08036249999714","508.82539999997243","427.2202249999973","492.5043649999774","3585.285799999954","87.5","138.21859361492585","67.09208584970179","364.63979759780625","730","17.809499999973923","","","","","","100","0","0","","","0","100","100","100","100","44.034100000048056","",""
"rollout","online","randomExceptions","49","7","ab38e2b9","partial","","explicit","proxy","{}","{""support"":277,""load"":218,""robot-path"":14}","adapter-1.0 / planners-f6ec11d4259a","2.1.0","{""requested"":1,""completed"":1,""outcomes"":[""partial""],""sameWorker"":false}","{""collision"":{""status"":""PASS"",""violations"":0,""checkedPlacements"":14,""scope"":""직육면체 기하·관측 규격 공통 검사"",""reason"":""확정 배치와 최종 적재 상태 검사""},""bounds"":{""status"":""PASS"",""violations"":0,""checkedPlacements"":14,""scope"":""직육면체 기하·관측 규격 공통 검사"",""reason"":""확정 배치와 최종 적재 상태 검사""},""height"":{""status"":""PASS"",""violations"":0,""checkedPlacements"":14,""scope"":""직육면체 기하·관측 규격 공통 검사"",""reason"":""확정 배치와 최종 적재 상태 검사""},""orientation"":{""status"":""PASS"",""violations"":0,""checkedPlacements"":14,""scope"":""직육면체 기하·관측 규격 공통 검사"",""reason"":""확정 배치와 최종 적재 상태 검사""},""load"":{""status"":""PASS"",""violations"":0,""checkedPlacements"":14,""scope"":""입력된 허용 상부하중 · 누적 정적 반력"",""reason"":""입력값 범위의 정적 검사. 실측 재료 인증 아님""},""support"":{""status"":""PASS"",""violations"":0,""checkedPlacements"":14,""scope"":""접촉·합력 작용점·정적 평형"",""reason"":""설정된 지지율·전도 여유 검사. 동적 붕괴·굽힘 파손 미검증""},""payload"":{""status"":""PASS"",""violations"":0,""checkedPlacements"":14,""scope"":""입력 가반하중 · 박스+그리퍼 질량"",""reason"":""사용자가 설정한 가반하중 한계 검사""},""robotCollision"":{""status"":""NOT VERIFIED"",""violations"":0,""checkedPlacements"":14,""scope"":""TCP·그리퍼 스윕 근사만 수행"",""reason"":""전체 로봇 링크 충돌 미검증""},""approach"":{""status"":""NOT VERIFIED"",""violations"":0,""checkedPlacements"":14,""scope"":""TCP·그리퍼 스윕 근사만 수행"",""reason"":""실제 관절 한계·역기구학·접근 자세 미검증""},""sequence"":{""status"":""NOT VERIFIED"",""violations"":0,""checkedPlacements"":14,""scope"":""TCP·그리퍼 스윕 근사만 수행"",""reason"":""실제 파지·관절 궤적·전 과정 실행 미검증""}}","19.416091517857144","87.5","14","2","0.057332706","902539775","848","","","","260.82941176470587","95.94162368705952","99.6798719487795","95.51820728291317","23.224000121349974","52.45","0.3296422855659846","0","0","","726.4212125000049","1351.5482000000775","1343.6597750000074","1349.9705150000634","11622.739400000079","87.5","137.70711847978293","66.10962701185892","365.9941516196879","730","6.387199999997392","","","","","","100","0","0","","","0","100","100","100","100","511.51699999999255","",""
"strategy-greedy","online","randomExceptions","49","7","ab38e2b9","partial","","explicit","proxy","{}","{""support"":351,""load"":294,""robot-path"":47,""protocol"":11}","adapter-1.0 / planners-f6ec11d4259a","2.1.0","{""requested"":1,""completed"":1,""outcomes"":[""partial""],""sameWorker"":false}","{""collision"":{""status"":""PASS"",""violations"":0,""checkedPlacements"":11,""scope"":""직육면체 기하·관측 규격 공통 검사"",""reason"":""확정 배치와 최종 적재 상태 검사""},""bounds"":{""status"":""PASS"",""violations"":0,""checkedPlacements"":11,""scope"":""직육면체 기하·관측 규격 공통 검사"",""reason"":""확정 배치와 최종 적재 상태 검사""},""height"":{""status"":""PASS"",""violations"":0,""checkedPlacements"":11,""scope"":""직육면체 기하·관측 규격 공통 검사"",""reason"":""확정 배치와 최종 적재 상태 검사""},""orientation"":{""status"":""PASS"",""violations"":0,""checkedPlacements"":11,""scope"":""직육면체 기하·관측 규격 공통 검사"",""reason"":""확정 배치와 최종 적재 상태 검사""},""load"":{""status"":""PASS"",""violations"":0,""checkedPlacements"":11,""scope"":""입력된 허용 상부하중 · 누적 정적 반력"",""reason"":""입력값 범위의 정적 검사. 실측 재료 인증 아님""},""support"":{""status"":""PASS"",""violations"":0,""checkedPlacements"":11,""scope"":""접촉·합력 작용점·정적 평형"",""reason"":""설정된 지지율·전도 여유 검사. 동적 붕괴·굽힘 파손 미검증""},""payload"":{""status"":""PASS"",""violations"":0,""checkedPlacements"":11,""scope"":""입력 가반하중 · 박스+그리퍼 질량"",""reason"":""사용자가 설정한 가반하중 한계 검사""},""robotCollision"":{""status"":""NOT VERIFIED"",""violations"":0,""checkedPlacements"":11,""scope"":""TCP·그리퍼 스윕 근사만 수행"",""reason"":""전체 로봇 링크 충돌 미검증""},""approach"":{""status"":""NOT VERIFIED"",""violations"":0,""checkedPlacements"":11,""scope"":""TCP·그리퍼 스윕 근사만 수행"",""reason"":""실제 관절 한계·역기구학·접근 자세 미검증""},""sequence"":{""status"":""NOT VERIFIED"",""violations"":0,""checkedPlacements"":11,""scope"":""TCP·그리퍼 스윕 근사만 수행"",""reason"":""실제 파지·관절 궤적·전 과정 실행 미검증""}}","13.999116964285715","68.75","11","5","0.118002821","963209890","434","","","","147.22131147540983","86.76395028505479","100","100","19.097535530796137","67.2","0.5518207282913166","0","0","","20.874731250019977","84.56149999983609","53.6847500000149","78.38614999987183","333.99570000031963","68.75","107.12435122472681","51.430828296072434","369.6638490433106","730","2.806899999966845","","","","","","100","0","0","","","0","100","100","100","100","1.2476000001188368","",""
"macs","online","randomExceptions","49","7","ab38e2b9","partial","","explicit","proxy","{}","{""support"":351,""load"":294,""robot-path"":47,""protocol"":11}","adapter-1.0 / planners-f6ec11d4259a","2.1.0","{""requested"":1,""completed"":1,""outcomes"":[""partial""],""sameWorker"":false}","{""collision"":{""status"":""PASS"",""violations"":0,""checkedPlacements"":11,""scope"":""직육면체 기하·관측 규격 공통 검사"",""reason"":""확정 배치와 최종 적재 상태 검사""},""bounds"":{""status"":""PASS"",""violations"":0,""checkedPlacements"":11,""scope"":""직육면체 기하·관측 규격 공통 검사"",""reason"":""확정 배치와 최종 적재 상태 검사""},""height"":{""status"":""PASS"",""violations"":0,""checkedPlacements"":11,""scope"":""직육면체 기하·관측 규격 공통 검사"",""reason"":""확정 배치와 최종 적재 상태 검사""},""orientation"":{""status"":""PASS"",""violations"":0,""checkedPlacements"":11,""scope"":""직육면체 기하·관측 규격 공통 검사"",""reason"":""확정 배치와 최종 적재 상태 검사""},""load"":{""status"":""PASS"",""violations"":0,""checkedPlacements"":11,""scope"":""입력된 허용 상부하중 · 누적 정적 반력"",""reason"":""입력값 범위의 정적 검사. 실측 재료 인증 아님""},""support"":{""status"":""PASS"",""violations"":0,""checkedPlacements"":11,""scope"":""접촉·합력 작용점·정적 평형"",""reason"":""설정된 지지율·전도 여유 검사. 동적 붕괴·굽힘 파손 미검증""},""payload"":{""status"":""PASS"",""violations"":0,""checkedPlacements"":11,""scope"":""입력 가반하중 · 박스+그리퍼 질량"",""reason"":""사용자가 설정한 가반하중 한계 검사""},""robotCollision"":{""status"":""NOT VERIFIED"",""violations"":0,""checkedPlacements"":11,""scope"":""TCP·그리퍼 스윕 근사만 수행"",""reason"":""전체 로봇 링크 충돌 미검증""},""approach"":{""status"":""NOT VERIFIED"",""violations"":0,""checkedPlacements"":11,""scope"":""TCP·그리퍼 스윕 근사만 수행"",""reason"":""실제 관절 한계·역기구학·접근 자세 미검증""},""sequence"":{""status"":""NOT VERIFIED"",""violations"":0,""checkedPlacements"":11,""scope"":""TCP·그리퍼 스윕 근사만 수행"",""reason"":""실제 파지·관절 궤적·전 과정 실행 미검증""}}","13.999116964285715","68.75","11","5","0.118002821","963209890","434","","","","147.22131147540983","86.76395028505479","100","100","19.097535530796137","67.2","0.5518207282913166","0","0","","17.786556249993737","37.964399999938905","35.71162499993807","37.51384499993873","284.5848999998998","68.75","107.12435122472681","51.430828296072434","369.6638490433106","730","5.777000000001863","","","","","","100","0","0","","","0","100","100","100","100","3.375","",""
"tetris-reserved","online","randomExceptions","49","7","ab38e2b9","partial","","explicit","proxy","{}","{""bounds"":42,""support"":327,""load"":200,""robot-path"":18,""protocol"":4}","adapter-1.0 / planners-f6ec11d4259a","2.1.0","{""requested"":1,""completed"":1,""outcomes"":[""partial""],""sameWorker"":false}","{""collision"":{""status"":""PASS"",""violations"":0,""checkedPlacements"":14,""scope"":""직육면체 기하·관측 규격 공통 검사"",""reason"":""확정 배치와 최종 적재 상태 검사""},""bounds"":{""status"":""PASS"",""violations"":0,""checkedPlacements"":14,""scope"":""직육면체 기하·관측 규격 공통 검사"",""reason"":""확정 배치와 최종 적재 상태 검사""},""height"":{""status"":""PASS"",""violations"":0,""checkedPlacements"":14,""scope"":""직육면체 기하·관측 규격 공통 검사"",""reason"":""확정 배치와 최종 적재 상태 검사""},""orientation"":{""status"":""PASS"",""violations"":0,""checkedPlacements"":14,""scope"":""직육면체 기하·관측 규격 공통 검사"",""reason"":""확정 배치와 최종 적재 상태 검사""},""load"":{""status"":""PASS"",""violations"":0,""checkedPlacements"":14,""scope"":""입력된 허용 상부하중 · 누적 정적 반력"",""reason"":""입력값 범위의 정적 검사. 실측 재료 인증 아님""},""support"":{""status"":""PASS"",""violations"":0,""checkedPlacements"":14,""scope"":""접촉·합력 작용점·정적 평형"",""reason"":""설정된 지지율·전도 여유 검사. 동적 붕괴·굽힘 파손 미검증""},""payload"":{""status"":""PASS"",""violations"":0,""checkedPlacements"":14,""scope"":""입력 가반하중 · 박스+그리퍼 질량"",""reason"":""사용자가 설정한 가반하중 한계 검사""},""robotCollision"":{""status"":""NOT VERIFIED"",""violations"":0,""checkedPlacements"":14,""scope"":""TCP·그리퍼 스윕 근사만 수행"",""reason"":""전체 로봇 링크 충돌 미검증""},""approach"":{""status"":""NOT VERIFIED"",""violations"":0,""checkedPlacements"":14,""scope"":""TCP·그리퍼 스윕 근사만 수행"",""reason"":""실제 관절 한계·역기구학·접근 자세 미검증""},""sequence"":{""status"":""NOT VERIFIED"",""violations"":0,""checkedPlacements"":14,""scope"":""TCP·그리퍼 스윕 근사만 수행"",""reason"":""실제 파지·관절 궤적·전 과정 실행 미검증""}}","19.416091517857144","87.5","14","2","0.057332706","902539775","820","","","","258.17058823529413","117.69874452885136","99.6798719487795","95.51820728291317","35.126391271880934","52.45","0.44748402555910544","0","0","","208.8475125000259","615.4672000000719","519.613750000135","596.2965100000845","3341.5602000004146","87.5","138.00286303818086","66.95186097481756","365.2098144228789","730","5.406100000021979","","","","","","100","0","0","","","0","100","100","100","100","21.185199999948964","",""
"lookahead","online","random","50","8","2111f2cc","partial","","explicit","proxy","{}","{""bounds"":6,""support"":451,""load"":395,""robot-path"":40}","adapter-1.0 / planners-f6ec11d4259a","2.1.0","{""requested"":1,""completed"":1,""outcomes"":[""partial""],""sameWorker"":false}","{""collision"":{""status"":""PASS"",""violations"":0,""checkedPlacements"":16,""scope"":""직육면체 기하·관측 규격 공통 검사"",""reason"":""확정 배치와 최종 적재 상태 검사""},""bounds"":{""status"":""PASS"",""violations"":0,""checkedPlacements"":16,""scope"":""직육면체 기하·관측 규격 공통 검사"",""reason"":""확정 배치와 최종 적재 상태 검사""},""height"":{""status"":""PASS"",""violations"":0,""checkedPlacements"":16,""scope"":""직육면체 기하·관측 규격 공통 검사"",""reason"":""확정 배치와 최종 적재 상태 검사""},""orientation"":{""status"":""PASS"",""violations"":0,""checkedPlacements"":16,""scope"":""직육면체 기하·관측 규격 공통 검사"",""reason"":""확정 배치와 최종 적재 상태 검사""},""load"":{""status"":""PASS"",""violations"":0,""checkedPlacements"":16,""scope"":""입력된 허용 상부하중 · 누적 정적 반력"",""reason"":""입력값 범위의 정적 검사. 실측 재료 인증 아님""},""support"":{""status"":""PASS"",""violations"":0,""checkedPlacements"":16,""scope"":""접촉·합력 작용점·정적 평형"",""reason"":""설정된 지지율·전도 여유 검사. 동적 붕괴·굽힘 파손 미검증""},""payload"":{""status"":""PASS"",""violations"":0,""checkedPlacements"":16,""scope"":""입력 가반하중 · 박스+그리퍼 질량"",""reason"":""사용자가 설정한 가반하중 한계 검사""},""robotCollision"":{""status"":""NOT VERIFIED"",""violations"":0,""checkedPlacements"":16,""scope"":""TCP·그리퍼 스윕 근사만 수행"",""reason"":""전체 로봇 링크 충돌 미검증""},""approach"":{""status"":""NOT VERIFIED"",""violations"":0,""checkedPlacements"":16,""scope"":""TCP·그리퍼 스윕 근사만 수행"",""reason"":""실제 관절 한계·역기구학·접근 자세 미검증""},""sequence"":{""status"":""NOT VERIFIED"",""violations"":0,""checkedPlacements"":16,""scope"":""TCP·그리퍼 스윕 근사만 수행"",""reason"":""실제 파지·관절 궤적·전 과정 실행 미검증""}}","24.205560000000002","88.88888888888889","16","2","0.046427946","848897728","868","","","","301.9","58.24613132268062","100","100","17.950312138341985","52.45","0.3099078341013825","0","0","","171.42108888887904","651.7612999998964","345.67570500003586","590.5441809999238","3085.5795999998227","88.88888888888889","160.7400192921298","79.78101253988437","358.34262216503436","826","7.211299999849871","24.205560000000002","0","88.88888888888889","","","100","0","0","","","0","","","","","","",""
"future-hybrid","online","random","50","8","2111f2cc","partial","","explicit","proxy","{}","{""bounds"":29,""support"":372,""load"":208,""robot-path"":51}","adapter-1.0 / planners-f6ec11d4259a","2.1.0","{""requested"":1,""completed"":1,""outcomes"":[""partial""],""sameWorker"":false}","{""collision"":{""status"":""PASS"",""violations"":0,""checkedPlacements"":16,""scope"":""직육면체 기하·관측 규격 공통 검사"",""reason"":""확정 배치와 최종 적재 상태 검사""},""bounds"":{""status"":""PASS"",""violations"":0,""checkedPlacements"":16,""scope"":""직육면체 기하·관측 규격 공통 검사"",""reason"":""확정 배치와 최종 적재 상태 검사""},""height"":{""status"":""PASS"",""violations"":0,""checkedPlacements"":16,""scope"":""직육면체 기하·관측 규격 공통 검사"",""reason"":""확정 배치와 최종 적재 상태 검사""},""orientation"":{""status"":""PASS"",""violations"":0,""checkedPlacements"":16,""scope"":""직육면체 기하·관측 규격 공통 검사"",""reason"":""확정 배치와 최종 적재 상태 검사""},""load"":{""status"":""PASS"",""violations"":0,""checkedPlacements"":16,""scope"":""입력된 허용 상부하중 · 누적 정적 반력"",""reason"":""입력값 범위의 정적 검사. 실측 재료 인증 아님""},""support"":{""status"":""PASS"",""violations"":0,""checkedPlacements"":16,""scope"":""접촉·합력 작용점·정적 평형"",""reason"":""설정된 지지율·전도 여유 검사. 동적 붕괴·굽힘 파손 미검증""},""payload"":{""status"":""PASS"",""violations"":0,""checkedPlacements"":16,""scope"":""입력 가반하중 · 박스+그리퍼 질량"",""reason"":""사용자가 설정한 가반하중 한계 검사""},""robotCollision"":{""status"":""NOT VERIFIED"",""violations"":0,""checkedPlacements"":16,""scope"":""TCP·그리퍼 스윕 근사만 수행"",""reason"":""전체 로봇 링크 충돌 미검증""},""approach"":{""status"":""NOT VERIFIED"",""violations"":0,""checkedPlacements"":16,""scope"":""TCP·그리퍼 스윕 근사만 수행"",""reason"":""실제 관절 한계·역기구학·접근 자세 미검증""},""sequence"":{""status"":""NOT VERIFIED"",""violations"":0,""checkedPlacements"":16,""scope"":""TCP·그리퍼 스윕 근사만 수행"",""reason"":""실제 파지·관절 궤적·전 과정 실행 미검증""}}","23.231920714285714","88.88888888888889","16","2","0.057332706","859802488","583","","","","199.38288288288288","30.429928715702324","100","100","12.07010151829562","52.45","0.562992125984252","0","0","","380.05440000000976","1173.9776000001002","1040.2587450000456","1147.2338290000891","6840.979200000176","88.88888888888889","165.30335615995304","80.14718150396948","348.45027553018537","826","12.849500000011176","23.231920714285714","0","88.88888888888889","","","100","0","0","","","0","","","","","","",""
"blb","online","random","50","8","2111f2cc","partial","","explicit","proxy","{}","{""bounds"":49,""support"":443,""load"":209,""protocol"":15,""robot-path"":31}","adapter-1.0 / planners-f6ec11d4259a","2.1.0","{""requested"":1,""completed"":1,""outcomes"":[""partial""],""sameWorker"":false}","{""collision"":{""status"":""PASS"",""violations"":0,""checkedPlacements"":15,""scope"":""직육면체 기하·관측 규격 공통 검사"",""reason"":""확정 배치와 최종 적재 상태 검사""},""bounds"":{""status"":""PASS"",""violations"":0,""checkedPlacements"":15,""scope"":""직육면체 기하·관측 규격 공통 검사"",""reason"":""확정 배치와 최종 적재 상태 검사""},""height"":{""status"":""PASS"",""violations"":0,""checkedPlacements"":15,""scope"":""직육면체 기하·관측 규격 공통 검사"",""reason"":""확정 배치와 최종 적재 상태 검사""},""orientation"":{""status"":""PASS"",""violations"":0,""checkedPlacements"":15,""scope"":""직육면체 기하·관측 규격 공통 검사"",""reason"":""확정 배치와 최종 적재 상태 검사""},""load"":{""status"":""PASS"",""violations"":0,""checkedPlacements"":15,""scope"":""입력된 허용 상부하중 · 누적 정적 반력"",""reason"":""입력값 범위의 정적 검사. 실측 재료 인증 아님""},""support"":{""status"":""PASS"",""violations"":0,""checkedPlacements"":15,""scope"":""접촉·합력 작용점·정적 평형"",""reason"":""설정된 지지율·전도 여유 검사. 동적 붕괴·굽힘 파손 미검증""},""payload"":{""status"":""PASS"",""violations"":0,""checkedPlacements"":15,""scope"":""입력 가반하중 · 박스+그리퍼 질량"",""reason"":""사용자가 설정한 가반하중 한계 검사""},""robotCollision"":{""status"":""NOT VERIFIED"",""violations"":0,""checkedPlacements"":15,""scope"":""TCP·그리퍼 스윕 근사만 수행"",""reason"":""전체 로봇 링크 충돌 미검증""},""approach"":{""status"":""NOT VERIFIED"",""violations"":0,""checkedPlacements"":15,""scope"":""TCP·그리퍼 스윕 근사만 수행"",""reason"":""실제 관절 한계·역기구학·접근 자세 미검증""},""sequence"":{""status"":""NOT VERIFIED"",""violations"":0,""checkedPlacements"":15,""scope"":""TCP·그리퍼 스윕 근사만 수행"",""reason"":""실제 파지·관절 궤적·전 과정 실행 미검증""}}","21.15924455357143","83.33333333333333","15","3","0.080546679","883016461","1061","","","","316.0483870967742","129.2498221805482","99.78633313790631","97.47899159663865","31.92445350948368","52.45","0.3099078341013825","0","0","","18.181250000010348","60.619799999985844","38.26837000001684","56.14951399999201","327.26250000018626","83.33333333333333","142.7238349406792","69.3704927114415","378.3530622088749","824","6.892899999860674","21.15924455357143","0","83.33333333333333","","","100","0","0","","","0","","","","","","",""
"pack-first","online","random","50","8","2111f2cc","partial","","explicit","proxy","{}","{""support"":487,""load"":217,""bounds"":392,""protocol"":53,""robot-path"":20}","adapter-1.0 / planners-f6ec11d4259a","2.1.0","{""requested"":1,""completed"":1,""outcomes"":[""partial""],""sameWorker"":false}","{""collision"":{""status"":""PASS"",""violations"":0,""checkedPlacements"":11,""scope"":""직육면체 기하·관측 규격 공통 검사"",""reason"":""확정 배치와 최종 적재 상태 검사""},""bounds"":{""status"":""PASS"",""violations"":0,""checkedPlacements"":11,""scope"":""직육면체 기하·관측 규격 공통 검사"",""reason"":""확정 배치와 최종 적재 상태 검사""},""height"":{""status"":""PASS"",""violations"":0,""checkedPlacements"":11,""scope"":""직육면체 기하·관측 규격 공통 검사"",""reason"":""확정 배치와 최종 적재 상태 검사""},""orientation"":{""status"":""PASS"",""violations"":0,""checkedPlacements"":11,""scope"":""직육면체 기하·관측 규격 공통 검사"",""reason"":""확정 배치와 최종 적재 상태 검사""},""load"":{""status"":""PASS"",""violations"":0,""checkedPlacements"":11,""scope"":""입력된 허용 상부하중 · 누적 정적 반력"",""reason"":""입력값 범위의 정적 검사. 실측 재료 인증 아님""},""support"":{""status"":""PASS"",""violations"":0,""checkedPlacements"":11,""scope"":""접촉·합력 작용점·정적 평형"",""reason"":""설정된 지지율·전도 여유 검사. 동적 붕괴·굽힘 파손 미검증""},""payload"":{""status"":""PASS"",""violations"":0,""checkedPlacements"":11,""scope"":""입력 가반하중 · 박스+그리퍼 질량"",""reason"":""사용자가 설정한 가반하중 한계 검사""},""robotCollision"":{""status"":""NOT VERIFIED"",""violations"":0,""checkedPlacements"":11,""scope"":""TCP·그리퍼 스윕 근사만 수행"",""reason"":""전체 로봇 링크 충돌 미검증""},""approach"":{""status"":""NOT VERIFIED"",""violations"":0,""checkedPlacements"":11,""scope"":""TCP·그리퍼 스윕 근사만 수행"",""reason"":""실제 관절 한계·역기구학·접근 자세 미검증""},""sequence"":{""status"":""NOT VERIFIED"",""violations"":0,""checkedPlacements"":11,""scope"":""TCP·그리퍼 스윕 근사만 수행"",""reason"":""실제 파지·관절 궤적·전 과정 실행 미검증""}}","16.503152767857145","61.111111111111114","11","7","0.132694907","935164689","410","","","","155.35507246376812","67.68004917936169","99.82798439363341","98.10782832996759","14.479577914682123","70.8","0.5518207282913166","0","0","","15.873766666692164","39.86569999996573","33.050485000084144","38.5026569999894","285.72780000045896","61.111111111111114","97.9408615214292","48.06155998892899","404.32562451307035","824","3.4205000000074506","16.503152767857145","0","61.111111111111114","","","100","0","0","","","0","","","","","","",""
"pack-greedy","online","random","50","8","2111f2cc","partial","","explicit","proxy","{}","{""support"":550,""load"":299,""bounds"":371,""robot-path"":15,""protocol"":55}","adapter-1.0 / planners-f6ec11d4259a","2.1.0","{""requested"":1,""completed"":1,""outcomes"":[""partial""],""sameWorker"":false}","{""collision"":{""status"":""PASS"",""violations"":0,""checkedPlacements"":14,""scope"":""직육면체 기하·관측 규격 공통 검사"",""reason"":""확정 배치와 최종 적재 상태 검사""},""bounds"":{""status"":""PASS"",""violations"":0,""checkedPlacements"":14,""scope"":""직육면체 기하·관측 규격 공통 검사"",""reason"":""확정 배치와 최종 적재 상태 검사""},""height"":{""status"":""PASS"",""violations"":0,""checkedPlacements"":14,""scope"":""직육면체 기하·관측 규격 공통 검사"",""reason"":""확정 배치와 최종 적재 상태 검사""},""orientation"":{""status"":""PASS"",""violations"":0,""checkedPlacements"":14,""scope"":""직육면체 기하·관측 규격 공통 검사"",""reason"":""확정 배치와 최종 적재 상태 검사""},""load"":{""status"":""PASS"",""violations"":0,""checkedPlacements"":14,""scope"":""입력된 허용 상부하중 · 누적 정적 반력"",""reason"":""입력값 범위의 정적 검사. 실측 재료 인증 아님""},""support"":{""status"":""PASS"",""violations"":0,""checkedPlacements"":14,""scope"":""접촉·합력 작용점·정적 평형"",""reason"":""설정된 지지율·전도 여유 검사. 동적 붕괴·굽힘 파손 미검증""},""payload"":{""status"":""PASS"",""violations"":0,""checkedPlacements"":14,""scope"":""입력 가반하중 · 박스+그리퍼 질량"",""reason"":""사용자가 설정한 가반하중 한계 검사""},""robotCollision"":{""status"":""NOT VERIFIED"",""violations"":0,""checkedPlacements"":14,""scope"":""TCP·그리퍼 스윕 근사만 수행"",""reason"":""전체 로봇 링크 충돌 미검증""},""approach"":{""status"":""NOT VERIFIED"",""violations"":0,""checkedPlacements"":14,""scope"":""TCP·그리퍼 스윕 근사만 수행"",""reason"":""실제 관절 한계·역기구학·접근 자세 미검증""},""sequence"":{""status"":""NOT VERIFIED"",""violations"":0,""checkedPlacements"":14,""scope"":""TCP·그리퍼 스윕 근사만 수행"",""reason"":""실제 파지·관절 궤적·전 과정 실행 미검증""}}","18.112929107142858","77.77777777777777","14","4","0.114665412","917135194","1061","","","","319.11728395061726","11.840751617702438","99.34472322653401","95.30791788856305","6.143304993668776","52.45","0.3054377532749034","0","0","","10.423211111143852","24.846200000029057","24.08324000000721","24.693608000024685","187.61780000058934","77.77777777777777","128.77664614304038","62.90481999297625","391.37531151430613","824","5.989000000059605","18.112929107142858","0","77.77777777777777","","","100","0","0","","","0","","","","","","",""
"pack-tetris","online","random","50","8","2111f2cc","partial","","explicit","proxy","{}","{""support"":550,""load"":299,""bounds"":371,""robot-path"":15,""protocol"":55}","adapter-1.0 / planners-f6ec11d4259a","2.1.0","{""requested"":1,""completed"":1,""outcomes"":[""partial""],""sameWorker"":false}","{""collision"":{""status"":""PASS"",""violations"":0,""checkedPlacements"":14,""scope"":""직육면체 기하·관측 규격 공통 검사"",""reason"":""확정 배치와 최종 적재 상태 검사""},""bounds"":{""status"":""PASS"",""violations"":0,""checkedPlacements"":14,""scope"":""직육면체 기하·관측 규격 공통 검사"",""reason"":""확정 배치와 최종 적재 상태 검사""},""height"":{""status"":""PASS"",""violations"":0,""checkedPlacements"":14,""scope"":""직육면체 기하·관측 규격 공통 검사"",""reason"":""확정 배치와 최종 적재 상태 검사""},""orientation"":{""status"":""PASS"",""violations"":0,""checkedPlacements"":14,""scope"":""직육면체 기하·관측 규격 공통 검사"",""reason"":""확정 배치와 최종 적재 상태 검사""},""load"":{""status"":""PASS"",""violations"":0,""checkedPlacements"":14,""scope"":""입력된 허용 상부하중 · 누적 정적 반력"",""reason"":""입력값 범위의 정적 검사. 실측 재료 인증 아님""},""support"":{""status"":""PASS"",""violations"":0,""checkedPlacements"":14,""scope"":""접촉·합력 작용점·정적 평형"",""reason"":""설정된 지지율·전도 여유 검사. 동적 붕괴·굽힘 파손 미검증""},""payload"":{""status"":""PASS"",""violations"":0,""checkedPlacements"":14,""scope"":""입력 가반하중 · 박스+그리퍼 질량"",""reason"":""사용자가 설정한 가반하중 한계 검사""},""robotCollision"":{""status"":""NOT VERIFIED"",""violations"":0,""checkedPlacements"":14,""scope"":""TCP·그리퍼 스윕 근사만 수행"",""reason"":""전체 로봇 링크 충돌 미검증""},""approach"":{""status"":""NOT VERIFIED"",""violations"":0,""checkedPlacements"":14,""scope"":""TCP·그리퍼 스윕 근사만 수행"",""reason"":""실제 관절 한계·역기구학·접근 자세 미검증""},""sequence"":{""status"":""NOT VERIFIED"",""violations"":0,""checkedPlacements"":14,""scope"":""TCP·그리퍼 스윕 근사만 수행"",""reason"":""실제 파지·관절 궤적·전 과정 실행 미검증""}}","18.112929107142858","77.77777777777777","14","4","0.114665412","917135194","1061","","","","319.11728395061726","11.840751617702438","99.34472322653401","95.30791788856305","6.143304993668776","52.45","0.3054377532749034","0","0","","10.5297888888874","24.500800000037998","21.793040000065226","23.959248000043438","189.53619999997318","77.77777777777777","128.77664614304038","62.90481999297625","391.37531151430613","824","6.44109999993816","18.112929107142858","0","77.77777777777777","","","100","0","0","","","0","","","","","","",""
"pack-beam","online","random","50","8","2111f2cc","partial","","explicit","proxy","{}","{""support"":487,""load"":221,""bounds"":396,""protocol"":51,""robot-path"":21}","adapter-1.0 / planners-f6ec11d4259a","2.1.0","{""requested"":1,""completed"":1,""outcomes"":[""partial""],""sameWorker"":false}","{""collision"":{""status"":""PASS"",""violations"":0,""checkedPlacements"":11,""scope"":""직육면체 기하·관측 규격 공통 검사"",""reason"":""확정 배치와 최종 적재 상태 검사""},""bounds"":{""status"":""PASS"",""violations"":0,""checkedPlacements"":11,""scope"":""직육면체 기하·관측 규격 공통 검사"",""reason"":""확정 배치와 최종 적재 상태 검사""},""height"":{""status"":""PASS"",""violations"":0,""checkedPlacements"":11,""scope"":""직육면체 기하·관측 규격 공통 검사"",""reason"":""확정 배치와 최종 적재 상태 검사""},""orientation"":{""status"":""PASS"",""violations"":0,""checkedPlacements"":11,""scope"":""직육면체 기하·관측 규격 공통 검사"",""reason"":""확정 배치와 최종 적재 상태 검사""},""load"":{""status"":""PASS"",""violations"":0,""checkedPlacements"":11,""scope"":""입력된 허용 상부하중 · 누적 정적 반력"",""reason"":""입력값 범위의 정적 검사. 실측 재료 인증 아님""},""support"":{""status"":""PASS"",""violations"":0,""checkedPlacements"":11,""scope"":""접촉·합력 작용점·정적 평형"",""reason"":""설정된 지지율·전도 여유 검사. 동적 붕괴·굽힘 파손 미검증""},""payload"":{""status"":""PASS"",""violations"":0,""checkedPlacements"":11,""scope"":""입력 가반하중 · 박스+그리퍼 질량"",""reason"":""사용자가 설정한 가반하중 한계 검사""},""robotCollision"":{""status"":""NOT VERIFIED"",""violations"":0,""checkedPlacements"":11,""scope"":""TCP·그리퍼 스윕 근사만 수행"",""reason"":""전체 로봇 링크 충돌 미검증""},""approach"":{""status"":""NOT VERIFIED"",""violations"":0,""checkedPlacements"":11,""scope"":""TCP·그리퍼 스윕 근사만 수행"",""reason"":""실제 관절 한계·역기구학·접근 자세 미검증""},""sequence"":{""status"":""NOT VERIFIED"",""violations"":0,""checkedPlacements"":11,""scope"":""TCP·그리퍼 스윕 근사만 수행"",""reason"":""실제 파지·관절 궤적·전 과정 실행 미검증""}}","16.503152767857145","61.111111111111114","11","7","0.132694907","935164689","410","","","","170.3985507246377","90.3656583881345","100","100","14.846887333768546","68.43946280991736","0.5913705583756346","0","0","","968.7262277777902","2930.660299999872","2626.6832999999747","2869.8648999998923","17437.072100000223","61.111111111111114","102.77695275240217","48.6050192890614","385.3003902090729","824","2.597099999897182","16.503152767857145","0","61.111111111111114","","","100","0","0","","","0","","","","","","",""
"pack-robust","online","random","50","8","2111f2cc","partial","","explicit","proxy","{}","{""support"":487,""load"":221,""bounds"":396,""protocol"":51,""robot-path"":21}","adapter-1.0 / planners-f6ec11d4259a","2.1.0","{""requested"":1,""completed"":1,""outcomes"":[""partial""],""sameWorker"":false}","{""collision"":{""status"":""PASS"",""violations"":0,""checkedPlacements"":11,""scope"":""직육면체 기하·관측 규격 공통 검사"",""reason"":""확정 배치와 최종 적재 상태 검사""},""bounds"":{""status"":""PASS"",""violations"":0,""checkedPlacements"":11,""scope"":""직육면체 기하·관측 규격 공통 검사"",""reason"":""확정 배치와 최종 적재 상태 검사""},""height"":{""status"":""PASS"",""violations"":0,""checkedPlacements"":11,""scope"":""직육면체 기하·관측 규격 공통 검사"",""reason"":""확정 배치와 최종 적재 상태 검사""},""orientation"":{""status"":""PASS"",""violations"":0,""checkedPlacements"":11,""scope"":""직육면체 기하·관측 규격 공통 검사"",""reason"":""확정 배치와 최종 적재 상태 검사""},""load"":{""status"":""PASS"",""violations"":0,""checkedPlacements"":11,""scope"":""입력된 허용 상부하중 · 누적 정적 반력"",""reason"":""입력값 범위의 정적 검사. 실측 재료 인증 아님""},""support"":{""status"":""PASS"",""violations"":0,""checkedPlacements"":11,""scope"":""접촉·합력 작용점·정적 평형"",""reason"":""설정된 지지율·전도 여유 검사. 동적 붕괴·굽힘 파손 미검증""},""payload"":{""status"":""PASS"",""violations"":0,""checkedPlacements"":11,""scope"":""입력 가반하중 · 박스+그리퍼 질량"",""reason"":""사용자가 설정한 가반하중 한계 검사""},""robotCollision"":{""status"":""NOT VERIFIED"",""violations"":0,""checkedPlacements"":11,""scope"":""TCP·그리퍼 스윕 근사만 수행"",""reason"":""전체 로봇 링크 충돌 미검증""},""approach"":{""status"":""NOT VERIFIED"",""violations"":0,""checkedPlacements"":11,""scope"":""TCP·그리퍼 스윕 근사만 수행"",""reason"":""실제 관절 한계·역기구학·접근 자세 미검증""},""sequence"":{""status"":""NOT VERIFIED"",""violations"":0,""checkedPlacements"":11,""scope"":""TCP·그리퍼 스윕 근사만 수행"",""reason"":""실제 파지·관절 궤적·전 과정 실행 미검증""}}","16.503152767857145","61.111111111111114","11","7","0.132694907","935164689","410","","","","170.3985507246377","90.3656583881345","100","100","14.846887333768546","68.43946280991736","0.5913705583756346","0","0","","854.7705166666872","2703.09990000003","2309.760870000056","2624.432094000035","15385.86930000037","61.111111111111114","102.77695275240217","48.6050192890614","385.3003902090729","824","2.390499999979511","16.503152767857145","0","61.111111111111114","","","100","0","0","","","0","","","","","","",""
"random","online","random","50","8","2111f2cc","partial","","explicit","proxy","{}","{""bounds"":34,""support"":490,""load"":259,""protocol"":26,""robot-path"":18}","adapter-1.0 / planners-f6ec11d4259a","2.1.0","{""requested"":1,""completed"":1,""outcomes"":[""partial""],""sameWorker"":false}","{""collision"":{""status"":""PASS"",""violations"":0,""checkedPlacements"":12,""scope"":""직육면체 기하·관측 규격 공통 검사"",""reason"":""확정 배치와 최종 적재 상태 검사""},""bounds"":{""status"":""PASS"",""violations"":0,""checkedPlacements"":12,""scope"":""직육면체 기하·관측 규격 공통 검사"",""reason"":""확정 배치와 최종 적재 상태 검사""},""height"":{""status"":""PASS"",""violations"":0,""checkedPlacements"":12,""scope"":""직육면체 기하·관측 규격 공통 검사"",""reason"":""확정 배치와 최종 적재 상태 검사""},""orientation"":{""status"":""PASS"",""violations"":0,""checkedPlacements"":12,""scope"":""직육면체 기하·관측 규격 공통 검사"",""reason"":""확정 배치와 최종 적재 상태 검사""},""load"":{""status"":""PASS"",""violations"":0,""checkedPlacements"":12,""scope"":""입력된 허용 상부하중 · 누적 정적 반력"",""reason"":""입력값 범위의 정적 검사. 실측 재료 인증 아님""},""support"":{""status"":""PASS"",""violations"":0,""checkedPlacements"":12,""scope"":""접촉·합력 작용점·정적 평형"",""reason"":""설정된 지지율·전도 여유 검사. 동적 붕괴·굽힘 파손 미검증""},""payload"":{""status"":""PASS"",""violations"":0,""checkedPlacements"":12,""scope"":""입력 가반하중 · 박스+그리퍼 질량"",""reason"":""사용자가 설정한 가반하중 한계 검사""},""robotCollision"":{""status"":""NOT VERIFIED"",""violations"":0,""checkedPlacements"":12,""scope"":""TCP·그리퍼 스윕 근사만 수행"",""reason"":""전체 로봇 링크 충돌 미검증""},""approach"":{""status"":""NOT VERIFIED"",""violations"":0,""checkedPlacements"":12,""scope"":""TCP·그리퍼 스윕 근사만 수행"",""reason"":""실제 관절 한계·역기구학·접근 자세 미검증""},""sequence"":{""status"":""NOT VERIFIED"",""violations"":0,""checkedPlacements"":12,""scope"":""TCP·그리퍼 스윕 근사만 수행"",""reason"":""실제 파지·관절 궤적·전 과정 실행 미검증""}}","15.827496428571427","66.66666666666667","12","6","0.140262258","942732040","607","","","","193.21014492753622","58.69004177874436","99.6265172735761","95.51820728291317","17.435889553635313","52.45","0.5026525198938993","0","0","","13.43188888890048","31.10330000007525","28.812550000019833","30.645150000064163","241.77400000020862","66.66666666666667","119.05951477393509","55.93868460305779","362.8437431651409","824","3.5032999999821186","15.827496428571427","0","66.66666666666667","","","100","0","0","","","0","","","","","","",""
"bl","online","random","50","8","2111f2cc","partial","","explicit","proxy","{}","{""bounds"":43,""support"":442,""load"":251,""robot-path"":28,""protocol"":13}","adapter-1.0 / planners-f6ec11d4259a","2.1.0","{""requested"":1,""completed"":1,""outcomes"":[""partial""],""sameWorker"":false}","{""collision"":{""status"":""PASS"",""violations"":0,""checkedPlacements"":15,""scope"":""직육면체 기하·관측 규격 공통 검사"",""reason"":""확정 배치와 최종 적재 상태 검사""},""bounds"":{""status"":""PASS"",""violations"":0,""checkedPlacements"":15,""scope"":""직육면체 기하·관측 규격 공통 검사"",""reason"":""확정 배치와 최종 적재 상태 검사""},""height"":{""status"":""PASS"",""violations"":0,""checkedPlacements"":15,""scope"":""직육면체 기하·관측 규격 공통 검사"",""reason"":""확정 배치와 최종 적재 상태 검사""},""orientation"":{""status"":""PASS"",""violations"":0,""checkedPlacements"":15,""scope"":""직육면체 기하·관측 규격 공통 검사"",""reason"":""확정 배치와 최종 적재 상태 검사""},""load"":{""status"":""PASS"",""violations"":0,""checkedPlacements"":15,""scope"":""입력된 허용 상부하중 · 누적 정적 반력"",""reason"":""입력값 범위의 정적 검사. 실측 재료 인증 아님""},""support"":{""status"":""PASS"",""violations"":0,""checkedPlacements"":15,""scope"":""접촉·합력 작용점·정적 평형"",""reason"":""설정된 지지율·전도 여유 검사. 동적 붕괴·굽힘 파손 미검증""},""payload"":{""status"":""PASS"",""violations"":0,""checkedPlacements"":15,""scope"":""입력 가반하중 · 박스+그리퍼 질량"",""reason"":""사용자가 설정한 가반하중 한계 검사""},""robotCollision"":{""status"":""NOT VERIFIED"",""violations"":0,""checkedPlacements"":15,""scope"":""TCP·그리퍼 스윕 근사만 수행"",""reason"":""전체 로봇 링크 충돌 미검증""},""approach"":{""status"":""NOT VERIFIED"",""violations"":0,""checkedPlacements"":15,""scope"":""TCP·그리퍼 스윕 근사만 수행"",""reason"":""실제 관절 한계·역기구학·접근 자세 미검증""},""sequence"":{""status"":""NOT VERIFIED"",""violations"":0,""checkedPlacements"":15,""scope"":""TCP·그리퍼 스윕 근사만 수행"",""reason"":""실제 파지·관절 궤적·전 과정 실행 미검증""}}","21.15924455357143","83.33333333333333","15","3","0.080546679","883016461","1061","","","","315.2956989247312","126.95893973371717","99.86856345492583","98.71244635193133","29.358439989528463","52.45","0.3099078341013825","0","0","","40.988661111099645","88.73889999999665","79.04558500016572","86.80023700003045","737.7958999997936","83.33333333333333","145.07584976127006","70.89930234482556","372.2190846295909","826","5.967799999983981","21.15924455357143","0","83.33333333333333","","","100","0","0","","","0","","","","","","",""
"greedy","online","random","50","8","2111f2cc","partial","","explicit","proxy","{}","{""bounds"":6,""support"":422,""load"":297,""robot-path"":18}","adapter-1.0 / planners-f6ec11d4259a","2.1.0","{""requested"":1,""completed"":1,""outcomes"":[""partial""],""sameWorker"":false}","{""collision"":{""status"":""PASS"",""violations"":0,""checkedPlacements"":16,""scope"":""직육면체 기하·관측 규격 공통 검사"",""reason"":""확정 배치와 최종 적재 상태 검사""},""bounds"":{""status"":""PASS"",""violations"":0,""checkedPlacements"":16,""scope"":""직육면체 기하·관측 규격 공통 검사"",""reason"":""확정 배치와 최종 적재 상태 검사""},""height"":{""status"":""PASS"",""violations"":0,""checkedPlacements"":16,""scope"":""직육면체 기하·관측 규격 공통 검사"",""reason"":""확정 배치와 최종 적재 상태 검사""},""orientation"":{""status"":""PASS"",""violations"":0,""checkedPlacements"":16,""scope"":""직육면체 기하·관측 규격 공통 검사"",""reason"":""확정 배치와 최종 적재 상태 검사""},""load"":{""status"":""PASS"",""violations"":0,""checkedPlacements"":16,""scope"":""입력된 허용 상부하중 · 누적 정적 반력"",""reason"":""입력값 범위의 정적 검사. 실측 재료 인증 아님""},""support"":{""status"":""PASS"",""violations"":0,""checkedPlacements"":16,""scope"":""접촉·합력 작용점·정적 평형"",""reason"":""설정된 지지율·전도 여유 검사. 동적 붕괴·굽힘 파손 미검증""},""payload"":{""status"":""PASS"",""violations"":0,""checkedPlacements"":16,""scope"":""입력 가반하중 · 박스+그리퍼 질량"",""reason"":""사용자가 설정한 가반하중 한계 검사""},""robotCollision"":{""status"":""NOT VERIFIED"",""violations"":0,""checkedPlacements"":16,""scope"":""TCP·그리퍼 스윕 근사만 수행"",""reason"":""전체 로봇 링크 충돌 미검증""},""approach"":{""status"":""NOT VERIFIED"",""violations"":0,""checkedPlacements"":16,""scope"":""TCP·그리퍼 스윕 근사만 수행"",""reason"":""실제 관절 한계·역기구학·접근 자세 미검증""},""sequence"":{""status"":""NOT VERIFIED"",""violations"":0,""checkedPlacements"":16,""scope"":""TCP·그리퍼 스윕 근사만 수행"",""reason"":""실제 파지·관절 궤적·전 과정 실행 미검증""}}","24.205560000000002","88.88888888888889","16","2","0.046427946","848897728","1254","","","","356.33809523809526","133.7160616657262","100","100","35.018066631647635","49.604870129870115","0.3099078341013825","0","0","","136.9418888888839","288.23199999984354","287.5102650000481","288.0876529998844","2464.9539999999106","88.88888888888889","152.55140735904374","73.80841478337844","377.577637579135","826","8.315899999812245","24.205560000000002","0","88.88888888888889","","","100","0","0","","","0","","","","","","",""
"rollout","online","random","50","8","2111f2cc","partial","","explicit","proxy","{}","{""bounds"":6,""support"":413,""load"":366,""robot-path"":3}","adapter-1.0 / planners-f6ec11d4259a","2.1.0","{""requested"":1,""completed"":1,""outcomes"":[""partial""],""sameWorker"":false}","{""collision"":{""status"":""PASS"",""violations"":0,""checkedPlacements"":16,""scope"":""직육면체 기하·관측 규격 공통 검사"",""reason"":""확정 배치와 최종 적재 상태 검사""},""bounds"":{""status"":""PASS"",""violations"":0,""checkedPlacements"":16,""scope"":""직육면체 기하·관측 규격 공통 검사"",""reason"":""확정 배치와 최종 적재 상태 검사""},""height"":{""status"":""PASS"",""violations"":0,""checkedPlacements"":16,""scope"":""직육면체 기하·관측 규격 공통 검사"",""reason"":""확정 배치와 최종 적재 상태 검사""},""orientation"":{""status"":""PASS"",""violations"":0,""checkedPlacements"":16,""scope"":""직육면체 기하·관측 규격 공통 검사"",""reason"":""확정 배치와 최종 적재 상태 검사""},""load"":{""status"":""PASS"",""violations"":0,""checkedPlacements"":16,""scope"":""입력된 허용 상부하중 · 누적 정적 반력"",""reason"":""입력값 범위의 정적 검사. 실측 재료 인증 아님""},""support"":{""status"":""PASS"",""violations"":0,""checkedPlacements"":16,""scope"":""접촉·합력 작용점·정적 평형"",""reason"":""설정된 지지율·전도 여유 검사. 동적 붕괴·굽힘 파손 미검증""},""payload"":{""status"":""PASS"",""violations"":0,""checkedPlacements"":16,""scope"":""입력 가반하중 · 박스+그리퍼 질량"",""reason"":""사용자가 설정한 가반하중 한계 검사""},""robotCollision"":{""status"":""NOT VERIFIED"",""violations"":0,""checkedPlacements"":16,""scope"":""TCP·그리퍼 스윕 근사만 수행"",""reason"":""전체 로봇 링크 충돌 미검증""},""approach"":{""status"":""NOT VERIFIED"",""violations"":0,""checkedPlacements"":16,""scope"":""TCP·그리퍼 스윕 근사만 수행"",""reason"":""실제 관절 한계·역기구학·접근 자세 미검증""},""sequence"":{""status"":""NOT VERIFIED"",""violations"":0,""checkedPlacements"":16,""scope"":""TCP·그리퍼 스윕 근사만 수행"",""reason"":""실제 파지·관절 궤적·전 과정 실행 미검증""}}","24.205560000000002","88.88888888888889","16","2","0.046427946","848897728","1254","","","","376.1190476190476","108.5283801457119","99.94703389830508","99.15254237288136","32.283171995697664","52.45","0.3099078341013825","0","0","","565.6434999999926","1179.221099999966","1075.4684849998912","1158.470576999951","10181.582999999868","88.88888888888889","156.54676457304885","76.40539697248175","367.94117180954146","826","6.67809999990277","24.205560000000002","0","88.88888888888889","","","100","0","0","","","0","","","","","","",""
"strategy-greedy","online","random","50","8","2111f2cc","partial","","explicit","proxy","{}","{""bounds"":6,""support"":409,""load"":469,""robot-path"":39}","adapter-1.0 / planners-f6ec11d4259a","2.1.0","{""requested"":1,""completed"":1,""outcomes"":[""partial""],""sameWorker"":false}","{""collision"":{""status"":""PASS"",""violations"":0,""checkedPlacements"":15,""scope"":""직육면체 기하·관측 규격 공통 검사"",""reason"":""확정 배치와 최종 적재 상태 검사""},""bounds"":{""status"":""PASS"",""violations"":0,""checkedPlacements"":15,""scope"":""직육면체 기하·관측 규격 공통 검사"",""reason"":""확정 배치와 최종 적재 상태 검사""},""height"":{""status"":""PASS"",""violations"":0,""checkedPlacements"":15,""scope"":""직육면체 기하·관측 규격 공통 검사"",""reason"":""확정 배치와 최종 적재 상태 검사""},""orientation"":{""status"":""PASS"",""violations"":0,""checkedPlacements"":15,""scope"":""직육면체 기하·관측 규격 공통 검사"",""reason"":""확정 배치와 최종 적재 상태 검사""},""load"":{""status"":""PASS"",""violations"":0,""checkedPlacements"":15,""scope"":""입력된 허용 상부하중 · 누적 정적 반력"",""reason"":""입력값 범위의 정적 검사. 실측 재료 인증 아님""},""support"":{""status"":""PASS"",""violations"":0,""checkedPlacements"":15,""scope"":""접촉·합력 작용점·정적 평형"",""reason"":""설정된 지지율·전도 여유 검사. 동적 붕괴·굽힘 파손 미검증""},""payload"":{""status"":""PASS"",""violations"":0,""checkedPlacements"":15,""scope"":""입력 가반하중 · 박스+그리퍼 질량"",""reason"":""사용자가 설정한 가반하중 한계 검사""},""robotCollision"":{""status"":""NOT VERIFIED"",""violations"":0,""checkedPlacements"":15,""scope"":""TCP·그리퍼 스윕 근사만 수행"",""reason"":""전체 로봇 링크 충돌 미검증""},""approach"":{""status"":""NOT VERIFIED"",""violations"":0,""checkedPlacements"":15,""scope"":""TCP·그리퍼 스윕 근사만 수행"",""reason"":""실제 관절 한계·역기구학·접근 자세 미검증""},""sequence"":{""status"":""NOT VERIFIED"",""violations"":0,""checkedPlacements"":15,""scope"":""TCP·그리퍼 스윕 근사만 수행"",""reason"":""실제 파지·관절 궤적·전 과정 실행 미검증""}}","22.428310625","83.33333333333333","15","3","0.066333139","868802921","1230","","","","377.0257731958763","188.78992308081607","100","100","39.47954396542428","52.45","0.330718954248366","0","0","","13.11001666668906","31.80169999995269","20.874609999952355","29.616281999952605","235.98030000040308","83.33333333333333","147.9434768878824","71.46325997712358","365.00426470930785","826","4.239199999952689","22.428310625","0","83.33333333333333","","","100","0","0","","","0","","","","","","",""
"macs","online","random","50","8","2111f2cc","partial","","explicit","proxy","{}","{""bounds"":6,""support"":393,""load"":465,""robot-path"":39}","adapter-1.0 / planners-f6ec11d4259a","2.1.0","{""requested"":1,""completed"":1,""outcomes"":[""partial""],""sameWorker"":false}","{""collision"":{""status"":""PASS"",""violations"":0,""checkedPlacements"":15,""scope"":""직육면체 기하·관측 규격 공통 검사"",""reason"":""확정 배치와 최종 적재 상태 검사""},""bounds"":{""status"":""PASS"",""violations"":0,""checkedPlacements"":15,""scope"":""직육면체 기하·관측 규격 공통 검사"",""reason"":""확정 배치와 최종 적재 상태 검사""},""height"":{""status"":""PASS"",""violations"":0,""checkedPlacements"":15,""scope"":""직육면체 기하·관측 규격 공통 검사"",""reason"":""확정 배치와 최종 적재 상태 검사""},""orientation"":{""status"":""PASS"",""violations"":0,""checkedPlacements"":15,""scope"":""직육면체 기하·관측 규격 공통 검사"",""reason"":""확정 배치와 최종 적재 상태 검사""},""load"":{""status"":""PASS"",""violations"":0,""checkedPlacements"":15,""scope"":""입력된 허용 상부하중 · 누적 정적 반력"",""reason"":""입력값 범위의 정적 검사. 실측 재료 인증 아님""},""support"":{""status"":""PASS"",""violations"":0,""checkedPlacements"":15,""scope"":""접촉·합력 작용점·정적 평형"",""reason"":""설정된 지지율·전도 여유 검사. 동적 붕괴·굽힘 파손 미검증""},""payload"":{""status"":""PASS"",""violations"":0,""checkedPlacements"":15,""scope"":""입력 가반하중 · 박스+그리퍼 질량"",""reason"":""사용자가 설정한 가반하중 한계 검사""},""robotCollision"":{""status"":""NOT VERIFIED"",""violations"":0,""checkedPlacements"":15,""scope"":""TCP·그리퍼 스윕 근사만 수행"",""reason"":""전체 로봇 링크 충돌 미검증""},""approach"":{""status"":""NOT VERIFIED"",""violations"":0,""checkedPlacements"":15,""scope"":""TCP·그리퍼 스윕 근사만 수행"",""reason"":""실제 관절 한계·역기구학·접근 자세 미검증""},""sequence"":{""status"":""NOT VERIFIED"",""violations"":0,""checkedPlacements"":15,""scope"":""TCP·그리퍼 스윕 근사만 수행"",""reason"":""실제 파지·관절 궤적·전 과정 실행 미검증""}}","22.428310625","83.33333333333333","15","3","0.066333139","868802921","1230","","","","403.67525773195877","192.83701239368247","100","100","40.67413518398409","52.45","0.324327739942428","0","0","","22.27573888889876","84.6746999998577","54.52502999997227","78.64476599988056","400.9633000001777","83.33333333333333","146.7300485801626","70.02453157710569","368.022777355644","826","9.497399999992922","22.428310625","0","83.33333333333333","","","100","0","0","","","0","","","","","","",""
"tetris-reserved","online","random","50","8","2111f2cc","partial","","explicit","proxy","{}","{""bounds"":33,""support"":425,""load"":287,""robot-path"":20,""protocol"":15}","adapter-1.0 / planners-f6ec11d4259a","2.1.0","{""requested"":1,""completed"":1,""outcomes"":[""partial""],""sameWorker"":false}","{""collision"":{""status"":""PASS"",""violations"":0,""checkedPlacements"":16,""scope"":""직육면체 기하·관측 규격 공통 검사"",""reason"":""확정 배치와 최종 적재 상태 검사""},""bounds"":{""status"":""PASS"",""violations"":0,""checkedPlacements"":16,""scope"":""직육면체 기하·관측 규격 공통 검사"",""reason"":""확정 배치와 최종 적재 상태 검사""},""height"":{""status"":""PASS"",""violations"":0,""checkedPlacements"":16,""scope"":""직육면체 기하·관측 규격 공통 검사"",""reason"":""확정 배치와 최종 적재 상태 검사""},""orientation"":{""status"":""PASS"",""violations"":0,""checkedPlacements"":16,""scope"":""직육면체 기하·관측 규격 공통 검사"",""reason"":""확정 배치와 최종 적재 상태 검사""},""load"":{""status"":""PASS"",""violations"":0,""checkedPlacements"":16,""scope"":""입력된 허용 상부하중 · 누적 정적 반력"",""reason"":""입력값 범위의 정적 검사. 실측 재료 인증 아님""},""support"":{""status"":""PASS"",""violations"":0,""checkedPlacements"":16,""scope"":""접촉·합력 작용점·정적 평형"",""reason"":""설정된 지지율·전도 여유 검사. 동적 붕괴·굽힘 파손 미검증""},""payload"":{""status"":""PASS"",""violations"":0,""checkedPlacements"":16,""scope"":""입력 가반하중 · 박스+그리퍼 질량"",""reason"":""사용자가 설정한 가반하중 한계 검사""},""robotCollision"":{""status"":""NOT VERIFIED"",""violations"":0,""checkedPlacements"":16,""scope"":""TCP·그리퍼 스윕 근사만 수행"",""reason"":""전체 로봇 링크 충돌 미검증""},""approach"":{""status"":""NOT VERIFIED"",""violations"":0,""checkedPlacements"":16,""scope"":""TCP·그리퍼 스윕 근사만 수행"",""reason"":""실제 관절 한계·역기구학·접근 자세 미검증""},""sequence"":{""status"":""NOT VERIFIED"",""violations"":0,""checkedPlacements"":16,""scope"":""TCP·그리퍼 스윕 근사만 수행"",""reason"":""실제 파지·관절 궤적·전 과정 실행 미검증""}}","23.231920714285714","88.88888888888889","16","2","0.057332706","859802488","1047","","","","285.1306306306306","127.04044798438298","100","100","27.59243154678808","52.45","0.3099078341013825","0","0","","131.34063333333728","324.5389000000432","293.1711799999931","318.26535600003314","2364.131400000071","88.88888888888889","150.4114885680045","72.41746756920288","382.9494711366925","826","6.172200000146404","23.231920714285714","0","88.88888888888889","","","100","0","0","","","0","","","","","","",""
"dynamic-reservation","online","random","50","8","2111f2cc","partial","","explicit","proxy","{}","{""bounds"":29,""support"":372,""load"":208,""robot-path"":51}","adapter-1.0 / planners-f6ec11d4259a","2.1.0","{""requested"":1,""completed"":1,""outcomes"":[""partial""],""sameWorker"":false}","{""collision"":{""status"":""PASS"",""violations"":0,""checkedPlacements"":16,""scope"":""직육면체 기하·관측 규격 공통 검사"",""reason"":""확정 배치와 최종 적재 상태 검사""},""bounds"":{""status"":""PASS"",""violations"":0,""checkedPlacements"":16,""scope"":""직육면체 기하·관측 규격 공통 검사"",""reason"":""확정 배치와 최종 적재 상태 검사""},""height"":{""status"":""PASS"",""violations"":0,""checkedPlacements"":16,""scope"":""직육면체 기하·관측 규격 공통 검사"",""reason"":""확정 배치와 최종 적재 상태 검사""},""orientation"":{""status"":""PASS"",""violations"":0,""checkedPlacements"":16,""scope"":""직육면체 기하·관측 규격 공통 검사"",""reason"":""확정 배치와 최종 적재 상태 검사""},""load"":{""status"":""PASS"",""violations"":0,""checkedPlacements"":16,""scope"":""입력된 허용 상부하중 · 누적 정적 반력"",""reason"":""입력값 범위의 정적 검사. 실측 재료 인증 아님""},""support"":{""status"":""PASS"",""violations"":0,""checkedPlacements"":16,""scope"":""접촉·합력 작용점·정적 평형"",""reason"":""설정된 지지율·전도 여유 검사. 동적 붕괴·굽힘 파손 미검증""},""payload"":{""status"":""PASS"",""violations"":0,""checkedPlacements"":16,""scope"":""입력 가반하중 · 박스+그리퍼 질량"",""reason"":""사용자가 설정한 가반하중 한계 검사""},""robotCollision"":{""status"":""NOT VERIFIED"",""violations"":0,""checkedPlacements"":16,""scope"":""TCP·그리퍼 스윕 근사만 수행"",""reason"":""전체 로봇 링크 충돌 미검증""},""approach"":{""status"":""NOT VERIFIED"",""violations"":0,""checkedPlacements"":16,""scope"":""TCP·그리퍼 스윕 근사만 수행"",""reason"":""실제 관절 한계·역기구학·접근 자세 미검증""},""sequence"":{""status"":""NOT VERIFIED"",""violations"":0,""checkedPlacements"":16,""scope"":""TCP·그리퍼 스윕 근사만 수행"",""reason"":""실제 파지·관절 궤적·전 과정 실행 미검증""}}","23.231920714285714","88.88888888888889","16","2","0.057332706","859802488","583","","","","199.38288288288288","30.429928715702324","100","100","12.07010151829562","52.45","0.562992125984252","0","0","","322.59350000001075","905.005100000184","858.827489999961","895.7695780001394","5806.683000000194","88.88888888888889","165.30335615995304","80.14718150396948","348.45027553018537","826","6.443599999882281","23.231920714285714","0","88.88888888888889","","","100","0","0","","","0","","","","","","",""
"lookahead","online","randomExceptions","50","8","01211798","complete","","explicit","proxy","{}","{""bounds"":18,""support"":379,""load"":264,""robot-path"":31}","adapter-1.0 / planners-f6ec11d4259a","2.1.0","{""requested"":1,""completed"":1,""outcomes"":[""partial""],""sameWorker"":false}","{""collision"":{""status"":""PASS"",""violations"":0,""checkedPlacements"":16,""scope"":""직육면체 기하·관측 규격 공통 검사"",""reason"":""확정 배치와 최종 적재 상태 검사""},""bounds"":{""status"":""PASS"",""violations"":0,""checkedPlacements"":16,""scope"":""직육면체 기하·관측 규격 공통 검사"",""reason"":""확정 배치와 최종 적재 상태 검사""},""height"":{""status"":""PASS"",""violations"":0,""checkedPlacements"":16,""scope"":""직육면체 기하·관측 규격 공통 검사"",""reason"":""확정 배치와 최종 적재 상태 검사""},""orientation"":{""status"":""PASS"",""violations"":0,""checkedPlacements"":16,""scope"":""직육면체 기하·관측 규격 공통 검사"",""reason"":""확정 배치와 최종 적재 상태 검사""},""load"":{""status"":""PASS"",""violations"":0,""checkedPlacements"":16,""scope"":""입력된 허용 상부하중 · 누적 정적 반력"",""reason"":""입력값 범위의 정적 검사. 실측 재료 인증 아님""},""support"":{""status"":""PASS"",""violations"":0,""checkedPlacements"":16,""scope"":""접촉·합력 작용점·정적 평형"",""reason"":""설정된 지지율·전도 여유 검사. 동적 붕괴·굽힘 파손 미검증""},""payload"":{""status"":""PASS"",""violations"":0,""checkedPlacements"":16,""scope"":""입력 가반하중 · 박스+그리퍼 질량"",""reason"":""사용자가 설정한 가반하중 한계 검사""},""robotCollision"":{""status"":""NOT VERIFIED"",""violations"":0,""checkedPlacements"":16,""scope"":""TCP·그리퍼 스윕 근사만 수행"",""reason"":""전체 로봇 링크 충돌 미검증""},""approach"":{""status"":""NOT VERIFIED"",""violations"":0,""checkedPlacements"":16,""scope"":""TCP·그리퍼 스윕 근사만 수행"",""reason"":""실제 관절 한계·역기구학·접근 자세 미검증""},""sequence"":{""status"":""NOT VERIFIED"",""violations"":0,""checkedPlacements"":16,""scope"":""TCP·그리퍼 스윕 근사만 수행"",""reason"":""실제 파지·관절 궤적·전 과정 실행 미검증""}}","26.35093205357143","100","16","0","0","824869561","1013","","","","316.72556390977445","117.72164867994151","100","100","30.359244768674564","52.45","0.39994818205371796","0","0","","210.34451249998529","595.2289000002202","382.59519999998156","552.7021600001724","3365.5121999997646","100","162.68190868747513","81.69324064685883","354.06518441244856","730","6.577700000023469","","","","","","100","0","0","","","100","100","100","100","100","58.76120000006631","",""
"future-hybrid","online","randomExceptions","50","8","01211798","partial","","explicit","proxy","{}","{""bounds"":29,""support"":398,""load"":157,""robot-path"":43}","adapter-1.0 / planners-f6ec11d4259a","2.1.0","{""requested"":1,""completed"":1,""outcomes"":[""partial""],""sameWorker"":false}","{""collision"":{""status"":""PASS"",""violations"":0,""checkedPlacements"":14,""scope"":""직육면체 기하·관측 규격 공통 검사"",""reason"":""확정 배치와 최종 적재 상태 검사""},""bounds"":{""status"":""PASS"",""violations"":0,""checkedPlacements"":14,""scope"":""직육면체 기하·관측 규격 공통 검사"",""reason"":""확정 배치와 최종 적재 상태 검사""},""height"":{""status"":""PASS"",""violations"":0,""checkedPlacements"":14,""scope"":""직육면체 기하·관측 규격 공통 검사"",""reason"":""확정 배치와 최종 적재 상태 검사""},""orientation"":{""status"":""PASS"",""violations"":0,""checkedPlacements"":14,""scope"":""직육면체 기하·관측 규격 공통 검사"",""reason"":""확정 배치와 최종 적재 상태 검사""},""load"":{""status"":""PASS"",""violations"":0,""checkedPlacements"":14,""scope"":""입력된 허용 상부하중 · 누적 정적 반력"",""reason"":""입력값 범위의 정적 검사. 실측 재료 인증 아님""},""support"":{""status"":""PASS"",""violations"":0,""checkedPlacements"":14,""scope"":""접촉·합력 작용점·정적 평형"",""reason"":""설정된 지지율·전도 여유 검사. 동적 붕괴·굽힘 파손 미검증""},""payload"":{""status"":""PASS"",""violations"":0,""checkedPlacements"":14,""scope"":""입력 가반하중 · 박스+그리퍼 질량"",""reason"":""사용자가 설정한 가반하중 한계 검사""},""robotCollision"":{""status"":""NOT VERIFIED"",""violations"":0,""checkedPlacements"":14,""scope"":""TCP·그리퍼 스윕 근사만 수행"",""reason"":""전체 로봇 링크 충돌 미검증""},""approach"":{""status"":""NOT VERIFIED"",""violations"":0,""checkedPlacements"":14,""scope"":""TCP·그리퍼 스윕 근사만 수행"",""reason"":""실제 관절 한계·역기구학·접근 자세 미검증""},""sequence"":{""status"":""NOT VERIFIED"",""violations"":0,""checkedPlacements"":14,""scope"":""TCP·그리퍼 스윕 근사만 수행"",""reason"":""실제 파지·관절 궤적·전 과정 실행 미검증""}}","21.23194044642857","87.5","14","2","0.057332706","882202267","1047","","","","298.16990291262135","59.8363150828644","100","100","18.39895585010488","52.45","0.3099078341013825","0","0","","234.57441250000556","863.8839999998454","638.2227249999996","818.7517449998761","3753.190600000089","87.5","142.66498506857204","67.38224029457182","353.2751920576391","730","6.075199999846518","","","","","","100","0","0","","","0","100","100","100","100","33.61449999990873","",""
"blb","online","randomExceptions","50","8","01211798","partial","","explicit","proxy","{}","{""bounds"":38,""support"":421,""load"":191,""robot-path"":20}","adapter-1.0 / planners-f6ec11d4259a","2.1.0","{""requested"":1,""completed"":1,""outcomes"":[""partial""],""sameWorker"":false}","{""collision"":{""status"":""PASS"",""violations"":0,""checkedPlacements"":13,""scope"":""직육면체 기하·관측 규격 공통 검사"",""reason"":""확정 배치와 최종 적재 상태 검사""},""bounds"":{""status"":""PASS"",""violations"":0,""checkedPlacements"":13,""scope"":""직육면체 기하·관측 규격 공통 검사"",""reason"":""확정 배치와 최종 적재 상태 검사""},""height"":{""status"":""PASS"",""violations"":0,""checkedPlacements"":13,""scope"":""직육면체 기하·관측 규격 공통 검사"",""reason"":""확정 배치와 최종 적재 상태 검사""},""orientation"":{""status"":""PASS"",""violations"":0,""checkedPlacements"":13,""scope"":""직육면체 기하·관측 규격 공통 검사"",""reason"":""확정 배치와 최종 적재 상태 검사""},""load"":{""status"":""PASS"",""violations"":0,""checkedPlacements"":13,""scope"":""입력된 허용 상부하중 · 누적 정적 반력"",""reason"":""입력값 범위의 정적 검사. 실측 재료 인증 아님""},""support"":{""status"":""PASS"",""violations"":0,""checkedPlacements"":13,""scope"":""접촉·합력 작용점·정적 평형"",""reason"":""설정된 지지율·전도 여유 검사. 동적 붕괴·굽힘 파손 미검증""},""payload"":{""status"":""PASS"",""violations"":0,""checkedPlacements"":13,""scope"":""입력 가반하중 · 박스+그리퍼 질량"",""reason"":""사용자가 설정한 가반하중 한계 검사""},""robotCollision"":{""status"":""NOT VERIFIED"",""violations"":0,""checkedPlacements"":13,""scope"":""TCP·그리퍼 스윕 근사만 수행"",""reason"":""전체 로봇 링크 충돌 미검증""},""approach"":{""status"":""NOT VERIFIED"",""violations"":0,""checkedPlacements"":13,""scope"":""TCP·그리퍼 스윕 근사만 수행"",""reason"":""실제 관절 한계·역기구학·접근 자세 미검증""},""sequence"":{""status"":""NOT VERIFIED"",""violations"":0,""checkedPlacements"":13,""scope"":""TCP·그리퍼 스윕 근사만 수행"",""reason"":""실제 파지·관절 궤적·전 과정 실행 미검증""}}","19.159264285714286","81.25","13","3","0.080546679","905416240","627","","","","211.60588235294117","55.76421103031861","99.41293189639214","95.1048951048951","13.125225712952702","48.95","0.5354330708661418","0","0","","10.9159749999817","19.75289999996312","18.18832499999553","19.4399849999696","174.6555999997072","81.25","117.89464906016653","57.78152188910824","396.9645812857547","728","3.3184000002220273","","","","","","100","0","0","","","0","100","100","100","100","0.8040000000037253","",""
"pack-first","online","randomExceptions","50","8","01211798","partial","","explicit","proxy","{}","{""support"":436,""load"":206,""bounds"":385,""protocol"":34,""robot-path"":13}","adapter-1.0 / planners-f6ec11d4259a","2.1.0","{""requested"":1,""completed"":1,""outcomes"":[""partial""],""sameWorker"":false}","{""collision"":{""status"":""PASS"",""violations"":0,""checkedPlacements"":12,""scope"":""직육면체 기하·관측 규격 공통 검사"",""reason"":""확정 배치와 최종 적재 상태 검사""},""bounds"":{""status"":""PASS"",""violations"":0,""checkedPlacements"":12,""scope"":""직육면체 기하·관측 규격 공통 검사"",""reason"":""확정 배치와 최종 적재 상태 검사""},""height"":{""status"":""PASS"",""violations"":0,""checkedPlacements"":12,""scope"":""직육면체 기하·관측 규격 공통 검사"",""reason"":""확정 배치와 최종 적재 상태 검사""},""orientation"":{""status"":""PASS"",""violations"":0,""checkedPlacements"":12,""scope"":""직육면체 기하·관측 규격 공통 검사"",""reason"":""확정 배치와 최종 적재 상태 검사""},""load"":{""status"":""PASS"",""violations"":0,""checkedPlacements"":12,""scope"":""입력된 허용 상부하중 · 누적 정적 반력"",""reason"":""입력값 범위의 정적 검사. 실측 재료 인증 아님""},""support"":{""status"":""PASS"",""violations"":0,""checkedPlacements"":12,""scope"":""접촉·합력 작용점·정적 평형"",""reason"":""설정된 지지율·전도 여유 검사. 동적 붕괴·굽힘 파손 미검증""},""payload"":{""status"":""PASS"",""violations"":0,""checkedPlacements"":12,""scope"":""입력 가반하중 · 박스+그리퍼 질량"",""reason"":""사용자가 설정한 가반하중 한계 검사""},""robotCollision"":{""status"":""NOT VERIFIED"",""violations"":0,""checkedPlacements"":12,""scope"":""TCP·그리퍼 스윕 근사만 수행"",""reason"":""전체 로봇 링크 충돌 미검증""},""approach"":{""status"":""NOT VERIFIED"",""violations"":0,""checkedPlacements"":12,""scope"":""TCP·그리퍼 스윕 근사만 수행"",""reason"":""실제 관절 한계·역기구학·접근 자세 미검증""},""sequence"":{""status"":""NOT VERIFIED"",""violations"":0,""checkedPlacements"":12,""scope"":""TCP·그리퍼 스윕 근사만 수행"",""reason"":""실제 파지·관절 궤적·전 과정 실행 미검증""}}","19.834920625","75","12","4","0.072979328","897848889","1061","","","","320.61764705882354","131.9375228310576","99.7397910408924","96.87749249070883","32.986568418139356","65.2","0.3099078341013825","0","0","","11.66199374999269","24.645800000056624","22.772299999953248","24.271100000035947","186.59189999988303","75","109.78745015145873","54.46184259844817","393.4875975387248","728","3.3654000000096858","","","","","","100","0","0","","","0","100","100","100","100","0.9153000002261251","",""
"pack-greedy","online","randomExceptions","50","8","01211798","partial","","explicit","proxy","{}","{""support"":476,""load"":271,""bounds"":314,""robot-path"":9,""protocol"":32}","adapter-1.0 / planners-f6ec11d4259a","2.1.0","{""requested"":1,""completed"":1,""outcomes"":[""partial""],""sameWorker"":false}","{""collision"":{""status"":""PASS"",""violations"":0,""checkedPlacements"":8,""scope"":""직육면체 기하·관측 규격 공통 검사"",""reason"":""확정 배치와 최종 적재 상태 검사""},""bounds"":{""status"":""PASS"",""violations"":0,""checkedPlacements"":8,""scope"":""직육면체 기하·관측 규격 공통 검사"",""reason"":""확정 배치와 최종 적재 상태 검사""},""height"":{""status"":""PASS"",""violations"":0,""checkedPlacements"":8,""scope"":""직육면체 기하·관측 규격 공통 검사"",""reason"":""확정 배치와 최종 적재 상태 검사""},""orientation"":{""status"":""PASS"",""violations"":0,""checkedPlacements"":8,""scope"":""직육면체 기하·관측 규격 공통 검사"",""reason"":""확정 배치와 최종 적재 상태 검사""},""load"":{""status"":""PASS"",""violations"":0,""checkedPlacements"":8,""scope"":""입력된 허용 상부하중 · 누적 정적 반력"",""reason"":""입력값 범위의 정적 검사. 실측 재료 인증 아님""},""support"":{""status"":""PASS"",""violations"":0,""checkedPlacements"":8,""scope"":""접촉·합력 작용점·정적 평형"",""reason"":""설정된 지지율·전도 여유 검사. 동적 붕괴·굽힘 파손 미검증""},""payload"":{""status"":""PASS"",""violations"":0,""checkedPlacements"":8,""scope"":""입력 가반하중 · 박스+그리퍼 질량"",""reason"":""사용자가 설정한 가반하중 한계 검사""},""robotCollision"":{""status"":""NOT VERIFIED"",""violations"":0,""checkedPlacements"":8,""scope"":""TCP·그리퍼 스윕 근사만 수행"",""reason"":""전체 로봇 링크 충돌 미검증""},""approach"":{""status"":""NOT VERIFIED"",""violations"":0,""checkedPlacements"":8,""scope"":""TCP·그리퍼 스윕 근사만 수행"",""reason"":""실제 관절 한계·역기구학·접근 자세 미검증""},""sequence"":{""status"":""NOT VERIFIED"",""violations"":0,""checkedPlacements"":8,""scope"":""TCP·그리퍼 스윕 근사만 수행"",""reason"":""실제 파지·관절 궤적·전 과정 실행 미검증""}}","9.003951339285713","50","8","8","0.194286184","1019155745","254","","","","99.52439024390245","73.43762807398302","100","100","12.254684942879008","52.45","0.562992125984252","0","0","","7.334549999985029","15.720500000054017","14.062475000100676","15.388895000063348","117.35279999976046","50","70.3656149703066","34.03764973069928","409.29081643290175","728","1.1610000000800937","","","","","","100","0","0","","","0","100","100","100","100","0.9085000001359731","",""
"pack-tetris","online","randomExceptions","50","8","01211798","partial","","explicit","proxy","{}","{""support"":476,""load"":271,""bounds"":314,""robot-path"":9,""protocol"":32}","adapter-1.0 / planners-f6ec11d4259a","2.1.0","{""requested"":1,""completed"":1,""outcomes"":[""partial""],""sameWorker"":false}","{""collision"":{""status"":""PASS"",""violations"":0,""checkedPlacements"":8,""scope"":""직육면체 기하·관측 규격 공통 검사"",""reason"":""확정 배치와 최종 적재 상태 검사""},""bounds"":{""status"":""PASS"",""violations"":0,""checkedPlacements"":8,""scope"":""직육면체 기하·관측 규격 공통 검사"",""reason"":""확정 배치와 최종 적재 상태 검사""},""height"":{""status"":""PASS"",""violations"":0,""checkedPlacements"":8,""scope"":""직육면체 기하·관측 규격 공통 검사"",""reason"":""확정 배치와 최종 적재 상태 검사""},""orientation"":{""status"":""PASS"",""violations"":0,""checkedPlacements"":8,""scope"":""직육면체 기하·관측 규격 공통 검사"",""reason"":""확정 배치와 최종 적재 상태 검사""},""load"":{""status"":""PASS"",""violations"":0,""checkedPlacements"":8,""scope"":""입력된 허용 상부하중 · 누적 정적 반력"",""reason"":""입력값 범위의 정적 검사. 실측 재료 인증 아님""},""support"":{""status"":""PASS"",""violations"":0,""checkedPlacements"":8,""scope"":""접촉·합력 작용점·정적 평형"",""reason"":""설정된 지지율·전도 여유 검사. 동적 붕괴·굽힘 파손 미검증""},""payload"":{""status"":""PASS"",""violations"":0,""checkedPlacements"":8,""scope"":""입력 가반하중 · 박스+그리퍼 질량"",""reason"":""사용자가 설정한 가반하중 한계 검사""},""robotCollision"":{""status"":""NOT VERIFIED"",""violations"":0,""checkedPlacements"":8,""scope"":""TCP·그리퍼 스윕 근사만 수행"",""reason"":""전체 로봇 링크 충돌 미검증""},""approach"":{""status"":""NOT VERIFIED"",""violations"":0,""checkedPlacements"":8,""scope"":""TCP·그리퍼 스윕 근사만 수행"",""reason"":""실제 관절 한계·역기구학·접근 자세 미검증""},""sequence"":{""status"":""NOT VERIFIED"",""violations"":0,""checkedPlacements"":8,""scope"":""TCP·그리퍼 스윕 근사만 수행"",""reason"":""실제 파지·관절 궤적·전 과정 실행 미검증""}}","9.003951339285713","50","8","8","0.194286184","1019155745","254","","","","99.52439024390245","73.43762807398302","100","100","12.254684942879008","52.45","0.562992125984252","0","0","","7.59984999995504","15.103599999798462","14.128149999829475","14.908509999804664","121.59759999928065","50","70.3656149703066","34.03764973069928","409.29081643290175","728","1.362700000172481","","","","","","100","0","0","","","0","100","100","100","100","0.46019999985583127","",""
"pack-beam","online","randomExceptions","50","8","01211798","partial","","explicit","proxy","{}","{""support"":475,""load"":265,""bounds"":370,""robot-path"":24,""protocol"":27}","adapter-1.0 / planners-f6ec11d4259a","2.1.0","{""requested"":1,""completed"":1,""outcomes"":[""partial""],""sameWorker"":false}","{""collision"":{""status"":""PASS"",""violations"":0,""checkedPlacements"":13,""scope"":""직육면체 기하·관측 규격 공통 검사"",""reason"":""확정 배치와 최종 적재 상태 검사""},""bounds"":{""status"":""PASS"",""violations"":0,""checkedPlacements"":13,""scope"":""직육면체 기하·관측 규격 공통 검사"",""reason"":""확정 배치와 최종 적재 상태 검사""},""height"":{""status"":""PASS"",""violations"":0,""checkedPlacements"":13,""scope"":""직육면체 기하·관측 규격 공통 검사"",""reason"":""확정 배치와 최종 적재 상태 검사""},""orientation"":{""status"":""PASS"",""violations"":0,""checkedPlacements"":13,""scope"":""직육면체 기하·관측 규격 공통 검사"",""reason"":""확정 배치와 최종 적재 상태 검사""},""load"":{""status"":""PASS"",""violations"":0,""checkedPlacements"":13,""scope"":""입력된 허용 상부하중 · 누적 정적 반력"",""reason"":""입력값 범위의 정적 검사. 실측 재료 인증 아님""},""support"":{""status"":""PASS"",""violations"":0,""checkedPlacements"":13,""scope"":""접촉·합력 작용점·정적 평형"",""reason"":""설정된 지지율·전도 여유 검사. 동적 붕괴·굽힘 파손 미검증""},""payload"":{""status"":""PASS"",""violations"":0,""checkedPlacements"":13,""scope"":""입력 가반하중 · 박스+그리퍼 질량"",""reason"":""사용자가 설정한 가반하중 한계 검사""},""robotCollision"":{""status"":""NOT VERIFIED"",""violations"":0,""checkedPlacements"":13,""scope"":""TCP·그리퍼 스윕 근사만 수행"",""reason"":""전체 로봇 링크 충돌 미검증""},""approach"":{""status"":""NOT VERIFIED"",""violations"":0,""checkedPlacements"":13,""scope"":""TCP·그리퍼 스윕 근사만 수행"",""reason"":""실제 관절 한계·역기구학·접근 자세 미검증""},""sequence"":{""status"":""NOT VERIFIED"",""violations"":0,""checkedPlacements"":13,""scope"":""TCP·그리퍼 스윕 근사만 수행"",""reason"":""실제 파지·관절 궤적·전 과정 실행 미검증""}}","19.159264285714286","81.25","13","3","0.080546679","905416240","1061","","","","309.1941176470588","74.55574190174111","100","100","23.51449328472163","52.45","0.3099078341013825","0","0","","877.6257124999538","2336.282699999865","2047.4662499999395","2278.51940999988","14042.01139999926","81.25","127.71919354784772","61.56747580610101","366.4288718082706","728","4.171900000190362","","","","","","100","0","0","","","0","100","100","100","100","1951.1940999999642","",""
"pack-robust","online","randomExceptions","50","8","01211798","partial","","explicit","proxy","{}","{""support"":475,""load"":265,""bounds"":370,""robot-path"":24,""protocol"":27}","adapter-1.0 / planners-f6ec11d4259a","2.1.0","{""requested"":1,""completed"":1,""outcomes"":[""partial""],""sameWorker"":false}","{""collision"":{""status"":""PASS"",""violations"":0,""checkedPlacements"":13,""scope"":""직육면체 기하·관측 규격 공통 검사"",""reason"":""확정 배치와 최종 적재 상태 검사""},""bounds"":{""status"":""PASS"",""violations"":0,""checkedPlacements"":13,""scope"":""직육면체 기하·관측 규격 공통 검사"",""reason"":""확정 배치와 최종 적재 상태 검사""},""height"":{""status"":""PASS"",""violations"":0,""checkedPlacements"":13,""scope"":""직육면체 기하·관측 규격 공통 검사"",""reason"":""확정 배치와 최종 적재 상태 검사""},""orientation"":{""status"":""PASS"",""violations"":0,""checkedPlacements"":13,""scope"":""직육면체 기하·관측 규격 공통 검사"",""reason"":""확정 배치와 최종 적재 상태 검사""},""load"":{""status"":""PASS"",""violations"":0,""checkedPlacements"":13,""scope"":""입력된 허용 상부하중 · 누적 정적 반력"",""reason"":""입력값 범위의 정적 검사. 실측 재료 인증 아님""},""support"":{""status"":""PASS"",""violations"":0,""checkedPlacements"":13,""scope"":""접촉·합력 작용점·정적 평형"",""reason"":""설정된 지지율·전도 여유 검사. 동적 붕괴·굽힘 파손 미검증""},""payload"":{""status"":""PASS"",""violations"":0,""checkedPlacements"":13,""scope"":""입력 가반하중 · 박스+그리퍼 질량"",""reason"":""사용자가 설정한 가반하중 한계 검사""},""robotCollision"":{""status"":""NOT VERIFIED"",""violations"":0,""checkedPlacements"":13,""scope"":""TCP·그리퍼 스윕 근사만 수행"",""reason"":""전체 로봇 링크 충돌 미검증""},""approach"":{""status"":""NOT VERIFIED"",""violations"":0,""checkedPlacements"":13,""scope"":""TCP·그리퍼 스윕 근사만 수행"",""reason"":""실제 관절 한계·역기구학·접근 자세 미검증""},""sequence"":{""status"":""NOT VERIFIED"",""violations"":0,""checkedPlacements"":13,""scope"":""TCP·그리퍼 스윕 근사만 수행"",""reason"":""실제 파지·관절 궤적·전 과정 실행 미검증""}}","19.159264285714286","81.25","13","3","0.080546679","905416240","1061","","","","309.1941176470588","74.55574190174111","100","100","23.51449328472163","52.45","0.3099078341013825","0","0","","829.9064624999592","2019.9259999999776","1873.126025000005","1990.566004999983","13278.503399999347","81.25","127.71919354784772","61.56747580610101","366.4288718082706","728","5.529600000008941","","","","","","100","0","0","","","0","100","100","100","100","1746.030700000003","",""
"random","online","randomExceptions","50","8","01211798","partial","","explicit","proxy","{}","{""bounds"":34,""support"":427,""load"":194,""protocol"":4,""robot-path"":24}","adapter-1.0 / planners-f6ec11d4259a","2.1.0","{""requested"":1,""completed"":1,""outcomes"":[""partial""],""sameWorker"":false}","{""collision"":{""status"":""PASS"",""violations"":0,""checkedPlacements"":14,""scope"":""직육면체 기하·관측 규격 공통 검사"",""reason"":""확정 배치와 최종 적재 상태 검사""},""bounds"":{""status"":""PASS"",""violations"":0,""checkedPlacements"":14,""scope"":""직육면체 기하·관측 규격 공통 검사"",""reason"":""확정 배치와 최종 적재 상태 검사""},""height"":{""status"":""PASS"",""violations"":0,""checkedPlacements"":14,""scope"":""직육면체 기하·관측 규격 공통 검사"",""reason"":""확정 배치와 최종 적재 상태 검사""},""orientation"":{""status"":""PASS"",""violations"":0,""checkedPlacements"":14,""scope"":""직육면체 기하·관측 규격 공통 검사"",""reason"":""확정 배치와 최종 적재 상태 검사""},""load"":{""status"":""PASS"",""violations"":0,""checkedPlacements"":14,""scope"":""입력된 허용 상부하중 · 누적 정적 반력"",""reason"":""입력값 범위의 정적 검사. 실측 재료 인증 아님""},""support"":{""status"":""PASS"",""violations"":0,""checkedPlacements"":14,""scope"":""접촉·합력 작용점·정적 평형"",""reason"":""설정된 지지율·전도 여유 검사. 동적 붕괴·굽힘 파손 미검증""},""payload"":{""status"":""PASS"",""violations"":0,""checkedPlacements"":14,""scope"":""입력 가반하중 · 박스+그리퍼 질량"",""reason"":""사용자가 설정한 가반하중 한계 검사""},""robotCollision"":{""status"":""NOT VERIFIED"",""violations"":0,""checkedPlacements"":14,""scope"":""TCP·그리퍼 스윕 근사만 수행"",""reason"":""전체 로봇 링크 충돌 미검증""},""approach"":{""status"":""NOT VERIFIED"",""violations"":0,""checkedPlacements"":14,""scope"":""TCP·그리퍼 스윕 근사만 수행"",""reason"":""실제 관절 한계·역기구학·접근 자세 미검증""},""sequence"":{""status"":""NOT VERIFIED"",""violations"":0,""checkedPlacements"":14,""scope"":""TCP·그리퍼 스윕 근사만 수행"",""reason"":""실제 파지·관절 궤적·전 과정 실행 미검증""}}","22.20557973214286","87.5","14","2","0.046427946","871297507","1254","","","","382.3453608247423","138.47668561655942","100","100","38.1913114274875","52.45","0.3099078341013825","0","0","","12.168281249993015","28.036599999992177","23.897275000053924","27.208735000004523","194.69249999988824","87.5","132.6146299651617","64.74950947735509","380.04856638547534","728","7.396600000094622","","","","","","100","0","0","","","0","100","100","100","100","1.3895999998785555","",""
"bl","online","randomExceptions","50","8","01211798","partial","","explicit","proxy","{}","{""bounds"":34,""support"":444,""load"":186,""robot-path"":20}","adapter-1.0 / planners-f6ec11d4259a","2.1.0","{""requested"":1,""completed"":1,""outcomes"":[""partial""],""sameWorker"":false}","{""collision"":{""status"":""PASS"",""violations"":0,""checkedPlacements"":13,""scope"":""직육면체 기하·관측 규격 공통 검사"",""reason"":""확정 배치와 최종 적재 상태 검사""},""bounds"":{""status"":""PASS"",""violations"":0,""checkedPlacements"":13,""scope"":""직육면체 기하·관측 규격 공통 검사"",""reason"":""확정 배치와 최종 적재 상태 검사""},""height"":{""status"":""PASS"",""violations"":0,""checkedPlacements"":13,""scope"":""직육면체 기하·관측 규격 공통 검사"",""reason"":""확정 배치와 최종 적재 상태 검사""},""orientation"":{""status"":""PASS"",""violations"":0,""checkedPlacements"":13,""scope"":""직육면체 기하·관측 규격 공통 검사"",""reason"":""확정 배치와 최종 적재 상태 검사""},""load"":{""status"":""PASS"",""violations"":0,""checkedPlacements"":13,""scope"":""입력된 허용 상부하중 · 누적 정적 반력"",""reason"":""입력값 범위의 정적 검사. 실측 재료 인증 아님""},""support"":{""status"":""PASS"",""violations"":0,""checkedPlacements"":13,""scope"":""접촉·합력 작용점·정적 평형"",""reason"":""설정된 지지율·전도 여유 검사. 동적 붕괴·굽힘 파손 미검증""},""payload"":{""status"":""PASS"",""violations"":0,""checkedPlacements"":13,""scope"":""입력 가반하중 · 박스+그리퍼 질량"",""reason"":""사용자가 설정한 가반하중 한계 검사""},""robotCollision"":{""status"":""NOT VERIFIED"",""violations"":0,""checkedPlacements"":13,""scope"":""TCP·그리퍼 스윕 근사만 수행"",""reason"":""전체 로봇 링크 충돌 미검증""},""approach"":{""status"":""NOT VERIFIED"",""violations"":0,""checkedPlacements"":13,""scope"":""TCP·그리퍼 스윕 근사만 수행"",""reason"":""실제 관절 한계·역기구학·접근 자세 미검증""},""sequence"":{""status"":""NOT VERIFIED"",""violations"":0,""checkedPlacements"":13,""scope"":""TCP·그리퍼 스윕 근사만 수행"",""reason"":""실제 파지·관절 궤적·전 과정 실행 미검증""}}","19.159264285714286","81.25","13","3","0.080546679","905416240","1061","","","","324.9235294117647","148.78773401187192","99.6315718172653","95.89442815249268","35.80724997229761","52.45","0.3099078341013825","0","0","","69.13780000001134","318.15540000004694","248.49809999990975","304.22394000001947","1106.2048000001814","81.25","120.64052972206701","58.916344319343544","387.9293311113467","730","4.010400000028312","","","","","","100","0","0","","","0","100","100","100","100","14.282699999865144","",""
"greedy","online","randomExceptions","50","8","01211798","partial","","explicit","proxy","{}","{""bounds"":18,""support"":337,""load"":354,""robot-path"":10}","adapter-1.0 / planners-f6ec11d4259a","2.1.0","{""requested"":1,""completed"":1,""outcomes"":[""partial""],""sameWorker"":false}","{""collision"":{""status"":""PASS"",""violations"":0,""checkedPlacements"":14,""scope"":""직육면체 기하·관측 규격 공통 검사"",""reason"":""확정 배치와 최종 적재 상태 검사""},""bounds"":{""status"":""PASS"",""violations"":0,""checkedPlacements"":14,""scope"":""직육면체 기하·관측 규격 공통 검사"",""reason"":""확정 배치와 최종 적재 상태 검사""},""height"":{""status"":""PASS"",""violations"":0,""checkedPlacements"":14,""scope"":""직육면체 기하·관측 규격 공통 검사"",""reason"":""확정 배치와 최종 적재 상태 검사""},""orientation"":{""status"":""PASS"",""violations"":0,""checkedPlacements"":14,""scope"":""직육면체 기하·관측 규격 공통 검사"",""reason"":""확정 배치와 최종 적재 상태 검사""},""load"":{""status"":""PASS"",""violations"":0,""checkedPlacements"":14,""scope"":""입력된 허용 상부하중 · 누적 정적 반력"",""reason"":""입력값 범위의 정적 검사. 실측 재료 인증 아님""},""support"":{""status"":""PASS"",""violations"":0,""checkedPlacements"":14,""scope"":""접촉·합력 작용점·정적 평형"",""reason"":""설정된 지지율·전도 여유 검사. 동적 붕괴·굽힘 파손 미검증""},""payload"":{""status"":""PASS"",""violations"":0,""checkedPlacements"":14,""scope"":""입력 가반하중 · 박스+그리퍼 질량"",""reason"":""사용자가 설정한 가반하중 한계 검사""},""robotCollision"":{""status"":""NOT VERIFIED"",""violations"":0,""checkedPlacements"":14,""scope"":""TCP·그리퍼 스윕 근사만 수행"",""reason"":""전체 로봇 링크 충돌 미검증""},""approach"":{""status"":""NOT VERIFIED"",""violations"":0,""checkedPlacements"":14,""scope"":""TCP·그리퍼 스윕 근사만 수행"",""reason"":""실제 관절 한계·역기구학·접근 자세 미검증""},""sequence"":{""status"":""NOT VERIFIED"",""violations"":0,""checkedPlacements"":14,""scope"":""TCP·그리퍼 스윕 근사만 수행"",""reason"":""실제 파지·관절 궤적·전 과정 실행 미검증""}}","22.20557973214286","87.5","14","2","0.046427946","871297507","1254","","","","367.0979381443299","149.86837929939455","98.01915077152414","95.01466275659824","38.494652114470654","57.2","0.3099078341013825","0","0","","179.03593125002226","433.35389999998733","431.2556249999907","432.934244999988","2864.574900000356","87.5","130.31311483897997","63.25352464533698","386.76076511774147","730","4.743299999972805","","","","","","100","0","0","","","0","100","100","100","100","35.4000000001397","",""
"rollout","online","randomExceptions","50","8","01211798","complete","","explicit","proxy","{}","{""bounds"":18,""support"":362,""load"":280,""robot-path"":26}","adapter-1.0 / planners-f6ec11d4259a","2.1.0","{""requested"":1,""completed"":1,""outcomes"":[""partial""],""sameWorker"":false}","{""collision"":{""status"":""PASS"",""violations"":0,""checkedPlacements"":16,""scope"":""직육면체 기하·관측 규격 공통 검사"",""reason"":""확정 배치와 최종 적재 상태 검사""},""bounds"":{""status"":""PASS"",""violations"":0,""checkedPlacements"":16,""scope"":""직육면체 기하·관측 규격 공통 검사"",""reason"":""확정 배치와 최종 적재 상태 검사""},""height"":{""status"":""PASS"",""violations"":0,""checkedPlacements"":16,""scope"":""직육면체 기하·관측 규격 공통 검사"",""reason"":""확정 배치와 최종 적재 상태 검사""},""orientation"":{""status"":""PASS"",""violations"":0,""checkedPlacements"":16,""scope"":""직육면체 기하·관측 규격 공통 검사"",""reason"":""확정 배치와 최종 적재 상태 검사""},""load"":{""status"":""PASS"",""violations"":0,""checkedPlacements"":16,""scope"":""입력된 허용 상부하중 · 누적 정적 반력"",""reason"":""입력값 범위의 정적 검사. 실측 재료 인증 아님""},""support"":{""status"":""PASS"",""violations"":0,""checkedPlacements"":16,""scope"":""접촉·합력 작용점·정적 평형"",""reason"":""설정된 지지율·전도 여유 검사. 동적 붕괴·굽힘 파손 미검증""},""payload"":{""status"":""PASS"",""violations"":0,""checkedPlacements"":16,""scope"":""입력 가반하중 · 박스+그리퍼 질량"",""reason"":""사용자가 설정한 가반하중 한계 검사""},""robotCollision"":{""status"":""NOT VERIFIED"",""violations"":0,""checkedPlacements"":16,""scope"":""TCP·그리퍼 스윕 근사만 수행"",""reason"":""전체 로봇 링크 충돌 미검증""},""approach"":{""status"":""NOT VERIFIED"",""violations"":0,""checkedPlacements"":16,""scope"":""TCP·그리퍼 스윕 근사만 수행"",""reason"":""실제 관절 한계·역기구학·접근 자세 미검증""},""sequence"":{""status"":""NOT VERIFIED"",""violations"":0,""checkedPlacements"":16,""scope"":""TCP·그리퍼 스윕 근사만 수행"",""reason"":""실제 파지·관절 궤적·전 과정 실행 미검증""}}","26.35093205357143","100","16","0","0","824869561","1013","","","","313.71804511278197","59.95418438933219","99.90706319702602","99.25650557620817","24.576314053681557","52.45","0.4075481475084204","0","0","","855.9913812499726","1768.1284999998752","1648.7274499999476","1744.2482899998895","13695.862099999562","100","165.52193253768098","80.93925614949265","347.9901371190636","730","7.003700000001118","","","","","","100","0","0","","","100","100","100","100","100","350.17619999987073","",""
"strategy-greedy","online","randomExceptions","50","8","01211798","partial","","explicit","proxy","{}","{""bounds"":18,""support"":324,""load"":230,""robot-path"":20}","adapter-1.0 / planners-f6ec11d4259a","2.1.0","{""requested"":1,""completed"":1,""outcomes"":[""partial""],""sameWorker"":false}","{""collision"":{""status"":""PASS"",""violations"":0,""checkedPlacements"":15,""scope"":""직육면체 기하·관측 규격 공통 검사"",""reason"":""확정 배치와 최종 적재 상태 검사""},""bounds"":{""status"":""PASS"",""violations"":0,""checkedPlacements"":15,""scope"":""직육면체 기하·관측 규격 공통 검사"",""reason"":""확정 배치와 최종 적재 상태 검사""},""height"":{""status"":""PASS"",""violations"":0,""checkedPlacements"":15,""scope"":""직육면체 기하·관측 규격 공통 검사"",""reason"":""확정 배치와 최종 적재 상태 검사""},""orientation"":{""status"":""PASS"",""violations"":0,""checkedPlacements"":15,""scope"":""직육면체 기하·관측 규격 공통 검사"",""reason"":""확정 배치와 최종 적재 상태 검사""},""load"":{""status"":""PASS"",""violations"":0,""checkedPlacements"":15,""scope"":""입력된 허용 상부하중 · 누적 정적 반력"",""reason"":""입력값 범위의 정적 검사. 실측 재료 인증 아님""},""support"":{""status"":""PASS"",""violations"":0,""checkedPlacements"":15,""scope"":""접촉·합력 작용점·정적 평형"",""reason"":""설정된 지지율·전도 여유 검사. 동적 붕괴·굽힘 파손 미검증""},""payload"":{""status"":""PASS"",""violations"":0,""checkedPlacements"":15,""scope"":""입력 가반하중 · 박스+그리퍼 질량"",""reason"":""사용자가 설정한 가반하중 한계 검사""},""robotCollision"":{""status"":""NOT VERIFIED"",""violations"":0,""checkedPlacements"":15,""scope"":""TCP·그리퍼 스윕 근사만 수행"",""reason"":""전체 로봇 링크 충돌 미검증""},""approach"":{""status"":""NOT VERIFIED"",""violations"":0,""checkedPlacements"":15,""scope"":""TCP·그리퍼 스윕 근사만 수행"",""reason"":""실제 관절 한계·역기구학·접근 자세 미검증""},""sequence"":{""status"":""NOT VERIFIED"",""violations"":0,""checkedPlacements"":15,""scope"":""TCP·그리퍼 스윕 근사만 수행"",""reason"":""실제 파지·관절 궤적·전 과정 실행 미검증""}}","24.278255892857143","93.75","15","1","0.023213973","848083534","830","","","","286.6391304347826","111.0320616513796","100","100","27.675074150592028","52.45","0.41321044546851","0","0","","14.48986875002447","34.759199999971315","27.18090000009397","33.243539999995846","231.83790000039153","93.75","141.99350700693145","69.54577955450544","380.2990794315966","730","4.591899999883026","","","","","","100","0","0","","","0","100","100","100","100","2.28470000019297","",""
"macs","online","randomExceptions","50","8","01211798","partial","","explicit","proxy","{}","{""bounds"":18,""support"":350,""load"":240,""robot-path"":20}","adapter-1.0 / planners-f6ec11d4259a","2.1.0","{""requested"":1,""completed"":1,""outcomes"":[""partial""],""sameWorker"":false}","{""collision"":{""status"":""PASS"",""violations"":0,""checkedPlacements"":15,""scope"":""직육면체 기하·관측 규격 공통 검사"",""reason"":""확정 배치와 최종 적재 상태 검사""},""bounds"":{""status"":""PASS"",""violations"":0,""checkedPlacements"":15,""scope"":""직육면체 기하·관측 규격 공통 검사"",""reason"":""확정 배치와 최종 적재 상태 검사""},""height"":{""status"":""PASS"",""violations"":0,""checkedPlacements"":15,""scope"":""직육면체 기하·관측 규격 공통 검사"",""reason"":""확정 배치와 최종 적재 상태 검사""},""orientation"":{""status"":""PASS"",""violations"":0,""checkedPlacements"":15,""scope"":""직육면체 기하·관측 규격 공통 검사"",""reason"":""확정 배치와 최종 적재 상태 검사""},""load"":{""status"":""PASS"",""violations"":0,""checkedPlacements"":15,""scope"":""입력된 허용 상부하중 · 누적 정적 반력"",""reason"":""입력값 범위의 정적 검사. 실측 재료 인증 아님""},""support"":{""status"":""PASS"",""violations"":0,""checkedPlacements"":15,""scope"":""접촉·합력 작용점·정적 평형"",""reason"":""설정된 지지율·전도 여유 검사. 동적 붕괴·굽힘 파손 미검증""},""payload"":{""status"":""PASS"",""violations"":0,""checkedPlacements"":15,""scope"":""입력 가반하중 · 박스+그리퍼 질량"",""reason"":""사용자가 설정한 가반하중 한계 검사""},""robotCollision"":{""status"":""NOT VERIFIED"",""violations"":0,""checkedPlacements"":15,""scope"":""TCP·그리퍼 스윕 근사만 수행"",""reason"":""전체 로봇 링크 충돌 미검증""},""approach"":{""status"":""NOT VERIFIED"",""violations"":0,""checkedPlacements"":15,""scope"":""TCP·그리퍼 스윕 근사만 수행"",""reason"":""실제 관절 한계·역기구학·접근 자세 미검증""},""sequence"":{""status"":""NOT VERIFIED"",""violations"":0,""checkedPlacements"":15,""scope"":""TCP·그리퍼 스윕 근사만 수행"",""reason"":""실제 파지·관절 궤적·전 과정 실행 미검증""}}","24.278255892857143","93.75","15","1","0.023213973","848083534","830","","","","286.6391304347826","111.0320616513796","100","100","27.675074150592028","52.45","0.41321044546851","0","0","","21.73328749999928","54.00219999998808","52.705075000063516","53.742775000003164","347.73259999998845","93.75","141.78427623770068","69.40977955450545","380.8602860127399","730","5.189900000113994","","","","","","100","0","0","","","0","100","100","100","100","1.5475999999325722","",""
"tetris-reserved","online","randomExceptions","50","8","01211798","partial","","explicit","proxy","{}","{""bounds"":28,""support"":436,""load"":193,""robot-path"":8}","adapter-1.0 / planners-f6ec11d4259a","2.1.0","{""requested"":1,""completed"":1,""outcomes"":[""partial""],""sameWorker"":false}","{""collision"":{""status"":""PASS"",""violations"":0,""checkedPlacements"":14,""scope"":""직육면체 기하·관측 규격 공통 검사"",""reason"":""확정 배치와 최종 적재 상태 검사""},""bounds"":{""status"":""PASS"",""violations"":0,""checkedPlacements"":14,""scope"":""직육면체 기하·관측 규격 공통 검사"",""reason"":""확정 배치와 최종 적재 상태 검사""},""height"":{""status"":""PASS"",""violations"":0,""checkedPlacements"":14,""scope"":""직육면체 기하·관측 규격 공통 검사"",""reason"":""확정 배치와 최종 적재 상태 검사""},""orientation"":{""status"":""PASS"",""violations"":0,""checkedPlacements"":14,""scope"":""직육면체 기하·관측 규격 공통 검사"",""reason"":""확정 배치와 최종 적재 상태 검사""},""load"":{""status"":""PASS"",""violations"":0,""checkedPlacements"":14,""scope"":""입력된 허용 상부하중 · 누적 정적 반력"",""reason"":""입력값 범위의 정적 검사. 실측 재료 인증 아님""},""support"":{""status"":""PASS"",""violations"":0,""checkedPlacements"":14,""scope"":""접촉·합력 작용점·정적 평형"",""reason"":""설정된 지지율·전도 여유 검사. 동적 붕괴·굽힘 파손 미검증""},""payload"":{""status"":""PASS"",""violations"":0,""checkedPlacements"":14,""scope"":""입력 가반하중 · 박스+그리퍼 질량"",""reason"":""사용자가 설정한 가반하중 한계 검사""},""robotCollision"":{""status"":""NOT VERIFIED"",""violations"":0,""checkedPlacements"":14,""scope"":""TCP·그리퍼 스윕 근사만 수행"",""reason"":""전체 로봇 링크 충돌 미검증""},""approach"":{""status"":""NOT VERIFIED"",""violations"":0,""checkedPlacements"":14,""scope"":""TCP·그리퍼 스윕 근사만 수행"",""reason"":""실제 관절 한계·역기구학·접근 자세 미검증""},""sequence"":{""status"":""NOT VERIFIED"",""violations"":0,""checkedPlacements"":14,""scope"":""TCP·그리퍼 스윕 근사만 수행"",""reason"":""실제 파지·관절 궤적·전 과정 실행 미검증""}}","21.23194044642857","87.5","14","2","0.057332706","882202267","1047","","","","294.42233009708735","161.68669607333393","99.70791290493892","95.91078066914498","34.70066382405654","52.45","0.29723502304147464","0","0","","124.54638749998412","337.1262999998871","311.98419999994803","332.0978799998993","1992.742199999746","87.5","130.8912237150313","62.32929541477033","385.05255409429077","730","3.991799999959767","","","","","","100","0","0","","","0","100","100","100","100","12.643200000049546","",""
"dynamic-reservation","online","randomExceptions","50","8","01211798","partial","","explicit","proxy","{}","{""bounds"":29,""support"":398,""load"":157,""robot-path"":43}","adapter-1.0 / planners-f6ec11d4259a","2.1.0","{""requested"":1,""completed"":1,""outcomes"":[""partial""],""sameWorker"":false}","{""collision"":{""status"":""PASS"",""violations"":0,""checkedPlacements"":14,""scope"":""직육면체 기하·관측 규격 공통 검사"",""reason"":""확정 배치와 최종 적재 상태 검사""},""bounds"":{""status"":""PASS"",""violations"":0,""checkedPlacements"":14,""scope"":""직육면체 기하·관측 규격 공통 검사"",""reason"":""확정 배치와 최종 적재 상태 검사""},""height"":{""status"":""PASS"",""violations"":0,""checkedPlacements"":14,""scope"":""직육면체 기하·관측 규격 공통 검사"",""reason"":""확정 배치와 최종 적재 상태 검사""},""orientation"":{""status"":""PASS"",""violations"":0,""checkedPlacements"":14,""scope"":""직육면체 기하·관측 규격 공통 검사"",""reason"":""확정 배치와 최종 적재 상태 검사""},""load"":{""status"":""PASS"",""violations"":0,""checkedPlacements"":14,""scope"":""입력된 허용 상부하중 · 누적 정적 반력"",""reason"":""입력값 범위의 정적 검사. 실측 재료 인증 아님""},""support"":{""status"":""PASS"",""violations"":0,""checkedPlacements"":14,""scope"":""접촉·합력 작용점·정적 평형"",""reason"":""설정된 지지율·전도 여유 검사. 동적 붕괴·굽힘 파손 미검증""},""payload"":{""status"":""PASS"",""violations"":0,""checkedPlacements"":14,""scope"":""입력 가반하중 · 박스+그리퍼 질량"",""reason"":""사용자가 설정한 가반하중 한계 검사""},""robotCollision"":{""status"":""NOT VERIFIED"",""violations"":0,""checkedPlacements"":14,""scope"":""TCP·그리퍼 스윕 근사만 수행"",""reason"":""전체 로봇 링크 충돌 미검증""},""approach"":{""status"":""NOT VERIFIED"",""violations"":0,""checkedPlacements"":14,""scope"":""TCP·그리퍼 스윕 근사만 수행"",""reason"":""실제 관절 한계·역기구학·접근 자세 미검증""},""sequence"":{""status"":""NOT VERIFIED"",""violations"":0,""checkedPlacements"":14,""scope"":""TCP·그리퍼 스윕 근사만 수행"",""reason"":""실제 파지·관절 궤적·전 과정 실행 미검증""}}","21.23194044642857","87.5","14","2","0.057332706","882202267","1047","","","","298.16990291262135","59.8363150828644","100","100","18.39895585010488","52.45","0.3099078341013825","0","0","","208.40720000001602","721.2759000000078","659.1900749999913","708.8587350000045","3334.5152000002563","87.5","142.66498506857204","67.38224029457182","353.2751920576391","730","3.870100000174716","","","","","","100","0","0","","","0","100","100","100","100","36.776199999963865","",""
"future-hybrid","online","random","51","9","b8a17af3","partial","","explicit","proxy","{}","{""bounds"":26,""support"":436,""robot-path"":6,""load"":348,""protocol"":23}","adapter-1.0 / planners-f6ec11d4259a","2.1.0","{""requested"":1,""completed"":1,""outcomes"":[""partial""],""sameWorker"":false}","{""collision"":{""status"":""PASS"",""violations"":0,""checkedPlacements"":12,""scope"":""직육면체 기하·관측 규격 공통 검사"",""reason"":""확정 배치와 최종 적재 상태 검사""},""bounds"":{""status"":""PASS"",""violations"":0,""checkedPlacements"":12,""scope"":""직육면체 기하·관측 규격 공통 검사"",""reason"":""확정 배치와 최종 적재 상태 검사""},""height"":{""status"":""PASS"",""violations"":0,""checkedPlacements"":12,""scope"":""직육면체 기하·관측 규격 공통 검사"",""reason"":""확정 배치와 최종 적재 상태 검사""},""orientation"":{""status"":""PASS"",""violations"":0,""checkedPlacements"":12,""scope"":""직육면체 기하·관측 규격 공통 검사"",""reason"":""확정 배치와 최종 적재 상태 검사""},""load"":{""status"":""PASS"",""violations"":0,""checkedPlacements"":12,""scope"":""입력된 허용 상부하중 · 누적 정적 반력"",""reason"":""입력값 범위의 정적 검사. 실측 재료 인증 아님""},""support"":{""status"":""PASS"",""violations"":0,""checkedPlacements"":12,""scope"":""접촉·합력 작용점·정적 평형"",""reason"":""설정된 지지율·전도 여유 검사. 동적 붕괴·굽힘 파손 미검증""},""payload"":{""status"":""PASS"",""violations"":0,""checkedPlacements"":12,""scope"":""입력 가반하중 · 박스+그리퍼 질량"",""reason"":""사용자가 설정한 가반하중 한계 검사""},""robotCollision"":{""status"":""NOT VERIFIED"",""violations"":0,""checkedPlacements"":12,""scope"":""TCP·그리퍼 스윕 근사만 수행"",""reason"":""전체 로봇 링크 충돌 미검증""},""approach"":{""status"":""NOT VERIFIED"",""violations"":0,""checkedPlacements"":12,""scope"":""TCP·그리퍼 스윕 근사만 수행"",""reason"":""실제 관절 한계·역기구학·접근 자세 미검증""},""sequence"":{""status"":""NOT VERIFIED"",""violations"":0,""checkedPlacements"":12,""scope"":""TCP·그리퍼 스윕 근사만 수행"",""reason"":""실제 파지·관절 궤적·전 과정 실행 미검증""}}","15.827496428571427","66.66666666666667","12","6","0.140262258","942732040","447","","","","169.57246376811594","29.35699502170743","100","100","11.199444022070166","52.45","0.5518207282913166","0","0","","301.22640000003025","1127.4295000000857","831.2133400001093","1068.18626800009","5422.075200000545","66.66666666666667","112.68158947449777","53.743033158423536","383.3811734593704","821","3.7643999999854714","15.827496428571427","0","66.66666666666667","","","100","0","0","","","0","","","","","","",""
"blb","online","random","51","9","b8a17af3","partial","","explicit","proxy","{}","{""bounds"":42,""support"":311,""protocol"":9,""robot-path"":66,""load"":326}","adapter-1.0 / planners-f6ec11d4259a","2.1.0","{""requested"":1,""completed"":1,""outcomes"":[""partial""],""sameWorker"":false}","{""collision"":{""status"":""PASS"",""violations"":0,""checkedPlacements"":15,""scope"":""직육면체 기하·관측 규격 공통 검사"",""reason"":""확정 배치와 최종 적재 상태 검사""},""bounds"":{""status"":""PASS"",""violations"":0,""checkedPlacements"":15,""scope"":""직육면체 기하·관측 규격 공통 검사"",""reason"":""확정 배치와 최종 적재 상태 검사""},""height"":{""status"":""PASS"",""violations"":0,""checkedPlacements"":15,""scope"":""직육면체 기하·관측 규격 공통 검사"",""reason"":""확정 배치와 최종 적재 상태 검사""},""orientation"":{""status"":""PASS"",""violations"":0,""checkedPlacements"":15,""scope"":""직육면체 기하·관측 규격 공통 검사"",""reason"":""확정 배치와 최종 적재 상태 검사""},""load"":{""status"":""PASS"",""violations"":0,""checkedPlacements"":15,""scope"":""입력된 허용 상부하중 · 누적 정적 반력"",""reason"":""입력값 범위의 정적 검사. 실측 재료 인증 아님""},""support"":{""status"":""PASS"",""violations"":0,""checkedPlacements"":15,""scope"":""접촉·합력 작용점·정적 평형"",""reason"":""설정된 지지율·전도 여유 검사. 동적 붕괴·굽힘 파손 미검증""},""payload"":{""status"":""PASS"",""violations"":0,""checkedPlacements"":15,""scope"":""입력 가반하중 · 박스+그리퍼 질량"",""reason"":""사용자가 설정한 가반하중 한계 검사""},""robotCollision"":{""status"":""NOT VERIFIED"",""violations"":0,""checkedPlacements"":15,""scope"":""TCP·그리퍼 스윕 근사만 수행"",""reason"":""전체 로봇 링크 충돌 미검증""},""approach"":{""status"":""NOT VERIFIED"",""violations"":0,""checkedPlacements"":15,""scope"":""TCP·그리퍼 스윕 근사만 수행"",""reason"":""실제 관절 한계·역기구학·접근 자세 미검증""},""sequence"":{""status"":""NOT VERIFIED"",""violations"":0,""checkedPlacements"":15,""scope"":""TCP·그리퍼 스윕 근사만 수행"",""reason"":""실제 파지·관절 궤적·전 과정 실행 미검증""}}","21.15924455357143","83.33333333333333","15","3","0.080546679","883016461","1061","","","","302.48924731182797","178.5686750460782","100","100","39.082210373493886","52.45","0.3099078341013825","0","0","","14.303366666659713","51.99589999997988","34.75186499991684","48.54709299996725","257.46059999987483","83.33333333333333","139.2196557456448","68.39277623466911","387.8762643879708","817","5.170500000007451","21.15924455357143","0","83.33333333333333","","","100","0","0","","","0","","","","","","",""
"pack-first","online","random","51","9","b8a17af3","partial","","explicit","proxy","{}","{""support"":477,""bounds"":324,""robot-path"":40,""load"":252,""protocol"":42}","adapter-1.0 / planners-f6ec11d4259a","2.1.0","{""requested"":1,""completed"":1,""outcomes"":[""partial""],""sameWorker"":false}","{""collision"":{""status"":""PASS"",""violations"":0,""checkedPlacements"":14,""scope"":""직육면체 기하·관측 규격 공통 검사"",""reason"":""확정 배치와 최종 적재 상태 검사""},""bounds"":{""status"":""PASS"",""violations"":0,""checkedPlacements"":14,""scope"":""직육면체 기하·관측 규격 공통 검사"",""reason"":""확정 배치와 최종 적재 상태 검사""},""height"":{""status"":""PASS"",""violations"":0,""checkedPlacements"":14,""scope"":""직육면체 기하·관측 규격 공통 검사"",""reason"":""확정 배치와 최종 적재 상태 검사""},""orientation"":{""status"":""PASS"",""violations"":0,""checkedPlacements"":14,""scope"":""직육면체 기하·관측 규격 공통 검사"",""reason"":""확정 배치와 최종 적재 상태 검사""},""load"":{""status"":""PASS"",""violations"":0,""checkedPlacements"":14,""scope"":""입력된 허용 상부하중 · 누적 정적 반력"",""reason"":""입력값 범위의 정적 검사. 실측 재료 인증 아님""},""support"":{""status"":""PASS"",""violations"":0,""checkedPlacements"":14,""scope"":""접촉·합력 작용점·정적 평형"",""reason"":""설정된 지지율·전도 여유 검사. 동적 붕괴·굽힘 파손 미검증""},""payload"":{""status"":""PASS"",""violations"":0,""checkedPlacements"":14,""scope"":""입력 가반하중 · 박스+그리퍼 질량"",""reason"":""사용자가 설정한 가반하중 한계 검사""},""robotCollision"":{""status"":""NOT VERIFIED"",""violations"":0,""checkedPlacements"":14,""scope"":""TCP·그리퍼 스윕 근사만 수행"",""reason"":""전체 로봇 링크 충돌 미검증""},""approach"":{""status"":""NOT VERIFIED"",""violations"":0,""checkedPlacements"":14,""scope"":""TCP·그리퍼 스윕 근사만 수행"",""reason"":""실제 관절 한계·역기구학·접근 자세 미검증""},""sequence"":{""status"":""NOT VERIFIED"",""violations"":0,""checkedPlacements"":14,""scope"":""TCP·그리퍼 스윕 근사만 수행"",""reason"":""실제 파지·관절 궤적·전 과정 실행 미검증""}}","19.973915","77.77777777777777","14","4","0.09382237","896292152","844","","","","243.01724137931035","127.54634486538197","99.91621281943863","98.82697947214076","24.397500519993866","57.2","0.41321044546851","0","0","","10.950061111103018","25.023000000044703","24.19620500000892","24.857641000037546","197.10109999985434","77.77777777777777","127.26029981924495","61.26919488250921","396.03867090982806","817","4.042000000132248","19.973915","0","77.77777777777777","","","100","0","0","","","0","","","","","","",""
"pack-greedy","online","random","51","9","b8a17af3","partial","","explicit","proxy","{}","{""support"":508,""bounds"":354,""protocol"":52,""robot-path"":17,""load"":207}","adapter-1.0 / planners-f6ec11d4259a","2.1.0","{""requested"":1,""completed"":1,""outcomes"":[""partial""],""sameWorker"":false}","{""collision"":{""status"":""PASS"",""violations"":0,""checkedPlacements"":10,""scope"":""직육면체 기하·관측 규격 공통 검사"",""reason"":""확정 배치와 최종 적재 상태 검사""},""bounds"":{""status"":""PASS"",""violations"":0,""checkedPlacements"":10,""scope"":""직육면체 기하·관측 규격 공통 검사"",""reason"":""확정 배치와 최종 적재 상태 검사""},""height"":{""status"":""PASS"",""violations"":0,""checkedPlacements"":10,""scope"":""직육면체 기하·관측 규격 공통 검사"",""reason"":""확정 배치와 최종 적재 상태 검사""},""orientation"":{""status"":""PASS"",""violations"":0,""checkedPlacements"":10,""scope"":""직육면체 기하·관측 규격 공통 검사"",""reason"":""확정 배치와 최종 적재 상태 검사""},""load"":{""status"":""PASS"",""violations"":0,""checkedPlacements"":10,""scope"":""입력된 허용 상부하중 · 누적 정적 반력"",""reason"":""입력값 범위의 정적 검사. 실측 재료 인증 아님""},""support"":{""status"":""PASS"",""violations"":0,""checkedPlacements"":10,""scope"":""접촉·합력 작용점·정적 평형"",""reason"":""설정된 지지율·전도 여유 검사. 동적 붕괴·굽힘 파손 미검증""},""payload"":{""status"":""PASS"",""violations"":0,""checkedPlacements"":10,""scope"":""입력 가반하중 · 박스+그리퍼 질량"",""reason"":""사용자가 설정한 가반하중 한계 검사""},""robotCollision"":{""status"":""NOT VERIFIED"",""violations"":0,""checkedPlacements"":10,""scope"":""TCP·그리퍼 스윕 근사만 수행"",""reason"":""전체 로봇 링크 충돌 미검증""},""approach"":{""status"":""NOT VERIFIED"",""violations"":0,""checkedPlacements"":10,""scope"":""TCP·그리퍼 스윕 근사만 수행"",""reason"":""실제 관절 한계·역기구학·접근 자세 미검증""},""sequence"":{""status"":""NOT VERIFIED"",""violations"":0,""checkedPlacements"":10,""scope"":""TCP·그리퍼 스윕 근사만 수행"",""reason"":""실제 파지·관절 궤적·전 과정 실행 미검증""}}","13.456837321428573","55.55555555555556","10","8","0.16681364","969283422","450","","","","130.55263157894737","63.439917361268336","99.55182072829132","95.51820728291317","13.658128752755182","70.8","0.6186156576612111","0","0","","9.116527777760187","18.45200000004843","14.579994999943295","17.677599000027396","164.09749999968335","55.55555555555556","92.2409795573956","43.70663671230714","390.28206522459493","817","2.339699999894947","13.456837321428573","0","55.55555555555556","","","100","0","0","","","0","","","","","","",""
"pack-tetris","online","random","51","9","b8a17af3","partial","","explicit","proxy","{}","{""support"":508,""bounds"":354,""protocol"":52,""robot-path"":17,""load"":207}","adapter-1.0 / planners-f6ec11d4259a","2.1.0","{""requested"":1,""completed"":1,""outcomes"":[""partial""],""sameWorker"":false}","{""collision"":{""status"":""PASS"",""violations"":0,""checkedPlacements"":10,""scope"":""직육면체 기하·관측 규격 공통 검사"",""reason"":""확정 배치와 최종 적재 상태 검사""},""bounds"":{""status"":""PASS"",""violations"":0,""checkedPlacements"":10,""scope"":""직육면체 기하·관측 규격 공통 검사"",""reason"":""확정 배치와 최종 적재 상태 검사""},""height"":{""status"":""PASS"",""violations"":0,""checkedPlacements"":10,""scope"":""직육면체 기하·관측 규격 공통 검사"",""reason"":""확정 배치와 최종 적재 상태 검사""},""orientation"":{""status"":""PASS"",""violations"":0,""checkedPlacements"":10,""scope"":""직육면체 기하·관측 규격 공통 검사"",""reason"":""확정 배치와 최종 적재 상태 검사""},""load"":{""status"":""PASS"",""violations"":0,""checkedPlacements"":10,""scope"":""입력된 허용 상부하중 · 누적 정적 반력"",""reason"":""입력값 범위의 정적 검사. 실측 재료 인증 아님""},""support"":{""status"":""PASS"",""violations"":0,""checkedPlacements"":10,""scope"":""접촉·합력 작용점·정적 평형"",""reason"":""설정된 지지율·전도 여유 검사. 동적 붕괴·굽힘 파손 미검증""},""payload"":{""status"":""PASS"",""violations"":0,""checkedPlacements"":10,""scope"":""입력 가반하중 · 박스+그리퍼 질량"",""reason"":""사용자가 설정한 가반하중 한계 검사""},""robotCollision"":{""status"":""NOT VERIFIED"",""violations"":0,""checkedPlacements"":10,""scope"":""TCP·그리퍼 스윕 근사만 수행"",""reason"":""전체 로봇 링크 충돌 미검증""},""approach"":{""status"":""NOT VERIFIED"",""violations"":0,""checkedPlacements"":10,""scope"":""TCP·그리퍼 스윕 근사만 수행"",""reason"":""실제 관절 한계·역기구학·접근 자세 미검증""},""sequence"":{""status"":""NOT VERIFIED"",""violations"":0,""checkedPlacements"":10,""scope"":""TCP·그리퍼 스윕 근사만 수행"",""reason"":""실제 파지·관절 궤적·전 과정 실행 미검증""}}","13.456837321428573","55.55555555555556","10","8","0.16681364","969283422","450","","","","130.55263157894737","63.439917361268336","99.55182072829132","95.51820728291317","13.658128752755182","70.8","0.6186156576612111","0","0","","8.510866666639535","19.991799999959767","16.370630000042723","19.26756599997635","153.19559999951161","55.55555555555556","92.2409795573956","43.70663671230714","390.28206522459493","817","2.169999999925494","13.456837321428573","0","55.55555555555556","","","100","0","0","","","0","","","","","","",""
"pack-beam","online","random","51","9","b8a17af3","partial","","explicit","proxy","{}","{""support"":509,""bounds"":356,""load"":244,""protocol"":46,""robot-path"":20}","adapter-1.0 / planners-f6ec11d4259a","2.1.0","{""requested"":1,""completed"":1,""outcomes"":[""partial""],""sameWorker"":false}","{""collision"":{""status"":""PASS"",""violations"":0,""checkedPlacements"":12,""scope"":""직육면체 기하·관측 규격 공통 검사"",""reason"":""확정 배치와 최종 적재 상태 검사""},""bounds"":{""status"":""PASS"",""violations"":0,""checkedPlacements"":12,""scope"":""직육면체 기하·관측 규격 공통 검사"",""reason"":""확정 배치와 최종 적재 상태 검사""},""height"":{""status"":""PASS"",""violations"":0,""checkedPlacements"":12,""scope"":""직육면체 기하·관측 규격 공통 검사"",""reason"":""확정 배치와 최종 적재 상태 검사""},""orientation"":{""status"":""PASS"",""violations"":0,""checkedPlacements"":12,""scope"":""직육면체 기하·관측 규격 공통 검사"",""reason"":""확정 배치와 최종 적재 상태 검사""},""load"":{""status"":""PASS"",""violations"":0,""checkedPlacements"":12,""scope"":""입력된 허용 상부하중 · 누적 정적 반력"",""reason"":""입력값 범위의 정적 검사. 실측 재료 인증 아님""},""support"":{""status"":""PASS"",""violations"":0,""checkedPlacements"":12,""scope"":""접촉·합력 작용점·정적 평형"",""reason"":""설정된 지지율·전도 여유 검사. 동적 붕괴·굽힘 파손 미검증""},""payload"":{""status"":""PASS"",""violations"":0,""checkedPlacements"":12,""scope"":""입력 가반하중 · 박스+그리퍼 질량"",""reason"":""사용자가 설정한 가반하중 한계 검사""},""robotCollision"":{""status"":""NOT VERIFIED"",""violations"":0,""checkedPlacements"":12,""scope"":""TCP·그리퍼 스윕 근사만 수행"",""reason"":""전체 로봇 링크 충돌 미검증""},""approach"":{""status"":""NOT VERIFIED"",""violations"":0,""checkedPlacements"":12,""scope"":""TCP·그리퍼 스윕 근사만 수행"",""reason"":""실제 관절 한계·역기구학·접근 자세 미검증""},""sequence"":{""status"":""NOT VERIFIED"",""violations"":0,""checkedPlacements"":12,""scope"":""TCP·그리퍼 스윕 근사만 수행"",""reason"":""실제 파지·관절 궤적·전 과정 실행 미검증""}}","17.01133607142857","66.66666666666667","12","6","0.127003254","929473036","627","","","","204.2123287671233","111.95627053247455","99.23551043095635","95.30791788856305","20.212256175143068","65.85","0.5860927152317881","0","0","","696.3258444444509","2123.820400000084","1873.3036399998814","2073.717048000043","12533.865200000117","66.66666666666667","109.87324593221854","51.26760985594204","393.18033824767804","817","4.884300000034273","17.01133607142857","0","66.66666666666667","","","100","0","0","","","0","","","","","","",""
"pack-robust","online","random","51","9","b8a17af3","partial","","explicit","proxy","{}","{""support"":509,""bounds"":356,""load"":244,""protocol"":46,""robot-path"":20}","adapter-1.0 / planners-f6ec11d4259a","2.1.0","{""requested"":1,""completed"":1,""outcomes"":[""partial""],""sameWorker"":false}","{""collision"":{""status"":""PASS"",""violations"":0,""checkedPlacements"":12,""scope"":""직육면체 기하·관측 규격 공통 검사"",""reason"":""확정 배치와 최종 적재 상태 검사""},""bounds"":{""status"":""PASS"",""violations"":0,""checkedPlacements"":12,""scope"":""직육면체 기하·관측 규격 공통 검사"",""reason"":""확정 배치와 최종 적재 상태 검사""},""height"":{""status"":""PASS"",""violations"":0,""checkedPlacements"":12,""scope"":""직육면체 기하·관측 규격 공통 검사"",""reason"":""확정 배치와 최종 적재 상태 검사""},""orientation"":{""status"":""PASS"",""violations"":0,""checkedPlacements"":12,""scope"":""직육면체 기하·관측 규격 공통 검사"",""reason"":""확정 배치와 최종 적재 상태 검사""},""load"":{""status"":""PASS"",""violations"":0,""checkedPlacements"":12,""scope"":""입력된 허용 상부하중 · 누적 정적 반력"",""reason"":""입력값 범위의 정적 검사. 실측 재료 인증 아님""},""support"":{""status"":""PASS"",""violations"":0,""checkedPlacements"":12,""scope"":""접촉·합력 작용점·정적 평형"",""reason"":""설정된 지지율·전도 여유 검사. 동적 붕괴·굽힘 파손 미검증""},""payload"":{""status"":""PASS"",""violations"":0,""checkedPlacements"":12,""scope"":""입력 가반하중 · 박스+그리퍼 질량"",""reason"":""사용자가 설정한 가반하중 한계 검사""},""robotCollision"":{""status"":""NOT VERIFIED"",""violations"":0,""checkedPlacements"":12,""scope"":""TCP·그리퍼 스윕 근사만 수행"",""reason"":""전체 로봇 링크 충돌 미검증""},""approach"":{""status"":""NOT VERIFIED"",""violations"":0,""checkedPlacements"":12,""scope"":""TCP·그리퍼 스윕 근사만 수행"",""reason"":""실제 관절 한계·역기구학·접근 자세 미검증""},""sequence"":{""status"":""NOT VERIFIED"",""violations"":0,""checkedPlacements"":12,""scope"":""TCP·그리퍼 스윕 근사만 수행"",""reason"":""실제 파지·관절 궤적·전 과정 실행 미검증""}}","17.01133607142857","66.66666666666667","12","6","0.127003254","929473036","627","","","","204.2123287671233","111.95627053247455","99.23551043095635","95.30791788856305","20.212256175143068","65.85","0.5860927152317881","0","0","","666.9841055555605","2007.316000000108","1946.571430000069","1995.1670860001002","12005.71390000009","66.66666666666667","109.87324593221854","51.26760985594204","393.18033824767804","817","99.34089999995194","17.01133607142857","0","66.66666666666667","","","100","0","0","","","0","","","","","","",""
"random","online","random","51","9","b8a17af3","partial","","explicit","proxy","{}","{""bounds"":32,""support"":339,""protocol"":8,""robot-path"":35,""load"":249}","adapter-1.0 / planners-f6ec11d4259a","2.1.0","{""requested"":1,""completed"":1,""outcomes"":[""partial""],""sameWorker"":false}","{""collision"":{""status"":""PASS"",""violations"":0,""checkedPlacements"":13,""scope"":""직육면체 기하·관측 규격 공통 검사"",""reason"":""확정 배치와 최종 적재 상태 검사""},""bounds"":{""status"":""PASS"",""violations"":0,""checkedPlacements"":13,""scope"":""직육면체 기하·관측 규격 공통 검사"",""reason"":""확정 배치와 최종 적재 상태 검사""},""height"":{""status"":""PASS"",""violations"":0,""checkedPlacements"":13,""scope"":""직육면체 기하·관측 규격 공통 검사"",""reason"":""확정 배치와 최종 적재 상태 검사""},""orientation"":{""status"":""PASS"",""violations"":0,""checkedPlacements"":13,""scope"":""직육면체 기하·관측 규격 공통 검사"",""reason"":""확정 배치와 최종 적재 상태 검사""},""load"":{""status"":""PASS"",""violations"":0,""checkedPlacements"":13,""scope"":""입력된 허용 상부하중 · 누적 정적 반력"",""reason"":""입력값 범위의 정적 검사. 실측 재료 인증 아님""},""support"":{""status"":""PASS"",""violations"":0,""checkedPlacements"":13,""scope"":""접촉·합력 작용점·정적 평형"",""reason"":""설정된 지지율·전도 여유 검사. 동적 붕괴·굽힘 파손 미검증""},""payload"":{""status"":""PASS"",""violations"":0,""checkedPlacements"":13,""scope"":""입력 가반하중 · 박스+그리퍼 질량"",""reason"":""사용자가 설정한 가반하중 한계 검사""},""robotCollision"":{""status"":""NOT VERIFIED"",""violations"":0,""checkedPlacements"":13,""scope"":""TCP·그리퍼 스윕 근사만 수행"",""reason"":""전체 로봇 링크 충돌 미검증""},""approach"":{""status"":""NOT VERIFIED"",""violations"":0,""checkedPlacements"":13,""scope"":""TCP·그리퍼 스윕 근사만 수행"",""reason"":""실제 관절 한계·역기구학·접근 자세 미검증""},""sequence"":{""status"":""NOT VERIFIED"",""violations"":0,""checkedPlacements"":13,""scope"":""TCP·그리퍼 스윕 근사만 수행"",""reason"":""실제 파지·관절 궤적·전 과정 실행 미검증""}}","18.78858544642857","72.22222222222223","13","5","0.107098061","909567843","844","","","","246.84567901234567","96.36191061516932","100","100","27.49507075938652","65.85","0.41321044546851","0","0","","17.790283333342003","51.99350000009872","34.72039499994132","48.53887900006721","320.2251000001561","72.22222222222223","127.30895019038397","60.00081762374956","367.6096608291327","817","4.202500000130385","18.78858544642857","0","72.22222222222223","","","100","0","0","","","0","","","","","","",""
"bl","online","random","51","9","b8a17af3","partial","","explicit","proxy","{}","{""bounds"":34,""support"":285,""protocol"":7,""robot-path"":58,""load"":324}","adapter-1.0 / planners-f6ec11d4259a","2.1.0","{""requested"":1,""completed"":1,""outcomes"":[""partial""],""sameWorker"":false}","{""collision"":{""status"":""PASS"",""violations"":0,""checkedPlacements"":15,""scope"":""직육면체 기하·관측 규격 공통 검사"",""reason"":""확정 배치와 최종 적재 상태 검사""},""bounds"":{""status"":""PASS"",""violations"":0,""checkedPlacements"":15,""scope"":""직육면체 기하·관측 규격 공통 검사"",""reason"":""확정 배치와 최종 적재 상태 검사""},""height"":{""status"":""PASS"",""violations"":0,""checkedPlacements"":15,""scope"":""직육면체 기하·관측 규격 공통 검사"",""reason"":""확정 배치와 최종 적재 상태 검사""},""orientation"":{""status"":""PASS"",""violations"":0,""checkedPlacements"":15,""scope"":""직육면체 기하·관측 규격 공통 검사"",""reason"":""확정 배치와 최종 적재 상태 검사""},""load"":{""status"":""PASS"",""violations"":0,""checkedPlacements"":15,""scope"":""입력된 허용 상부하중 · 누적 정적 반력"",""reason"":""입력값 범위의 정적 검사. 실측 재료 인증 아님""},""support"":{""status"":""PASS"",""violations"":0,""checkedPlacements"":15,""scope"":""접촉·합력 작용점·정적 평형"",""reason"":""설정된 지지율·전도 여유 검사. 동적 붕괴·굽힘 파손 미검증""},""payload"":{""status"":""PASS"",""violations"":0,""checkedPlacements"":15,""scope"":""입력 가반하중 · 박스+그리퍼 질량"",""reason"":""사용자가 설정한 가반하중 한계 검사""},""robotCollision"":{""status"":""NOT VERIFIED"",""violations"":0,""checkedPlacements"":15,""scope"":""TCP·그리퍼 스윕 근사만 수행"",""reason"":""전체 로봇 링크 충돌 미검증""},""approach"":{""status"":""NOT VERIFIED"",""violations"":0,""checkedPlacements"":15,""scope"":""TCP·그리퍼 스윕 근사만 수행"",""reason"":""실제 관절 한계·역기구학·접근 자세 미검증""},""sequence"":{""status"":""NOT VERIFIED"",""violations"":0,""checkedPlacements"":15,""scope"":""TCP·그리퍼 스윕 근사만 수행"",""reason"":""실제 파지·관절 궤적·전 과정 실행 미검증""}}","21.15924455357143","83.33333333333333","15","3","0.080546679","883016461","1061","","","","300.5537634408602","175.97472743034524","100","100","38.48301335239652","52.45","0.3099078341013825","0","0","","42.65058333333582","91.93179999990389","78.61884500012964","89.26920899994902","767.7105000000447","83.33333333333333","138.9205761294258","68.19837448412676","388.7113162393649","821","4.559099999954924","21.15924455357143","0","83.33333333333333","","","100","0","0","","","0","","","","","","",""
"greedy","online","random","51","9","b8a17af3","partial","","explicit","proxy","{}","{""bounds"":30,""support"":377,""protocol"":21,""robot-path"":42,""load"":289}","adapter-1.0 / planners-f6ec11d4259a","2.1.0","{""requested"":1,""completed"":1,""outcomes"":[""partial""],""sameWorker"":false}","{""collision"":{""status"":""PASS"",""violations"":0,""checkedPlacements"":15,""scope"":""직육면체 기하·관측 규격 공통 검사"",""reason"":""확정 배치와 최종 적재 상태 검사""},""bounds"":{""status"":""PASS"",""violations"":0,""checkedPlacements"":15,""scope"":""직육면체 기하·관측 규격 공통 검사"",""reason"":""확정 배치와 최종 적재 상태 검사""},""height"":{""status"":""PASS"",""violations"":0,""checkedPlacements"":15,""scope"":""직육면체 기하·관측 규격 공통 검사"",""reason"":""확정 배치와 최종 적재 상태 검사""},""orientation"":{""status"":""PASS"",""violations"":0,""checkedPlacements"":15,""scope"":""직육면체 기하·관측 규격 공통 검사"",""reason"":""확정 배치와 최종 적재 상태 검사""},""load"":{""status"":""PASS"",""violations"":0,""checkedPlacements"":15,""scope"":""입력된 허용 상부하중 · 누적 정적 반력"",""reason"":""입력값 범위의 정적 검사. 실측 재료 인증 아님""},""support"":{""status"":""PASS"",""violations"":0,""checkedPlacements"":15,""scope"":""접촉·합력 작용점·정적 평형"",""reason"":""설정된 지지율·전도 여유 검사. 동적 붕괴·굽힘 파손 미검증""},""payload"":{""status"":""PASS"",""violations"":0,""checkedPlacements"":15,""scope"":""입력 가반하중 · 박스+그리퍼 질량"",""reason"":""사용자가 설정한 가반하중 한계 검사""},""robotCollision"":{""status"":""NOT VERIFIED"",""violations"":0,""checkedPlacements"":15,""scope"":""TCP·그리퍼 스윕 근사만 수행"",""reason"":""전체 로봇 링크 충돌 미검증""},""approach"":{""status"":""NOT VERIFIED"",""violations"":0,""checkedPlacements"":15,""scope"":""TCP·그리퍼 스윕 근사만 수행"",""reason"":""실제 관절 한계·역기구학·접근 자세 미검증""},""sequence"":{""status"":""NOT VERIFIED"",""violations"":0,""checkedPlacements"":15,""scope"":""TCP·그리퍼 스윕 근사만 수행"",""reason"":""실제 파지·관절 궤적·전 과정 실행 미검증""}}","21.15924455357143","83.33333333333333","15","3","0.080546679","883016461","1254","","","","383.252688172043","18.100886645473878","99.93804213135068","99.62825278810409","6.312432449849156","57.2","0.3096198156682028","0","0","","142.82997777778655","341.5522999998648","329.2821250001434","339.0982649999205","2570.939600000158","83.33333333333333","163.72059724711514","80.41838821062484","329.8302162830127","826","10.171099999919534","21.15924455357143","0","83.33333333333333","","","100","0","0","","","0","","","","","","",""
"rollout","online","random","51","9","b8a17af3","partial","","explicit","proxy","{}","{""bounds"":57,""support"":322,""protocol"":5,""robot-path"":45,""load"":291}","adapter-1.0 / planners-f6ec11d4259a","2.1.0","{""requested"":1,""completed"":1,""outcomes"":[""partial""],""sameWorker"":false}","{""collision"":{""status"":""PASS"",""violations"":0,""checkedPlacements"":15,""scope"":""직육면체 기하·관측 규격 공통 검사"",""reason"":""확정 배치와 최종 적재 상태 검사""},""bounds"":{""status"":""PASS"",""violations"":0,""checkedPlacements"":15,""scope"":""직육면체 기하·관측 규격 공통 검사"",""reason"":""확정 배치와 최종 적재 상태 검사""},""height"":{""status"":""PASS"",""violations"":0,""checkedPlacements"":15,""scope"":""직육면체 기하·관측 규격 공통 검사"",""reason"":""확정 배치와 최종 적재 상태 검사""},""orientation"":{""status"":""PASS"",""violations"":0,""checkedPlacements"":15,""scope"":""직육면체 기하·관측 규격 공통 검사"",""reason"":""확정 배치와 최종 적재 상태 검사""},""load"":{""status"":""PASS"",""violations"":0,""checkedPlacements"":15,""scope"":""입력된 허용 상부하중 · 누적 정적 반력"",""reason"":""입력값 범위의 정적 검사. 실측 재료 인증 아님""},""support"":{""status"":""PASS"",""violations"":0,""checkedPlacements"":15,""scope"":""접촉·합력 작용점·정적 평형"",""reason"":""설정된 지지율·전도 여유 검사. 동적 붕괴·굽힘 파손 미검증""},""payload"":{""status"":""PASS"",""violations"":0,""checkedPlacements"":15,""scope"":""입력 가반하중 · 박스+그리퍼 질량"",""reason"":""사용자가 설정한 가반하중 한계 검사""},""robotCollision"":{""status"":""NOT VERIFIED"",""violations"":0,""checkedPlacements"":15,""scope"":""TCP·그리퍼 스윕 근사만 수행"",""reason"":""전체 로봇 링크 충돌 미검증""},""approach"":{""status"":""NOT VERIFIED"",""violations"":0,""checkedPlacements"":15,""scope"":""TCP·그리퍼 스윕 근사만 수행"",""reason"":""실제 관절 한계·역기구학·접근 자세 미검증""},""sequence"":{""status"":""NOT VERIFIED"",""violations"":0,""checkedPlacements"":15,""scope"":""TCP·그리퍼 스윕 근사만 수행"",""reason"":""실제 파지·관절 궤적·전 과정 실행 미검증""}}","21.15924455357143","83.33333333333333","15","3","0.080546679","883016461","1037","","","","293.5752688172043","96.45653030463548","99.70121381886088","95.51820728291317","31.897794734620362","52.45","0.4013266998341625","0","0","","442.8299388888732","901.8533000000753","823.7627799999317","886.2351960000464","7970.938899999717","83.33333333333333","157.38416790773627","74.34970914002855","343.109479929751","821","9.47980000008829","21.15924455357143","0","83.33333333333333","","","100","0","0","","","0","","","","","","",""
"strategy-greedy","online","random","51","9","b8a17af3","partial","","explicit","proxy","{}","{""bounds"":28,""support"":358,""protocol"":6,""robot-path"":26,""load"":282}","adapter-1.0 / planners-f6ec11d4259a","2.1.0","{""requested"":1,""completed"":1,""outcomes"":[""partial""],""sameWorker"":false}","{""collision"":{""status"":""PASS"",""violations"":0,""checkedPlacements"":15,""scope"":""직육면체 기하·관측 규격 공통 검사"",""reason"":""확정 배치와 최종 적재 상태 검사""},""bounds"":{""status"":""PASS"",""violations"":0,""checkedPlacements"":15,""scope"":""직육면체 기하·관측 규격 공통 검사"",""reason"":""확정 배치와 최종 적재 상태 검사""},""height"":{""status"":""PASS"",""violations"":0,""checkedPlacements"":15,""scope"":""직육면체 기하·관측 규격 공통 검사"",""reason"":""확정 배치와 최종 적재 상태 검사""},""orientation"":{""status"":""PASS"",""violations"":0,""checkedPlacements"":15,""scope"":""직육면체 기하·관측 규격 공통 검사"",""reason"":""확정 배치와 최종 적재 상태 검사""},""load"":{""status"":""PASS"",""violations"":0,""checkedPlacements"":15,""scope"":""입력된 허용 상부하중 · 누적 정적 반력"",""reason"":""입력값 범위의 정적 검사. 실측 재료 인증 아님""},""support"":{""status"":""PASS"",""violations"":0,""checkedPlacements"":15,""scope"":""접촉·합력 작용점·정적 평형"",""reason"":""설정된 지지율·전도 여유 검사. 동적 붕괴·굽힘 파손 미검증""},""payload"":{""status"":""PASS"",""violations"":0,""checkedPlacements"":15,""scope"":""입력 가반하중 · 박스+그리퍼 질량"",""reason"":""사용자가 설정한 가반하중 한계 검사""},""robotCollision"":{""status"":""NOT VERIFIED"",""violations"":0,""checkedPlacements"":15,""scope"":""TCP·그리퍼 스윕 근사만 수행"",""reason"":""전체 로봇 링크 충돌 미검증""},""approach"":{""status"":""NOT VERIFIED"",""violations"":0,""checkedPlacements"":15,""scope"":""TCP·그리퍼 스윕 근사만 수행"",""reason"":""실제 관절 한계·역기구학·접근 자세 미검증""},""sequence"":{""status"":""NOT VERIFIED"",""violations"":0,""checkedPlacements"":15,""scope"":""TCP·그리퍼 스윕 근사만 수행"",""reason"":""실제 파지·관절 궤적·전 과정 실행 미검증""}}","21.15924455357143","83.33333333333333","15","3","0.080546679","883016461","1037","","","","302.747311827957","18.670485617225573","99.70121381886088","95.51820728291317","2.0195878026020067","52.45","0.38916528468767275","0","0","","15.171788888892884","42.38910000002943","30.901944999897367","40.091669000002994","273.0922000000719","83.33333333333333","150.9718271584896","74.08168765301822","357.68262871529686","826","5.0914000000339","21.15924455357143","0","83.33333333333333","","","100","0","0","","","0","","","","","","",""
"macs","online","random","51","9","b8a17af3","partial","","explicit","proxy","{}","{""bounds"":28,""support"":359,""protocol"":6,""robot-path"":25,""load"":286}","adapter-1.0 / planners-f6ec11d4259a","2.1.0","{""requested"":1,""completed"":1,""outcomes"":[""partial""],""sameWorker"":false}","{""collision"":{""status"":""PASS"",""violations"":0,""checkedPlacements"":15,""scope"":""직육면체 기하·관측 규격 공통 검사"",""reason"":""확정 배치와 최종 적재 상태 검사""},""bounds"":{""status"":""PASS"",""violations"":0,""checkedPlacements"":15,""scope"":""직육면체 기하·관측 규격 공통 검사"",""reason"":""확정 배치와 최종 적재 상태 검사""},""height"":{""status"":""PASS"",""violations"":0,""checkedPlacements"":15,""scope"":""직육면체 기하·관측 규격 공통 검사"",""reason"":""확정 배치와 최종 적재 상태 검사""},""orientation"":{""status"":""PASS"",""violations"":0,""checkedPlacements"":15,""scope"":""직육면체 기하·관측 규격 공통 검사"",""reason"":""확정 배치와 최종 적재 상태 검사""},""load"":{""status"":""PASS"",""violations"":0,""checkedPlacements"":15,""scope"":""입력된 허용 상부하중 · 누적 정적 반력"",""reason"":""입력값 범위의 정적 검사. 실측 재료 인증 아님""},""support"":{""status"":""PASS"",""violations"":0,""checkedPlacements"":15,""scope"":""접촉·합력 작용점·정적 평형"",""reason"":""설정된 지지율·전도 여유 검사. 동적 붕괴·굽힘 파손 미검증""},""payload"":{""status"":""PASS"",""violations"":0,""checkedPlacements"":15,""scope"":""입력 가반하중 · 박스+그리퍼 질량"",""reason"":""사용자가 설정한 가반하중 한계 검사""},""robotCollision"":{""status"":""NOT VERIFIED"",""violations"":0,""checkedPlacements"":15,""scope"":""TCP·그리퍼 스윕 근사만 수행"",""reason"":""전체 로봇 링크 충돌 미검증""},""approach"":{""status"":""NOT VERIFIED"",""violations"":0,""checkedPlacements"":15,""scope"":""TCP·그리퍼 스윕 근사만 수행"",""reason"":""실제 관절 한계·역기구학·접근 자세 미검증""},""sequence"":{""status"":""NOT VERIFIED"",""violations"":0,""checkedPlacements"":15,""scope"":""TCP·그리퍼 스윕 근사만 수행"",""reason"":""실제 파지·관절 궤적·전 과정 실행 미검증""}}","21.15924455357143","83.33333333333333","15","3","0.080546679","883016461","1037","","","","302.747311827957","17.078874954383867","99.70121381886088","95.51820728291317","2.0195878026020067","52.45","0.38916528468767275","0","0","","18.291261111114483","59.59239999996498","42.93469499994532","56.26085899996102","329.2427000000607","83.33333333333333","151.0771616985563","74.15015510406158","357.433243998494","826","5.822200000053272","21.15924455357143","0","83.33333333333333","","","100","0","0","","","0","","","","","","",""
"tetris-reserved","online","random","51","9","b8a17af3","partial","","explicit","proxy","{}","{""bounds"":34,""support"":345,""protocol"":7,""robot-path"":53,""load"":342}","adapter-1.0 / planners-f6ec11d4259a","2.1.0","{""requested"":1,""completed"":1,""outcomes"":[""partial""],""sameWorker"":false}","{""collision"":{""status"":""PASS"",""violations"":0,""checkedPlacements"":15,""scope"":""직육면체 기하·관측 규격 공통 검사"",""reason"":""확정 배치와 최종 적재 상태 검사""},""bounds"":{""status"":""PASS"",""violations"":0,""checkedPlacements"":15,""scope"":""직육면체 기하·관측 규격 공통 검사"",""reason"":""확정 배치와 최종 적재 상태 검사""},""height"":{""status"":""PASS"",""violations"":0,""checkedPlacements"":15,""scope"":""직육면체 기하·관측 규격 공통 검사"",""reason"":""확정 배치와 최종 적재 상태 검사""},""orientation"":{""status"":""PASS"",""violations"":0,""checkedPlacements"":15,""scope"":""직육면체 기하·관측 규격 공통 검사"",""reason"":""확정 배치와 최종 적재 상태 검사""},""load"":{""status"":""PASS"",""violations"":0,""checkedPlacements"":15,""scope"":""입력된 허용 상부하중 · 누적 정적 반력"",""reason"":""입력값 범위의 정적 검사. 실측 재료 인증 아님""},""support"":{""status"":""PASS"",""violations"":0,""checkedPlacements"":15,""scope"":""접촉·합력 작용점·정적 평형"",""reason"":""설정된 지지율·전도 여유 검사. 동적 붕괴·굽힘 파손 미검증""},""payload"":{""status"":""PASS"",""violations"":0,""checkedPlacements"":15,""scope"":""입력 가반하중 · 박스+그리퍼 질량"",""reason"":""사용자가 설정한 가반하중 한계 검사""},""robotCollision"":{""status"":""NOT VERIFIED"",""violations"":0,""checkedPlacements"":15,""scope"":""TCP·그리퍼 스윕 근사만 수행"",""reason"":""전체 로봇 링크 충돌 미검증""},""approach"":{""status"":""NOT VERIFIED"",""violations"":0,""checkedPlacements"":15,""scope"":""TCP·그리퍼 스윕 근사만 수행"",""reason"":""실제 관절 한계·역기구학·접근 자세 미검증""},""sequence"":{""status"":""NOT VERIFIED"",""violations"":0,""checkedPlacements"":15,""scope"":""TCP·그리퍼 스윕 근사만 수행"",""reason"":""실제 파지·관절 궤적·전 과정 실행 미검증""}}","21.15924455357143","83.33333333333333","15","3","0.080546679","883016461","868","","","","255.11290322580646","120.5626049644138","100","100","26.637575442074546","52.45","0.3099078341013825","0","0","","135.08208888886858","340.1284999998752","311.7350149999372","334.44980299988754","2431.4775999996345","83.33333333333333","144.74392839231484","68.08355345500468","373.07264352835625","821","5.262299999827519","21.15924455357143","0","83.33333333333333","","","100","0","0","","","0","","","","","","",""
"dynamic-reservation","online","random","51","9","b8a17af3","partial","","explicit","proxy","{}","{""bounds"":54,""support"":288,""protocol"":8,""robot-path"":14,""load"":236}","adapter-1.0 / planners-f6ec11d4259a","2.1.0","{""requested"":1,""completed"":1,""outcomes"":[""partial""],""sameWorker"":false}","{""collision"":{""status"":""PASS"",""violations"":0,""checkedPlacements"":17,""scope"":""직육면체 기하·관측 규격 공통 검사"",""reason"":""확정 배치와 최종 적재 상태 검사""},""bounds"":{""status"":""PASS"",""violations"":0,""checkedPlacements"":17,""scope"":""직육면체 기하·관측 규격 공통 검사"",""reason"":""확정 배치와 최종 적재 상태 검사""},""height"":{""status"":""PASS"",""violations"":0,""checkedPlacements"":17,""scope"":""직육면체 기하·관측 규격 공통 검사"",""reason"":""확정 배치와 최종 적재 상태 검사""},""orientation"":{""status"":""PASS"",""violations"":0,""checkedPlacements"":17,""scope"":""직육면체 기하·관측 규격 공통 검사"",""reason"":""확정 배치와 최종 적재 상태 검사""},""load"":{""status"":""PASS"",""violations"":0,""checkedPlacements"":17,""scope"":""입력된 허용 상부하중 · 누적 정적 반력"",""reason"":""입력값 범위의 정적 검사. 실측 재료 인증 아님""},""support"":{""status"":""PASS"",""violations"":0,""checkedPlacements"":17,""scope"":""접촉·합력 작용점·정적 평형"",""reason"":""설정된 지지율·전도 여유 검사. 동적 붕괴·굽힘 파손 미검증""},""payload"":{""status"":""PASS"",""violations"":0,""checkedPlacements"":17,""scope"":""입력 가반하중 · 박스+그리퍼 질량"",""reason"":""사용자가 설정한 가반하중 한계 검사""},""robotCollision"":{""status"":""NOT VERIFIED"",""violations"":0,""checkedPlacements"":17,""scope"":""TCP·그리퍼 스윕 근사만 수행"",""reason"":""전체 로봇 링크 충돌 미검증""},""approach"":{""status"":""NOT VERIFIED"",""violations"":0,""checkedPlacements"":17,""scope"":""TCP·그리퍼 스윕 근사만 수행"",""reason"":""실제 관절 한계·역기구학·접근 자세 미검증""},""sequence"":{""status"":""NOT VERIFIED"",""violations"":0,""checkedPlacements"":17,""scope"":""TCP·그리퍼 스윕 근사만 수행"",""reason"":""실제 파지·관절 궤적·전 과정 실행 미검증""}}","25.304596875","94.44444444444444","17","1","0.034118733","836588515","800","","","","232.77906976744185","68.0214184031532","99.73636513428902","95.51820728291317","19.266537287708697","52.45","0.5137595837897042","0","0","","476.06855000000604","1336.4290000000037","1198.5329899998962","1308.849797999982","8569.233900000108","94.44444444444444","185.0620002560438","92.34030016642848","330.6999811702366","821","7.7299999999813735","25.304596875","0","94.44444444444444","","","100","0","0","","","0","","","","","","",""
"lookahead","online","random","51","9","b8a17af3","partial","","explicit","proxy","{}","{""bounds"":28,""support"":358,""protocol"":6,""robot-path"":26,""load"":282}","adapter-1.0 / planners-f6ec11d4259a","2.1.0","{""requested"":1,""completed"":1,""outcomes"":[""partial""],""sameWorker"":false}","{""collision"":{""status"":""PASS"",""violations"":0,""checkedPlacements"":15,""scope"":""직육면체 기하·관측 규격 공통 검사"",""reason"":""확정 배치와 최종 적재 상태 검사""},""bounds"":{""status"":""PASS"",""violations"":0,""checkedPlacements"":15,""scope"":""직육면체 기하·관측 규격 공통 검사"",""reason"":""확정 배치와 최종 적재 상태 검사""},""height"":{""status"":""PASS"",""violations"":0,""checkedPlacements"":15,""scope"":""직육면체 기하·관측 규격 공통 검사"",""reason"":""확정 배치와 최종 적재 상태 검사""},""orientation"":{""status"":""PASS"",""violations"":0,""checkedPlacements"":15,""scope"":""직육면체 기하·관측 규격 공통 검사"",""reason"":""확정 배치와 최종 적재 상태 검사""},""load"":{""status"":""PASS"",""violations"":0,""checkedPlacements"":15,""scope"":""입력된 허용 상부하중 · 누적 정적 반력"",""reason"":""입력값 범위의 정적 검사. 실측 재료 인증 아님""},""support"":{""status"":""PASS"",""violations"":0,""checkedPlacements"":15,""scope"":""접촉·합력 작용점·정적 평형"",""reason"":""설정된 지지율·전도 여유 검사. 동적 붕괴·굽힘 파손 미검증""},""payload"":{""status"":""PASS"",""violations"":0,""checkedPlacements"":15,""scope"":""입력 가반하중 · 박스+그리퍼 질량"",""reason"":""사용자가 설정한 가반하중 한계 검사""},""robotCollision"":{""status"":""NOT VERIFIED"",""violations"":0,""checkedPlacements"":15,""scope"":""TCP·그리퍼 스윕 근사만 수행"",""reason"":""전체 로봇 링크 충돌 미검증""},""approach"":{""status"":""NOT VERIFIED"",""violations"":0,""checkedPlacements"":15,""scope"":""TCP·그리퍼 스윕 근사만 수행"",""reason"":""실제 관절 한계·역기구학·접근 자세 미검증""},""sequence"":{""status"":""NOT VERIFIED"",""violations"":0,""checkedPlacements"":15,""scope"":""TCP·그리퍼 스윕 근사만 수행"",""reason"":""실제 파지·관절 궤적·전 과정 실행 미검증""}}","21.15924455357143","83.33333333333333","15","3","0.080546679","883016461","1037","","","","302.747311827957","18.670485617225573","99.70121381886088","95.51820728291317","2.0195878026020067","52.45","0.38916528468767275","0","0","","146.37121111109283","384.73139999993145","295.69118000000003","366.923355999945","2634.681799999671","83.33333333333333","150.9718271584896","74.08168765301822","357.68262871529686","826","5.50289999996312","21.15924455357143","0","83.33333333333333","","","100","0","0","","","0","","","","","","",""
"future-hybrid","online","randomExceptions","51","9","c0caa5af","partial","","explicit","proxy","{}","{""bounds"":29,""support"":285,""protocol"":1,""robot-path"":13,""load"":222}","adapter-1.0 / planners-f6ec11d4259a","2.1.0","{""requested"":1,""completed"":1,""outcomes"":[""partial""],""sameWorker"":false}","{""collision"":{""status"":""PASS"",""violations"":0,""checkedPlacements"":15,""scope"":""직육면체 기하·관측 규격 공통 검사"",""reason"":""확정 배치와 최종 적재 상태 검사""},""bounds"":{""status"":""PASS"",""violations"":0,""checkedPlacements"":15,""scope"":""직육면체 기하·관측 규격 공통 검사"",""reason"":""확정 배치와 최종 적재 상태 검사""},""height"":{""status"":""PASS"",""violations"":0,""checkedPlacements"":15,""scope"":""직육면체 기하·관측 규격 공통 검사"",""reason"":""확정 배치와 최종 적재 상태 검사""},""orientation"":{""status"":""PASS"",""violations"":0,""checkedPlacements"":15,""scope"":""직육면체 기하·관측 규격 공통 검사"",""reason"":""확정 배치와 최종 적재 상태 검사""},""load"":{""status"":""PASS"",""violations"":0,""checkedPlacements"":15,""scope"":""입력된 허용 상부하중 · 누적 정적 반력"",""reason"":""입력값 범위의 정적 검사. 실측 재료 인증 아님""},""support"":{""status"":""PASS"",""violations"":0,""checkedPlacements"":15,""scope"":""접촉·합력 작용점·정적 평형"",""reason"":""설정된 지지율·전도 여유 검사. 동적 붕괴·굽힘 파손 미검증""},""payload"":{""status"":""PASS"",""violations"":0,""checkedPlacements"":15,""scope"":""입력 가반하중 · 박스+그리퍼 질량"",""reason"":""사용자가 설정한 가반하중 한계 검사""},""robotCollision"":{""status"":""NOT VERIFIED"",""violations"":0,""checkedPlacements"":15,""scope"":""TCP·그리퍼 스윕 근사만 수행"",""reason"":""전체 로봇 링크 충돌 미검증""},""approach"":{""status"":""NOT VERIFIED"",""violations"":0,""checkedPlacements"":15,""scope"":""TCP·그리퍼 스윕 근사만 수행"",""reason"":""실제 관절 한계·역기구학·접근 자세 미검증""},""sequence"":{""status"":""NOT VERIFIED"",""violations"":0,""checkedPlacements"":15,""scope"":""TCP·그리퍼 스윕 근사만 수행"",""reason"":""실제 파지·관절 궤적·전 과정 실행 미검증""}}","22.221651517857143","93.75","15","1","0.034118733","871117503","613","","","","193.75","86.29044658144221","99.96326905417816","99.44903581267218","22.311366403396498","52.45","0.562992125984252","0","0","","377.7823000000353","1133.4544999999925","866.1029000000563","1079.9841800000052","6044.516800000565","93.75","151.58305151963827","74.47898348776489","356.24035443701337","730","7.553000000072643","","","","","","100","0","0","","","0","100","100","100","100","49.50949999992736","",""
"blb","online","randomExceptions","51","9","c0caa5af","partial","","explicit","proxy","{}","{""bounds"":33,""support"":302,""protocol"":2,""robot-path"":6,""load"":169}","adapter-1.0 / planners-f6ec11d4259a","2.1.0","{""requested"":1,""completed"":1,""outcomes"":[""partial""],""sameWorker"":false}","{""collision"":{""status"":""PASS"",""violations"":0,""checkedPlacements"":12,""scope"":""직육면체 기하·관측 규격 공통 검사"",""reason"":""확정 배치와 최종 적재 상태 검사""},""bounds"":{""status"":""PASS"",""violations"":0,""checkedPlacements"":12,""scope"":""직육면체 기하·관측 규격 공통 검사"",""reason"":""확정 배치와 최종 적재 상태 검사""},""height"":{""status"":""PASS"",""violations"":0,""checkedPlacements"":12,""scope"":""직육면체 기하·관측 규격 공통 검사"",""reason"":""확정 배치와 최종 적재 상태 검사""},""orientation"":{""status"":""PASS"",""violations"":0,""checkedPlacements"":12,""scope"":""직육면체 기하·관측 규격 공통 검사"",""reason"":""확정 배치와 최종 적재 상태 검사""},""load"":{""status"":""PASS"",""violations"":0,""checkedPlacements"":12,""scope"":""입력된 허용 상부하중 · 누적 정적 반력"",""reason"":""입력값 범위의 정적 검사. 실측 재료 인증 아님""},""support"":{""status"":""PASS"",""violations"":0,""checkedPlacements"":12,""scope"":""접촉·합력 작용점·정적 평형"",""reason"":""설정된 지지율·전도 여유 검사. 동적 붕괴·굽힘 파손 미검증""},""payload"":{""status"":""PASS"",""violations"":0,""checkedPlacements"":12,""scope"":""입력 가반하중 · 박스+그리퍼 질량"",""reason"":""사용자가 설정한 가반하중 한계 검사""},""robotCollision"":{""status"":""NOT VERIFIED"",""violations"":0,""checkedPlacements"":12,""scope"":""TCP·그리퍼 스윕 근사만 수행"",""reason"":""전체 로봇 링크 충돌 미검증""},""approach"":{""status"":""NOT VERIFIED"",""violations"":0,""checkedPlacements"":12,""scope"":""TCP·그리퍼 스윕 근사만 수행"",""reason"":""실제 관절 한계·역기구학·접근 자세 미검증""},""sequence"":{""status"":""NOT VERIFIED"",""violations"":0,""checkedPlacements"":12,""scope"":""TCP·그리퍼 스윕 근사만 수행"",""reason"":""실제 파지·관절 궤적·전 과정 실행 미검증""}}","16.890969642857144","75","12","4","0.09382237","930821140","627","","","","206.14864864864865","153.97237106657371","99.97556207233625","99.70674486803519","33.74788985274566","57.2","0.5741051110703768","0","0","","13.9044937499566","30.909599999897182","26.272124999959487","29.98210499990964","222.4718999993056","75","104.43869976818229","50.3351548493185","413.6397723821632","728","6.565500000026077","","","","","","100","0","0","","","0","100","100","100","100","1.2331999999005347","",""
"pack-first","online","randomExceptions","51","9","c0caa5af","partial","","explicit","proxy","{}","{""support"":425,""bounds"":320,""robot-path"":23,""load"":227,""protocol"":26}","adapter-1.0 / planners-f6ec11d4259a","2.1.0","{""requested"":1,""completed"":1,""outcomes"":[""partial""],""sameWorker"":false}","{""collision"":{""status"":""PASS"",""violations"":0,""checkedPlacements"":12,""scope"":""직육면체 기하·관측 규격 공통 검사"",""reason"":""확정 배치와 최종 적재 상태 검사""},""bounds"":{""status"":""PASS"",""violations"":0,""checkedPlacements"":12,""scope"":""직육면체 기하·관측 규격 공통 검사"",""reason"":""확정 배치와 최종 적재 상태 검사""},""height"":{""status"":""PASS"",""violations"":0,""checkedPlacements"":12,""scope"":""직육면체 기하·관측 규격 공통 검사"",""reason"":""확정 배치와 최종 적재 상태 검사""},""orientation"":{""status"":""PASS"",""violations"":0,""checkedPlacements"":12,""scope"":""직육면체 기하·관측 규격 공통 검사"",""reason"":""확정 배치와 최종 적재 상태 검사""},""load"":{""status"":""PASS"",""violations"":0,""checkedPlacements"":12,""scope"":""입력된 허용 상부하중 · 누적 정적 반력"",""reason"":""입력값 범위의 정적 검사. 실측 재료 인증 아님""},""support"":{""status"":""PASS"",""violations"":0,""checkedPlacements"":12,""scope"":""접촉·합력 작용점·정적 평형"",""reason"":""설정된 지지율·전도 여유 검사. 동적 붕괴·굽힘 파손 미검증""},""payload"":{""status"":""PASS"",""violations"":0,""checkedPlacements"":12,""scope"":""입력 가반하중 · 박스+그리퍼 질량"",""reason"":""사용자가 설정한 가반하중 한계 검사""},""robotCollision"":{""status"":""NOT VERIFIED"",""violations"":0,""checkedPlacements"":12,""scope"":""TCP·그리퍼 스윕 근사만 수행"",""reason"":""전체 로봇 링크 충돌 미검증""},""approach"":{""status"":""NOT VERIFIED"",""violations"":0,""checkedPlacements"":12,""scope"":""TCP·그리퍼 스윕 근사만 수행"",""reason"":""실제 관절 한계·역기구학·접근 자세 미검증""},""sequence"":{""status"":""NOT VERIFIED"",""violations"":0,""checkedPlacements"":12,""scope"":""TCP·그리퍼 스윕 근사만 수행"",""reason"":""실제 파지·관절 궤적·전 과정 실행 미검증""}}","16.890969642857144","75","12","4","0.09382237","930821140","627","","","","206.14864864864865","153.97237106657371","99.97556207233625","99.70674486803519","33.74788985274566","57.2","0.5741051110703768","0","0","","8.944349999990663","19.6152000001166","17.094749999931082","19.111110000079496","143.10959999985062","75","104.43869976818229","50.3351548493185","413.6397723821632","728","2.174000000115484","","","","","","100","0","0","","","0","100","100","100","100","0.9361999998800457","",""
"pack-greedy","online","randomExceptions","51","9","c0caa5af","partial","","explicit","proxy","{}","{""support"":416,""bounds"":319,""protocol"":30,""robot-path"":16,""load"":155}","adapter-1.0 / planners-f6ec11d4259a","2.1.0","{""requested"":1,""completed"":1,""outcomes"":[""partial""],""sameWorker"":false}","{""collision"":{""status"":""PASS"",""violations"":0,""checkedPlacements"":11,""scope"":""직육면체 기하·관측 규격 공통 검사"",""reason"":""확정 배치와 최종 적재 상태 검사""},""bounds"":{""status"":""PASS"",""violations"":0,""checkedPlacements"":11,""scope"":""직육면체 기하·관측 규격 공통 검사"",""reason"":""확정 배치와 최종 적재 상태 검사""},""height"":{""status"":""PASS"",""violations"":0,""checkedPlacements"":11,""scope"":""직육면체 기하·관측 규격 공통 검사"",""reason"":""확정 배치와 최종 적재 상태 검사""},""orientation"":{""status"":""PASS"",""violations"":0,""checkedPlacements"":11,""scope"":""직육면체 기하·관측 규격 공통 검사"",""reason"":""확정 배치와 최종 적재 상태 검사""},""load"":{""status"":""PASS"",""violations"":0,""checkedPlacements"":11,""scope"":""입력된 허용 상부하중 · 누적 정적 반력"",""reason"":""입력값 범위의 정적 검사. 실측 재료 인증 아님""},""support"":{""status"":""PASS"",""violations"":0,""checkedPlacements"":11,""scope"":""접촉·합력 작용점·정적 평형"",""reason"":""설정된 지지율·전도 여유 검사. 동적 붕괴·굽힘 파손 미검증""},""payload"":{""status"":""PASS"",""violations"":0,""checkedPlacements"":11,""scope"":""입력 가반하중 · 박스+그리퍼 질량"",""reason"":""사용자가 설정한 가반하중 한계 검사""},""robotCollision"":{""status"":""NOT VERIFIED"",""violations"":0,""checkedPlacements"":11,""scope"":""TCP·그리퍼 스윕 근사만 수행"",""reason"":""전체 로봇 링크 충돌 미검증""},""approach"":{""status"":""NOT VERIFIED"",""violations"":0,""checkedPlacements"":11,""scope"":""TCP·그리퍼 스윕 근사만 수행"",""reason"":""실제 관절 한계·역기구학·접근 자세 미검증""},""sequence"":{""status"":""NOT VERIFIED"",""violations"":0,""checkedPlacements"":11,""scope"":""TCP·그리퍼 스윕 근사만 수행"",""reason"":""실제 파지·관절 궤적·전 과정 실행 미검증""}}","15.705640089285714","68.75","11","5","0.107098061","944096831","844","","","","240.9558823529412","160.28855697316575","100","100","39.25491582199719","70.8","0.39655932951036615","0","0","","8.05358124995837","13.78000000002794","13.47940000006929","13.719880000036209","128.85729999933392","68.75","96.14631209255725","46.89510286016221","411.8722719377758","728","3.69579999987036","","","","","","100","0","0","","","0","100","100","100","100","0.926899999845773","",""
"pack-tetris","online","randomExceptions","51","9","c0caa5af","partial","","explicit","proxy","{}","{""support"":416,""bounds"":319,""protocol"":30,""robot-path"":16,""load"":155}","adapter-1.0 / planners-f6ec11d4259a","2.1.0","{""requested"":1,""completed"":1,""outcomes"":[""partial""],""sameWorker"":false}","{""collision"":{""status"":""PASS"",""violations"":0,""checkedPlacements"":11,""scope"":""직육면체 기하·관측 규격 공통 검사"",""reason"":""확정 배치와 최종 적재 상태 검사""},""bounds"":{""status"":""PASS"",""violations"":0,""checkedPlacements"":11,""scope"":""직육면체 기하·관측 규격 공통 검사"",""reason"":""확정 배치와 최종 적재 상태 검사""},""height"":{""status"":""PASS"",""violations"":0,""checkedPlacements"":11,""scope"":""직육면체 기하·관측 규격 공통 검사"",""reason"":""확정 배치와 최종 적재 상태 검사""},""orientation"":{""status"":""PASS"",""violations"":0,""checkedPlacements"":11,""scope"":""직육면체 기하·관측 규격 공통 검사"",""reason"":""확정 배치와 최종 적재 상태 검사""},""load"":{""status"":""PASS"",""violations"":0,""checkedPlacements"":11,""scope"":""입력된 허용 상부하중 · 누적 정적 반력"",""reason"":""입력값 범위의 정적 검사. 실측 재료 인증 아님""},""support"":{""status"":""PASS"",""violations"":0,""checkedPlacements"":11,""scope"":""접촉·합력 작용점·정적 평형"",""reason"":""설정된 지지율·전도 여유 검사. 동적 붕괴·굽힘 파손 미검증""},""payload"":{""status"":""PASS"",""violations"":0,""checkedPlacements"":11,""scope"":""입력 가반하중 · 박스+그리퍼 질량"",""reason"":""사용자가 설정한 가반하중 한계 검사""},""robotCollision"":{""status"":""NOT VERIFIED"",""violations"":0,""checkedPlacements"":11,""scope"":""TCP·그리퍼 스윕 근사만 수행"",""reason"":""전체 로봇 링크 충돌 미검증""},""approach"":{""status"":""NOT VERIFIED"",""violations"":0,""checkedPlacements"":11,""scope"":""TCP·그리퍼 스윕 근사만 수행"",""reason"":""실제 관절 한계·역기구학·접근 자세 미검증""},""sequence"":{""status"":""NOT VERIFIED"",""violations"":0,""checkedPlacements"":11,""scope"":""TCP·그리퍼 스윕 근사만 수행"",""reason"":""실제 파지·관절 궤적·전 과정 실행 미검증""}}","15.705640089285714","68.75","11","5","0.107098061","944096831","844","","","","240.9558823529412","160.28855697316575","100","100","39.25491582199719","70.8","0.39655932951036615","0","0","","7.177850000021863","12.82300000009127","12.1201000000583","12.682420000084676","114.8456000003498","68.75","96.14631209255725","46.89510286016221","411.8722719377758","728","3.0034999998752028","","","","","","100","0","0","","","0","100","100","100","100","0.5475000001024455","",""
"pack-beam","online","randomExceptions","51","9","c0caa5af","partial","","explicit","proxy","{}","{""support"":419,""bounds"":338,""load"":185,""protocol"":31,""robot-path"":23}","adapter-1.0 / planners-f6ec11d4259a","2.1.0","{""requested"":1,""completed"":1,""outcomes"":[""partial""],""sameWorker"":false}","{""collision"":{""status"":""PASS"",""violations"":0,""checkedPlacements"":9,""scope"":""직육면체 기하·관측 규격 공통 검사"",""reason"":""확정 배치와 최종 적재 상태 검사""},""bounds"":{""status"":""PASS"",""violations"":0,""checkedPlacements"":9,""scope"":""직육면체 기하·관측 규격 공통 검사"",""reason"":""확정 배치와 최종 적재 상태 검사""},""height"":{""status"":""PASS"",""violations"":0,""checkedPlacements"":9,""scope"":""직육면체 기하·관측 규격 공통 검사"",""reason"":""확정 배치와 최종 적재 상태 검사""},""orientation"":{""status"":""PASS"",""violations"":0,""checkedPlacements"":9,""scope"":""직육면체 기하·관측 규격 공통 검사"",""reason"":""확정 배치와 최종 적재 상태 검사""},""load"":{""status"":""PASS"",""violations"":0,""checkedPlacements"":9,""scope"":""입력된 허용 상부하중 · 누적 정적 반력"",""reason"":""입력값 범위의 정적 검사. 실측 재료 인증 아님""},""support"":{""status"":""PASS"",""violations"":0,""checkedPlacements"":9,""scope"":""접촉·합력 작용점·정적 평형"",""reason"":""설정된 지지율·전도 여유 검사. 동적 붕괴·굽힘 파손 미검증""},""payload"":{""status"":""PASS"",""violations"":0,""checkedPlacements"":9,""scope"":""입력 가반하중 · 박스+그리퍼 질량"",""reason"":""사용자가 설정한 가반하중 한계 검사""},""robotCollision"":{""status"":""NOT VERIFIED"",""violations"":0,""checkedPlacements"":9,""scope"":""TCP·그리퍼 스윕 근사만 수행"",""reason"":""전체 로봇 링크 충돌 미검증""},""approach"":{""status"":""NOT VERIFIED"",""violations"":0,""checkedPlacements"":9,""scope"":""TCP·그리퍼 스윕 근사만 수행"",""reason"":""실제 관절 한계·역기구학·접근 자세 미검증""},""sequence"":{""status"":""NOT VERIFIED"",""violations"":0,""checkedPlacements"":9,""scope"":""TCP·그리퍼 스윕 근사만 수행"",""reason"":""실제 파지·관절 궤적·전 과정 실행 미검증""}}","12.151141339285715","56.25","9","7","0.146908447","983907217","410","","","","140.73076923076923","86.17166925875485","100","100","20.033607169529496","70.8","0.8900049726504227","0","0","","672.8869312500028","1939.1639000000432","1916.405299999984","1934.6121800000315","10766.190900000045","56.25","79.677495404917","38.14037201319604","406.63928798646145","728","1.9969000001437962","","","","","","100","0","0","","","0","100","100","100","100","1939.1639000000432","",""
"pack-robust","online","randomExceptions","51","9","c0caa5af","partial","","explicit","proxy","{}","{""support"":417,""bounds"":340,""load"":203,""protocol"":30,""robot-path"":15}","adapter-1.0 / planners-f6ec11d4259a","2.1.0","{""requested"":1,""completed"":1,""outcomes"":[""partial""],""sameWorker"":false}","{""collision"":{""status"":""PASS"",""violations"":0,""checkedPlacements"":9,""scope"":""직육면체 기하·관측 규격 공통 검사"",""reason"":""확정 배치와 최종 적재 상태 검사""},""bounds"":{""status"":""PASS"",""violations"":0,""checkedPlacements"":9,""scope"":""직육면체 기하·관측 규격 공통 검사"",""reason"":""확정 배치와 최종 적재 상태 검사""},""height"":{""status"":""PASS"",""violations"":0,""checkedPlacements"":9,""scope"":""직육면체 기하·관측 규격 공통 검사"",""reason"":""확정 배치와 최종 적재 상태 검사""},""orientation"":{""status"":""PASS"",""violations"":0,""checkedPlacements"":9,""scope"":""직육면체 기하·관측 규격 공통 검사"",""reason"":""확정 배치와 최종 적재 상태 검사""},""load"":{""status"":""PASS"",""violations"":0,""checkedPlacements"":9,""scope"":""입력된 허용 상부하중 · 누적 정적 반력"",""reason"":""입력값 범위의 정적 검사. 실측 재료 인증 아님""},""support"":{""status"":""PASS"",""violations"":0,""checkedPlacements"":9,""scope"":""접촉·합력 작용점·정적 평형"",""reason"":""설정된 지지율·전도 여유 검사. 동적 붕괴·굽힘 파손 미검증""},""payload"":{""status"":""PASS"",""violations"":0,""checkedPlacements"":9,""scope"":""입력 가반하중 · 박스+그리퍼 질량"",""reason"":""사용자가 설정한 가반하중 한계 검사""},""robotCollision"":{""status"":""NOT VERIFIED"",""violations"":0,""checkedPlacements"":9,""scope"":""TCP·그리퍼 스윕 근사만 수행"",""reason"":""전체 로봇 링크 충돌 미검증""},""approach"":{""status"":""NOT VERIFIED"",""violations"":0,""checkedPlacements"":9,""scope"":""TCP·그리퍼 스윕 근사만 수행"",""reason"":""실제 관절 한계·역기구학·접근 자세 미검증""},""sequence"":{""status"":""NOT VERIFIED"",""violations"":0,""checkedPlacements"":9,""scope"":""TCP·그리퍼 스윕 근사만 수행"",""reason"":""실제 파지·관절 궤적·전 과정 실행 미검증""}}","12.151141339285715","56.25","9","7","0.146908447","983907217","410","","","","123.90384615384616","77.57343581269933","100","100","16.866861229136752","70.8","0.8454935622317596","0","0","","724.4140437499882","2326.7350999999326","2044.7982500000508","2270.347729999956","11590.624699999811","56.25","82.28326448801033","39.18412191720672","393.76172301381007","728","383.8851999999024","","","","","","100","0","0","","","0","100","100","100","100","2326.7350999999326","",""
"random","online","randomExceptions","51","9","c0caa5af","partial","","explicit","proxy","{}","{""bounds"":39,""support"":344,""protocol"":8,""robot-path"":16,""load"":214}","adapter-1.0 / planners-f6ec11d4259a","2.1.0","{""requested"":1,""completed"":1,""outcomes"":[""partial""],""sameWorker"":false}","{""collision"":{""status"":""PASS"",""violations"":0,""checkedPlacements"":11,""scope"":""직육면체 기하·관측 규격 공통 검사"",""reason"":""확정 배치와 최종 적재 상태 검사""},""bounds"":{""status"":""PASS"",""violations"":0,""checkedPlacements"":11,""scope"":""직육면체 기하·관측 규격 공통 검사"",""reason"":""확정 배치와 최종 적재 상태 검사""},""height"":{""status"":""PASS"",""violations"":0,""checkedPlacements"":11,""scope"":""직육면체 기하·관측 규격 공통 검사"",""reason"":""확정 배치와 최종 적재 상태 검사""},""orientation"":{""status"":""PASS"",""violations"":0,""checkedPlacements"":11,""scope"":""직육면체 기하·관측 규격 공통 검사"",""reason"":""확정 배치와 최종 적재 상태 검사""},""load"":{""status"":""PASS"",""violations"":0,""checkedPlacements"":11,""scope"":""입력된 허용 상부하중 · 누적 정적 반력"",""reason"":""입력값 범위의 정적 검사. 실측 재료 인증 아님""},""support"":{""status"":""PASS"",""violations"":0,""checkedPlacements"":11,""scope"":""접촉·합력 작용점·정적 평형"",""reason"":""설정된 지지율·전도 여유 검사. 동적 붕괴·굽힘 파손 미검증""},""payload"":{""status"":""PASS"",""violations"":0,""checkedPlacements"":11,""scope"":""입력 가반하중 · 박스+그리퍼 질량"",""reason"":""사용자가 설정한 가반하중 한계 검사""},""robotCollision"":{""status"":""NOT VERIFIED"",""violations"":0,""checkedPlacements"":11,""scope"":""TCP·그리퍼 스윕 근사만 수행"",""reason"":""전체 로봇 링크 충돌 미검증""},""approach"":{""status"":""NOT VERIFIED"",""violations"":0,""checkedPlacements"":11,""scope"":""TCP·그리퍼 스윕 근사만 수행"",""reason"":""실제 관절 한계·역기구학·접근 자세 미검증""},""sequence"":{""status"":""NOT VERIFIED"",""violations"":0,""checkedPlacements"":11,""scope"":""TCP·그리퍼 스윕 근사만 수행"",""reason"":""실제 파지·관절 궤적·전 과정 실행 미검증""}}","15.705640089285714","68.75","11","5","0.107098061","944096831","844","","","","249.47058823529412","118.79584072414484","100","100","34.320248503199416","70.8","0.41321044546851","0","0","","14.033856249952805","33.73380000004545","27.462974999973085","32.479635000030974","224.54169999924488","68.75","105.80825145827023","51.22536344787566","374.26192621298406","728","2.9716000000480562","","","","","","100","0","0","","","0","100","100","100","100","1.3378999999258667","",""
"bl","online","randomExceptions","51","9","c0caa5af","partial","","explicit","proxy","{}","{""bounds"":29,""support"":340,""robot-path"":7,""load"":189}","adapter-1.0 / planners-f6ec11d4259a","2.1.0","{""requested"":1,""completed"":1,""outcomes"":[""partial""],""sameWorker"":false}","{""collision"":{""status"":""PASS"",""violations"":0,""checkedPlacements"":12,""scope"":""직육면체 기하·관측 규격 공통 검사"",""reason"":""확정 배치와 최종 적재 상태 검사""},""bounds"":{""status"":""PASS"",""violations"":0,""checkedPlacements"":12,""scope"":""직육면체 기하·관측 규격 공통 검사"",""reason"":""확정 배치와 최종 적재 상태 검사""},""height"":{""status"":""PASS"",""violations"":0,""checkedPlacements"":12,""scope"":""직육면체 기하·관측 규격 공통 검사"",""reason"":""확정 배치와 최종 적재 상태 검사""},""orientation"":{""status"":""PASS"",""violations"":0,""checkedPlacements"":12,""scope"":""직육면체 기하·관측 규격 공통 검사"",""reason"":""확정 배치와 최종 적재 상태 검사""},""load"":{""status"":""PASS"",""violations"":0,""checkedPlacements"":12,""scope"":""입력된 허용 상부하중 · 누적 정적 반력"",""reason"":""입력값 범위의 정적 검사. 실측 재료 인증 아님""},""support"":{""status"":""PASS"",""violations"":0,""checkedPlacements"":12,""scope"":""접촉·합력 작용점·정적 평형"",""reason"":""설정된 지지율·전도 여유 검사. 동적 붕괴·굽힘 파손 미검증""},""payload"":{""status"":""PASS"",""violations"":0,""checkedPlacements"":12,""scope"":""입력 가반하중 · 박스+그리퍼 질량"",""reason"":""사용자가 설정한 가반하중 한계 검사""},""robotCollision"":{""status"":""NOT VERIFIED"",""violations"":0,""checkedPlacements"":12,""scope"":""TCP·그리퍼 스윕 근사만 수행"",""reason"":""전체 로봇 링크 충돌 미검증""},""approach"":{""status"":""NOT VERIFIED"",""violations"":0,""checkedPlacements"":12,""scope"":""TCP·그리퍼 스윕 근사만 수행"",""reason"":""실제 관절 한계·역기구학·접근 자세 미검증""},""sequence"":{""status"":""NOT VERIFIED"",""violations"":0,""checkedPlacements"":12,""scope"":""TCP·그리퍼 스윕 근사만 수행"",""reason"":""실제 파지·관절 궤적·전 과정 실행 미검증""}}","16.890969642857144","75","12","4","0.09382237","930821140","844","","","","251.85135135135135","147.8315287205569","100","100","27.844045669708862","57.2","0.41321044546851","0","0","","49.117768750016694","206.46950000012293","126.39935000002151","190.4554700001026","785.8843000002671","75","104.82445354364776","50.58589480337106","412.1175788625694","730","3.76949999993667","","","","","","100","0","0","","","0","100","100","100","100","12.689599999925122","",""
"greedy","online","randomExceptions","51","9","c0caa5af","partial","","explicit","proxy","{}","{""bounds"":14,""support"":328,""robot-path"":36,""load"":277}","adapter-1.0 / planners-f6ec11d4259a","2.1.0","{""requested"":1,""completed"":1,""outcomes"":[""partial""],""sameWorker"":false}","{""collision"":{""status"":""PASS"",""violations"":0,""checkedPlacements"":14,""scope"":""직육면체 기하·관측 규격 공통 검사"",""reason"":""확정 배치와 최종 적재 상태 검사""},""bounds"":{""status"":""PASS"",""violations"":0,""checkedPlacements"":14,""scope"":""직육면체 기하·관측 규격 공통 검사"",""reason"":""확정 배치와 최종 적재 상태 검사""},""height"":{""status"":""PASS"",""violations"":0,""checkedPlacements"":14,""scope"":""직육면체 기하·관측 규격 공통 검사"",""reason"":""확정 배치와 최종 적재 상태 검사""},""orientation"":{""status"":""PASS"",""violations"":0,""checkedPlacements"":14,""scope"":""직육면체 기하·관측 규격 공통 검사"",""reason"":""확정 배치와 최종 적재 상태 검사""},""load"":{""status"":""PASS"",""violations"":0,""checkedPlacements"":14,""scope"":""입력된 허용 상부하중 · 누적 정적 반력"",""reason"":""입력값 범위의 정적 검사. 실측 재료 인증 아님""},""support"":{""status"":""PASS"",""violations"":0,""checkedPlacements"":14,""scope"":""접촉·합력 작용점·정적 평형"",""reason"":""설정된 지지율·전도 여유 검사. 동적 붕괴·굽힘 파손 미검증""},""payload"":{""status"":""PASS"",""violations"":0,""checkedPlacements"":14,""scope"":""입력 가반하중 · 박스+그리퍼 질량"",""reason"":""사용자가 설정한 가반하중 한계 검사""},""robotCollision"":{""status"":""NOT VERIFIED"",""violations"":0,""checkedPlacements"":14,""scope"":""TCP·그리퍼 스윕 근사만 수행"",""reason"":""전체 로봇 링크 충돌 미검증""},""approach"":{""status"":""NOT VERIFIED"",""violations"":0,""checkedPlacements"":14,""scope"":""TCP·그리퍼 스윕 근사만 수행"",""reason"":""실제 관절 한계·역기구학·접근 자세 미검증""},""sequence"":{""status"":""NOT VERIFIED"",""violations"":0,""checkedPlacements"":14,""scope"":""TCP·그리퍼 스윕 근사만 수행"",""reason"":""실제 파지·관절 궤적·전 과정 실행 미검증""}}","20.148975357142856","87.5","14","2","0.057332706","894331476","830","","","","258.3979591836735","147.7235738433598","99.403024597347","96.09665427509294","32.584953004122845","57.2","0.39477726574500765","0","0","","141.5351937499945","339.8686999999918","284.88080000004265","328.87112000000195","2264.563099999912","87.5","140.4077729657572","66.56505242774217","358.9544861757162","730","5.395999999949709","","","","","","100","0","0","","","0","100","100","100","100","57.493999999947846","",""
"rollout","online","randomExceptions","51","9","c0caa5af","partial","","explicit","proxy","{}","{""bounds"":14,""support"":328,""robot-path"":36,""load"":277}","adapter-1.0 / planners-f6ec11d4259a","2.1.0","{""requested"":1,""completed"":1,""outcomes"":[""partial""],""sameWorker"":false}","{""collision"":{""status"":""PASS"",""violations"":0,""checkedPlacements"":14,""scope"":""직육면체 기하·관측 규격 공통 검사"",""reason"":""확정 배치와 최종 적재 상태 검사""},""bounds"":{""status"":""PASS"",""violations"":0,""checkedPlacements"":14,""scope"":""직육면체 기하·관측 규격 공통 검사"",""reason"":""확정 배치와 최종 적재 상태 검사""},""height"":{""status"":""PASS"",""violations"":0,""checkedPlacements"":14,""scope"":""직육면체 기하·관측 규격 공통 검사"",""reason"":""확정 배치와 최종 적재 상태 검사""},""orientation"":{""status"":""PASS"",""violations"":0,""checkedPlacements"":14,""scope"":""직육면체 기하·관측 규격 공통 검사"",""reason"":""확정 배치와 최종 적재 상태 검사""},""load"":{""status"":""PASS"",""violations"":0,""checkedPlacements"":14,""scope"":""입력된 허용 상부하중 · 누적 정적 반력"",""reason"":""입력값 범위의 정적 검사. 실측 재료 인증 아님""},""support"":{""status"":""PASS"",""violations"":0,""checkedPlacements"":14,""scope"":""접촉·합력 작용점·정적 평형"",""reason"":""설정된 지지율·전도 여유 검사. 동적 붕괴·굽힘 파손 미검증""},""payload"":{""status"":""PASS"",""violations"":0,""checkedPlacements"":14,""scope"":""입력 가반하중 · 박스+그리퍼 질량"",""reason"":""사용자가 설정한 가반하중 한계 검사""},""robotCollision"":{""status"":""NOT VERIFIED"",""violations"":0,""checkedPlacements"":14,""scope"":""TCP·그리퍼 스윕 근사만 수행"",""reason"":""전체 로봇 링크 충돌 미검증""},""approach"":{""status"":""NOT VERIFIED"",""violations"":0,""checkedPlacements"":14,""scope"":""TCP·그리퍼 스윕 근사만 수행"",""reason"":""실제 관절 한계·역기구학·접근 자세 미검증""},""sequence"":{""status"":""NOT VERIFIED"",""violations"":0,""checkedPlacements"":14,""scope"":""TCP·그리퍼 스윕 근사만 수행"",""reason"":""실제 파지·관절 궤적·전 과정 실행 미검증""}}","20.148975357142856","87.5","14","2","0.057332706","894331476","830","","","","258.3979591836735","147.7235738433598","99.403024597347","96.09665427509294","32.584953004122845","57.2","0.39477726574500765","0","0","","554.0182124999847","1391.3618999999017","1106.0384249998606","1334.2972049998934","8864.291399999755","87.5","140.4077729657572","66.56505242774217","358.9544861757162","730","7.6200999999418855","","","","","","100","0","0","","","0","100","100","100","100","296.46400000015274","",""
"strategy-greedy","online","randomExceptions","51","9","c0caa5af","partial","","explicit","proxy","{}","{""bounds"":14,""support"":354,""robot-path"":32,""load"":308}","adapter-1.0 / planners-f6ec11d4259a","2.1.0","{""requested"":1,""completed"":1,""outcomes"":[""partial""],""sameWorker"":false}","{""collision"":{""status"":""PASS"",""violations"":0,""checkedPlacements"":10,""scope"":""직육면체 기하·관측 규격 공통 검사"",""reason"":""확정 배치와 최종 적재 상태 검사""},""bounds"":{""status"":""PASS"",""violations"":0,""checkedPlacements"":10,""scope"":""직육면체 기하·관측 규격 공통 검사"",""reason"":""확정 배치와 최종 적재 상태 검사""},""height"":{""status"":""PASS"",""violations"":0,""checkedPlacements"":10,""scope"":""직육면체 기하·관측 규격 공통 검사"",""reason"":""확정 배치와 최종 적재 상태 검사""},""orientation"":{""status"":""PASS"",""violations"":0,""checkedPlacements"":10,""scope"":""직육면체 기하·관측 규격 공통 검사"",""reason"":""확정 배치와 최종 적재 상태 검사""},""load"":{""status"":""PASS"",""violations"":0,""checkedPlacements"":10,""scope"":""입력된 허용 상부하중 · 누적 정적 반력"",""reason"":""입력값 범위의 정적 검사. 실측 재료 인증 아님""},""support"":{""status"":""PASS"",""violations"":0,""checkedPlacements"":10,""scope"":""접촉·합력 작용점·정적 평형"",""reason"":""설정된 지지율·전도 여유 검사. 동적 붕괴·굽힘 파손 미검증""},""payload"":{""status"":""PASS"",""violations"":0,""checkedPlacements"":10,""scope"":""입력 가반하중 · 박스+그리퍼 질량"",""reason"":""사용자가 설정한 가반하중 한계 검사""},""robotCollision"":{""status"":""NOT VERIFIED"",""violations"":0,""checkedPlacements"":10,""scope"":""TCP·그리퍼 스윕 근사만 수행"",""reason"":""전체 로봇 링크 충돌 미검증""},""approach"":{""status"":""NOT VERIFIED"",""violations"":0,""checkedPlacements"":10,""scope"":""TCP·그리퍼 스윕 근사만 수행"",""reason"":""실제 관절 한계·역기구학·접근 자세 미검증""},""sequence"":{""status"":""NOT VERIFIED"",""violations"":0,""checkedPlacements"":10,""scope"":""TCP·그리퍼 스윕 근사만 수행"",""reason"":""실제 파지·관절 궤적·전 과정 실행 미검증""}}","12.744551071428573","62.5","10","6","0.140262258","977261028","583","","","","180.48214285714286","13.384616512387407","99.94490358126721","99.44903581267218","0","57.2","0.6496030335347792","0","0","","12.905118749986286","28.644300000043586","22.77172499994049","27.469785000022963","206.48189999978058","62.5","97.96061017264422","46.12439661221874","367.49464847711926","730","2.6204000001307577","","","","","","100","0","0","","","0","100","100","100","100","1.3364000001456589","",""
"macs","online","randomExceptions","51","9","c0caa5af","partial","","explicit","proxy","{}","{""bounds"":14,""support"":354,""robot-path"":32,""load"":308}","adapter-1.0 / planners-f6ec11d4259a","2.1.0","{""requested"":1,""completed"":1,""outcomes"":[""partial""],""sameWorker"":false}","{""collision"":{""status"":""PASS"",""violations"":0,""checkedPlacements"":10,""scope"":""직육면체 기하·관측 규격 공통 검사"",""reason"":""확정 배치와 최종 적재 상태 검사""},""bounds"":{""status"":""PASS"",""violations"":0,""checkedPlacements"":10,""scope"":""직육면체 기하·관측 규격 공통 검사"",""reason"":""확정 배치와 최종 적재 상태 검사""},""height"":{""status"":""PASS"",""violations"":0,""checkedPlacements"":10,""scope"":""직육면체 기하·관측 규격 공통 검사"",""reason"":""확정 배치와 최종 적재 상태 검사""},""orientation"":{""status"":""PASS"",""violations"":0,""checkedPlacements"":10,""scope"":""직육면체 기하·관측 규격 공통 검사"",""reason"":""확정 배치와 최종 적재 상태 검사""},""load"":{""status"":""PASS"",""violations"":0,""checkedPlacements"":10,""scope"":""입력된 허용 상부하중 · 누적 정적 반력"",""reason"":""입력값 범위의 정적 검사. 실측 재료 인증 아님""},""support"":{""status"":""PASS"",""violations"":0,""checkedPlacements"":10,""scope"":""접촉·합력 작용점·정적 평형"",""reason"":""설정된 지지율·전도 여유 검사. 동적 붕괴·굽힘 파손 미검증""},""payload"":{""status"":""PASS"",""violations"":0,""checkedPlacements"":10,""scope"":""입력 가반하중 · 박스+그리퍼 질량"",""reason"":""사용자가 설정한 가반하중 한계 검사""},""robotCollision"":{""status"":""NOT VERIFIED"",""violations"":0,""checkedPlacements"":10,""scope"":""TCP·그리퍼 스윕 근사만 수행"",""reason"":""전체 로봇 링크 충돌 미검증""},""approach"":{""status"":""NOT VERIFIED"",""violations"":0,""checkedPlacements"":10,""scope"":""TCP·그리퍼 스윕 근사만 수행"",""reason"":""실제 관절 한계·역기구학·접근 자세 미검증""},""sequence"":{""status"":""NOT VERIFIED"",""violations"":0,""checkedPlacements"":10,""scope"":""TCP·그리퍼 스윕 근사만 수행"",""reason"":""실제 파지·관절 궤적·전 과정 실행 미검증""}}","12.744551071428573","62.5","10","6","0.140262258","977261028","583","","","","180.48214285714286","13.384616512387407","99.94490358126721","99.44903581267218","0","57.2","0.6496030335347792","0","0","","18.895268750056857","62.84030000003986","55.16457500011893","61.30515500005567","302.3243000009097","62.5","97.96061017264422","46.12439661221874","367.49464847711926","730","3.2105000000447035","","","","","","100","0","0","","","0","100","100","100","100","1.5386000000871718","",""
"tetris-reserved","online","randomExceptions","51","9","c0caa5af","partial","","explicit","proxy","{}","{""orientation"":1,""bounds"":14,""support"":354,""robot-path"":32,""load"":308}","adapter-1.0 / planners-f6ec11d4259a","2.1.0","{""requested"":1,""completed"":1,""outcomes"":[""partial""],""sameWorker"":false}","{""collision"":{""status"":""PASS"",""violations"":0,""checkedPlacements"":10,""scope"":""직육면체 기하·관측 규격 공통 검사"",""reason"":""확정 배치와 최종 적재 상태 검사""},""bounds"":{""status"":""PASS"",""violations"":0,""checkedPlacements"":10,""scope"":""직육면체 기하·관측 규격 공통 검사"",""reason"":""확정 배치와 최종 적재 상태 검사""},""height"":{""status"":""PASS"",""violations"":0,""checkedPlacements"":10,""scope"":""직육면체 기하·관측 규격 공통 검사"",""reason"":""확정 배치와 최종 적재 상태 검사""},""orientation"":{""status"":""PASS"",""violations"":0,""checkedPlacements"":10,""scope"":""직육면체 기하·관측 규격 공통 검사"",""reason"":""확정 배치와 최종 적재 상태 검사""},""load"":{""status"":""PASS"",""violations"":0,""checkedPlacements"":10,""scope"":""입력된 허용 상부하중 · 누적 정적 반력"",""reason"":""입력값 범위의 정적 검사. 실측 재료 인증 아님""},""support"":{""status"":""PASS"",""violations"":0,""checkedPlacements"":10,""scope"":""접촉·합력 작용점·정적 평형"",""reason"":""설정된 지지율·전도 여유 검사. 동적 붕괴·굽힘 파손 미검증""},""payload"":{""status"":""PASS"",""violations"":0,""checkedPlacements"":10,""scope"":""입력 가반하중 · 박스+그리퍼 질량"",""reason"":""사용자가 설정한 가반하중 한계 검사""},""robotCollision"":{""status"":""NOT VERIFIED"",""violations"":0,""checkedPlacements"":10,""scope"":""TCP·그리퍼 스윕 근사만 수행"",""reason"":""전체 로봇 링크 충돌 미검증""},""approach"":{""status"":""NOT VERIFIED"",""violations"":0,""checkedPlacements"":10,""scope"":""TCP·그리퍼 스윕 근사만 수행"",""reason"":""실제 관절 한계·역기구학·접근 자세 미검증""},""sequence"":{""status"":""NOT VERIFIED"",""violations"":0,""checkedPlacements"":10,""scope"":""TCP·그리퍼 스윕 근사만 수행"",""reason"":""실제 파지·관절 궤적·전 과정 실행 미검증""}}","12.744551071428573","62.5","10","6","0.140262258","977261028","583","","","","180.48214285714286","13.384616512387407","99.94490358126721","99.44903581267218","0","57.2","0.6496030335347792","0","0","","225.32865000002494","757.4512000000104","690.1930750000174","743.9995750000118","3605.258400000399","62.5","97.96061017264422","46.12439661221874","367.49464847711926","731","2.0700999998953193","","","","","","100","0","0","","","0","100","100","100","100","29.61159999994561","",""
"dynamic-reservation","online","randomExceptions","51","9","c0caa5af","partial","","explicit","proxy","{}","{""bounds"":29,""support"":285,""protocol"":1,""robot-path"":13,""load"":222}","adapter-1.0 / planners-f6ec11d4259a","2.1.0","{""requested"":1,""completed"":1,""outcomes"":[""partial""],""sameWorker"":false}","{""collision"":{""status"":""PASS"",""violations"":0,""checkedPlacements"":15,""scope"":""직육면체 기하·관측 규격 공통 검사"",""reason"":""확정 배치와 최종 적재 상태 검사""},""bounds"":{""status"":""PASS"",""violations"":0,""checkedPlacements"":15,""scope"":""직육면체 기하·관측 규격 공통 검사"",""reason"":""확정 배치와 최종 적재 상태 검사""},""height"":{""status"":""PASS"",""violations"":0,""checkedPlacements"":15,""scope"":""직육면체 기하·관측 규격 공통 검사"",""reason"":""확정 배치와 최종 적재 상태 검사""},""orientation"":{""status"":""PASS"",""violations"":0,""checkedPlacements"":15,""scope"":""직육면체 기하·관측 규격 공통 검사"",""reason"":""확정 배치와 최종 적재 상태 검사""},""load"":{""status"":""PASS"",""violations"":0,""checkedPlacements"":15,""scope"":""입력된 허용 상부하중 · 누적 정적 반력"",""reason"":""입력값 범위의 정적 검사. 실측 재료 인증 아님""},""support"":{""status"":""PASS"",""violations"":0,""checkedPlacements"":15,""scope"":""접촉·합력 작용점·정적 평형"",""reason"":""설정된 지지율·전도 여유 검사. 동적 붕괴·굽힘 파손 미검증""},""payload"":{""status"":""PASS"",""violations"":0,""checkedPlacements"":15,""scope"":""입력 가반하중 · 박스+그리퍼 질량"",""reason"":""사용자가 설정한 가반하중 한계 검사""},""robotCollision"":{""status"":""NOT VERIFIED"",""violations"":0,""checkedPlacements"":15,""scope"":""TCP·그리퍼 스윕 근사만 수행"",""reason"":""전체 로봇 링크 충돌 미검증""},""approach"":{""status"":""NOT VERIFIED"",""violations"":0,""checkedPlacements"":15,""scope"":""TCP·그리퍼 스윕 근사만 수행"",""reason"":""실제 관절 한계·역기구학·접근 자세 미검증""},""sequence"":{""status"":""NOT VERIFIED"",""violations"":0,""checkedPlacements"":15,""scope"":""TCP·그리퍼 스윕 근사만 수행"",""reason"":""실제 파지·관절 궤적·전 과정 실행 미검증""}}","22.221651517857143","93.75","15","1","0.034118733","871117503","613","","","","193.75","86.29044658144221","99.96326905417816","99.44903581267218","22.311366403396498","52.45","0.562992125984252","0","0","","395.46218125002633","1073.0696999998763","1019.3269499999587","1062.321149999893","6327.394900000421","93.75","151.58305151963827","74.47898348776489","356.24035443701337","730","4.569900000002235","","","","","","100","0","0","","","0","100","100","100","100","38.65280000003986","",""
"lookahead","online","randomExceptions","51","9","c0caa5af","partial","","explicit","proxy","{}","{""bounds"":14,""support"":354,""robot-path"":32,""load"":308}","adapter-1.0 / planners-f6ec11d4259a","2.1.0","{""requested"":1,""completed"":1,""outcomes"":[""partial""],""sameWorker"":false}","{""collision"":{""status"":""PASS"",""violations"":0,""checkedPlacements"":10,""scope"":""직육면체 기하·관측 규격 공통 검사"",""reason"":""확정 배치와 최종 적재 상태 검사""},""bounds"":{""status"":""PASS"",""violations"":0,""checkedPlacements"":10,""scope"":""직육면체 기하·관측 규격 공통 검사"",""reason"":""확정 배치와 최종 적재 상태 검사""},""height"":{""status"":""PASS"",""violations"":0,""checkedPlacements"":10,""scope"":""직육면체 기하·관측 규격 공통 검사"",""reason"":""확정 배치와 최종 적재 상태 검사""},""orientation"":{""status"":""PASS"",""violations"":0,""checkedPlacements"":10,""scope"":""직육면체 기하·관측 규격 공통 검사"",""reason"":""확정 배치와 최종 적재 상태 검사""},""load"":{""status"":""PASS"",""violations"":0,""checkedPlacements"":10,""scope"":""입력된 허용 상부하중 · 누적 정적 반력"",""reason"":""입력값 범위의 정적 검사. 실측 재료 인증 아님""},""support"":{""status"":""PASS"",""violations"":0,""checkedPlacements"":10,""scope"":""접촉·합력 작용점·정적 평형"",""reason"":""설정된 지지율·전도 여유 검사. 동적 붕괴·굽힘 파손 미검증""},""payload"":{""status"":""PASS"",""violations"":0,""checkedPlacements"":10,""scope"":""입력 가반하중 · 박스+그리퍼 질량"",""reason"":""사용자가 설정한 가반하중 한계 검사""},""robotCollision"":{""status"":""NOT VERIFIED"",""violations"":0,""checkedPlacements"":10,""scope"":""TCP·그리퍼 스윕 근사만 수행"",""reason"":""전체 로봇 링크 충돌 미검증""},""approach"":{""status"":""NOT VERIFIED"",""violations"":0,""checkedPlacements"":10,""scope"":""TCP·그리퍼 스윕 근사만 수행"",""reason"":""실제 관절 한계·역기구학·접근 자세 미검증""},""sequence"":{""status"":""NOT VERIFIED"",""violations"":0,""checkedPlacements"":10,""scope"":""TCP·그리퍼 스윕 근사만 수행"",""reason"":""실제 파지·관절 궤적·전 과정 실행 미검증""}}","12.744551071428573","62.5","10","6","0.140262258","977261028","583","","","","180.48214285714286","13.384616512387407","99.94490358126721","99.44903581267218","0","57.2","0.6496030335347792","0","0","","105.6366187499807","211.50959999999031","205.30604999983916","210.2688899999601","1690.1858999996912","62.5","97.96061017264422","46.12439661221874","367.49464847711926","730","2.9321999999228865","","","","","","100","0","0","","","0","100","100","100","100","61.35069999983534","",""