"algorithm","scope","scenario","seed","episode","fingerprint","outcome","reason","strength","robot","proposalViolations","candidateRejections","utilization","completion","count","unplaced","unplacedVolume","height","pallets","remainingFit","spaceOpportunity","comZ","comOffset","supportMean","supportMin","imbalance","minMargin","tippingG","loadViolations","unknownStrength","physicsSuccess","meanMs","maxMs","p95Ms","p99Ms","totalMs","deadlineRate","workSeconds","distanceM","throughput","candidates","evaluationMs","orderUtilization","orderSuccess","regret","futureFit","reachProxy","robotCollisions","payloadViolations","graspSuccess","ikSuccess","executionSuccess","exceptionSuccess","replanMs","exceptionRetention","palletRecovery"
"greedy","online","random","42","0","8f620990","partial","SUPPORT: 지지 조건 미달 35.3% / 필요 95.0% / SUPPORT: 지지 조건 미달 57.0% / 필요 95.0% / 누적 무게중심 정적 평형 불가 / SUPPORT: 지지 조건 미달 13.2% / 필요 95.0% / SUPPORT: 지지 조건 미달 20.7% / 필요 95.0% / SUPPORT: 지지 조건 미달 46.6% / 필요 95.0% / SUPPORT: 지지 조건 미달 49.7% / 필요 95.0% / SUPPORT: 지지 조건 미달 10.1% / 필요 95.0% / SUPPORT: 지지 조건 미달 15.8% / 필요 95.0% / SUPPORT: 지지 조건 미달 35.7% / 필요 95.0% / SUPPORT: 지지 조건 미달 38.0% / 필요 95.0% / SUPPORT: 지지 조건 미달 9.1% / 필요 95.0% / SUPPORT: 지지 조건 미달 14.3% / 필요 95.0% / SUPPORT: 지지 조건 미달 32.3% / 필요 95.0% / SUPPORT: 지지 조건 미달 34.4% / 필요 95.0% / SUPPORT: 지지 조건 미달 36.8% / 필요 95.0% / SUPPORT: 지지 조건 미달 15.0% / 필요 95.0% / SUPPORT: 지지 조건 미달 40.0% / 필요 95.0% / SUPPORT: 지지 조건 미달 31.1% / 필요 95.0% / SUPPORT: 지지 조건 미달 30.5% / 필요 95.0% / SUPPORT: 지지 조건 미달 38.4% / 필요 95.0% / SUPPORT: 지지 조건 미달 34.5% / 필요 95.0%","explicit","unverified","{}","{""support"":204,""load"":90}","9.737797678571429","33.333333333333336","6","12","0.208466884","217","","93.19862192757846","66.79926857663091","95.34615384615384","19.538347970596643","100","100","6.248807244414289","70.8","1.1721854304635762","0","0","","59.93414285714285","103.86040000000003","97.48669000000002","102.58565800000002","419.539","85.71428571428571","","","","394","19.612300000000005","9.737797678571429","0","18.613114642857145","93.19862192757846","","","","","","","","","",""
"greedy","online","random","43","1","13895743","partial","누적 무게중심 정적 평형 불가 / SUPPORT: 지지 조건 미달 33.7% / 필요 95.0% / 무게 규칙 위반 / SUPPORT: 지지 조건 미달 39.4% / 필요 95.0% / SUPPORT: 지지 조건 미달 32.0% / 필요 95.0% / SUPPORT: 지지 조건 미달 37.4% / 필요 95.0% / SUPPORT: 지지 조건 미달 29.0% / 필요 95.0% / SUPPORT: 지지 조건 미달 33.8% / 필요 95.0% / SUPPORT: 지지 조건 미달 8.3% / 필요 95.0% / SUPPORT: 지지 조건 미달 17.8% / 필요 95.0% / SUPPORT: 지지 조건 미달 18.6% / 필요 95.0% / SUPPORT: 지지 조건 미달 33.0% / 필요 95.0% / SUPPORT: 지지 조건 미달 33.5% / 필요 95.0% / SUPPORT: 지지 조건 미달 35.0% / 필요 95.0% / SUPPORT: 지지 조건 미달 44.4% / 필요 95.0% / SUPPORT: 지지 조건 미달 45.0% / 필요 95.0% / SUPPORT: 지지 조건 미달 47.1% / 필요 95.0% / SUPPORT: 지지 조건 미달 20.9% / 필요 95.0% / SUPPORT: 지지 조건 미달 20.0% / 필요 95.0% / SUPPORT: 지지 조건 미달 43.1% / 필요 95.0% / SUPPORT: 지지 조건 미달 45.1% / 필요 95.0% / SUPPORT: 지지 조건 미달 41.6% / 필요 95.0% / SUPPORT: 지지 조건 미달 42.2% / 필요 95.0% / SUPPORT: 지지 조건 미달 44.1% / 필요 95.0% / SUPPORT: 지지 조건 미달 38.6% / 필요 95.0% / SUPPORT: 지지 조건 미달 39.1% / 필요 95.0% / SUPPORT: 지지 조건 미달 40.9% / 필요 95.0% / SUPPORT: 지지 조건 미달 14.5% / 필요 95.0% / SUPPORT: 지지 조건 미달 31.3% / 필요 95.0% / SUPPORT: 지지 조건 미달 32.7% / 필요 95.0% / SUPPORT: 지지 조건 미달 13.6% / 필요 95.0% / SUPPORT: 지지 조건 미달 29.4% / 필요 95.0% / SUPPORT: 지지 조건 미달 30.7% / 필요 95.0% / SUPPORT: 지지 조건 미달 12.3% / 필요 95.0% / SUPPORT: 지지 조건 미달 26.6% / 필요 95.0% / SUPPORT: 지지 조건 미달 27.7% / 필요 95.0% / SUPPORT: 지지 조건 미달 10.9% / 필요 95.0% / SUPPORT: 지지 조건 미달 23.5% / 필요 95.0% / SUPPORT: 지지 조건 미달 24.5% / 필요 95.0% / SUPPORT: 지지 조건 미달 0.9% / 필요 95.0% / SUPPORT: 지지 조건 미달 1.7% / 필요 95.0%","explicit","unverified","{}","{""protocol"":10,""bounds"":38,""support"":232,""load"":220}","11.050457857142858","33.333333333333336","6","12","0.19376509","603","","70.91825527844648","61.56702733279407","210.6086956521739","191.49289744833067","100","100","40.04480199853244","57.2","0.6762925011644154","0","0","","46.317742857142676","132.27139999999963","109.33276999999993","127.68367399999967","324.22419999999875","85.71428571428571","","","","414","12.870499999999083","11.050457857142858","0","17.300454464285714","70.91825527844648","","","","","","","","","",""
"greedy","online","random","44","2","e30d715a","partial","SUPPORT: 지지 조건 미달 32.2% / 필요 95.0% / 무게 규칙 위반 / SUPPORT: 지지 조건 미달 61.0% / 필요 95.0% / 누적 무게중심 정적 평형 불가 / SUPPORT: 지지 조건 미달 17.3% / 필요 95.0% / SUPPORT: 지지 조건 미달 24.2% / 필요 95.0% / SUPPORT: 지지 조건 미달 34.9% / 필요 95.0% / SUPPORT: 지지 조건 미달 33.4% / 필요 95.0% / SUPPORT: 지지 조건 미달 30.5% / 필요 95.0% / SUPPORT: 지지 조건 미달 25.6% / 필요 95.0% / SUPPORT: 지지 조건 미달 29.8% / 필요 95.0% / SUPPORT: 지지 조건 미달 33.5% / 필요 95.0% / SUPPORT: 지지 조건 미달 39.1% / 필요 95.0% / SUPPORT: 지지 조건 미달 12.5% / 필요 95.0% / SUPPORT: 지지 조건 미달 17.5% / 필요 95.0% / SUPPORT: 지지 조건 미달 18.9% / 필요 95.0% / SUPPORT: 지지 조건 미달 26.8% / 필요 95.0% / SUPPORT: 지지 조건 미달 32.4% / 필요 95.0% / SUPPORT: 지지 조건 미달 35.0% / 필요 95.0% / SUPPORT: 지지 조건 미달 25.2% / 필요 95.0% / SUPPORT: 지지 조건 미달 10.5% / 필요 95.0% / SUPPORT: 지지 조건 미달 14.8% / 필요 95.0% / SUPPORT: 지지 조건 미달 16.1% / 필요 95.0% / SUPPORT: 지지 조건 미달 24.1% / 필요 95.0% / SUPPORT: 지지 조건 미달 29.7% / 필요 95.0% / SUPPORT: 지지 조건 미달 33.3% / 필요 95.0% / SUPPORT: 지지 조건 미달 25.0% / 필요 95.0% / SUPPORT: 지지 조건 미달 14.9% / 필요 95.0% / SUPPORT: 지지 조건 미달 20.5% / 필요 95.0% / SUPPORT: 지지 조건 미달 46.6% / 필요 95.0% / SUPPORT: 지지 조건 미달 5.1% / 필요 95.0% / SUPPORT: 지지 조건 미달 7.0% / 필요 95.0% / SUPPORT: 지지 조건 미달 16.0% / 필요 95.0% / SUPPORT: 지지 조건 미달 3.0% / 필요 95.0% / SUPPORT: 지지 조건 미달 4.2% / 필요 95.0% / SUPPORT: 지지 조건 미달 9.5% / 필요 95.0%","explicit","unverified","{}","{""bounds"":75,""support"":138,""load"":77}","17.16619232142857","55.55555555555556","10","8","0.125268864","434","","88.14598189837875","80.52972903089369","147.44623655913978","54.85022280577344","100","100","21.91151407820086","70.8","0.619815668202765","0","0","","69.78466363636356","130.6898999999994","127.37994999999955","130.02790999999942","767.6312999999991","90.9090909090909","","","","638","16.21730000000025","17.16619232142857","0","11.184720000000002","88.14598189837875","","","","","","","","","",""
"greedy","online","random","45","3","2bfcdd35","partial","누적 무게중심 정적 평형 불가 / SUPPORT: 지지 조건 미달 10.8% / 필요 95.0% / 무게 규칙 위반 / SUPPORT: 지지 조건 미달 26.9% / 필요 95.0% / SUPPORT: 지지 조건 미달 14.9% / 필요 95.0% / SUPPORT: 지지 조건 미달 13.1% / 필요 95.0% / SUPPORT: 지지 조건 미달 9.3% / 필요 95.0% / SUPPORT: 지지 조건 미달 6.3% / 필요 95.0% / SUPPORT: 지지 조건 미달 3.7% / 필요 95.0% / SUPPORT: 지지 조건 미달 3.2% / 필요 95.0% / SUPPORT: 지지 조건 미달 11.9% / 필요 95.0% / SUPPORT: 지지 조건 미달 10.5% / 필요 95.0% / SUPPORT: 지지 조건 미달 7.4% / 필요 95.0% / SUPPORT: 지지 조건 미달 5.1% / 필요 95.0% / SUPPORT: 지지 조건 미달 2.9% / 필요 95.0% / SUPPORT: 지지 조건 미달 2.5% / 필요 95.0% / SUPPORT: 지지 조건 미달 21.9% / 필요 95.0% / SUPPORT: 지지 조건 미달 25.3% / 필요 95.0% / SUPPORT: 지지 조건 미달 9.9% / 필요 95.0% / SUPPORT: 지지 조건 미달 0.3% / 필요 95.0% / SUPPORT: 지지 조건 미달 7.2% / 필요 95.0% / SUPPORT: 지지 조건 미달 9.4% / 필요 95.0% / SUPPORT: 지지 조건 미달 14.2% / 필요 95.0% / SUPPORT: 지지 조건 미달 10.7% / 필요 95.0% / SUPPORT: 지지 조건 미달 20.7% / 필요 95.0% / SUPPORT: 지지 조건 미달 30.5% / 필요 95.0%","explicit","unverified","{}","{""protocol"":33,""support"":362,""load"":271}","19.796954285714286","66.66666666666667","12","6","0.09580433","1037","","42.57214880279317","28.50795649253346","307.5","71.14004823708606","100","100","11.92492468481165","65.85","0.4013266998341625","0","0","","94.65414615384641","206.1304999999993","187.36909999999912","202.37821999999923","1230.5039000000033","92.3076923076923","","","","778","16.66240000000107","19.796954285714286","0","8.553958035714288","42.57214880279317","","","","","","","","","",""
"greedy","online","random","46","4","5f0f43c4","partial","누적 무게중심 정적 평형 불가 / SUPPORT: 지지 조건 미달 10.0% / 필요 95.0% / 무게 규칙 위반 / SUPPORT: 지지 조건 미달 4.5% / 필요 95.0% / SUPPORT: 지지 조건 미달 2.2% / 필요 95.0% / SUPPORT: 지지 조건 미달 7.1% / 필요 95.0% / SUPPORT: 지지 조건 미달 3.2% / 필요 95.0% / SUPPORT: 지지 조건 미달 1.6% / 필요 95.0% / SUPPORT: 지지 조건 미달 66.6% / 필요 95.0% / SUPPORT: 지지 조건 미달 45.1% / 필요 95.0% / SUPPORT: 지지 조건 미달 33.3% / 필요 95.0% / SUPPORT: 지지 조건 미달 19.6% / 필요 95.0% / SUPPORT: 지지 조건 미달 48.8% / 필요 95.0% / SUPPORT: 지지 조건 미달 31.9% / 필요 95.0% / SUPPORT: 지지 조건 미달 30.5% / 필요 95.0% / SUPPORT: 지지 조건 미달 13.5% / 필요 95.0% / SUPPORT: 지지 조건 미달 6.8% / 필요 95.0% / SUPPORT: 지지 조건 미달 2.9% / 필요 95.0% / SUPPORT: 지지 조건 미달 2.8% / 필요 95.0% / SUPPORT: 지지 조건 미달 1.2% / 필요 95.0% / SUPPORT: 지지 조건 미달 0.6% / 필요 95.0% / SUPPORT: 지지 조건 미달 18.5% / 필요 95.0% / SUPPORT: 지지 조건 미달 19.8% / 필요 95.0% / SUPPORT: 지지 조건 미달 36.8% / 필요 95.0% / SUPPORT: 지지 조건 미달 46.6% / 필요 95.0% / SUPPORT: 지지 조건 미달 37.2% / 필요 95.0%","explicit","unverified","{}","{""protocol"":12,""support"":106,""load"":44}","6.8188128571428575","22.22222222222222","4","14","0.241159514","217","","94.17436006416304","56.43624514759874","98.03571428571429","55.8252786351656","100","100","28.57142857142857","70.8","1.1721854304635762","0","0","","32.23031999999948","62.84469999999783","59.846699999998236","62.24509999999791","161.15159999999742","80","","","","266","8.236700000001292","6.8188128571428575","0","21.532099464285714","94.17436006416304","","","","","","","","","",""
"greedy","online","random","47","5","f1ff4567","partial","누적 무게중심 정적 평형 불가 / SUPPORT: 지지 조건 미달 10.7% / 필요 95.0% / SUPPORT: 지지 조건 미달 10.9% / 필요 95.0% / SUPPORT: 지지 조건 미달 26.4% / 필요 95.0% / SUPPORT: 지지 조건 미달 34.4% / 필요 95.0% / SUPPORT: 지지 조건 미달 7.5% / 필요 95.0% / SUPPORT: 지지 조건 미달 7.7% / 필요 95.0% / SUPPORT: 지지 조건 미달 18.6% / 필요 95.0% / SUPPORT: 지지 조건 미달 24.2% / 필요 95.0% / SUPPORT: 지지 조건 미달 3.3% / 필요 95.0% / SUPPORT: 지지 조건 미달 3.4% / 필요 95.0% / SUPPORT: 지지 조건 미달 8.1% / 필요 95.0% / SUPPORT: 지지 조건 미달 10.6% / 필요 95.0% / SUPPORT: 지지 조건 미달 2.7% / 필요 95.0% / SUPPORT: 지지 조건 미달 6.6% / 필요 95.0% / SUPPORT: 지지 조건 미달 8.6% / 필요 95.0% / SUPPORT: 지지 조건 미달 46.6% / 필요 95.0% / SUPPORT: 지지 조건 미달 43.1% / 필요 95.0% / SUPPORT: 지지 조건 미달 40.0% / 필요 95.0% / SUPPORT: 지지 조건 미달 36.8% / 필요 95.0% / SUPPORT: 지지 조건 미달 30.5% / 필요 95.0% / SUPPORT: 지지 조건 미달 42.3% / 필요 95.0% / SUPPORT: 지지 조건 미달 38.4% / 필요 95.0% / SUPPORT: 지지 조건 미달 34.5% / 필요 95.0% / SUPPORT: 지지 조건 미달 28.6% / 필요 95.0% / SUPPORT: 지지 조건 미달 40.6% / 필요 95.0% / SUPPORT: 지지 조건 미달 35.1% / 필요 95.0% / SUPPORT: 지지 조건 미달 29.6% / 필요 95.0% / SUPPORT: 지지 조건 미달 24.5% / 필요 95.0% / SUPPORT: 지지 조건 미달 40.1% / 필요 95.0% / SUPPORT: 지지 조건 미달 34.2% / 필요 95.0% / SUPPORT: 지지 조건 미달 28.2% / 필요 95.0%","explicit","unverified","{}","{""bounds"":22,""support"":348,""load"":161}","19.917080982142856","61.111111111111114","11","7","0.094458911","579","","83.64724754696844","52.108946590194385","206.91052631578947","54.101644359831354","100","100","12.779008650250603","70.8","0.619815668202765","0","0","","66.29060833333399","133.98070000000007","124.88139000000191","132.16083800000044","795.487300000008","91.66666666666667","","","","714","17.543499999999767","19.917080982142856","0","8.433831339285717","83.64724754696844","","","","","","","","","",""
"greedy","online","random","48","6","87916b3e","partial","SUPPORT: 지지 조건 미달 51.9% / 필요 95.0% / 무게 규칙 위반 / SUPPORT: 지지 조건 미달 51.4% / 필요 95.0% / 누적 무게중심 정적 평형 불가 / SUPPORT: 지지 조건 미달 13.7% / 필요 95.0% / SUPPORT: 지지 조건 미달 6.2% / 필요 95.0% / SUPPORT: 지지 조건 미달 15.5% / 필요 95.0% / SUPPORT: 지지 조건 미달 9.4% / 필요 95.0% / SUPPORT: 지지 조건 미달 28.4% / 필요 95.0% / SUPPORT: 지지 조건 미달 40.2% / 필요 95.0% / SUPPORT: 지지 조건 미달 50.4% / 필요 95.0% / SUPPORT: 지지 조건 미달 24.9% / 필요 95.0% / SUPPORT: 지지 조건 미달 44.9% / 필요 95.0% / SUPPORT: 지지 조건 미달 26.6% / 필요 95.0% / SUPPORT: 지지 조건 미달 12.5% / 필요 95.0% / SUPPORT: 지지 조건 미달 4.0% / 필요 95.0% / SUPPORT: 지지 조건 미달 14.5% / 필요 95.0% / SUPPORT: 지지 조건 미달 16.3% / 필요 95.0% / SUPPORT: 지지 조건 미달 29.9% / 필요 95.0% / SUPPORT: 지지 조건 미달 26.2% / 필요 95.0% / SUPPORT: 지지 조건 미달 13.2% / 필요 95.0% / SUPPORT: 지지 조건 미달 15.2% / 필요 95.0% / SUPPORT: 지지 조건 미달 17.2% / 필요 95.0% / SUPPORT: 지지 조건 미달 31.4% / 필요 95.0% / SUPPORT: 지지 조건 미달 27.6% / 필요 95.0% / SUPPORT: 지지 조건 미달 13.8% / 필요 95.0% / SUPPORT: 지지 조건 미달 17.3% / 필요 95.0% / SUPPORT: 지지 조건 미달 19.5% / 필요 95.0% / SUPPORT: 지지 조건 미달 35.7% / 필요 95.0% / SUPPORT: 지지 조건 미달 31.3% / 필요 95.0%","explicit","unverified","{}","{""bounds"":62,""support"":329,""load"":197}","17.106426160714285","61.111111111111114","11","7","0.125938245","603","","100","100","218.12765957446808","181.06145240582404","100","100","41.725028258067454","57.2","0.5860927152317881","0","0","","62.69003333333179","169.85029999999824","151.93668999999716","166.26757799999805","752.2803999999815","91.66666666666667","","","","704","18.98909999999887","17.106426160714285","0","11.244486160714288","100","","","","","","","","","",""
"greedy","online","random","49","7","2d83c129","partial","누적 무게중심 정적 평형 불가 / SUPPORT: 지지 조건 미달 21.1% / 필요 95.0% / SUPPORT: 지지 조건 미달 25.7% / 필요 95.0% / SUPPORT: 지지 조건 미달 21.2% / 필요 95.0% / SUPPORT: 지지 조건 미달 43.0% / 필요 95.0% / SUPPORT: 지지 조건 미달 36.3% / 필요 95.0% / SUPPORT: 지지 조건 미달 28.3% / 필요 95.0% / SUPPORT: 지지 조건 미달 47.3% / 필요 95.0% / SUPPORT: 지지 조건 미달 39.9% / 필요 95.0% / SUPPORT: 지지 조건 미달 47.2% / 필요 95.0% / SUPPORT: 지지 조건 미달 43.9% / 필요 95.0% / SUPPORT: 지지 조건 미달 73.4% / 필요 95.0% / SUPPORT: 지지 조건 미달 61.9% / 필요 95.0% / SUPPORT: 지지 조건 미달 63.7% / 필요 95.0% / SUPPORT: 지지 조건 미달 63.9% / 필요 95.0% / SUPPORT: 지지 조건 미달 39.0% / 필요 95.0% / SUPPORT: 지지 조건 미달 65.3% / 필요 95.0% / SUPPORT: 지지 조건 미달 55.1% / 필요 95.0% / SUPPORT: 지지 조건 미달 36.5% / 필요 95.0% / SUPPORT: 지지 조건 미달 61.0% / 필요 95.0% / SUPPORT: 지지 조건 미달 51.5% / 필요 95.0% / SUPPORT: 지지 조건 미달 39.1% / 필요 95.0% / SUPPORT: 지지 조건 미달 14.2% / 필요 95.0% / 무게 규칙 위반 / SUPPORT: 지지 조건 미달 23.6% / 필요 95.0% / SUPPORT: 지지 조건 미달 23.2% / 필요 95.0% / SUPPORT: 지지 조건 미달 40.5% / 필요 95.0% / SUPPORT: 지지 조건 미달 44.5% / 필요 95.0% / SUPPORT: 지지 조건 미달 51.9% / 필요 95.0%","explicit","unverified","{}","{""bounds"":4,""support"":130,""load"":88}","4.382079196428571","16.666666666666668","3","15","0.268450931","217","","70.88002989670245","63.4502016876059","93.29310344827586","83.90836403655669","100","100","27.191219720032205","70.8","1.1721854304635762","0","0","","33.075175000001764","59.34279999999853","58.781604999999395","59.23056099999871","132.30070000000705","75","","","","202","6.457800000003772","4.382079196428571","0","23.968833125000003","70.88002989670245","","","","","","","","","",""
"greedy","online","random","50","8","57f1c293","partial","SUPPORT: 지지 조건 미달 28.1% / 필요 95.0% / 무게 규칙 위반 / 누적 무게중심 정적 평형 불가 / SUPPORT: 지지 조건 미달 27.1% / 필요 95.0% / SUPPORT: 지지 조건 미달 38.7% / 필요 95.0% / SUPPORT: 지지 조건 미달 47.2% / 필요 95.0% / SUPPORT: 지지 조건 미달 26.8% / 필요 95.0% / SUPPORT: 지지 조건 미달 32.5% / 필요 95.0% / SUPPORT: 지지 조건 미달 29.7% / 필요 95.0% / SUPPORT: 지지 조건 미달 42.3% / 필요 95.0% / SUPPORT: 지지 조건 미달 51.6% / 필요 95.0% / SUPPORT: 지지 조건 미달 29.3% / 필요 95.0% / SUPPORT: 지지 조건 미달 39.9% / 필요 95.0% / SUPPORT: 지지 조건 미달 33.9% / 필요 95.0% / SUPPORT: 지지 조건 미달 48.3% / 필요 95.0% / SUPPORT: 지지 조건 미달 58.9% / 필요 95.0% / SUPPORT: 지지 조건 미달 33.5% / 필요 95.0% / SUPPORT: 지지 조건 미달 36.9% / 필요 95.0% / SUPPORT: 지지 조건 미달 52.6% / 필요 95.0% / SUPPORT: 지지 조건 미달 64.1% / 필요 95.0% / SUPPORT: 지지 조건 미달 36.5% / 필요 95.0% / SUPPORT: 지지 조건 미달 55.9% / 필요 95.0% / SUPPORT: 지지 조건 미달 28.3% / 필요 95.0% / SUPPORT: 지지 조건 미달 40.4% / 필요 95.0% / SUPPORT: 지지 조건 미달 49.2% / 필요 95.0% / SUPPORT: 지지 조건 미달 28.0% / 필요 95.0% / SUPPORT: 지지 조건 미달 40.1% / 필요 95.0% / SUPPORT: 지지 조건 미달 23.0% / 필요 95.0% / SUPPORT: 지지 조건 미달 32.8% / 필요 95.0%","explicit","unverified","{}","{""bounds"":34,""support"":192,""load"":116}","10.869669464285714","44.44444444444444","8","10","0.19578992","386","","86.54854665233273","71.72084314275847","136.41489361702128","109.19096283516774","100","100","31.168917390015118","57.2","0.9404145077720207","0","0","","55.78429999999935","103.7219000000041","98.41206000000238","102.65993200000375","502.05869999999413","88.88888888888889","","","","522","19.952799999999115","10.869669464285714","0","17.48124285714286","86.54854665233273","","","","","","","","","",""
"greedy","online","random","51","9","5029b9e0","partial","SUPPORT: 지지 조건 미달 47.1% / 필요 95.0% / 무게 규칙 위반 / 누적 무게중심 정적 평형 불가 / SUPPORT: 지지 조건 미달 7.4% / 필요 95.0% / SUPPORT: 지지 조건 미달 4.8% / 필요 95.0% / SUPPORT: 지지 조건 미달 11.7% / 필요 95.0% / SUPPORT: 지지 조건 미달 15.8% / 필요 95.0% / SUPPORT: 지지 조건 미달 13.8% / 필요 95.0% / SUPPORT: 지지 조건 미달 21.1% / 필요 95.0% / SUPPORT: 지지 조건 미달 15.7% / 필요 95.0% / SUPPORT: 지지 조건 미달 16.1% / 필요 95.0% / SUPPORT: 지지 조건 미달 40.2% / 필요 95.0% / SUPPORT: 지지 조건 미달 41.1% / 필요 95.0% / SUPPORT: 지지 조건 미달 13.2% / 필요 95.0% / SUPPORT: 지지 조건 미달 9.7% / 필요 95.0% / SUPPORT: 지지 조건 미달 7.8% / 필요 95.0% / SUPPORT: 지지 조건 미달 19.5% / 필요 95.0% / SUPPORT: 지지 조건 미달 10.5% / 필요 95.0% / SUPPORT: 지지 조건 미달 5.6% / 필요 95.0% / SUPPORT: 지지 조건 미달 8.7% / 필요 95.0% / SUPPORT: 지지 조건 미달 5.1% / 필요 95.0% / SUPPORT: 지지 조건 미달 13.7% / 필요 95.0% / SUPPORT: 지지 조건 미달 16.8% / 필요 95.0% / SUPPORT: 지지 조건 미달 16.2% / 필요 95.0% / SUPPORT: 지지 조건 미달 22.5% / 필요 95.0% / SUPPORT: 지지 조건 미달 18.4% / 필요 95.0% / SUPPORT: 지지 조건 미달 18.8% / 필요 95.0% / SUPPORT: 지지 조건 미달 42.8% / 필요 95.0% / SUPPORT: 지지 조건 미달 43.8% / 필요 95.0% / SUPPORT: 지지 조건 미달 15.4% / 필요 95.0% / SUPPORT: 지지 조건 미달 11.3% / 필요 95.0% / SUPPORT: 지지 조건 미달 9.1% / 필요 95.0% / SUPPORT: 지지 조건 미달 20.7% / 필요 95.0% / SUPPORT: 지지 조건 미달 11.2% / 필요 95.0% / SUPPORT: 지지 조건 미달 6.0% / 필요 95.0% / SUPPORT: 지지 조건 미달 9.0% / 필요 95.0% / SUPPORT: 지지 조건 미달 14.2% / 필요 95.0% / SUPPORT: 지지 조건 미달 16.7% / 필요 95.0% / SUPPORT: 지지 조건 미달 19.0% / 필요 95.0% / SUPPORT: 지지 조건 미달 19.4% / 필요 95.0%","explicit","unverified","{}","{""bounds"":74,""support"":338,""load"":227,""protocol"":47}","18.492092410714285","72.22222222222223","13","5","0.110418783","997","","69.57541574350213","60.87575499622871","252.42134831460675","94.54149782641062","99.65524671407024","95.51820728291317","21.34562617452771","57.2","0.4595490716180371","0","0","","74.87165714285636","210.5821000000069","147.48335000000404","197.96235000000627","1048.203199999989","92.85714285714286","","","","840","11.906999999999243","18.492092410714285","0","9.858819910714288","69.57541574350213","","","","","","","","","",""
"random","online","random","42","0","8f620990","partial","누적 무게중심 정적 평형 불가 · Long-02 / SUPPORT: 지지 조건 미달 5.1% / 필요 95.0% · CoG 지지 검사 / 무게 규칙 위반 · Small-03 (3 kg) / SUPPORT: 지지 조건 미달 30.5% / 필요 95.0% · CoG 지지 검사 / SUPPORT: 지지 조건 미달 8.9% / 필요 95.0% · CoG 지지 검사 / SUPPORT: 지지 조건 미달 10.2% / 필요 95.0% · CoG 지지 검사 / SUPPORT: 지지 조건 미달 46.6% / 필요 95.0% · CoG 지지 검사 / SUPPORT: 지지 조건 미달 27.4% / 필요 95.0% · CoG 지지 검사 / SUPPORT: 지지 조건 미달 30.4% / 필요 95.0% · CoG 지지 검사 / SUPPORT: 지지 조건 미달 0.5% / 필요 95.0% · CoG 지지 검사 / SUPPORT: 지지 조건 미달 36.1% / 필요 95.0% · CoG 지지 검사 / SUPPORT: 지지 조건 미달 23.1% / 필요 95.0% · CoG 지지 검사 / SUPPORT: 지지 조건 미달 0.4% / 필요 95.0% · CoG 지지 검사 / SUPPORT: 지지 조건 미달 36.8% / 필요 95.0% · CoG 지지 검사 / SUPPORT: 지지 조건 미달 22.6% / 필요 95.0% · CoG 지지 검사 / SUPPORT: 지지 조건 미달 33.9% / 필요 95.0% · CoG 지지 검사 / SUPPORT: 지지 조건 미달 31.6% / 필요 95.0% · CoG 지지 검사 / SUPPORT: 지지 조건 미달 28.9% / 필요 95.0% · CoG 지지 검사 / SUPPORT: 지지 조건 미달 6.7% / 필요 95.0% · CoG 지지 검사 / SUPPORT: 지지 조건 미달 42.5% / 필요 95.0% · CoG 지지 검사 / SUPPORT: 지지 조건 미달 34.1% / 필요 95.0% · CoG 지지 검사 / SUPPORT: 지지 조건 미달 9.8% / 필요 95.0% · CoG 지지 검사 / SUPPORT: 지지 조건 미달 24.2% / 필요 95.0% · CoG 지지 검사 / 무게 규칙 위반 · Small-04 (3 kg) / SUPPORT: 지지 조건 미달 4.2% / 필요 95.0% · CoG 지지 검사","explicit","unverified","{}","{""bounds"":46,""support"":166,""load"":100}","9.737797678571429","33.333333333333336","6","12","0.208466884","344","","58.23932640239562","49.319620814039496","106.48076923076923","135.06273197313664","100","100","29.1108602909889","70.8","1.1721854304635762","0","0","","4.857457142857162","10.932800000000043","9.70993999999998","10.688228000000029","34.00220000000013","85.71428571428571","","","","378","16.19089999999983","9.737797678571429","0","18.613114642857145","58.23932640239562","","","","","","","","","",""
"random","online","random","43","1","13895743","partial","누적 무게중심 정적 평형 불가 · Heavy-02 / SUPPORT: 지지 조건 미달 33.2% / 필요 95.0% · CoG 지지 검사 / 무게 규칙 위반 · Medium-04 (8 kg) / SUPPORT: 지지 조건 미달 35.0% / 필요 95.0% · CoG 지지 검사 / SUPPORT: 지지 조건 미달 61.2% / 필요 95.0% · CoG 지지 검사 / SUPPORT: 지지 조건 미달 64.5% / 필요 95.0% · CoG 지지 검사 / SUPPORT: 지지 조건 미달 51.4% / 필요 95.0% · CoG 지지 검사 / SUPPORT: 지지 조건 미달 54.2% / 필요 95.0% · CoG 지지 검사 / SUPPORT: 지지 조건 미달 35.7% / 필요 95.0% · CoG 지지 검사 / SUPPORT: 지지 조건 미달 37.6% / 필요 95.0% · CoG 지지 검사 / SUPPORT: 지지 조건 미달 14.4% / 필요 95.0% · CoG 지지 검사 / 무게 규칙 위반 · Long-01 (6 kg) / SUPPORT: 지지 조건 미달 18.2% / 필요 95.0% · CoG 지지 검사 / SUPPORT: 지지 조건 미달 34.3% / 필요 95.0% · CoG 지지 검사 / SUPPORT: 지지 조건 미달 46.0% / 필요 95.0% · CoG 지지 검사 / SUPPORT: 지지 조건 미달 38.4% / 필요 95.0% · CoG 지지 검사 / SUPPORT: 지지 조건 미달 11.2% / 필요 95.0% · CoG 지지 검사 / SUPPORT: 지지 조건 미달 14.2% / 필요 95.0% · CoG 지지 검사 / SUPPORT: 지지 조건 미달 26.7% / 필요 95.0% · CoG 지지 검사 / SUPPORT: 지지 조건 미달 23.0% / 필요 95.0% · CoG 지지 검사 / 무게 규칙 위반 · Wide-03 (12 kg) / SUPPORT: 지지 조건 미달 28.3% / 필요 95.0% · CoG 지지 검사 / SUPPORT: 지지 조건 미달 31.1% / 필요 95.0% · CoG 지지 검사 / SUPPORT: 지지 조건 미달 41.3% / 필요 95.0% · CoG 지지 검사 / SUPPORT: 지지 조건 미달 43.1% / 필요 95.0% · CoG 지지 검사 / SUPPORT: 지지 조건 미달 57.6% / 필요 95.0% · CoG 지지 검사 / SUPPORT: 지지 조건 미달 41.7% / 필요 95.0% · CoG 지지 검사","explicit","unverified","{}","{""protocol"":8,""bounds"":44,""support"":359,""load"":215}","15.282102857142856","44.44444444444444","8","10","0.146370666","579","","81.1508636400297","81.1508636400297","211.453125","67.99889776795098","100","100","22.988943411488748","52.45","0.562992125984252","0","0","","4.525033333333543","10.770300000000134","9.665220000000408","10.549284000000188","40.72530000000188","88.88888888888889","","","","522","9.372199999999793","15.282102857142856","0","13.068809464285717","81.1508636400297","","","","","","","","","",""
"random","online","random","44","2","e30d715a","partial","누적 무게중심 정적 평형 불가 · Long-02 / SUPPORT: 지지 조건 미달 24.2% / 필요 95.0% · CoG 지지 검사 / 무게 규칙 위반 · Small-04 (3 kg) / SUPPORT: 지지 조건 미달 12.9% / 필요 95.0% · CoG 지지 검사 / SUPPORT: 지지 조건 미달 21.3% / 필요 95.0% · CoG 지지 검사 / SUPPORT: 지지 조건 미달 13.4% / 필요 95.0% · CoG 지지 검사 / SUPPORT: 지지 조건 미달 15.5% / 필요 95.0% · CoG 지지 검사 / SUPPORT: 지지 조건 미달 21.5% / 필요 95.0% · CoG 지지 검사 / SUPPORT: 지지 조건 미달 33.1% / 필요 95.0% · CoG 지지 검사 / SUPPORT: 지지 조건 미달 14.3% / 필요 95.0% · CoG 지지 검사 / SUPPORT: 지지 조건 미달 23.5% / 필요 95.0% · CoG 지지 검사 / SUPPORT: 지지 조건 미달 14.8% / 필요 95.0% · CoG 지지 검사 / SUPPORT: 지지 조건 미달 16.9% / 필요 95.0% · CoG 지지 검사 / SUPPORT: 지지 조건 미달 23.4% / 필요 95.0% · CoG 지지 검사 / SUPPORT: 지지 조건 미달 36.0% / 필요 95.0% · CoG 지지 검사 / SUPPORT: 지지 조건 미달 14.7% / 필요 95.0% · CoG 지지 검사 / SUPPORT: 지지 조건 미달 24.1% / 필요 95.0% · CoG 지지 검사 / SUPPORT: 지지 조건 미달 15.2% / 필요 95.0% · CoG 지지 검사 / SUPPORT: 지지 조건 미달 17.2% / 필요 95.0% · CoG 지지 검사 / SUPPORT: 지지 조건 미달 23.9% / 필요 95.0% · CoG 지지 검사 / SUPPORT: 지지 조건 미달 36.8% / 필요 95.0% · CoG 지지 검사 / SUPPORT: 지지 조건 미달 28.3% / 필요 95.0% · CoG 지지 검사 / SUPPORT: 지지 조건 미달 30.0% / 필요 95.0% · CoG 지지 검사 / SUPPORT: 지지 조건 미달 46.6% / 필요 95.0% · CoG 지지 검사 / SUPPORT: 지지 조건 미달 16.0% / 필요 95.0% · CoG 지지 검사","explicit","unverified","{}","{""bounds"":69,""support"":215,""load"":71}","17.16619232142857","55.55555555555556","10","8","0.125268864","547","","57.68097042843853","57.68097042843853","161.252688172043","90.17548858781475","99.94134897360703","99.41348973607037","24.399304882252903","70.8","0.8080779146376398","0","0","","5.746109090908993","11.41530000000057","11.010700000000725","11.334380000000602","63.20719999999892","90.9090909090909","","","","634","19.839099999999235","17.16619232142857","0","11.184720000000002","57.68097042843853","","","","","","","","","",""
"random","online","random","45","3","2bfcdd35","partial","누적 무게중심 정적 평형 불가 · Heavy-01 / SUPPORT: 지지 조건 미달 47.7% / 필요 95.0% · CoG 지지 검사 / 무게 규칙 위반 · Medium-01 (8 kg) / SUPPORT: 지지 조건 미달 24.5% / 필요 95.0% · CoG 지지 검사 / SUPPORT: 지지 조건 미달 64.5% / 필요 95.0% · CoG 지지 검사 / SUPPORT: 지지 조건 미달 70.7% / 필요 95.0% · CoG 지지 검사 / SUPPORT: 지지 조건 미달 90.2% / 필요 95.0% · CoG 지지 검사 / 무게 규칙 위반 · Medium-04 (8 kg) / SUPPORT: 지지 조건 미달 71.0% / 필요 95.0% · CoG 지지 검사 / SUPPORT: 지지 조건 미달 81.8% / 필요 95.0% · CoG 지지 검사 / SUPPORT: 지지 조건 미달 88.7% / 필요 95.0% · CoG 지지 검사 / SUPPORT: 지지 조건 미달 69.4% / 필요 95.0% · CoG 지지 검사 / SUPPORT: 지지 조건 미달 23.0% / 필요 95.0% · CoG 지지 검사 / SUPPORT: 지지 조건 미달 66.6% / 필요 95.0% · CoG 지지 검사 / SUPPORT: 지지 조건 미달 66.8% / 필요 95.0% · CoG 지지 검사 / SUPPORT: 지지 조건 미달 77.0% / 필요 95.0% · CoG 지지 검사 / SUPPORT: 지지 조건 미달 65.3% / 필요 95.0% · CoG 지지 검사 / SUPPORT: 지지 조건 미달 40.0% / 필요 95.0% · CoG 지지 검사 / SUPPORT: 지지 조건 미달 54.1% / 필요 95.0% · CoG 지지 검사 / SUPPORT: 지지 조건 미달 75.7% / 필요 95.0% · CoG 지지 검사 / SUPPORT: 지지 조건 미달 83.9% / 필요 95.0% · CoG 지지 검사 / SUPPORT: 지지 조건 미달 74.5% / 필요 95.0% · CoG 지지 검사 / SUPPORT: 지지 조건 미달 33.0% / 필요 95.0% · CoG 지지 검사 / SUPPORT: 지지 조건 미달 44.6% / 필요 95.0% · CoG 지지 검사 / SUPPORT: 지지 조건 미달 62.3% / 필요 95.0% · CoG 지지 검사 / SUPPORT: 지지 조건 미달 69.1% / 필요 95.0% · CoG 지지 검사 / SUPPORT: 지지 조건 미달 61.3% / 필요 95.0% · CoG 지지 검사 / SUPPORT: 지지 조건 미달 18.0% / 필요 95.0% · CoG 지지 검사 / 무게 규칙 위반 · Tall-01 (5 kg) / SUPPORT: 지지 조건 미달 35.1% / 필요 95.0% · CoG 지지 검사 / SUPPORT: 지지 조건 미달 51.2% / 필요 95.0% · CoG 지지 검사 / SUPPORT: 지지 조건 미달 54.2% / 필요 95.0% · CoG 지지 검사 / SUPPORT: 지지 조건 미달 20.3% / 필요 95.0% · CoG 지지 검사 / SUPPORT: 지지 조건 미달 39.6% / 필요 95.0% · CoG 지지 검사 / SUPPORT: 지지 조건 미달 24.2% / 필요 95.0% · CoG 지지 검사 / SUPPORT: 지지 조건 미달 47.2% / 필요 95.0% · CoG 지지 검사 / SUPPORT: 지지 조건 미달 3.8% / 필요 95.0% · CoG 지지 검사 / 무게 규칙 위반 · Small-05 (3 kg) / 재질 허용 지지하중 초과 · Small-04 (21.00 / 14.40 kg · 종이 / 골판지 입력값) / SUPPORT: 지지 조건 미달 3.7% / 필요 95.0% · CoG 지지 검사 / SUPPORT: 지지 조건 미달 0.4% / 필요 95.0% · CoG 지지 검사 / SUPPORT: 지지 조건 미달 10.3% / 필요 95.0% · CoG 지지 검사 / SUPPORT: 지지 조건 미달 10.1% / 필요 95.0% · CoG 지지 검사 / SUPPORT: 지지 조건 미달 1.0% / 필요 95.0% · CoG 지지 검사 / SUPPORT: 지지 조건 미달 2.2% / 필요 95.0% · CoG 지지 검사 / SUPPORT: 지지 조건 미달 30.4% / 필요 95.0% · CoG 지지 검사 / SUPPORT: 지지 조건 미달 29.8% / 필요 95.0% · CoG 지지 검사","explicit","unverified","{}","{""bounds"":14,""support"":227,""load"":165}","14.483934374999999","50","9","9","0.155310153","603","","36.49771855628225","36.49771855628225","194.17741935483872","108.06468945580708","100","100","42.22797465579606","65.85","0.5860927152317881","0","0","","4.554019999998855","7.785800000001473","7.266770000000178","7.681994000001215","45.540199999988545","90","","","","584","15.72070000000167","14.483934374999999","0","13.866977946428575","36.49771855628225","","","","","","","","","",""
"random","online","random","46","4","5f0f43c4","partial","SUPPORT: 지지 조건 미달 51.9% / 필요 95.0% · CoG 지지 검사 / 무게 규칙 위반 · Medium-04 (8 kg) / SUPPORT: 지지 조건 미달 40.9% / 필요 95.0% · CoG 지지 검사 / SUPPORT: 지지 조건 미달 37.7% / 필요 95.0% · CoG 지지 검사 / 누적 무게중심 정적 평형 불가 · Wide-01 / SUPPORT: 지지 조건 미달 7.0% / 필요 95.0% · CoG 지지 검사 / SUPPORT: 지지 조건 미달 11.8% / 필요 95.0% · CoG 지지 검사 / SUPPORT: 지지 조건 미달 3.8% / 필요 95.0% · CoG 지지 검사 / SUPPORT: 지지 조건 미달 6.1% / 필요 95.0% · CoG 지지 검사 / 무게 규칙 위반 · Medium-02 (8 kg) / SUPPORT: 지지 조건 미달 8.9% / 필요 95.0% · CoG 지지 검사 / SUPPORT: 지지 조건 미달 42.4% / 필요 95.0% · CoG 지지 검사 / SUPPORT: 지지 조건 미달 33.5% / 필요 95.0% · CoG 지지 검사 / SUPPORT: 지지 조건 미달 30.9% / 필요 95.0% · CoG 지지 검사 / SUPPORT: 지지 조건 미달 5.7% / 필요 95.0% · CoG 지지 검사 / SUPPORT: 지지 조건 미달 3.1% / 필요 95.0% · CoG 지지 검사 / SUPPORT: 지지 조건 미달 37.6% / 필요 95.0% · CoG 지지 검사 / SUPPORT: 지지 조건 미달 29.7% / 필요 95.0% · CoG 지지 검사 / SUPPORT: 지지 조건 미달 27.4% / 필요 95.0% · CoG 지지 검사 / SUPPORT: 지지 조건 미달 5.1% / 필요 95.0% · CoG 지지 검사 / SUPPORT: 지지 조건 미달 2.8% / 필요 95.0% · CoG 지지 검사 / SUPPORT: 지지 조건 미달 5.9% / 필요 95.0% · CoG 지지 검사 / SUPPORT: 지지 조건 미달 17.5% / 필요 95.0% · CoG 지지 검사 / SUPPORT: 지지 조건 미달 3.7% / 필요 95.0% · CoG 지지 검사 / SUPPORT: 지지 조건 미달 16.0% / 필요 95.0% · CoG 지지 검사 / SUPPORT: 지지 조건 미달 23.2% / 필요 95.0% · CoG 지지 검사 / SUPPORT: 지지 조건 미달 20.8% / 필요 95.0% · CoG 지지 검사 / SUPPORT: 지지 조건 미달 21.7% / 필요 95.0% · CoG 지지 검사 / SUPPORT: 지지 조건 미달 31.6% / 필요 95.0% · CoG 지지 검사 / SUPPORT: 지지 조건 미달 19.6% / 필요 95.0% · CoG 지지 검사 / SUPPORT: 지지 조건 미달 24.4% / 필요 95.0% · CoG 지지 검사 / SUPPORT: 지지 조건 미달 19.7% / 필요 95.0% · CoG 지지 검사 / SUPPORT: 지지 조건 미달 27.9% / 필요 95.0% · CoG 지지 검사 / SUPPORT: 지지 조건 미달 40.6% / 필요 95.0% · CoG 지지 검사 / SUPPORT: 지지 조건 미달 27.3% / 필요 95.0% · CoG 지지 검사 / SUPPORT: 지지 조건 미달 33.0% / 필요 95.0% · CoG 지지 검사 / SUPPORT: 지지 조건 미달 48.1% / 필요 95.0% · CoG 지지 검사 / SUPPORT: 지지 조건 미달 30.0% / 필요 95.0% · CoG 지지 검사 / SUPPORT: 지지 조건 미달 31.9% / 필요 95.0% · CoG 지지 검사 / SUPPORT: 지지 조건 미달 32.5% / 필요 95.0% · CoG 지지 검사 / SUPPORT: 지지 조건 미달 26.0% / 필요 95.0% · CoG 지지 검사 / SUPPORT: 지지 조건 미달 34.9% / 필요 95.0% · CoG 지지 검사 / SUPPORT: 지지 조건 미달 44.9% / 필요 95.0% · CoG 지지 검사 / SUPPORT: 지지 조건 미달 47.9% / 필요 95.0% · CoG 지지 검사 / SUPPORT: 지지 조건 미달 4.0% / 필요 95.0% · CoG 지지 검사 / 무게 규칙 위반 · Tall-01 (5 kg) / SUPPORT: 지지 조건 미달 5.0% / 필요 95.0% · CoG 지지 검사 / SUPPORT: 지지 조건 미달 9.5% / 필요 95.0% · CoG 지지 검사 / SUPPORT: 지지 조건 미달 31.5% / 필요 95.0% · CoG 지지 검사 / SUPPORT: 지지 조건 미달 28.3% / 필요 95.0% · CoG 지지 검사 / SUPPORT: 지지 조건 미달 39.8% / 필요 95.0% · CoG 지지 검사 / SUPPORT: 지지 조건 미달 4.7% / 필요 95.0% · CoG 지지 검사 / SUPPORT: 지지 조건 미달 32.1% / 필요 95.0% · CoG 지지 검사 / SUPPORT: 지지 조건 미달 37.0% / 필요 95.0% · CoG 지지 검사","explicit","unverified","{}","{""bounds"":26,""support"":181,""load"":116}","10.31354544642857","38.888888888888886","7","11","0.202018509","344","","52.02692885069722","34.24134154294524","108.65555555555555","71.24594335430227","100","100","15.950801344208514","57.2","0.8454935622317596","0","0","","4.721737499999563","9.53179999999702","8.396994999998968","9.304838999997408","37.7738999999965","87.5","","","","456","15.611399999997957","10.31354544642857","0","18.037366875000004","52.02692885069722","","","","","","","","","",""
"random","online","random","47","5","f1ff4567","partial","SUPPORT: 지지 조건 미달 30.4% / 필요 95.0% · CoG 지지 검사 / 무게 규칙 위반 · Small-05 (3 kg) / 재질 허용 지지하중 초과 · Small-05 (18.00 / 14.40 kg · 종이 / 골판지 입력값) / 누적 무게중심 정적 평형 불가 · Heavy-01 / SUPPORT: 지지 조건 미달 16.2% / 필요 95.0% · CoG 지지 검사 / SUPPORT: 지지 조건 미달 7.4% / 필요 95.0% · CoG 지지 검사 / SUPPORT: 지지 조건 미달 30.1% / 필요 95.0% · CoG 지지 검사 / SUPPORT: 지지 조건 미달 16.1% / 필요 95.0% · CoG 지지 검사 / SUPPORT: 지지 조건 미달 7.3% / 필요 95.0% · CoG 지지 검사 / SUPPORT: 지지 조건 미달 20.3% / 필요 95.0% · CoG 지지 검사 / 무게 규칙 위반 · Wide-02 (12 kg) / SUPPORT: 지지 조건 미달 2.5% / 필요 95.0% · CoG 지지 검사 / SUPPORT: 지지 조건 미달 3.7% / 필요 95.0% · CoG 지지 검사 / SUPPORT: 지지 조건 미달 32.6% / 필요 95.0% · CoG 지지 검사 / SUPPORT: 지지 조건 미달 14.8% / 필요 95.0% · CoG 지지 검사 / SUPPORT: 지지 조건 미달 50.1% / 필요 95.0% · CoG 지지 검사 / SUPPORT: 지지 조건 미달 32.3% / 필요 95.0% · CoG 지지 검사 / SUPPORT: 지지 조건 미달 61.0% / 필요 95.0% · CoG 지지 검사 / SUPPORT: 지지 조건 미달 52.3% / 필요 95.0% · CoG 지지 검사 / SUPPORT: 지지 조건 미달 12.5% / 필요 95.0% · CoG 지지 검사 / SUPPORT: 지지 조건 미달 20.0% / 필요 95.0% · CoG 지지 검사 / SUPPORT: 지지 조건 미달 30.8% / 필요 95.0% · CoG 지지 검사 / SUPPORT: 지지 조건 미달 37.5% / 필요 95.0% · CoG 지지 검사 / SUPPORT: 지지 조건 미달 1.2% / 필요 95.0% · CoG 지지 검사 / SUPPORT: 지지 조건 미달 1.8% / 필요 95.0% · CoG 지지 검사 / SUPPORT: 지지 조건 미달 7.1% / 필요 95.0% · CoG 지지 검사 / SUPPORT: 지지 조건 미달 15.4% / 필요 95.0% · CoG 지지 검사 / SUPPORT: 지지 조건 미달 24.9% / 필요 95.0% · CoG 지지 검사 / SUPPORT: 지지 조건 미달 49.8% / 필요 95.0% · CoG 지지 검사 / 무게 규칙 위반 · Medium-01 (8 kg) / SUPPORT: 지지 조건 미달 27.8% / 필요 95.0% · CoG 지지 검사 / SUPPORT: 지지 조건 미달 34.0% / 필요 95.0% · CoG 지지 검사 / SUPPORT: 지지 조건 미달 70.7% / 필요 95.0% · CoG 지지 검사 / SUPPORT: 지지 조건 미달 49.2% / 필요 95.0% · CoG 지지 검사 / SUPPORT: 지지 조건 미달 64.5% / 필요 95.0% · CoG 지지 검사 / SUPPORT: 지지 조건 미달 61.8% / 필요 95.0% · CoG 지지 검사 / SUPPORT: 지지 조건 미달 57.2% / 필요 95.0% · CoG 지지 검사 / SUPPORT: 지지 조건 미달 39.8% / 필요 95.0% · CoG 지지 검사 / SUPPORT: 지지 조건 미달 36.7% / 필요 95.0% · CoG 지지 검사 / SUPPORT: 지지 조건 미달 35.3% / 필요 95.0% · CoG 지지 검사 / SUPPORT: 지지 조건 미달 20.6% / 필요 95.0% · CoG 지지 검사 / SUPPORT: 지지 조건 미달 25.2% / 필요 95.0% · CoG 지지 검사 / SUPPORT: 지지 조건 미달 36.4% / 필요 95.0% · CoG 지지 검사 / SUPPORT: 지지 조건 미달 47.7% / 필요 95.0% · CoG 지지 검사 / SUPPORT: 지지 조건 미달 29.5% / 필요 95.0% · CoG 지지 검사 / SUPPORT: 지지 조건 미달 27.2% / 필요 95.0% · CoG 지지 검사 / SUPPORT: 지지 조건 미달 26.1% / 필요 95.0% · CoG 지지 검사 / SUPPORT: 지지 조건 미달 16.0% / 필요 95.0% · CoG 지지 검사 / SUPPORT: 지지 조건 미달 19.6% / 필요 95.0% · CoG 지지 검사 / SUPPORT: 지지 조건 미달 28.3% / 필요 95.0% · CoG 지지 검사 / SUPPORT: 지지 조건 미달 37.2% / 필요 95.0% · CoG 지지 검사 / SUPPORT: 지지 조건 미달 22.9% / 필요 95.0% · CoG 지지 검사 / SUPPORT: 지지 조건 미달 21.2% / 필요 95.0% · CoG 지지 검사 / SUPPORT: 지지 조건 미달 17.2% / 필요 95.0% · CoG 지지 검사 / SUPPORT: 지지 조건 미달 24.5% / 필요 95.0% · CoG 지지 검사 / SUPPORT: 지지 조건 미달 21.4% / 필요 95.0% · CoG 지지 검사 / SUPPORT: 지지 조건 미달 19.8% / 필요 95.0% · CoG 지지 검사","explicit","unverified","{}","{""bounds"":32,""support"":152,""load"":93}","9.442370892857141","33.333333333333336","6","12","0.211775664","410","","37.41951486847877","37.41951486847877","137.11904761904762","91.22664022434083","100","100","27.22249406728638","70.8","0.9921568627450982","0","0","","3.1461000000022716","6.287800000005518","5.947930000004271","6.219826000005268","22.022700000015902","85.71428571428571","","","","378","12.053599999999278","9.442370892857141","0","18.908541428571432","37.41951486847877","","","","","","","","","",""
"random","online","random","48","6","87916b3e","partial","SUPPORT: 지지 조건 미달 33.5% / 필요 95.0% · CoG 지지 검사 / 무게 규칙 위반 · Medium-04 (8 kg) / SUPPORT: 지지 조건 미달 51.9% / 필요 95.0% · CoG 지지 검사 / SUPPORT: 지지 조건 미달 33.2% / 필요 95.0% · CoG 지지 검사 / SUPPORT: 지지 조건 미달 35.9% / 필요 95.0% · CoG 지지 검사 / 누적 무게중심 정적 평형 불가 · Wide-01 / SUPPORT: 지지 조건 미달 27.6% / 필요 95.0% · CoG 지지 검사 / SUPPORT: 지지 조건 미달 47.2% / 필요 95.0% · CoG 지지 검사 / SUPPORT: 지지 조건 미달 46.8% / 필요 95.0% · CoG 지지 검사 / SUPPORT: 지지 조건 미달 51.5% / 필요 95.0% · CoG 지지 검사 / SUPPORT: 지지 조건 미달 46.6% / 필요 95.0% · CoG 지지 검사 / SUPPORT: 지지 조건 미달 46.2% / 필요 95.0% · CoG 지지 검사 / SUPPORT: 지지 조건 미달 32.2% / 필요 95.0% · CoG 지지 검사 / SUPPORT: 지지 조건 미달 24.8% / 필요 95.0% · CoG 지지 검사 / SUPPORT: 지지 조건 미달 45.6% / 필요 95.0% · CoG 지지 검사 / SUPPORT: 지지 조건 미달 45.3% / 필요 95.0% · CoG 지지 검사 / SUPPORT: 지지 조건 미달 31.6% / 필요 95.0% · CoG 지지 검사 / SUPPORT: 지지 조건 미달 24.3% / 필요 95.0% · CoG 지지 검사 / SUPPORT: 지지 조건 미달 44.9% / 필요 95.0% · CoG 지지 검사 / SUPPORT: 지지 조건 미달 31.0% / 필요 95.0% · CoG 지지 검사 / SUPPORT: 지지 조건 미달 23.9% / 필요 95.0% · CoG 지지 검사 / SUPPORT: 지지 조건 미달 39.4% / 필요 95.0% · CoG 지지 검사 / SUPPORT: 지지 조건 미달 27.3% / 필요 95.0% · CoG 지지 검사 / SUPPORT: 지지 조건 미달 21.0% / 필요 95.0% · CoG 지지 검사","explicit","unverified","{}","{""bounds"":61,""support"":367,""load"":144}","17.106426160714285","61.111111111111114","11","7","0.125938245","589","","100","92.77076804764548","178.70212765957447","115.30512299880313","99.64346666482412","96.07813331306528","25.969027220270284","57.2","0.5978984236627717","0","0","","6.319891666667293","19.09100000000035","16.228359999996606","18.518471999999605","75.83870000000752","91.66666666666667","","","","698","19.390999999995984","17.106426160714285","0","11.244486160714288","100","","","","","","","","","",""
"random","online","random","49","7","2d83c129","partial","누적 무게중심 정적 평형 불가 · Long-01 / SUPPORT: 지지 조건 미달 45.3% / 필요 95.0% · CoG 지지 검사 / 무게 규칙 위반 · Small-02 (3 kg) / SUPPORT: 지지 조건 미달 35.5% / 필요 95.0% · CoG 지지 검사 / SUPPORT: 지지 조건 미달 52.0% / 필요 95.0% · CoG 지지 검사 / SUPPORT: 지지 조건 미달 42.2% / 필요 95.0% · CoG 지지 검사 / SUPPORT: 지지 조건 미달 54.7% / 필요 95.0% · CoG 지지 검사 / SUPPORT: 지지 조건 미달 44.9% / 필요 95.0% · CoG 지지 검사 / SUPPORT: 지지 조건 미달 42.5% / 필요 95.0% · CoG 지지 검사 / SUPPORT: 지지 조건 미달 29.1% / 필요 95.0% · CoG 지지 검사 / SUPPORT: 지지 조건 미달 43.0% / 필요 95.0% · CoG 지지 검사 / SUPPORT: 지지 조건 미달 36.6% / 필요 95.0% · CoG 지지 검사 / SUPPORT: 지지 조건 미달 33.7% / 필요 95.0% · CoG 지지 검사 / SUPPORT: 지지 조건 미달 49.7% / 필요 95.0% · CoG 지지 검사 / SUPPORT: 지지 조건 미달 42.4% / 필요 95.0% · CoG 지지 검사 / SUPPORT: 지지 조건 미달 31.2% / 필요 95.0% · CoG 지지 검사 / SUPPORT: 지지 조건 미달 28.3% / 필요 95.0% · CoG 지지 검사 / SUPPORT: 지지 조건 미달 58.7% / 필요 95.0% · CoG 지지 검사 / SUPPORT: 지지 조건 미달 53.2% / 필요 95.0% · CoG 지지 검사 / SUPPORT: 지지 조건 미달 66.6% / 필요 95.0% · CoG 지지 검사 / SUPPORT: 지지 조건 미달 60.3% / 필요 95.0% · CoG 지지 검사 / SUPPORT: 지지 조건 미달 57.3% / 필요 95.0% · CoG 지지 검사 / SUPPORT: 지지 조건 미달 51.9% / 필요 95.0% · CoG 지지 검사 / SUPPORT: 지지 조건 미달 24.2% / 필요 95.0% · CoG 지지 검사 / SUPPORT: 지지 조건 미달 30.5% / 필요 95.0% · CoG 지지 검사 / SUPPORT: 지지 조건 미달 36.8% / 필요 95.0% · CoG 지지 검사 / SUPPORT: 지지 조건 미달 39.8% / 필요 95.0% · CoG 지지 검사 / SUPPORT: 지지 조건 미달 46.6% / 필요 95.0% · CoG 지지 검사","explicit","unverified","{}","{""bounds"":76,""support"":123,""load"":39}","7.960548303571429","27.77777777777778","5","13","0.228372077","217","","93.8280269385837","77.80272456553502","92.95454545454545","59.819153245773386","100","100","23.00864409890012","70.8","1.1721854304635762","0","0","","2.6418166666674856","7.298699999999371","6.061775000000125","7.051314999999523","15.850900000004913","83.33333333333333","","","","314","8.330999999998312","7.960548303571429","0","20.390364017857145","93.8280269385837","","","","","","","","","",""
"random","online","random","50","8","57f1c293","partial","SUPPORT: 지지 조건 미달 46.0% / 필요 95.0% · CoG 지지 검사 / 무게 규칙 위반 · Long-01 (6 kg) / SUPPORT: 지지 조건 미달 40.9% / 필요 95.0% · CoG 지지 검사 / SUPPORT: 지지 조건 미달 30.1% / 필요 95.0% · CoG 지지 검사 / 무게 규칙 위반 · Small-05 (3 kg) / 재질 허용 지지하중 초과 · Small-05 (18.00 / 14.40 kg · 종이 / 골판지 입력값) / 누적 무게중심 정적 평형 불가 · Heavy-02 / SUPPORT: 지지 조건 미달 24.3% / 필요 95.0% · CoG 지지 검사 / SUPPORT: 지지 조건 미달 0.4% / 필요 95.0% · CoG 지지 검사 / SUPPORT: 지지 조건 미달 30.4% / 필요 95.0% · CoG 지지 검사 / SUPPORT: 지지 조건 미달 24.6% / 필요 95.0% · CoG 지지 검사 / SUPPORT: 지지 조건 미달 87.1% / 필요 95.0% · CoG 지지 검사 / 무게 규칙 위반 · Wide-03 (12 kg) / SUPPORT: 지지 조건 미달 76.7% / 필요 95.0% · CoG 지지 검사 / SUPPORT: 지지 조건 미달 68.8% / 필요 95.0% · CoG 지지 검사 / SUPPORT: 지지 조건 미달 34.3% / 필요 95.0% · CoG 지지 검사 / 무게 규칙 위반 · Wide-02 (12 kg) / SUPPORT: 지지 조건 미달 45.0% / 필요 95.0% · CoG 지지 검사 / SUPPORT: 지지 조건 미달 11.9% / 필요 95.0% · CoG 지지 검사 / SUPPORT: 지지 조건 미달 39.8% / 필요 95.0% · CoG 지지 검사 / SUPPORT: 지지 조건 미달 43.1% / 필요 95.0% · CoG 지지 검사 / SUPPORT: 지지 조건 미달 53.4% / 필요 95.0% · CoG 지지 검사 / SUPPORT: 지지 조건 미달 67.4% / 필요 95.0% · CoG 지지 검사 / SUPPORT: 지지 조건 미달 46.4% / 필요 95.0% · CoG 지지 검사 / SUPPORT: 지지 조건 미달 30.3% / 필요 95.0% · CoG 지지 검사 / SUPPORT: 지지 조건 미달 8.0% / 필요 95.0% · CoG 지지 검사 / SUPPORT: 지지 조건 미달 29.0% / 필요 95.0% · CoG 지지 검사 / SUPPORT: 지지 조건 미달 36.0% / 필요 95.0% · CoG 지지 검사 / SUPPORT: 지지 조건 미달 73.9% / 필요 95.0% · CoG 지지 검사 / SUPPORT: 지지 조건 미달 63.3% / 필요 95.0% · CoG 지지 검사","explicit","unverified","{}","{""bounds"":76,""support"":197,""load"":95,""protocol"":6}","10.869669464285714","44.44444444444444","8","10","0.19578992","577","","86.54854665233273","65.95134372926256","136.77659574468086","104.52510577144788","100","100","26.56049777535508","57.2","0.5026525198938993","0","0","","4.146388888887789","8.602899999998044","8.419459999998798","8.566211999998195","37.317499999990105","88.88888888888889","","","","506","16.6449000000066","10.869669464285714","0","17.48124285714286","86.54854665233273","","","","","","","","","",""
"random","online","random","51","9","5029b9e0","partial","누적 무게중심 정적 평형 불가 · Heavy-02 / SUPPORT: 지지 조건 미달 15.6% / 필요 95.0% · CoG 지지 검사 / 무게 규칙 위반 · Small-01 (3 kg) / 재질 허용 지지하중 초과 · Small-02 (21.00 / 14.40 kg · 종이 / 골판지 입력값) / SUPPORT: 지지 조건 미달 24.7% / 필요 95.0% · CoG 지지 검사 / SUPPORT: 지지 조건 미달 25.4% / 필요 95.0% · CoG 지지 검사 / SUPPORT: 지지 조건 미달 18.7% / 필요 95.0% · CoG 지지 검사 / SUPPORT: 지지 조건 미달 29.5% / 필요 95.0% · CoG 지지 검사 / SUPPORT: 지지 조건 미달 30.4% / 필요 95.0% · CoG 지지 검사 / 무게 규칙 위반 · Small-03 (3 kg) / 재질 허용 지지하중 초과 · Small-03 (18.00 / 14.40 kg · 종이 / 골판지 입력값) / SUPPORT: 지지 조건 미달 16.4% / 필요 95.0% · CoG 지지 검사 / SUPPORT: 지지 조건 미달 22.0% / 필요 95.0% · CoG 지지 검사 / SUPPORT: 지지 조건 미달 24.2% / 필요 95.0% · CoG 지지 검사 / SUPPORT: 지지 조건 미달 23.3% / 필요 95.0% · CoG 지지 검사 / SUPPORT: 지지 조건 미달 12.8% / 필요 95.0% · CoG 지지 검사 / SUPPORT: 지지 조건 미달 17.1% / 필요 95.0% · CoG 지지 검사 / SUPPORT: 지지 조건 미달 23.0% / 필요 95.0% · CoG 지지 검사 / SUPPORT: 지지 조건 미달 23.7% / 필요 95.0% · CoG 지지 검사 / SUPPORT: 지지 조건 미달 18.8% / 필요 95.0% · CoG 지지 검사 / SUPPORT: 지지 조건 미달 18.2% / 필요 95.0% · CoG 지지 검사 / SUPPORT: 지지 조건 미달 12.5% / 필요 95.0% · CoG 지지 검사 / SUPPORT: 지지 조건 미달 2.8% / 필요 95.0% · CoG 지지 검사 / SUPPORT: 지지 조건 미달 19.7% / 필요 95.0% · CoG 지지 검사 / SUPPORT: 지지 조건 미달 20.3% / 필요 95.0% · CoG 지지 검사","explicit","unverified","{}","{""bounds"":48,""support"":269,""load"":161,""protocol"":28}","14.642166875000001","61.111111111111114","11","7","0.153537949","426","","10.186683530895344","5.093341765447672","148.97619047619048","21.191757288425332","99.71463514064409","96.8609865470852","11.696937747999973","57.2","0.5860927152317881","0","0","","6.509758333332381","15.700799999998708","13.127624999997712","15.186164999998512","78.11709999998857","91.66666666666667","","","","689","11.739500000003318","14.642166875000001","0","13.708745446428573","10.186683530895344","","","","","","","","","",""
"future-hybrid","online","random","42","0","8f620990","partial","누적 무게중심 정적 평형 불가 / SUPPORT: 지지 조건 미달 21.6% / 필요 95.0% / 무게 규칙 위반 / SUPPORT: 지지 조건 미달 11.7% / 필요 95.0% / SUPPORT: 지지 조건 미달 10.0% / 필요 95.0% / SUPPORT: 지지 조건 미달 9.8% / 필요 95.0% / SUPPORT: 지지 조건 미달 20.3% / 필요 95.0% / SUPPORT: 지지 조건 미달 11.0% / 필요 95.0% / SUPPORT: 지지 조건 미달 9.4% / 필요 95.0% / SUPPORT: 지지 조건 미달 9.2% / 필요 95.0% / SUPPORT: 지지 조건 미달 51.9% / 필요 95.0% / SUPPORT: 지지 조건 미달 20.6% / 필요 95.0% / SUPPORT: 지지 조건 미달 8.4% / 필요 95.0% / SUPPORT: 지지 조건 미달 22.7% / 필요 95.0% / SUPPORT: 지지 조건 미달 11.1% / 필요 95.0% / SUPPORT: 지지 조건 미달 25.1% / 필요 95.0% / SUPPORT: 지지 조건 미달 14.3% / 필요 95.0% / SUPPORT: 지지 조건 미달 39.3% / 필요 95.0% / SUPPORT: 지지 조건 미달 48.2% / 필요 95.0% / SUPPORT: 지지 조건 미달 51.5% / 필요 95.0% / SUPPORT: 지지 조건 미달 25.0% / 필요 95.0% / SUPPORT: 지지 조건 미달 27.5% / 필요 95.0% / SUPPORT: 지지 조건 미달 30.5% / 필요 95.0% / SUPPORT: 지지 조건 미달 47.6% / 필요 95.0% / SUPPORT: 지지 조건 미달 27.2% / 필요 95.0% / SUPPORT: 지지 조건 미달 30.0% / 필요 95.0% / SUPPORT: 지지 조건 미달 33.2% / 필요 95.0%","explicit","unverified","{}","{""support"":390,""load"":240}","22.167613392857145","77.77777777777777","14","4","0.069252948","790","","33.92773113046641","33.92773113046641","241.96666666666667","22.711096911036574","99.6798719487795","95.51820728291317","7.694460476262183","52.45","0.483426517571885","0","0","","290.2425199999999","817.7748000000001","721.6045299999996","798.540746","4353.637799999999","93.33333333333333","","","","906","12.579000000000633","22.167613392857145","0","6.183298928571428","33.92773113046641","","","","","","","","","",""
"future-hybrid","online","random","43","1","13895743","partial","무게 규칙 위반 / SUPPORT: 지지 조건 미달 93.4% / 필요 95.0% / SUPPORT: 지지 조건 미달 91.5% / 필요 95.0% / SUPPORT: 지지 조건 미달 94.1% / 필요 95.0% / SUPPORT: 지지 조건 미달 87.9% / 필요 95.0% / SUPPORT: 지지 조건 미달 81.2% / 필요 95.0% / SUPPORT: 지지 조건 미달 75.8% / 필요 95.0% / SUPPORT: 지지 조건 미달 69.9% / 필요 95.0% / SUPPORT: 지지 조건 미달 65.3% / 필요 95.0% / SUPPORT: 지지 조건 미달 59.2% / 필요 95.0% / SUPPORT: 지지 조건 미달 55.3% / 필요 95.0% / SUPPORT: 지지 조건 미달 41.8% / 필요 95.0% / SUPPORT: 지지 조건 미달 60.8% / 필요 95.0% / SUPPORT: 지지 조건 미달 51.3% / 필요 95.0% / 누적 무게중심 정적 평형 불가 / SUPPORT: 지지 조건 미달 9.7% / 필요 95.0% / SUPPORT: 지지 조건 미달 6.0% / 필요 95.0% / SUPPORT: 지지 조건 미달 2.6% / 필요 95.0% / SUPPORT: 지지 조건 미달 64.1% / 필요 95.0% / SUPPORT: 지지 조건 미달 54.1% / 필요 95.0% / SUPPORT: 지지 조건 미달 2.8% / 필요 95.0% / SUPPORT: 지지 조건 미달 55.9% / 필요 95.0% / SUPPORT: 지지 조건 미달 12.9% / 필요 95.0% / SUPPORT: 지지 조건 미달 8.0% / 필요 95.0% / SUPPORT: 지지 조건 미달 61.3% / 필요 95.0% / SUPPORT: 지지 조건 미달 51.7% / 필요 95.0% / SUPPORT: 지지 조건 미달 51.6% / 필요 95.0% / SUPPORT: 지지 조건 미달 43.5% / 필요 95.0% / SUPPORT: 지지 조건 미달 2.2% / 필요 95.0% / SUPPORT: 지지 조건 미달 46.6% / 필요 95.0% / SUPPORT: 지지 조건 미달 10.8% / 필요 95.0% / SUPPORT: 지지 조건 미달 6.7% / 필요 95.0% / SUPPORT: 지지 조건 미달 43.1% / 필요 95.0% / SUPPORT: 지지 조건 미달 36.4% / 필요 95.0% / SUPPORT: 지지 조건 미달 1.9% / 필요 95.0% / SUPPORT: 지지 조건 미달 35.1% / 필요 95.0% / SUPPORT: 지지 조건 미달 29.6% / 필요 95.0% / SUPPORT: 지지 조건 미달 1.5% / 필요 95.0%","explicit","unverified","{}","{""protocol"":10,""bounds"":38,""support"":309,""load"":241}","15.282102857142856","44.44444444444444","8","10","0.146370666","603","","81.1508636400297","81.1508636400297","187.328125","127.18813920293924","100","100","23.028476947726084","52.45","0.562992125984252","0","0","","81.51027777777806","228.66500000000087","209.69688000000096","224.87137600000088","733.5925000000025","88.88888888888889","","","","542","11.36700000000019","15.282102857142856","0","13.068809464285717","81.1508636400297","","","","","","","","","",""
"future-hybrid","online","random","44","2","e30d715a","complete","","explicit","unverified","{}","{""bounds"":77,""support"":346,""load"":66,""protocol"":5}","28.350912321428574","100","18","0","0","1017","","100","100","282.3510638297872","102.12427607180862","99.7510115157174","95.51820728291317","16.752080058279333","52.45","0.42265200688832966","0","0","","273.1649388888888","830.5624000000007","746.3575750000002","813.7214350000005","4916.968899999998","100","","","","1086","3.631699999998091","28.350912321428574","100","0","100","","","","","","","","","",""
"future-hybrid","online","random","45","3","2bfcdd35","partial","누적 무게중심 정적 평형 불가 / SUPPORT: 지지 조건 미달 14.5% / 필요 95.0% / 무게 규칙 위반 / SUPPORT: 지지 조건 미달 19.2% / 필요 95.0% / SUPPORT: 지지 조건 미달 26.0% / 필요 95.0% / SUPPORT: 지지 조건 미달 25.6% / 필요 95.0% / SUPPORT: 지지 조건 미달 18.5% / 필요 95.0% / SUPPORT: 지지 조건 미달 18.3% / 필요 95.0% / SUPPORT: 지지 조건 미달 19.7% / 필요 95.0% / SUPPORT: 지지 조건 미달 20.2% / 필요 95.0% / SUPPORT: 지지 조건 미달 22.6% / 필요 95.0%","explicit","unverified","{}","{""protocol"":6,""bounds"":6,""support"":274,""load"":194}","20.982283839285714","72.22222222222223","13","5","0.082528639","651","","100","100","217.17676767676767","75.90522883782081","100","100","12.597903542681637","57.2","0.41321044546851","0","0","","224.5324214285712","610.1095999999998","511.2597449999988","590.3396289999995","3143.453899999997","92.85714285714286","","","","842","14.819000000003143","20.982283839285714","0","7.36862848214286","100","","","","","","","","","",""
"future-hybrid","online","random","46","4","5f0f43c4","complete","","explicit","unverified","{}","{""protocol"":6,""support"":448,""load"":259,""bounds"":5}","28.350912321428574","100","18","0","0","796","","100","100","272.18794326241135","78.11147463525882","100","100","20.70876075227214","52.45","0.41321044546851","0","0","","209.24627222222222","871.3777999999984","579.3403249999991","812.970304999998","3766.4329","100","","","","1098","3.5364000000008673","28.350912321428574","100","0","100","","","","","","","","","",""
"future-hybrid","online","random","47","5","f1ff4567","partial","SUPPORT: 지지 조건 미달 73.4% / 필요 95.0% / SUPPORT: 지지 조건 미달 72.8% / 필요 95.0% / SUPPORT: 지지 조건 미달 66.5% / 필요 95.0% / SUPPORT: 지지 조건 미달 66.0% / 필요 95.0% / SUPPORT: 지지 조건 미달 54.5% / 필요 95.0% / SUPPORT: 지지 조건 미달 54.1% / 필요 95.0% / SUPPORT: 지지 조건 미달 47.3% / 필요 95.0% / SUPPORT: 지지 조건 미달 46.9% / 필요 95.0% / 누적 무게중심 정적 평형 불가 / SUPPORT: 지지 조건 미달 40.8% / 필요 95.0% / SUPPORT: 지지 조건 미달 40.5% / 필요 95.0% / SUPPORT: 지지 조건 미달 27.3% / 필요 95.0% / SUPPORT: 지지 조건 미달 27.0% / 필요 95.0% / SUPPORT: 지지 조건 미달 26.1% / 필요 95.0% / SUPPORT: 지지 조건 미달 25.9% / 필요 95.0% / SUPPORT: 지지 조건 미달 13.4% / 필요 95.0% / 무게 규칙 위반 / SUPPORT: 지지 조건 미달 7.6% / 필요 95.0% / SUPPORT: 지지 조건 미달 15.7% / 필요 95.0% / SUPPORT: 지지 조건 미달 8.9% / 필요 95.0% / SUPPORT: 지지 조건 미달 17.7% / 필요 95.0% / SUPPORT: 지지 조건 미달 10.0% / 필요 95.0% / SUPPORT: 지지 조건 미달 13.7% / 필요 95.0% / SUPPORT: 지지 조건 미달 7.8% / 필요 95.0% / SUPPORT: 지지 조건 미달 22.3% / 필요 95.0% / SUPPORT: 지지 조건 미달 13.0% / 필요 95.0% / SUPPORT: 지지 조건 미달 6.3% / 필요 95.0% / SUPPORT: 지지 조건 미달 6.1% / 필요 95.0% / SUPPORT: 지지 조건 미달 2.2% / 필요 95.0% / SUPPORT: 지지 조건 미달 17.8% / 필요 95.0% / SUPPORT: 지지 조건 미달 17.3% / 필요 95.0% / SUPPORT: 지지 조건 미달 8.5% / 필요 95.0% / SUPPORT: 지지 조건 미달 3.0% / 필요 95.0% / SUPPORT: 지지 조건 미달 21.7% / 필요 95.0% / SUPPORT: 지지 조건 미달 21.1% / 필요 95.0% / SUPPORT: 지지 조건 미달 10.3% / 필요 95.0% / SUPPORT: 지지 조건 미달 3.6% / 필요 95.0% / SUPPORT: 지지 조건 미달 10.6% / 필요 95.0% / SUPPORT: 지지 조건 미달 3.7% / 필요 95.0%","explicit","unverified","{}","{""bounds"":22,""support"":183,""load"":120}","12.047200714285715","44.44444444444444","8","10","0.18260157","627","","77.02176649547718","69.2047105080569","182.97619047619048","88.26445531217283","100","100","19.90864920266779","70.8","0.619815668202765","0","0","","189.27789999999933","529.2836000000025","452.9630800000027","514.0194960000025","1703.501099999994","88.88888888888889","","","","522","21.26169999999547","12.047200714285715","0","16.30371160714286","77.02176649547718","","","","","","","","","",""
"future-hybrid","online","random","48","6","87916b3e","timeout","판단 시간 1414.1 ms > 1000 ms","explicit","unverified","{}","{""bounds"":50,""support"":289,""load"":187}","23.707240357142854","77.77777777777777","14","4","0.052009126","627","","100","100","249.89344262295083","88.93883799588373","100","100","26.720974854411416","43.2","0.29304635761589404","0","0","","360.92816666666766","1414.053200000002","933.7440000000046","1317.9913600000023","5413.922500000015","93.33333333333333","","","","832","21.082900000001246","23.707240357142854","0","4.643671964285719","100","","","","","","","","","",""
"future-hybrid","online","random","49","7","2d83c129","partial","SUPPORT: 지지 조건 미달 57.0% / 필요 95.0% / 누적 무게중심 정적 평형 불가 / SUPPORT: 지지 조건 미달 31.3% / 필요 95.0% / SUPPORT: 지지 조건 미달 40.0% / 필요 95.0% / SUPPORT: 지지 조건 미달 60.5% / 필요 95.0% / SUPPORT: 지지 조건 미달 44.0% / 필요 95.0% / SUPPORT: 지지 조건 미달 66.6% / 필요 95.0% / SUPPORT: 지지 조건 미달 11.1% / 필요 95.0% / SUPPORT: 지지 조건 미달 20.6% / 필요 95.0% / SUPPORT: 지지 조건 미달 40.3% / 필요 95.0% / SUPPORT: 지지 조건 미달 42.9% / 필요 95.0% / SUPPORT: 지지 조건 미달 12.9% / 필요 95.0% / SUPPORT: 지지 조건 미달 23.9% / 필요 95.0% / SUPPORT: 지지 조건 미달 46.7% / 필요 95.0% / SUPPORT: 지지 조건 미달 49.7% / 필요 95.0% / SUPPORT: 지지 조건 미달 10.7% / 필요 95.0% / SUPPORT: 지지 조건 미달 19.8% / 필요 95.0% / SUPPORT: 지지 조건 미달 38.7% / 필요 95.0% / SUPPORT: 지지 조건 미달 41.2% / 필요 95.0% / SUPPORT: 지지 조건 미달 32.1% / 필요 95.0% / SUPPORT: 지지 조건 미달 46.6% / 필요 95.0% / SUPPORT: 지지 조건 미달 16.3% / 필요 95.0% / SUPPORT: 지지 조건 미달 36.8% / 필요 95.0% / SUPPORT: 지지 조건 미달 43.7% / 필요 95.0% / SUPPORT: 지지 조건 미달 24.3% / 필요 95.0%","explicit","unverified","{}","{""bounds"":4,""support"":176,""load"":88}","7.960548303571429","27.77777777777778","5","13","0.228372077","217","","93.8280269385837","72.56978064708163","92.95454545454545","55.370396521520505","100","100","10.276463958657454","70.8","1.1721854304635762","0","0","","79.48040000000037","249.9838000000018","213.79045000000042","242.74513000000155","476.88240000000224","83.33333333333333","","","","330","9.908100000000559","7.960548303571429","0","20.390364017857145","93.8280269385837","","","","","","","","","",""
"future-hybrid","online","random","50","8","57f1c293","complete","","explicit","unverified","{}","{""bounds"":22,""support"":572,""load"":382,""protocol"":12}","28.350912321428574","100","18","0","0","1230","","100","100","336.9326241134752","70.38490977380737","99.87810902185699","98.87892376681614","17.1575380662484","44.61369813686653","0.330718954248366","0","0","","196.911644444444","622.2986999999994","522.5382799999991","602.3466159999991","3544.4095999999918","100","","","","1098","5.717100000001665","28.350912321428574","100","0","100","","","","","","","","","",""
"future-hybrid","online","random","51","9","5029b9e0","partial","SUPPORT: 지지 조건 미달 60.2% / 필요 95.0% / SUPPORT: 지지 조건 미달 48.6% / 필요 95.0% / SUPPORT: 지지 조건 미달 73.4% / 필요 95.0% / SUPPORT: 지지 조건 미달 59.3% / 필요 95.0% / SUPPORT: 지지 조건 미달 44.1% / 필요 95.0% / 무게 규칙 위반 / SUPPORT: 지지 조건 미달 34.6% / 필요 95.0% / SUPPORT: 지지 조건 미달 44.7% / 필요 95.0% / SUPPORT: 지지 조건 미달 35.2% / 필요 95.0% / 누적 무게중심 정적 평형 불가 / SUPPORT: 지지 조건 미달 22.3% / 필요 95.0% / 재질 허용 지지하중 초과 / SUPPORT: 지지 조건 미달 16.5% / 필요 95.0% / SUPPORT: 지지 조건 미달 16.3% / 필요 95.0% / SUPPORT: 지지 조건 미달 9.2% / 필요 95.0% / SUPPORT: 지지 조건 미달 4.7% / 필요 95.0% / SUPPORT: 지지 조건 미달 3.8% / 필요 95.0% / SUPPORT: 지지 조건 미달 51.9% / 필요 95.0% / SUPPORT: 지지 조건 미달 44.8% / 필요 95.0% / SUPPORT: 지지 조건 미달 38.4% / 필요 95.0% / SUPPORT: 지지 조건 미달 33.8% / 필요 95.0% / SUPPORT: 지지 조건 미달 9.8% / 필요 95.0% / SUPPORT: 지지 조건 미달 49.5% / 필요 95.0% / SUPPORT: 지지 조건 미달 32.2% / 필요 95.0% / SUPPORT: 지지 조건 미달 48.5% / 필요 95.0% / SUPPORT: 지지 조건 미달 41.9% / 필요 95.0% / SUPPORT: 지지 조건 미달 35.9% / 필요 95.0% / SUPPORT: 지지 조건 미달 31.6% / 필요 95.0% / SUPPORT: 지지 조건 미달 41.4% / 필요 95.0% / SUPPORT: 지지 조건 미달 35.7% / 필요 95.0% / SUPPORT: 지지 조건 미달 30.6% / 필요 95.0% / SUPPORT: 지지 조건 미달 26.9% / 필요 95.0% / SUPPORT: 지지 조건 미달 7.8% / 필요 95.0% / SUPPORT: 지지 조건 미달 33.0% / 필요 95.0% / SUPPORT: 지지 조건 미달 21.5% / 필요 95.0% / SUPPORT: 지지 조건 미달 25.0% / 필요 95.0% / SUPPORT: 지지 조건 미달 18.5% / 필요 95.0%","explicit","unverified","{}","{""bounds"":44,""support"":138,""load"":103}","18.492092410714285","72.22222222222223","13","5","0.110418783","955","","100","95.6501696263633","220.81460674157304","44.87785960292762","99.65524671407024","95.51820728291317","9.036372253086332","57.2","0.3546515741068271","0","0","","288.2921285714297","762.7064000000028","625.7706400000009","735.3192480000023","4036.089800000016","92.85714285714286","","","","821","13.428800000001502","18.492092410714285","0","9.858819910714288","100","","","","","","","","","",""
"offline-stock","offline","random","42","0","8f620990","complete","","explicit","unverified","{}","{""bounds"":31,""support"":127,""load"":56}","28.350912321428574","100","18","0","0","997","","100","100","298.6063829787234","51.63208853777171","99.7510115157174","95.51820728291317","8.50087435326142","52.45","0.39072847682119205","0","0","","137.7454888888889","320.3185999999996","300.1382400000001","316.2825279999997","2479.4188000000004","100","","","","960","4.757400000000416","28.350912321428574","100","0","100","","","","","","","","","",""
"offline-stock","offline","random","43","1","13895743","complete","","explicit","unverified","{}","{""bounds"":31,""support"":127,""load"":56}","28.350912321428574","100","18","0","0","997","","100","100","298.6063829787234","51.63208853777171","99.7510115157174","95.51820728291317","8.50087435326142","52.45","0.39072847682119205","0","0","","137.90119444444463","332.22310000000107","315.5630150000013","328.8910830000011","2482.2215000000033","100","","","","960","3.7180000000007567","28.350912321428574","100","0","100","","","","","","","","","",""
"offline-stock","offline","random","44","2","e30d715a","complete","","explicit","unverified","{}","{""bounds"":31,""support"":127,""load"":56}","28.350912321428574","100","18","0","0","997","","100","100","298.6063829787234","51.63208853777171","99.7510115157174","95.51820728291317","8.50087435326142","52.45","0.39072847682119205","0","0","","135.7286055555556","334.9465999999993","312.6445550000011","330.4861909999996","2443.1149000000005","100","","","","960","5.651799999999639","28.350912321428574","100","0","100","","","","","","","","","",""
"offline-stock","offline","random","45","3","2bfcdd35","complete","","explicit","unverified","{}","{""bounds"":31,""support"":127,""load"":56}","28.350912321428574","100","18","0","0","997","","100","100","298.6063829787234","51.63208853777171","99.7510115157174","95.51820728291317","8.50087435326142","52.45","0.39072847682119205","0","0","","153.84295555555522","436.89960000000065","346.5576899999982","418.83121800000004","2769.173199999994","100","","","","960","3.390499999997701","28.350912321428574","100","0","100","","","","","","","","","",""
"offline-stock","offline","random","46","4","5f0f43c4","complete","","explicit","unverified","{}","{""bounds"":31,""support"":127,""load"":56}","28.350912321428574","100","18","0","0","997","","100","100","298.6063829787234","51.63208853777171","99.7510115157174","95.51820728291317","8.50087435326142","52.45","0.39072847682119205","0","0","","139.201833333333","335.5263999999952","310.9976100000007","330.6206419999962","2505.6329999999944","100","","","","960","3.732900000002701","28.350912321428574","100","0","100","","","","","","","","","",""
"offline-stock","offline","random","47","5","f1ff4567","complete","","explicit","unverified","{}","{""bounds"":31,""support"":127,""load"":56}","28.350912321428574","100","18","0","0","997","","100","100","298.6063829787234","51.63208853777171","99.7510115157174","95.51820728291317","8.50087435326142","52.45","0.39072847682119205","0","0","","141.39982777777752","325.1599999999962","310.62236500000216","322.2524729999974","2545.1968999999954","100","","","","960","4.279500000004191","28.350912321428574","100","0","100","","","","","","","","","",""
"offline-stock","offline","random","48","6","87916b3e","complete","","explicit","unverified","{}","{""bounds"":31,""support"":127,""load"":56}","28.350912321428574","100","18","0","0","997","","100","100","298.6063829787234","51.63208853777171","99.7510115157174","95.51820728291317","8.50087435326142","52.45","0.39072847682119205","0","0","","144.92440555555652","314.6160000000018","295.2694050000027","310.74668100000196","2608.639300000017","100","","","","960","4.426300000006449","28.350912321428574","100","0","100","","","","","","","","","",""
"offline-stock","offline","random","49","7","2d83c129","complete","","explicit","unverified","{}","{""bounds"":31,""support"":127,""load"":56}","28.350912321428574","100","18","0","0","997","","100","100","298.6063829787234","51.63208853777171","99.7510115157174","95.51820728291317","8.50087435326142","52.45","0.39072847682119205","0","0","","129.2771499999997","325.0501000000004","290.01692499999547","318.04346499999934","2326.9886999999944","100","","","","960","3.4271000000007916","28.350912321428574","100","0","100","","","","","","","","","",""
"offline-stock","offline","random","50","8","57f1c293","complete","","explicit","unverified","{}","{""bounds"":31,""support"":127,""load"":56}","28.350912321428574","100","18","0","0","997","","100","100","298.6063829787234","51.63208853777171","99.7510115157174","95.51820728291317","8.50087435326142","52.45","0.39072847682119205","0","0","","131.70404444444446","318.5231000000058","288.44304500000067","312.5070890000047","2370.6728000000003","100","","","","960","4.438899999993737","28.350912321428574","100","0","100","","","","","","","","","",""
"offline-stock","offline","random","51","9","5029b9e0","complete","","explicit","unverified","{}","{""bounds"":31,""support"":127,""load"":56}","28.350912321428574","100","18","0","0","997","","100","100","298.6063829787234","51.63208853777171","99.7510115157174","95.51820728291317","8.50087435326142","52.45","0.39072847682119205","0","0","","133.844155555555","324.06700000000274","292.9847950000006","317.85055900000225","2409.19479999999","100","","","","960","3.993300000001909","28.350912321428574","100","0","100","","","","","","","","","",""
"random","online","mixed","100","0","2b524b37","complete","","explicit","unverified","{}","{""bounds"":54,""support"":17}","2.128614642857143","100","4","0","0","151","","","","75.5","199.97577978345277","100","100","50","70.8","1.1721854304635762","0","0","","1.7538999999997031","2.887799999996787","2.8751699999971607","2.8852739999968615","7.015599999998813","100","","","","177","0.25340000000142027","2.128614642857143","100","","","","","","","","","","","",""
"greedy","online","mixed","100","0","2b524b37","complete","","explicit","unverified","{}","{""support"":5}","2.128614642857143","100","4","0","0","151","","","","75.5","88.5","100","100","12.5","70.8","1.1721854304635762","0","0","","4.885949999998047","7.600299999998242","7.298214999998526","7.539882999998299","19.54379999999219","100","","","","200","0.3459000000002561","2.128614642857143","100","","","","","","","","","","","",""
"random","online","mixed","101","1","216a695a","complete","","explicit","unverified","{}","{""bounds"":54,""support"":17}","2.128614642857143","100","4","0","0","151","","","","75.5","199.97577978345277","100","100","50","70.8","1.1721854304635762","0","0","","2.1575749999974505","3.3237999999983003","3.3103299999980664","3.3211059999982533","8.630299999989802","100","","","","177","0.2315999999991618","2.128614642857143","100","","","","","","","","","","","",""
"greedy","online","mixed","101","1","216a695a","complete","","explicit","unverified","{}","{""support"":5}","2.128614642857143","100","4","0","0","151","","","","75.5","88.5","100","100","12.5","70.8","1.1721854304635762","0","0","","5.141799999999421","7.559399999998277","7.340474999998696","7.515614999998361","20.567199999997683","100","","","","200","0.2429000000047381","2.128614642857143","100","","","","","","","","","","","",""
"random","online","mixed","102","2","6afc41d9","complete","","explicit","unverified","{}","{""bounds"":54,""support"":17}","2.128614642857143","100","4","0","0","151","","","","75.5","199.97577978345277","100","100","50","70.8","1.1721854304635762","0","0","","1.6153250000006665","2.861300000004121","2.7756950000024516","2.844179000003787","6.461300000002666","100","","","","177","0.22599999999511056","2.128614642857143","100","","","","","","","","","","","",""
"greedy","online","mixed","102","2","6afc41d9","complete","","explicit","unverified","{}","{""support"":5}","2.128614642857143","100","4","0","0","151","","","","75.5","88.5","100","100","12.5","70.8","1.1721854304635762","0","0","","5.039350000000923","7.2370000000009895","7.168975000000501","7.223395000000892","20.15740000000369","100","","","","200","0.27189999999973224","2.128614642857143","100","","","","","","","","","","","",""
"random","online","mixed","103","3","fd9e2384","complete","","explicit","unverified","{}","{""bounds"":54,""support"":17}","2.128614642857143","100","4","0","0","151","","","","75.5","199.97577978345277","100","100","50","70.8","1.1721854304635762","0","0","","2.070899999996982","3.457299999994575","3.4184949999948","3.44953899999462","8.283599999987928","100","","","","177","0.2523000000001048","2.128614642857143","100","","","","","","","","","","","",""
"greedy","online","mixed","103","3","fd9e2384","complete","","explicit","unverified","{}","{""support"":5}","2.128614642857143","100","4","0","0","151","","","","75.5","88.5","100","100","12.5","70.8","1.1721854304635762","0","0","","4.979675000000498","7.934900000000198","7.597669999999924","7.8674540000001425","19.91870000000199","100","","","","200","0.23090000000229338","2.128614642857143","100","","","","","","","","","","","",""
"random","online","mixed","104","4","9980961b","complete","","explicit","unverified","{}","{""bounds"":54,""support"":17}","2.128614642857143","100","4","0","0","151","","","","75.5","199.97577978345277","100","100","50","70.8","1.1721854304635762","0","0","","1.6384749999997439","3.3335000000006403","3.1240100000006343","3.2916020000006387","6.5538999999989755","100","","","","177","0.2356999999974505","2.128614642857143","100","","","","","","","","","","","",""
"greedy","online","mixed","104","4","9980961b","complete","","explicit","unverified","{}","{""support"":5}","2.128614642857143","100","4","0","0","151","","","","75.5","88.5","100","100","12.5","70.8","1.1721854304635762","0","0","","5.407025000000431","8.309500000003027","7.978120000002308","8.243224000002883","21.628100000001723","100","","","","200","0.2668000000048778","2.128614642857143","100","","","","","","","","","","","",""
"random","online","mixed","105","5","5226b64e","complete","","explicit","unverified","{}","{""bounds"":54,""support"":17}","2.128614642857143","100","4","0","0","151","","","","75.5","199.97577978345277","100","100","50","70.8","1.1721854304635762","0","0","","1.7910749999991822","3.0063000000009197","2.8606350000005474","2.977167000000845","7.164299999996729","100","","","","177","0.23750000000291038","2.128614642857143","100","","","","","","","","","","","",""
"greedy","online","mixed","105","5","5226b64e","complete","","explicit","unverified","{}","{""support"":5}","2.128614642857143","100","4","0","0","151","","","","75.5","88.5","100","100","12.5","70.8","1.1721854304635762","0","0","","5.129225000000588","8.962400000003981","8.410355000002891","8.851991000003762","20.51690000000235","100","","","","200","0.22790000000532018","2.128614642857143","100","","","","","","","","","","","",""
"random","online","mixed","106","6","5309b11d","complete","","explicit","unverified","{}","{""bounds"":54,""support"":17}","2.128614642857143","100","4","0","0","151","","","","75.5","199.97577978345277","100","100","50","70.8","1.1721854304635762","0","0","","1.6228250000003754","3.1828999999997905","2.9988650000006594","3.146092999999964","6.491300000001502","100","","","","177","0.21609999999782303","2.128614642857143","100","","","","","","","","","","","",""
"greedy","online","mixed","106","6","5309b11d","complete","","explicit","unverified","{}","{""support"":5}","2.128614642857143","100","4","0","0","151","","","","75.5","88.5","100","100","12.5","70.8","1.1721854304635762","0","0","","5.093900000003487","8.712400000003981","8.258695000003716","8.621659000003927","20.375600000013947","100","","","","200","0.23229999999603024","2.128614642857143","100","","","","","","","","","","","",""
"random","online","mixed","107","7","f76fdbf8","complete","","explicit","unverified","{}","{""bounds"":54,""support"":17}","2.128614642857143","100","4","0","0","151","","","","75.5","199.97577978345277","100","100","50","70.8","1.1721854304635762","0","0","","1.6987499999977445","3.186999999998079","3.0669249999984456","3.1629849999981525","6.794999999990978","100","","","","177","0.22529999999824213","2.128614642857143","100","","","","","","","","","","","",""
"greedy","online","mixed","107","7","f76fdbf8","complete","","explicit","unverified","{}","{""support"":5}","2.128614642857143","100","4","0","0","151","","","","75.5","88.5","100","100","12.5","70.8","1.1721854304635762","0","0","","4.650324999998702","7.365200000000186","7.00695500000038","7.293551000000225","18.601299999994808","100","","","","200","0.2356999999974505","2.128614642857143","100","","","","","","","","","","","",""
"random","online","mixed","108","8","533ce93f","complete","","explicit","unverified","{}","{""bounds"":54,""support"":17}","2.128614642857143","100","4","0","0","151","","","","75.5","199.97577978345277","100","100","50","70.8","1.1721854304635762","0","0","","1.8022250000012718","3.0812000000005355","3.045035000000644","3.073967000000557","7.208900000005087","100","","","","177","0.300600000002305","2.128614642857143","100","","","","","","","","","","","",""
"greedy","online","mixed","108","8","533ce93f","complete","","explicit","unverified","{}","{""support"":5}","2.128614642857143","100","4","0","0","151","","","","75.5","88.5","100","100","12.5","70.8","1.1721854304635762","0","0","","5.4315499999975145","7.766899999995076","7.727089999995587","7.758937999995178","21.726199999990058","100","","","","200","0.23390000000654254","2.128614642857143","100","","","","","","","","","","","",""
"random","online","mixed","109","9","4cc80ea2","complete","","explicit","unverified","{}","{""bounds"":54,""support"":17}","2.128614642857143","100","4","0","0","151","","","","75.5","199.97577978345277","100","100","50","70.8","1.1721854304635762","0","0","","1.930450000003475","4.467900000003283","4.090335000003687","4.392387000003364","7.7218000000139","100","","","","177","0.3362000000051921","2.128614642857143","100","","","","","","","","","","","",""
"greedy","online","mixed","109","9","4cc80ea2","complete","","explicit","unverified","{}","{""support"":5}","2.128614642857143","100","4","0","0","151","","","","75.5","88.5","100","100","12.5","70.8","1.1721854304635762","0","0","","4.983175000001211","7.598600000012084","7.325930000009247","7.544066000011516","19.932700000004843","100","","","","200","0.2250999999960186","2.128614642857143","100","","","","","","","","","","","",""
"random","online","mixed","110","10","08665e54","complete","","explicit","unverified","{}","{""bounds"":54,""support"":17}","2.128614642857143","100","4","0","0","151","","","","75.5","199.97577978345277","100","100","50","70.8","1.1721854304635762","0","0","","2.148700000005192","4.577600000004168","4.296785000003","4.5214370000039334","8.594800000020768","100","","","","177","0.22879999999713618","2.128614642857143","100","","","","","","","","","","","",""
"greedy","online","mixed","110","10","08665e54","complete","","explicit","unverified","{}","{""support"":5}","2.128614642857143","100","4","0","0","151","","","","75.5","88.5","100","100","12.5","70.8","1.1721854304635762","0","0","","4.691525000002002","7.512300000002142","7.210200000002805","7.451880000002275","18.76610000000801","100","","","","200","0.48190000001341105","2.128614642857143","100","","","","","","","","","","","",""
"random","online","mixed","111","11","dbcc2aa9","complete","","explicit","unverified","{}","{""bounds"":54,""support"":17}","2.128614642857143","100","4","0","0","151","","","","75.5","199.97577978345277","100","100","50","70.8","1.1721854304635762","0","0","","2.369924999995419","4.966700000004494","4.549025000003166","4.883165000004228","9.479699999981676","100","","","","177","0.23820000000705477","2.128614642857143","100","","","","","","","","","","","",""
"greedy","online","mixed","111","11","dbcc2aa9","complete","","explicit","unverified","{}","{""support"":5}","2.128614642857143","100","4","0","0","151","","","","75.5","88.5","100","100","12.5","70.8","1.1721854304635762","0","0","","5.39125000000422","8.384900000004563","8.203625000003376","8.348645000004325","21.56500000001688","100","","","","200","0.7933000000048196","2.128614642857143","100","","","","","","","","","","","",""
"random","online","mixed","112","12","1d33396a","complete","","explicit","unverified","{}","{""bounds"":54,""support"":17}","2.128614642857143","100","4","0","0","151","","","","75.5","199.97577978345277","100","100","50","70.8","1.1721854304635762","0","0","","1.9428500000030908","2.8865000000078","2.7971750000062454","2.868635000007489","7.771400000012363","100","","","","177","0.23200000000360887","2.128614642857143","100","","","","","","","","","","","",""
"greedy","online","mixed","112","12","1d33396a","complete","","explicit","unverified","{}","{""support"":5}","2.128614642857143","100","4","0","0","151","","","","75.5","88.5","100","100","12.5","70.8","1.1721854304635762","0","0","","4.9082499999931315","7.663300000000163","7.44534999999887","7.6197099999999045","19.632999999972526","100","","","","200","0.2375999999931082","2.128614642857143","100","","","","","","","","","","","",""
"random","online","mixed","113","13","3a53d187","complete","","explicit","unverified","{}","{""bounds"":54,""support"":17}","2.128614642857143","100","4","0","0","151","","","","75.5","199.97577978345277","100","100","50","70.8","1.1721854304635762","0","0","","2.1247000000003027","3.9998000000050524","3.8476850000050034","3.9693770000050423","8.49880000000121","100","","","","177","0.3414000000047963","2.128614642857143","100","","","","","","","","","","","",""
"greedy","online","mixed","113","13","3a53d187","complete","","explicit","unverified","{}","{""support"":5}","2.128614642857143","100","4","0","0","151","","","","75.5","88.5","100","100","12.5","70.8","1.1721854304635762","0","0","","5.1976249999934225","7.8307999999960884","7.516399999995337","7.767919999995938","20.79049999997369","100","","","","200","0.22350000000733417","2.128614642857143","100","","","","","","","","","","","",""
"random","online","mixed","114","14","23431288","complete","","explicit","unverified","{}","{""bounds"":54,""support"":17}","2.128614642857143","100","4","0","0","151","","","","75.5","199.97577978345277","100","100","50","70.8","1.1721854304635762","0","0","","2.1554750000032072","4.825300000011339","4.4759650000101825","4.755433000011108","8.621900000012829","100","","","","177","0.22819999999774154","2.128614642857143","100","","","","","","","","","","","",""
"greedy","online","mixed","114","14","23431288","complete","","explicit","unverified","{}","{""support"":5}","2.128614642857143","100","4","0","0","151","","","","75.5","88.5","100","100","12.5","70.8","1.1721854304635762","0","0","","5.162549999997282","7.220399999991059","7.1707799999916455","7.210475999991177","20.650199999989127","100","","","","200","0.23050000000512227","2.128614642857143","100","","","","","","","","","","","",""
"random","online","mixed","115","15","3c03d22d","complete","","explicit","unverified","{}","{""bounds"":54,""support"":17}","2.128614642857143","100","4","0","0","151","","","","75.5","199.97577978345277","100","100","50","70.8","1.1721854304635762","0","0","","1.6199000000015076","2.8999000000039814","2.7771400000034188","2.8753480000038687","6.47960000000603","100","","","","177","0.3065999999962514","2.128614642857143","100","","","","","","","","","","","",""
"greedy","online","mixed","115","15","3c03d22d","complete","","explicit","unverified","{}","{""support"":5}","2.128614642857143","100","4","0","0","151","","","","75.5","88.5","100","100","12.5","70.8","1.1721854304635762","0","0","","5.682300000004034","9.547500000000582","8.956425000001035","9.429285000000672","22.729200000016135","100","","","","200","0.2318000000086613","2.128614642857143","100","","","","","","","","","","","",""
"random","online","mixed","116","16","7a3d495e","complete","","explicit","unverified","{}","{""bounds"":54,""support"":17}","2.128614642857143","100","4","0","0","151","","","","75.5","199.97577978345277","100","100","50","70.8","1.1721854304635762","0","0","","1.6896750000014435","2.9693000000115717","2.8955600000081176","2.9545520000108807","6.758700000005774","100","","","","177","0.23300000000745058","2.128614642857143","100","","","","","","","","","","","",""
"greedy","online","mixed","116","16","7a3d495e","complete","","explicit","unverified","{}","{""support"":5}","2.128614642857143","100","4","0","0","151","","","","75.5","88.5","100","100","12.5","70.8","1.1721854304635762","0","0","","4.6578000000008615","7.232699999993201","6.939899999994667","7.1741399999934945","18.631200000003446","100","","","","200","0.22490000000107102","2.128614642857143","100","","","","","","","","","","","",""
"random","online","mixed","117","17","dea5edab","complete","","explicit","unverified","{}","{""bounds"":54,""support"":17}","2.128614642857143","100","4","0","0","151","","","","75.5","199.97577978345277","100","100","50","70.8","1.1721854304635762","0","0","","1.6949750000021595","2.819600000002538","2.7667550000027403","2.8090310000025784","6.779900000008638","100","","","","177","0.22029999998630956","2.128614642857143","100","","","","","","","","","","","",""
"greedy","online","mixed","117","17","dea5edab","complete","","explicit","unverified","{}","{""support"":5}","2.128614642857143","100","4","0","0","151","","","","75.5","88.5","100","100","12.5","70.8","1.1721854304635762","0","0","","5.388249999999971","7.5605000000068685","7.508525000004738","7.550105000006442","21.552999999999884","100","","","","200","0.23139999998966232","2.128614642857143","100","","","","","","","","","","","",""
"random","online","mixed","118","18","46f8555c","complete","","explicit","unverified","{}","{""bounds"":54,""support"":17}","2.128614642857143","100","4","0","0","151","","","","75.5","199.97577978345277","100","100","50","70.8","1.1721854304635762","0","0","","1.69567499999539","3.471399999994901","3.244089999994321","3.425937999994785","6.78269999998156","100","","","","177","0.22239999999874271","2.128614642857143","100","","","","","","","","","","","",""
"greedy","online","mixed","118","18","46f8555c","complete","","explicit","unverified","{}","{""support"":5}","2.128614642857143","100","4","0","0","151","","","","75.5","88.5","100","100","12.5","70.8","1.1721854304635762","0","0","","4.851724999996804","7.413699999990058","7.192284999992261","7.369416999990499","19.406899999987218","100","","","","200","0.22749999999359716","2.128614642857143","100","","","","","","","","","","","",""
"random","online","mixed","119","19","d9178b31","complete","","explicit","unverified","{}","{""bounds"":54,""support"":17}","2.128614642857143","100","4","0","0","151","","","","75.5","199.97577978345277","100","100","50","70.8","1.1721854304635762","0","0","","2.4432750000014494","5.786500000001979","5.314840000001276","5.692168000001837","9.773100000005797","100","","","","177","3.1503999999986263","2.128614642857143","100","","","","","","","","","","","",""
"greedy","online","mixed","119","19","d9178b31","complete","","explicit","unverified","{}","{""support"":5}","2.128614642857143","100","4","0","0","151","","","","75.5","88.5","100","100","12.5","70.8","1.1721854304635762","0","0","","5.655225000002247","8.683600000003935","8.400895000002492","8.627059000003646","22.620900000008987","100","","","","200","0.22319999999308493","2.128614642857143","100","","","","","","","","","","","",""
"random","online","mixed","120","20","8dac44f1","complete","","explicit","unverified","{}","{""bounds"":54,""support"":17}","2.128614642857143","100","4","0","0","151","","","","75.5","199.97577978345277","100","100","50","70.8","1.1721854304635762","0","0","","3.203524999997171","5.836799999990035","5.58556499999031","5.786552999990089","12.814099999988684","100","","","","177","0.43510000000242144","2.128614642857143","100","","","","","","","","","","","",""
"greedy","online","mixed","120","20","8dac44f1","complete","","explicit","unverified","{}","{""support"":5}","2.128614642857143","100","4","0","0","151","","","","75.5","88.5","100","100","12.5","70.8","1.1721854304635762","0","0","","5.790550000005169","7.991500000003725","7.756975000003148","7.944595000003609","23.162200000020675","100","","","","200","0.2301000000006752","2.128614642857143","100","","","","","","","","","","","",""
"random","online","mixed","121","21","f3f9931c","complete","","explicit","unverified","{}","{""bounds"":54,""support"":17}","2.128614642857143","100","4","0","0","151","","","","75.5","199.97577978345277","100","100","50","70.8","1.1721854304635762","0","0","","2.7906000000039057","4.576700000005076","4.4505800000042655","4.5514760000049135","11.162400000015623","100","","","","177","0.35450000000128057","2.128614642857143","100","","","","","","","","","","","",""
"greedy","online","mixed","121","21","f3f9931c","complete","","explicit","unverified","{}","{""support"":5}","2.128614642857143","100","4","0","0","151","","","","75.5","88.5","100","100","12.5","70.8","1.1721854304635762","0","0","","5.135399999999208","8.423999999999069","8.052029999998922","8.349605999999039","20.541599999996834","100","","","","200","0.2315999999991618","2.128614642857143","100","","","","","","","","","","","",""
"random","online","mixed","122","22","253fe30f","complete","","explicit","unverified","{}","{""bounds"":54,""support"":17}","2.128614642857143","100","4","0","0","151","","","","75.5","199.97577978345277","100","100","50","70.8","1.1721854304635762","0","0","","1.6171499999982188","2.9373000000050524","2.831655000003229","2.9161710000046877","6.468599999992875","100","","","","177","0.2176000000035856","2.128614642857143","100","","","","","","","","","","","",""
"greedy","online","mixed","122","22","253fe30f","complete","","explicit","unverified","{}","{""support"":5}","2.128614642857143","100","4","0","0","151","","","","75.5","88.5","100","100","12.5","70.8","1.1721854304635762","0","0","","5.745875000004162","8.127500000002328","8.012930000002234","8.104586000002309","22.983500000016647","100","","","","200","0.23769999999785796","2.128614642857143","100","","","","","","","","","","","",""
"random","online","mixed","123","23","42d394f2","complete","","explicit","unverified","{}","{""bounds"":54,""support"":17}","2.128614642857143","100","4","0","0","151","","","","75.5","199.97577978345277","100","100","50","70.8","1.1721854304635762","0","0","","1.9239999999954307","4.349999999991269","4.006499999992228","4.281299999991461","7.695999999981723","100","","","","177","0.22179999999934807","2.128614642857143","100","","","","","","","","","","","",""
"greedy","online","mixed","123","23","42d394f2","complete","","explicit","unverified","{}","{""support"":5}","2.128614642857143","100","4","0","0","151","","","","75.5","88.5","100","100","12.5","70.8","1.1721854304635762","0","0","","4.918449999997392","7.728799999997136","7.396864999997342","7.662412999997176","19.67379999998957","100","","","","200","0.2180999999982305","2.128614642857143","100","","","","","","","","","","","",""
"random","online","mixed","124","24","d531ec55","complete","","explicit","unverified","{}","{""bounds"":54,""support"":17}","2.128614642857143","100","4","0","0","151","","","","75.5","199.97577978345277","100","100","50","70.8","1.1721854304635762","0","0","","1.6074500000031549","2.966100000005099","2.8525800000046724","2.9433960000050137","6.429800000012619","100","","","","177","0.2121999999944819","2.128614642857143","100","","","","","","","","","","","",""
"greedy","online","mixed","124","24","d531ec55","complete","","explicit","unverified","{}","{""support"":5}","2.128614642857143","100","4","0","0","151","","","","75.5","88.5","100","100","12.5","70.8","1.1721854304635762","0","0","","6.75512499999968","12.103600000002189","11.429785000001718","11.968837000002093","27.02049999999872","100","","","","200","0.43660000000090804","2.128614642857143","100","","","","","","","","","","","",""
"random","online","mixed","125","25","d0452870","complete","","explicit","unverified","{}","{""bounds"":54,""support"":17}","2.128614642857143","100","4","0","0","151","","","","75.5","199.97577978345277","100","100","50","70.8","1.1721854304635762","0","0","","1.8235750000021653","3.354399999996531","3.1785699999963977","3.319233999996504","7.294300000008661","100","","","","177","0.4150999999983469","2.128614642857143","100","","","","","","","","","","","",""
"greedy","online","mixed","125","25","d0452870","complete","","explicit","unverified","{}","{""support"":5}","2.128614642857143","100","4","0","0","151","","","","75.5","88.5","100","100","12.5","70.8","1.1721854304635762","0","0","","5.77560000000085","9.146200000002864","8.908390000003418","9.098638000002975","23.1024000000034","100","","","","200","0.36939999999594875","2.128614642857143","100","","","","","","","","","","","",""
"random","online","mixed","126","26","8c464fb3","complete","","explicit","unverified","{}","{""bounds"":54,""support"":17}","2.128614642857143","100","4","0","0","151","","","","75.5","199.97577978345277","100","100","50","70.8","1.1721854304635762","0","0","","1.7393250000022817","2.92510000000766","2.8660300000068673","2.9132860000075014","6.957300000009127","100","","","","177","0.3605000000097789","2.128614642857143","100","","","","","","","","","","","",""
"greedy","online","mixed","126","26","8c464fb3","complete","","explicit","unverified","{}","{""support"":5}","2.128614642857143","100","4","0","0","151","","","","75.5","88.5","100","100","12.5","70.8","1.1721854304635762","0","0","","5.3708000000005995","7.821899999995367","7.775714999995398","7.812662999995373","21.483200000002398","100","","","","200","0.21920000000682194","2.128614642857143","100","","","","","","","","","","","",""
"random","online","mixed","127","27","53fb9986","complete","","explicit","unverified","{}","{""bounds"":54,""support"":17}","2.128614642857143","100","4","0","0","151","","","","75.5","199.97577978345277","100","100","50","70.8","1.1721854304635762","0","0","","1.5597750000015367","2.9487999999983003","2.811759999998321","2.9213919999983045","6.239100000006147","100","","","","177","0.26059999999415595","2.128614642857143","100","","","","","","","","","","","",""
"greedy","online","mixed","127","27","53fb9986","complete","","explicit","unverified","{}","{""support"":5}","2.128614642857143","100","4","0","0","151","","","","75.5","88.5","100","100","12.5","70.8","1.1721854304635762","0","0","","5.081149999994523","8.417499999995925","7.99916499999599","8.333832999995938","20.32459999997809","100","","","","200","0.2592999999906169","2.128614642857143","100","","","","","","","","","","","",""
"random","online","mixed","128","28","d07e8069","complete","","explicit","unverified","{}","{""bounds"":54,""support"":17}","2.128614642857143","100","4","0","0","151","","","","75.5","199.97577978345277","100","100","50","70.8","1.1721854304635762","0","0","","2.3229749999954947","4.189799999992829","4.126694999994652","4.177178999993194","9.291899999981979","100","","","","177","0.4213000000017928","2.128614642857143","100","","","","","","","","","","","",""
"greedy","online","mixed","128","28","d07e8069","complete","","explicit","unverified","{}","{""support"":5}","2.128614642857143","100","4","0","0","151","","","","75.5","88.5","100","100","12.5","70.8","1.1721854304635762","0","0","","5.4341999999924155","9.171599999986938","8.570054999987768","9.051290999987103","21.736799999969662","100","","","","200","0.2260999999998603","2.128614642857143","100","","","","","","","","","","","",""
"random","online","mixed","129","29","e47a8714","complete","","explicit","unverified","{}","{""bounds"":54,""support"":17}","2.128614642857143","100","4","0","0","151","","","","75.5","199.97577978345277","100","100","50","70.8","1.1721854304635762","0","0","","1.6606749999991735","2.8148999999975786","2.746079999998619","2.8011359999977867","6.642699999996694","100","","","","177","0.21580000000540167","2.128614642857143","100","","","","","","","","","","","",""
"greedy","online","mixed","129","29","e47a8714","complete","","explicit","unverified","{}","{""support"":5}","2.128614642857143","100","4","0","0","151","","","","75.5","88.5","100","100","12.5","70.8","1.1721854304635762","0","0","","6.565974999997707","13.288199999995413","12.186824999995586","13.067924999995446","26.263899999990826","100","","","","200","0.21949999999196734","2.128614642857143","100","","","","","","","","","","","",""
"random","online","mixed","130","30","610fc83e","complete","","explicit","unverified","{}","{""bounds"":54,""support"":17}","2.128614642857143","100","4","0","0","151","","","","75.5","199.97577978345277","100","100","50","70.8","1.1721854304635762","0","0","","1.5871749999969325","2.9406999999919208","2.8232199999933068","2.917203999992198","6.34869999998773","100","","","","177","0.2445000000006985","2.128614642857143","100","","","","","","","","","","","",""
"greedy","online","mixed","130","30","610fc83e","complete","","explicit","unverified","{}","{""support"":5}","2.128614642857143","100","4","0","0","151","","","","75.5","88.5","100","100","12.5","70.8","1.1721854304635762","0","0","","5.10082500000135","7.786100000012084","7.491935000009834","7.727267000011634","20.4033000000054","100","","","","200","0.22340000000258442","2.128614642857143","100","","","","","","","","","","","",""
"random","online","mixed","131","31","1f47438b","complete","","explicit","unverified","{}","{""bounds"":54,""support"":17}","2.128614642857143","100","4","0","0","151","","","","75.5","199.97577978345277","100","100","50","70.8","1.1721854304635762","0","0","","1.7274000000033993","2.8778000000020256","2.787365000002319","2.8597130000020843","6.909600000013597","100","","","","177","0.21740000000863802","2.128614642857143","100","","","","","","","","","","","",""
"greedy","online","mixed","131","31","1f47438b","complete","","explicit","unverified","{}","{""support"":5}","2.128614642857143","100","4","0","0","151","","","","75.5","88.5","100","100","12.5","70.8","1.1721854304635762","0","0","","6.254099999998289","9.433099999994738","9.231169999996927","9.392713999995175","25.016399999993155","100","","","","200","0.22379999999247957","2.128614642857143","100","","","","","","","","","","","",""
"random","online","mixed","132","32","c2b663e8","complete","","explicit","unverified","{}","{""bounds"":54,""support"":17}","2.128614642857143","100","4","0","0","151","","","","75.5","199.97577978345277","100","100","50","70.8","1.1721854304635762","0","0","","2.0808999999972","4.3188999999983935","3.988974999998026","4.252914999998319","8.3235999999888","100","","","","177","0.34999999999126885","2.128614642857143","100","","","","","","","","","","","",""
"greedy","online","mixed","132","32","c2b663e8","complete","","explicit","unverified","{}","{""support"":5}","2.128614642857143","100","4","0","0","151","","","","75.5","88.5","100","100","12.5","70.8","1.1721854304635762","0","0","","5.004025000002002","8.207599999994272","7.7812999999958254","8.122339999994583","20.01610000000801","100","","","","200","0.24839999999676365","2.128614642857143","100","","","","","","","","","","","",""
"random","online","mixed","133","33","0b223a0d","complete","","explicit","unverified","{}","{""bounds"":54,""support"":17}","2.128614642857143","100","4","0","0","151","","","","75.5","199.97577978345277","100","100","50","70.8","1.1721854304635762","0","0","","1.6889250000022002","3.4913999999989755","3.271574999998119","3.447434999998804","6.755700000008801","100","","","","177","0.2183999999979278","2.128614642857143","100","","","","","","","","","","","",""
"greedy","online","mixed","133","33","0b223a0d","complete","","explicit","unverified","{}","{""support"":5}","2.128614642857143","100","4","0","0","151","","","","75.5","88.5","100","100","12.5","70.8","1.1721854304635762","0","0","","5.205324999998993","7.648199999995995","7.572314999997616","7.633022999996319","20.821299999995972","100","","","","200","0.22290000000793952","2.128614642857143","100","","","","","","","","","","","",""
"random","online","mixed","134","34","df84b64a","complete","","explicit","unverified","{}","{""bounds"":54,""support"":17}","2.128614642857143","100","4","0","0","151","","","","75.5","199.97577978345277","100","100","50","70.8","1.1721854304635762","0","0","","1.8095750000029511","2.9552000000112457","2.943800000008923","2.9529200000107814","7.2383000000118045","100","","","","177","0.21649999999499414","2.128614642857143","100","","","","","","","","","","","",""
"greedy","online","mixed","134","34","df84b64a","complete","","explicit","unverified","{}","{""support"":5}","2.128614642857143","100","4","0","0","151","","","","75.5","88.5","100","100","12.5","70.8","1.1721854304635762","0","0","","5.040799999998853","9.124199999991106","8.5080149999907","9.000962999991025","20.163199999995413","100","","","","200","0.2180999999982305","2.128614642857143","100","","","","","","","","","","","",""
"random","online","mixed","135","35","96b1ca67","complete","","explicit","unverified","{}","{""bounds"":54,""support"":17}","2.128614642857143","100","4","0","0","151","","","","75.5","199.97577978345277","100","100","50","70.8","1.1721854304635762","0","0","","2.0715500000042084","4.540300000007846","4.204720000007364","4.47318400000775","8.286200000016834","100","","","","177","0.21970000000146683","2.128614642857143","100","","","","","","","","","","","",""
"greedy","online","mixed","135","35","96b1ca67","complete","","explicit","unverified","{}","{""support"":5}","2.128614642857143","100","4","0","0","151","","","","75.5","88.5","100","100","12.5","70.8","1.1721854304635762","0","0","","4.817174999996496","7.6137999999918975","7.288224999992962","7.54868499999211","19.268699999985984","100","","","","200","0.23020000000542495","2.128614642857143","100","","","","","","","","","","","",""
"random","online","mixed","136","36","0ed130b4","complete","","explicit","unverified","{}","{""bounds"":54,""support"":17}","2.128614642857143","100","4","0","0","151","","","","75.5","199.97577978345277","100","100","50","70.8","1.1721854304635762","0","0","","1.6379999999990105","3.132500000006985","2.9693900000042044","3.0998780000064285","6.551999999996042","100","","","","177","0.22140000000945292","2.128614642857143","100","","","","","","","","","","","",""
"greedy","online","mixed","136","36","0ed130b4","complete","","explicit","unverified","{}","{""support"":5}","2.128614642857143","100","4","0","0","151","","","","75.5","88.5","100","100","12.5","70.8","1.1721854304635762","0","0","","4.742600000001403","7.5807999999960884","7.258074999997188","7.516254999996308","18.97040000000561","100","","","","200","1.5152000000089174","2.128614642857143","100","","","","","","","","","","","",""
"random","online","mixed","137","37","1ba2c309","complete","","explicit","unverified","{}","{""bounds"":54,""support"":17}","2.128614642857143","100","4","0","0","151","","","","75.5","199.97577978345277","100","100","50","70.8","1.1721854304635762","0","0","","1.7887749999936204","3.2709999999933643","3.1713399999942338","3.251067999993538","7.155099999974482","100","","","","177","0.24649999999383","2.128614642857143","100","","","","","","","","","","","",""
"greedy","online","mixed","137","37","1ba2c309","complete","","explicit","unverified","{}","{""support"":5}","2.128614642857143","100","4","0","0","151","","","","75.5","88.5","100","100","12.5","70.8","1.1721854304635762","0","0","","4.935374999997293","7.928299999999581","7.53570499999987","7.849780999999638","19.741499999989173","100","","","","200","0.2290999999968335","2.128614642857143","100","","","","","","","","","","","",""
"random","online","mixed","138","38","4d20ec26","complete","","explicit","unverified","{}","{""bounds"":54,""support"":17}","2.128614642857143","100","4","0","0","151","","","","75.5","199.97577978345277","100","100","50","70.8","1.1721854304635762","0","0","","1.6209750000016356","2.9057000000029802","2.816690000003291","2.8878980000030423","6.4839000000065425","100","","","","177","0.2285999999876367","2.128614642857143","100","","","","","","","","","","","",""
"greedy","online","mixed","138","38","4d20ec26","complete","","explicit","unverified","{}","{""support"":5}","2.128614642857143","100","4","0","0","151","","","","75.5","88.5","100","100","12.5","70.8","1.1721854304635762","0","0","","5.084000000002561","9.008400000006077","8.439255000004776","8.894571000005817","20.336000000010245","100","","","","200","0.21670000000449363","2.128614642857143","100","","","","","","","","","","","",""
"random","online","mixed","139","39","4a93dcd3","complete","","explicit","unverified","{}","{""bounds"":54,""support"":17}","2.128614642857143","100","4","0","0","151","","","","75.5","199.97577978345277","100","100","50","70.8","1.1721854304635762","0","0","","1.957974999993894","3.4161999999923864","3.24159999999174","3.381279999992257","7.831899999975576","100","","","","177","0.26380000000062864","2.128614642857143","100","","","","","","","","","","","",""
"greedy","online","mixed","139","39","4a93dcd3","complete","","explicit","unverified","{}","{""support"":5}","2.128614642857143","100","4","0","0","151","","","","75.5","88.5","100","100","12.5","70.8","1.1721854304635762","0","0","","4.920724999999948","7.536500000001979","7.260725000000092","7.4813450000016015","19.68289999999979","100","","","","200","0.22879999999713618","2.128614642857143","100","","","","","","","","","","","",""
"random","online","mixed","140","40","03059993","complete","","explicit","unverified","{}","{""bounds"":54,""support"":17}","2.128614642857143","100","4","0","0","151","","","","75.5","199.97577978345277","100","100","50","70.8","1.1721854304635762","0","0","","1.7740000000048894","3.649199999999837","3.409110000001237","3.601182000000117","7.096000000019558","100","","","","177","0.22550000000046566","2.128614642857143","100","","","","","","","","","","","",""
"greedy","online","mixed","140","40","03059993","complete","","explicit","unverified","{}","{""support"":5}","2.128614642857143","100","4","0","0","151","","","","75.5","88.5","100","100","12.5","70.8","1.1721854304635762","0","0","","5.191274999997404","9.215199999991455","8.650629999993543","9.10228599999187","20.765099999989616","100","","","","200","0.24120000000402797","2.128614642857143","100","","","","","","","","","","","",""
"random","online","mixed","141","41","ed1560e6","complete","","explicit","unverified","{}","{""bounds"":54,""support"":17}","2.128614642857143","100","4","0","0","151","","","","75.5","199.97577978345277","100","100","50","70.8","1.1721854304635762","0","0","","1.95087500000227","3.3880000000062864","3.3134800000050744","3.373096000006044","7.80350000000908","100","","","","177","0.23090000000956934","2.128614642857143","100","","","","","","","","","","","",""
"greedy","online","mixed","141","41","ed1560e6","complete","","explicit","unverified","{}","{""support"":5}","2.128614642857143","100","4","0","0","151","","","","75.5","88.5","100","100","12.5","70.8","1.1721854304635762","0","0","","4.918675000000803","7.99309999999241","7.595974999993631","7.9136749999926534","19.674700000003213","100","","","","200","0.22870000000693835","2.128614642857143","100","","","","","","","","","","","",""
"random","online","mixed","142","42","a399dab5","complete","","explicit","unverified","{}","{""bounds"":54,""support"":17}","2.128614642857143","100","4","0","0","151","","","","75.5","199.97577978345277","100","100","50","70.8","1.1721854304635762","0","0","","1.7796999999955005","3.6067000000039116","3.3744250000032476","3.5602450000037784","7.118799999982002","100","","","","177","0.3224000000045635","2.128614642857143","100","","","","","","","","","","","",""
"greedy","online","mixed","142","42","a399dab5","complete","","explicit","unverified","{}","{""support"":5}","2.128614642857143","100","4","0","0","151","","","","75.5","88.5","100","100","12.5","70.8","1.1721854304635762","0","0","","5.740250000002561","8.110200000010082","7.937925000008544","8.075745000009775","22.961000000010245","100","","","","200","0.22190000000409782","2.128614642857143","100","","","","","","","","","","","",""
"random","online","mixed","143","43","26511750","complete","","explicit","unverified","{}","{""bounds"":54,""support"":17}","2.128614642857143","100","4","0","0","151","","","","75.5","199.97577978345277","100","100","50","70.8","1.1721854304635762","0","0","","1.77154999999766","2.9422000000049593","2.934280000004219","2.940616000004811","7.08619999999064","100","","","","177","0.2183999999979278","2.128614642857143","100","","","","","","","","","","","",""
"greedy","online","mixed","143","43","26511750","complete","","explicit","unverified","{}","{""support"":5}","2.128614642857143","100","4","0","0","151","","","","75.5","88.5","100","100","12.5","70.8","1.1721854304635762","0","0","","5.727724999997008","9.772100000001956","9.205715000000781","9.658823000001721","22.910899999988033","100","","","","200","0.23570000000472646","2.128614642857143","100","","","","","","","","","","","",""
"random","online","mixed","144","44","039029ef","complete","","explicit","unverified","{}","{""bounds"":54,""support"":17}","2.128614642857143","100","4","0","0","151","","","","75.5","199.97577978345277","100","100","50","70.8","1.1721854304635762","0","0","","2.03305000000546","3.8927000000112457","3.750530000009894","3.864266000010975","8.13220000002184","100","","","","177","0.22280000000318978","2.128614642857143","100","","","","","","","","","","","",""
"greedy","online","mixed","144","44","039029ef","complete","","explicit","unverified","{}","{""support"":5}","2.128614642857143","100","4","0","0","151","","","","75.5","88.5","100","100","12.5","70.8","1.1721854304635762","0","0","","5.654325000003155","8.622799999997369","8.389579999997657","8.576155999997427","22.61730000001262","100","","","","200","0.22749999999359716","2.128614642857143","100","","","","","","","","","","","",""
"random","online","mixed","145","45","3858fad2","complete","","explicit","unverified","{}","{""bounds"":54,""support"":17}","2.128614642857143","100","4","0","0","151","","","","75.5","199.97577978345277","100","100","50","70.8","1.1721854304635762","0","0","","1.7415750000000116","3.6842000000033295","3.43350500000306","3.6340610000032756","6.966300000000047","100","","","","177","0.2260999999998603","2.128614642857143","100","","","","","","","","","","","",""
"greedy","online","mixed","145","45","3858fad2","complete","","explicit","unverified","{}","{""support"":5}","2.128614642857143","100","4","0","0","151","","","","75.5","88.5","100","100","12.5","70.8","1.1721854304635762","0","0","","5.127624999993714","7.5556999999971595","7.278709999996499","7.500301999997027","20.510499999974854","100","","","","200","0.21880000000237487","2.128614642857143","100","","","","","","","","","","","",""
"random","online","mixed","146","46","996e9b51","complete","","explicit","unverified","{}","{""bounds"":54,""support"":17}","2.128614642857143","100","4","0","0","151","","","","75.5","199.97577978345277","100","100","50","70.8","1.1721854304635762","0","0","","1.7054000000025553","2.8316999999951804","2.818874999997206","2.8291349999955857","6.821600000010221","100","","","","177","0.21779999999853317","2.128614642857143","100","","","","","","","","","","","",""
"greedy","online","mixed","146","46","996e9b51","complete","","explicit","unverified","{}","{""support"":5}","2.128614642857143","100","4","0","0","151","","","","75.5","88.5","100","100","12.5","70.8","1.1721854304635762","0","0","","5.1967249999979686","9.201399999990826","8.636664999991625","9.088452999990984","20.786899999991874","100","","","","200","0.2330999999976484","2.128614642857143","100","","","","","","","","","","","",""
"random","online","mixed","147","47","6aa770fc","complete","","explicit","unverified","{}","{""bounds"":54,""support"":17}","2.128614642857143","100","4","0","0","151","","","","75.5","199.97577978345277","100","100","50","70.8","1.1721854304635762","0","0","","2.4056500000006054","4.998699999996461","4.717809999996097","4.942521999996388","9.622600000002421","100","","","","177","0.23350000000209548","2.128614642857143","100","","","","","","","","","","","",""
"greedy","online","mixed","147","47","6aa770fc","complete","","explicit","unverified","{}","{""support"":5}","2.128614642857143","100","4","0","0","151","","","","75.5","88.5","100","100","12.5","70.8","1.1721854304635762","0","0","","7.453624999994645","13.04309999999532","12.45886499999542","12.92625299999534","29.81449999997858","100","","","","200","0.3937000000005355","2.128614642857143","100","","","","","","","","","","","",""
"random","online","mixed","148","48","ae76c34b","complete","","explicit","unverified","{}","{""bounds"":54,""support"":17}","2.128614642857143","100","4","0","0","151","","","","75.5","199.97577978345277","100","100","50","70.8","1.1721854304635762","0","0","","1.980824999995093","3.998299999992014","3.702169999992474","3.9390739999921056","7.923299999980372","100","","","","177","0.22130000000470318","2.128614642857143","100","","","","","","","","","","","",""
"greedy","online","mixed","148","48","ae76c34b","complete","","explicit","unverified","{}","{""support"":5}","2.128614642857143","100","4","0","0","151","","","","75.5","88.5","100","100","12.5","70.8","1.1721854304635762","0","0","","5.0680000000029395","7.46830000000773","7.384960000006686","7.451632000007521","20.272000000011758","100","","","","200","0.23040000000037253","2.128614642857143","100","","","","","","","","","","","",""
"random","online","mixed","149","49","f113f8fe","complete","","explicit","unverified","{}","{""bounds"":54,""support"":17}","2.128614642857143","100","4","0","0","151","","","","75.5","199.97577978345277","100","100","50","70.8","1.1721854304635762","0","0","","1.6862499999988358","3.0544000000081724","2.963890000007086","3.036298000007955","6.744999999995343","100","","","","177","0.22030000000086147","2.128614642857143","100","","","","","","","","","","","",""
"greedy","online","mixed","149","49","f113f8fe","complete","","explicit","unverified","{}","{""support"":5}","2.128614642857143","100","4","0","0","151","","","","75.5","88.5","100","100","12.5","70.8","1.1721854304635762","0","0","","5.574775000004593","8.425600000002305","8.283415000002423","8.397163000002328","22.29910000001837","100","","","","200","0.22950000000128057","2.128614642857143","100","","","","","","","","","","","",""
"random","online","mixed","150","50","056b2a60","complete","","explicit","unverified","{}","{""bounds"":54,""support"":17}","2.128614642857143","100","4","0","0","151","","","","75.5","199.97577978345277","100","100","50","70.8","1.1721854304635762","0","0","","1.6146499999995285","3.164199999999255","2.990679999999702","3.129495999999344","6.458599999998114","100","","","","177","0.35199999999895226","2.128614642857143","100","","","","","","","","","","","",""
"greedy","online","mixed","150","50","056b2a60","complete","","explicit","unverified","{}","{""support"":5}","2.128614642857143","100","4","0","0","151","","","","75.5","88.5","100","100","12.5","70.8","1.1721854304635762","0","0","","5.073425000002317","7.808600000003935","7.574030000003403","7.761686000003828","20.293700000009267","100","","","","200","0.27000000000407454","2.128614642857143","100","","","","","","","","","","","",""
"random","online","mixed","151","51","aa536045","complete","","explicit","unverified","{}","{""bounds"":54,""support"":17}","2.128614642857143","100","4","0","0","151","","","","75.5","199.97577978345277","100","100","50","70.8","1.1721854304635762","0","0","","1.8192000000017288","3.833599999998114","3.569569999999657","3.7807939999984224","7.276800000006915","100","","","","177","0.21180000000458676","2.128614642857143","100","","","","","","","","","","","",""
"greedy","online","mixed","151","51","aa536045","complete","","explicit","unverified","{}","{""support"":5}","2.128614642857143","100","4","0","0","151","","","","75.5","88.5","100","100","12.5","70.8","1.1721854304635762","0","0","","5.264949999997043","7.434699999997974","7.246944999996776","7.397148999997734","21.059799999988172","100","","","","200","0.3125","2.128614642857143","100","","","","","","","","","","","",""
"random","online","mixed","152","52","4d2ebff6","complete","","explicit","unverified","{}","{""bounds"":54,""support"":17}","2.128614642857143","100","4","0","0","151","","","","75.5","199.97577978345277","100","100","50","70.8","1.1721854304635762","0","0","","3.4864999999990687","5.695099999997183","5.508454999998502","5.657770999997446","13.945999999996275","100","","","","177","0.35029999999096617","2.128614642857143","100","","","","","","","","","","","",""
"greedy","online","mixed","152","52","4d2ebff6","complete","","explicit","unverified","{}","{""support"":5}","2.128614642857143","100","4","0","0","151","","","","75.5","88.5","100","100","12.5","70.8","1.1721854304635762","0","0","","9.040650000002643","13.442600000009406","13.36001000000906","13.426082000009337","36.16260000001057","100","","","","200","0.24390000000130385","2.128614642857143","100","","","","","","","","","","","",""
"random","online","mixed","153","53","3c016223","complete","","explicit","unverified","{}","{""bounds"":54,""support"":17}","2.128614642857143","100","4","0","0","151","","","","75.5","199.97577978345277","100","100","50","70.8","1.1721854304635762","0","0","","2.3007500000021537","3.454299999997602","3.406134999999631","3.4446669999980077","9.203000000008615","100","","","","177","0.31960000000253785","2.128614642857143","100","","","","","","","","","","","",""
"greedy","online","mixed","153","53","3c016223","complete","","explicit","unverified","{}","{""support"":5}","2.128614642857143","100","4","0","0","151","","","","75.5","88.5","100","100","12.5","70.8","1.1721854304635762","0","0","","5.411674999999377","7.96129999999539","7.662049999996087","7.901449999995529","21.64669999999751","100","","","","200","0.22689999999420252","2.128614642857143","100","","","","","","","","","","","",""
"random","online","mixed","154","54","1962344c","complete","","explicit","unverified","{}","{""bounds"":54,""support"":17}","2.128614642857143","100","4","0","0","151","","","","75.5","199.97577978345277","100","100","50","70.8","1.1721854304635762","0","0","","3.347024999999121","7.809599999993225","7.267379999993862","7.701155999993352","13.388099999996484","100","","","","177","0.3839000000007218","2.128614642857143","100","","","","","","","","","","","",""
"greedy","online","mixed","154","54","1962344c","complete","","explicit","unverified","{}","{""support"":5}","2.128614642857143","100","4","0","0","151","","","","75.5","88.5","100","100","12.5","70.8","1.1721854304635762","0","0","","5.449275000002672","8.580100000006496","8.148685000005205","8.493817000006239","21.797100000010687","100","","","","200","0.22699999999895226","2.128614642857143","100","","","","","","","","","","","",""
"random","online","mixed","155","55","ccf77b21","complete","","explicit","unverified","{}","{""bounds"":54,""support"":17}","2.128614642857143","100","4","0","0","151","","","","75.5","199.97577978345277","100","100","50","70.8","1.1721854304635762","0","0","","1.970049999999901","3.575199999992037","3.35948499999431","3.5320569999924913","7.880199999999604","100","","","","177","0.21779999999853317","2.128614642857143","100","","","","","","","","","","","",""
"greedy","online","mixed","155","55","ccf77b21","complete","","explicit","unverified","{}","{""support"":5}","2.128614642857143","100","4","0","0","151","","","","75.5","88.5","100","100","12.5","70.8","1.1721854304635762","0","0","","5.368275000000722","8.398499999995693","8.05255499999621","8.329310999995796","21.473100000002887","100","","","","200","0.22719999999389984","2.128614642857143","100","","","","","","","","","","","",""
"random","online","mixed","156","56","a9421662","complete","","explicit","unverified","{}","{""bounds"":54,""support"":17}","2.128614642857143","100","4","0","0","151","","","","75.5","199.97577978345277","100","100","50","70.8","1.1721854304635762","0","0","","1.7047999999958847","2.8914999999979045","2.766834999998536","2.8665669999980308","6.819199999983539","100","","","","177","0.22430000000167638","2.128614642857143","100","","","","","","","","","","","",""
"greedy","online","mixed","156","56","a9421662","complete","","explicit","unverified","{}","{""support"":5}","2.128614642857143","100","4","0","0","151","","","","75.5","88.5","100","100","12.5","70.8","1.1721854304635762","0","0","","5.048725000004197","8.480000000010477","8.04737000000823","8.393474000010027","20.194900000016787","100","","","","200","0.22640000001410954","2.128614642857143","100","","","","","","","","","","","",""
"random","online","mixed","157","57","b94724ff","complete","","explicit","unverified","{}","{""bounds"":54,""support"":17}","2.128614642857143","100","4","0","0","151","","","","75.5","199.97577978345277","100","100","50","70.8","1.1721854304635762","0","0","","1.6486000000040804","3.0837999999930616","2.919654999995691","3.050970999993587","6.594400000016321","100","","","","177","0.21980000000621658","2.128614642857143","100","","","","","","","","","","","",""
"greedy","online","mixed","157","57","b94724ff","complete","","explicit","unverified","{}","{""support"":5}","2.128614642857143","100","4","0","0","151","","","","75.5","88.5","100","100","12.5","70.8","1.1721854304635762","0","0","","5.029749999997875","8.190599999987171","7.794284999987575","8.111336999987252","20.1189999999915","100","","","","200","0.23389999999199063","2.128614642857143","100","","","","","","","","","","","",""
"random","online","mixed","158","58","588430b8","complete","","explicit","unverified","{}","{""bounds"":54,""support"":17}","2.128614642857143","100","4","0","0","151","","","","75.5","199.97577978345277","100","100","50","70.8","1.1721854304635762","0","0","","1.8772999999964668","4.1021999999939","3.8131649999952053","4.044392999994161","7.509199999985867","100","","","","177","0.23170000000391155","2.128614642857143","100","","","","","","","","","","","",""
"greedy","online","mixed","158","58","588430b8","complete","","explicit","unverified","{}","{""support"":5}","2.128614642857143","100","4","0","0","151","","","","75.5","88.5","100","100","12.5","70.8","1.1721854304635762","0","0","","5.0893250000008265","8.005999999993946","7.804054999995423","7.965610999994242","20.357300000003306","100","","","","200","0.22890000000188593","2.128614642857143","100","","","","","","","","","","","",""
"random","online","mixed","159","59","dd9b03dd","complete","","explicit","unverified","{}","{""bounds"":54,""support"":17}","2.128614642857143","100","4","0","0","151","","","","75.5","199.97577978345277","100","100","50","70.8","1.1721854304635762","0","0","","1.806574999998702","3.0534000000043306","3.031470000003901","3.0490140000042447","7.226299999994808","100","","","","177","0.22380000000703149","2.128614642857143","100","","","","","","","","","","","",""
"greedy","online","mixed","159","59","dd9b03dd","complete","","explicit","unverified","{}","{""support"":5}","2.128614642857143","100","4","0","0","151","","","","75.5","88.5","100","100","12.5","70.8","1.1721854304635762","0","0","","4.90257500000007","7.866099999999278","7.545654999999533","7.802010999999329","19.61030000000028","100","","","","200","0.2220999999990454","2.128614642857143","100","","","","","","","","","","","",""
"random","online","mixed","160","60","7bee312d","complete","","explicit","unverified","{}","{""bounds"":54,""support"":17}","2.128614642857143","100","4","0","0","151","","","","75.5","199.97577978345277","100","100","50","70.8","1.1721854304635762","0","0","","2.094474999998056","4.826600000000326","4.412929999999323","4.743866000000125","8.377899999992223","100","","","","177","0.23789999999280553","2.128614642857143","100","","","","","","","","","","","",""
"greedy","online","mixed","160","60","7bee312d","complete","","explicit","unverified","{}","{""support"":5}","2.128614642857143","100","4","0","0","151","","","","75.5","88.5","100","100","12.5","70.8","1.1721854304635762","0","0","","5.419200000000274","7.83179999999993","7.550190000000293","7.775478000000002","21.676800000001094","100","","","","200","0.22740000000339933","2.128614642857143","100","","","","","","","","","","","",""
"random","online","mixed","161","61","b01afd88","complete","","explicit","unverified","{}","{""bounds"":54,""support"":17}","2.128614642857143","100","4","0","0","151","","","","75.5","199.97577978345277","100","100","50","70.8","1.1721854304635762","0","0","","1.7655249999952503","2.9541000000026543","2.9350200000022597","2.950284000002575","7.062099999981001","100","","","","177","0.22580000000016298","2.128614642857143","100","","","","","","","","","","","",""
"greedy","online","mixed","161","61","b01afd88","complete","","explicit","unverified","{}","{""support"":5}","2.128614642857143","100","4","0","0","151","","","","75.5","88.5","100","100","12.5","70.8","1.1721854304635762","0","0","","5.198174999997718","7.326400000005378","7.079950000003736","7.27711000000505","20.792699999990873","100","","","","200","0.37680000001273584","2.128614642857143","100","","","","","","","","","","","",""
"random","online","mixed","162","62","6f5210ab","complete","","explicit","unverified","{}","{""bounds"":54,""support"":17}","2.128614642857143","100","4","0","0","151","","","","75.5","199.97577978345277","100","100","50","70.8","1.1721854304635762","0","0","","1.837374999995518","3.752699999997276","3.5218349999980996","3.7065269999974406","7.349499999982072","100","","","","177","0.2494999999908032","2.128614642857143","100","","","","","","","","","","","",""
"greedy","online","mixed","162","62","6f5210ab","complete","","explicit","unverified","{}","{""support"":5}","2.128614642857143","100","4","0","0","151","","","","75.5","88.5","100","100","12.5","70.8","1.1721854304635762","0","0","","5.001925000000483","7.7321999999985565","7.400744999999732","7.665908999998791","20.007700000001932","100","","","","200","0.318699999988894","2.128614642857143","100","","","","","","","","","","","",""
"random","online","mixed","163","63","d6a4785e","complete","","explicit","unverified","{}","{""bounds"":54,""support"":17}","2.128614642857143","100","4","0","0","151","","","","75.5","199.97577978345277","100","100","50","70.8","1.1721854304635762","0","0","","1.642200000002049","3.2067000000097323","3.039615000008052","3.173283000009396","6.568800000008196","100","","","","177","0.2342999999964377","2.128614642857143","100","","","","","","","","","","","",""
"greedy","online","mixed","163","63","d6a4785e","complete","","explicit","unverified","{}","{""support"":5}","2.128614642857143","100","4","0","0","151","","","","75.5","88.5","100","100","12.5","70.8","1.1721854304635762","0","0","","5.076550000005227","8.35010000001057","7.957520000009389","8.271584000010334","20.306200000020908","100","","","","200","0.22030000000086147","2.128614642857143","100","","","","","","","","","","","",""
"random","online","mixed","164","64","5f58d5a9","complete","","explicit","unverified","{}","{""bounds"":54,""support"":17}","2.128614642857143","100","4","0","0","151","","","","75.5","199.97577978345277","100","100","50","70.8","1.1721854304635762","0","0","","1.5395499999976892","2.8056000000069616","2.703690000005736","2.7852180000067164","6.158199999990757","100","","","","177","0.23300000000745058","2.128614642857143","100","","","","","","","","","","","",""
"greedy","online","mixed","164","64","5f58d5a9","complete","","explicit","unverified","{}","{""support"":5}","2.128614642857143","100","4","0","0","151","","","","75.5","88.5","100","100","12.5","70.8","1.1721854304635762","0","0","","5.177100000000792","9.285600000002887","8.69763000000239","9.168006000002787","20.708400000003166","100","","","","200","0.22179999999934807","2.128614642857143","100","","","","","","","","","","","",""
"random","online","mixed","165","65","42340554","complete","","explicit","unverified","{}","{""bounds"":54,""support"":17}","2.128614642857143","100","4","0","0","151","","","","75.5","199.97577978345277","100","100","50","70.8","1.1721854304635762","0","0","","1.56474999999773","2.842799999998533","2.713889999998355","2.8170179999984972","6.25899999999092","100","","","","177","0.22239999999874271","2.128614642857143","100","","","","","","","","","","","",""
"greedy","online","mixed","165","65","42340554","complete","","explicit","unverified","{}","{""support"":5}","2.128614642857143","100","4","0","0","151","","","","75.5","88.5","100","100","12.5","70.8","1.1721854304635762","0","0","","5.574300000003859","8.156200000012177","7.971475000008649","8.11925500001147","22.297200000015437","100","","","","200","0.24160000000847504","2.128614642857143","100","","","","","","","","","","","",""
"random","online","mixed","166","66","9ffcd887","complete","","explicit","unverified","{}","{""bounds"":54,""support"":17}","2.128614642857143","100","4","0","0","151","","","","75.5","199.97577978345277","100","100","50","70.8","1.1721854304635762","0","0","","1.648750000007567","2.9356000000116182","2.8483000000102034","2.918140000011335","6.595000000030268","100","","","","177","0.2472999999881722","2.128614642857143","100","","","","","","","","","","","",""
"greedy","online","mixed","166","66","9ffcd887","complete","","explicit","unverified","{}","{""support"":5}","2.128614642857143","100","4","0","0","151","","","","75.5","88.5","100","100","12.5","70.8","1.1721854304635762","0","0","","4.779399999995803","7.297899999990477","7.056834999993589","7.249686999991099","19.117599999983213","100","","","","200","0.2225999999936903","2.128614642857143","100","","","","","","","","","","","",""
"random","online","mixed","167","67","87b9f46a","complete","","explicit","unverified","{}","{""bounds"":54,""support"":17}","2.128614642857143","100","4","0","0","151","","","","75.5","199.97577978345277","100","100","50","70.8","1.1721854304635762","0","0","","1.7983000000058382","3.592499999998836","3.391094999999768","3.552218999999022","7.193200000023353","100","","","","177","0.23260000000300352","2.128614642857143","100","","","","","","","","","","","",""
"greedy","online","mixed","167","67","87b9f46a","complete","","explicit","unverified","{}","{""support"":5}","2.128614642857143","100","4","0","0","151","","","","75.5","88.5","100","100","12.5","70.8","1.1721854304635762","0","0","","5.083124999997381","7.631999999997788","7.334444999998231","7.572488999997876","20.332499999989523","100","","","","200","0.2231000000028871","2.128614642857143","100","","","","","","","","","","","",""
"random","online","mixed","168","68","38d59895","complete","","explicit","unverified","{}","{""bounds"":54,""support"":17}","2.128614642857143","100","4","0","0","151","","","","75.5","199.97577978345277","100","100","50","70.8","1.1721854304635762","0","0","","1.7780749999983527","3.1297000000049593","3.0408700000029056","3.1119340000045486","7.112299999993411","100","","","","177","0.26080000000365544","2.128614642857143","100","","","","","","","","","","","",""
"greedy","online","mixed","168","68","38d59895","complete","","explicit","unverified","{}","{""support"":5}","2.128614642857143","100","4","0","0","151","","","","75.5","88.5","100","100","12.5","70.8","1.1721854304635762","0","0","","4.638525000002119","7.590400000000955","7.243300000001181","7.520980000001","18.554100000008475","100","","","","200","0.40220000001136214","2.128614642857143","100","","","","","","","","","","","",""
"random","online","mixed","169","69","ad0020b0","complete","","explicit","unverified","{}","{""bounds"":54,""support"":17}","2.128614642857143","100","4","0","0","151","","","","75.5","199.97577978345277","100","100","50","70.8","1.1721854304635762","0","0","","2.115349999996397","4.049499999993714","3.9132099999944328","4.022241999993858","8.461399999985588","100","","","","177","0.3866999999881955","2.128614642857143","100","","","","","","","","","","","",""
"greedy","online","mixed","169","69","ad0020b0","complete","","explicit","unverified","{}","{""support"":5}","2.128614642857143","100","4","0","0","151","","","","75.5","88.5","100","100","12.5","70.8","1.1721854304635762","0","0","","5.417850000001636","7.695800000001327","7.494845000001805","7.655609000001423","21.671400000006543","100","","","","200","0.386899999997695","2.128614642857143","100","","","","","","","","","","","",""
"random","online","mixed","170","70","dbefa5fa","complete","","explicit","unverified","{}","{""bounds"":54,""support"":17}","2.128614642857143","100","4","0","0","151","","","","75.5","199.97577978345277","100","100","50","70.8","1.1721854304635762","0","0","","2.051725000004808","3.041400000001886","2.997240000002057","3.03256800000192","8.206900000019232","100","","","","177","0.2415000000037253","2.128614642857143","100","","","","","","","","","","","",""
"greedy","online","mixed","170","70","dbefa5fa","complete","","explicit","unverified","{}","{""support"":5}","2.128614642857143","100","4","0","0","151","","","","75.5","88.5","100","100","12.5","70.8","1.1721854304635762","0","0","","5.31932500000039","7.9562000000005355","7.666249999999854","7.8982100000003985","21.27730000000156","100","","","","200","0.2149000000063097","2.128614642857143","100","","","","","","","","","","","",""
"random","online","mixed","171","71","def6fa57","complete","","explicit","unverified","{}","{""bounds"":54,""support"":17}","2.128614642857143","100","4","0","0","151","","","","75.5","199.97577978345277","100","100","50","70.8","1.1721854304635762","0","0","","1.8344749999996566","3.2238999999972293","3.173919999998179","3.2139039999974193","7.337899999998626","100","","","","177","0.21199999999953434","2.128614642857143","100","","","","","","","","","","","",""
"greedy","online","mixed","171","71","def6fa57","complete","","explicit","unverified","{}","{""support"":5}","2.128614642857143","100","4","0","0","151","","","","75.5","88.5","100","100","12.5","70.8","1.1721854304635762","0","0","","6.094250000001921","9.370599999994738","9.061764999996376","9.308832999995065","24.377000000007683","100","","","","200","0.4357999999920139","2.128614642857143","100","","","","","","","","","","","",""
"random","online","mixed","172","72","68c146a4","complete","","explicit","unverified","{}","{""bounds"":54,""support"":17}","2.128614642857143","100","4","0","0","151","","","","75.5","199.97577978345277","100","100","50","70.8","1.1721854304635762","0","0","","1.9680999999945925","2.8456999999907566","2.7950449999902047","2.835568999990646","7.87239999997837","100","","","","177","0.22429999998712447","2.128614642857143","100","","","","","","","","","","","",""
"greedy","online","mixed","172","72","68c146a4","complete","","explicit","unverified","{}","{""support"":5}","2.128614642857143","100","4","0","0","151","","","","75.5","88.5","100","100","12.5","70.8","1.1721854304635762","0","0","","5.04175000000032","8.364600000000792","8.012430000000313","8.294166000000695","20.16700000000128","100","","","","200","0.4257999999972526","2.128614642857143","100","","","","","","","","","","","",""
"random","online","mixed","173","73","97a65bf9","complete","","explicit","unverified","{}","{""bounds"":54,""support"":17}","2.128614642857143","100","4","0","0","151","","","","75.5","199.97577978345277","100","100","50","70.8","1.1721854304635762","0","0","","1.7654749999965134","3.1453999999939697","2.983084999994025","3.1129369999939804","7.0618999999860534","100","","","","177","0.25380000000586733","2.128614642857143","100","","","","","","","","","","","",""
"greedy","online","mixed","173","73","97a65bf9","complete","","explicit","unverified","{}","{""support"":5}","2.128614642857143","100","4","0","0","151","","","","75.5","88.5","100","100","12.5","70.8","1.1721854304635762","0","0","","5.2143250000008265","8.709199999997509","8.208994999998684","8.609158999997742","20.857300000003306","100","","","","200","0.21220000000903383","2.128614642857143","100","","","","","","","","","","","",""
"random","online","mixed","174","74","f1d1926e","complete","","explicit","unverified","{}","{""bounds"":54,""support"":17}","2.128614642857143","100","4","0","0","151","","","","75.5","199.97577978345277","100","100","50","70.8","1.1721854304635762","0","0","","1.7525500000010652","2.9799000000057276","2.930610000004526","2.9700420000054875","7.010200000004261","100","","","","177","0.2109000000054948","2.128614642857143","100","","","","","","","","","","","",""
"greedy","online","mixed","174","74","f1d1926e","complete","","explicit","unverified","{}","{""support"":5}","2.128614642857143","100","4","0","0","151","","","","75.5","88.5","100","100","12.5","70.8","1.1721854304635762","0","0","","5.350725000003877","7.9311000000016065","7.88610000000117","7.922100000001519","21.402900000015507","100","","","","200","0.3689999999915017","2.128614642857143","100","","","","","","","","","","","",""
"random","online","mixed","175","75","71c2afbb","complete","","explicit","unverified","{}","{""bounds"":54,""support"":17}","2.128614642857143","100","4","0","0","151","","","","75.5","199.97577978345277","100","100","50","70.8","1.1721854304635762","0","0","","1.7397500000006403","3.321200000005774","3.15290000000532","3.2875400000056834","6.959000000002561","100","","","","177","0.20949999999720603","2.128614642857143","100","","","","","","","","","","","",""
"greedy","online","mixed","175","75","71c2afbb","complete","","explicit","unverified","{}","{""support"":5}","2.128614642857143","100","4","0","0","151","","","","75.5","88.5","100","100","12.5","70.8","1.1721854304635762","0","0","","4.96849999999904","7.87149999999383","7.526094999993801","7.802418999993824","19.87399999999616","100","","","","200","0.21129999999538995","2.128614642857143","100","","","","","","","","","","","",""
"random","online","mixed","176","76","9c83e818","complete","","explicit","unverified","{}","{""bounds"":54,""support"":17}","2.128614642857143","100","4","0","0","151","","","","75.5","199.97577978345277","100","100","50","70.8","1.1721854304635762","0","0","","1.9860000000007858","4.312200000000303","3.9964800000001555","4.249056000000273","7.944000000003143","100","","","","177","0.206400000010035","2.128614642857143","100","","","","","","","","","","","",""
"greedy","online","mixed","176","76","9c83e818","complete","","explicit","unverified","{}","{""support"":5}","2.128614642857143","100","4","0","0","151","","","","75.5","88.5","100","100","12.5","70.8","1.1721854304635762","0","0","","5.26707499999975","8.514400000000023","8.214564999999128","8.454432999999844","21.068299999999","100","","","","200","0.21029999999154825","2.128614642857143","100","","","","","","","","","","","",""
"random","online","mixed","177","77","64593a3d","complete","","explicit","unverified","{}","{""bounds"":54,""support"":17}","2.128614642857143","100","4","0","0","151","","","","75.5","199.97577978345277","100","100","50","70.8","1.1721854304635762","0","0","","1.6433999999972002","2.791400000001886","2.7154550000006563","2.77621100000164","6.573599999988801","100","","","","177","0.20499999998719431","2.128614642857143","100","","","","","","","","","","","",""
"greedy","online","mixed","177","77","64593a3d","complete","","explicit","unverified","{}","{""support"":5}","2.128614642857143","100","4","0","0","151","","","","75.5","88.5","100","100","12.5","70.8","1.1721854304635762","0","0","","5.27390000000014","9.444799999997485","8.821204999998734","9.320080999997735","21.09560000000056","100","","","","200","1.5281999999861","2.128614642857143","100","","","","","","","","","","","",""
"random","online","mixed","178","78","7059d542","complete","","explicit","unverified","{}","{""bounds"":54,""support"":17}","2.128614642857143","100","4","0","0","151","","","","75.5","199.97577978345277","100","100","50","70.8","1.1721854304635762","0","0","","1.6139249999941967","3.1352999999944586","2.97401999999347","3.1030439999942607","6.455699999976787","100","","","","177","0.20850000000791624","2.128614642857143","100","","","","","","","","","","","",""
"greedy","online","mixed","178","78","7059d542","complete","","explicit","unverified","{}","{""support"":5}","2.128614642857143","100","4","0","0","151","","","","75.5","88.5","100","100","12.5","70.8","1.1721854304635762","0","0","","4.895174999997835","7.571400000000722","7.320539999999164","7.52122800000041","19.58069999999134","100","","","","200","0.2163999999902444","2.128614642857143","100","","","","","","","","","","","",""
"random","online","mixed","179","79","9e7611df","complete","","explicit","unverified","{}","{""bounds"":54,""support"":17}","2.128614642857143","100","4","0","0","151","","","","75.5","199.97577978345277","100","100","50","70.8","1.1721854304635762","0","0","","1.5879749999985506","3.1736999999993714","2.9903700000009845","3.1370339999996935","6.3518999999942025","100","","","","177","0.20909999999275897","2.128614642857143","100","","","","","","","","","","","",""
"greedy","online","mixed","179","79","9e7611df","complete","","explicit","unverified","{}","{""support"":5}","2.128614642857143","100","4","0","0","151","","","","75.5","88.5","100","100","12.5","70.8","1.1721854304635762","0","0","","5.139849999999569","8.744200000001001","8.222455000000625","8.639851000000926","20.559399999998277","100","","","","200","0.21009999999660067","2.128614642857143","100","","","","","","","","","","","",""
"random","online","mixed","180","80","d318494f","complete","","explicit","unverified","{}","{""bounds"":54,""support"":17}","2.128614642857143","100","4","0","0","151","","","","75.5","199.97577978345277","100","100","50","70.8","1.1721854304635762","0","0","","1.6046500000011292","2.943599999998696","2.840280000000348","2.9229359999990265","6.418600000004517","100","","","","177","0.21869999999762513","2.128614642857143","100","","","","","","","","","","","",""
"greedy","online","mixed","180","80","d318494f","complete","","explicit","unverified","{}","{""support"":5}","2.128614642857143","100","4","0","0","151","","","","75.5","88.5","100","100","12.5","70.8","1.1721854304635762","0","0","","5.487825000000157","7.653000000005704","7.559760000003735","7.63435200000531","21.95130000000063","100","","","","200","0.43240000000514556","2.128614642857143","100","","","","","","","","","","","",""
"random","online","mixed","181","81","af57d932","complete","","explicit","unverified","{}","{""bounds"":54,""support"":17}","2.128614642857143","100","4","0","0","151","","","","75.5","199.97577978345277","100","100","50","70.8","1.1721854304635762","0","0","","2.9873249999982363","5.283899999994901","5.103464999994321","5.2478129999947845","11.949299999992945","100","","","","177","0.36470000000554137","2.128614642857143","100","","","","","","","","","","","",""
"greedy","online","mixed","181","81","af57d932","complete","","explicit","unverified","{}","{""support"":5}","2.128614642857143","100","4","0","0","151","","","","75.5","88.5","100","100","12.5","70.8","1.1721854304635762","0","0","","9.526225000001432","16.308900000003632","15.485970000003725","16.14431400000365","38.10490000000573","100","","","","200","1.140399999989313","2.128614642857143","100","","","","","","","","","","","",""
"random","online","mixed","182","82","bb0dd431","complete","","explicit","unverified","{}","{""bounds"":54,""support"":17}","2.128614642857143","100","4","0","0","151","","","","75.5","199.97577978345277","100","100","50","70.8","1.1721854304635762","0","0","","3.6162249999979394","9.298599999994622","8.388504999995346","9.116580999994765","14.464899999991758","100","","","","177","0.3693000000057509","2.128614642857143","100","","","","","","","","","","","",""
"greedy","online","mixed","182","82","bb0dd431","complete","","explicit","unverified","{}","{""support"":5}","2.128614642857143","100","4","0","0","151","","","","75.5","88.5","100","100","12.5","70.8","1.1721854304635762","0","0","","9.87275000000227","15.105400000000373","14.61134499999898","15.006589000000094","39.49100000000908","100","","","","200","0.3431999999884283","2.128614642857143","100","","","","","","","","","","","",""
"random","online","mixed","183","83","0cbf2e5c","complete","","explicit","unverified","{}","{""bounds"":54,""support"":17}","2.128614642857143","100","4","0","0","151","","","","75.5","199.97577978345277","100","100","50","70.8","1.1721854304635762","0","0","","4.076425000002928","6.38990000000922","6.206705000008514","6.353261000009079","16.30570000001171","100","","","","177","0.4708000000100583","2.128614642857143","100","","","","","","","","","","","",""
"greedy","online","mixed","183","83","0cbf2e5c","complete","","explicit","unverified","{}","{""support"":5}","2.128614642857143","100","4","0","0","151","","","","75.5","88.5","100","100","12.5","70.8","1.1721854304635762","0","0","","11.206850000002305","16.555399999997462","16.018984999998793","16.448116999997726","44.82740000000922","100","","","","200","0.3576000000030035","2.128614642857143","100","","","","","","","","","","","",""
"random","online","mixed","184","84","bcbbdef3","complete","","explicit","unverified","{}","{""bounds"":54,""support"":17}","2.128614642857143","100","4","0","0","151","","","","75.5","199.97577978345277","100","100","50","70.8","1.1721854304635762","0","0","","3.7117750000033993","6.842799999998533","6.701665000000503","6.814572999998926","14.847100000013597","100","","","","177","0.40380000000004657","2.128614642857143","100","","","","","","","","","","","",""
"greedy","online","mixed","184","84","bcbbdef3","complete","","explicit","unverified","{}","{""support"":5}","2.128614642857143","100","4","0","0","151","","","","75.5","88.5","100","100","12.5","70.8","1.1721854304635762","0","0","","9.910724999994272","15.251899999988382","14.745844999988911","15.150688999988487","39.64289999997709","100","","","","200","0.37880000000586733","2.128614642857143","100","","","","","","","","","","","",""
"random","online","mixed","185","85","5e6dbdc6","complete","","explicit","unverified","{}","{""bounds"":54,""support"":17}","2.128614642857143","100","4","0","0","151","","","","75.5","199.97577978345277","100","100","50","70.8","1.1721854304635762","0","0","","3.490524999997433","6.299199999994016","5.906754999994881","6.220710999994189","13.962099999989732","100","","","","177","0.32080000000132713","2.128614642857143","100","","","","","","","","","","","",""
"greedy","online","mixed","185","85","5e6dbdc6","complete","","explicit","unverified","{}","{""support"":5}","2.128614642857143","100","4","0","0","151","","","","75.5","88.5","100","100","12.5","70.8","1.1721854304635762","0","0","","8.778725000000122","12.376499999998487","12.22237499999901","12.345674999998591","35.11490000000049","100","","","","200","0.40330000000540167","2.128614642857143","100","","","","","","","","","","","",""
"random","online","mixed","186","86","b2024695","complete","","explicit","unverified","{}","{""bounds"":54,""support"":17}","2.128614642857143","100","4","0","0","151","","","","75.5","199.97577978345277","100","100","50","70.8","1.1721854304635762","0","0","","3.3976999999977124","7.069900000002235","6.628435000001627","6.981607000002112","13.59079999999085","100","","","","177","0.22380000000703149","2.128614642857143","100","","","","","","","","","","","",""
"greedy","online","mixed","186","86","b2024695","complete","","explicit","unverified","{}","{""support"":5}","2.128614642857143","100","4","0","0","151","","","","75.5","88.5","100","100","12.5","70.8","1.1721854304635762","0","0","","5.965650000005553","9.945400000011432","9.301225000008706","9.816565000010886","23.862600000022212","100","","","","200","0.21080000000074506","2.128614642857143","100","","","","","","","","","","","",""
"random","online","mixed","187","87","704cd6b0","complete","","explicit","unverified","{}","{""bounds"":54,""support"":17}","2.128614642857143","100","4","0","0","151","","","","75.5","199.97577978345277","100","100","50","70.8","1.1721854304635762","0","0","","1.6877500000009604","2.9835000000020955","2.892795000002661","2.9653590000022083","6.751000000003842","100","","","","177","0.21000000000640284","2.128614642857143","100","","","","","","","","","","","",""
"greedy","online","mixed","187","87","704cd6b0","complete","","explicit","unverified","{}","{""support"":5}","2.128614642857143","100","4","0","0","151","","","","75.5","88.5","100","100","12.5","70.8","1.1721854304635762","0","0","","5.01392499999929","8.60099999999511","8.11859999999724","8.504519999995535","20.05569999999716","100","","","","200","0.22299999999813735","2.128614642857143","100","","","","","","","","","","","",""
"random","online","mixed","188","88","fa601687","complete","","explicit","unverified","{}","{""bounds"":54,""support"":17}","2.128614642857143","100","4","0","0","151","","","","75.5","199.97577978345277","100","100","50","70.8","1.1721854304635762","0","0","","1.674250000003667","3.0460000000020955","2.951020000002609","3.027004000002198","6.697000000014668","100","","","","177","0.20610000001033768","2.128614642857143","100","","","","","","","","","","","",""
"greedy","online","mixed","188","88","fa601687","complete","","explicit","unverified","{}","{""support"":5}","2.128614642857143","100","4","0","0","151","","","","75.5","88.5","100","100","12.5","70.8","1.1721854304635762","0","0","","5.171049999997194","9.217099999994389","8.59294999999547","9.092269999994604","20.684199999988778","100","","","","200","0.44430000000284053","2.128614642857143","100","","","","","","","","","","","",""
"random","online","mixed","189","89","93496a6a","complete","","explicit","unverified","{}","{""bounds"":54,""support"":17}","2.128614642857143","100","4","0","0","151","","","","75.5","199.97577978345277","100","100","50","70.8","1.1721854304635762","0","0","","1.7201500000046508","3.4884000000020023","3.2726250000036083","3.4452450000023234","6.880600000018603","100","","","","177","0.4153999999980442","2.128614642857143","100","","","","","","","","","","","",""
"greedy","online","mixed","189","89","93496a6a","complete","","explicit","unverified","{}","{""support"":5}","2.128614642857143","100","4","0","0","151","","","","75.5","88.5","100","100","12.5","70.8","1.1721854304635762","0","0","","5.573099999994156","9.460399999996298","8.856469999995168","9.339613999996072","22.292399999976624","100","","","","200","0.2186000000074273","2.128614642857143","100","","","","","","","","","","","",""
"random","online","mixed","190","90","7bb472ac","complete","","explicit","unverified","{}","{""bounds"":54,""support"":17}","2.128614642857143","100","4","0","0","151","","","","75.5","199.97577978345277","100","100","50","70.8","1.1721854304635762","0","0","","1.778874999999971","2.9474000000045635","2.9454500000036203","2.947010000004375","7.115499999999884","100","","","","177","0.21169999999983702","2.128614642857143","100","","","","","","","","","","","",""
"greedy","online","mixed","190","90","7bb472ac","complete","","explicit","unverified","{}","{""support"":5}","2.128614642857143","100","4","0","0","151","","","","75.5","88.5","100","100","12.5","70.8","1.1721854304635762","0","0","","5.103299999998853","7.472199999989243","7.38866499998985","7.455492999989365","20.413199999995413","100","","","","200","0.22229999999399297","2.128614642857143","100","","","","","","","","","","","",""
"random","online","mixed","191","91","3e83a681","complete","","explicit","unverified","{}","{""bounds"":54,""support"":17}","2.128614642857143","100","4","0","0","151","","","","75.5","199.97577978345277","100","100","50","70.8","1.1721854304635762","0","0","","1.67384999999922","3.0368000000016764","2.930705000000307","3.0155810000014025","6.69539999999688","100","","","","177","0.2146000000066124","2.128614642857143","100","","","","","","","","","","","",""
"greedy","online","mixed","191","91","3e83a681","complete","","explicit","unverified","{}","{""support"":5}","2.128614642857143","100","4","0","0","151","","","","75.5","88.5","100","100","12.5","70.8","1.1721854304635762","0","0","","4.904425000000629","7.2964000000065425","7.07788000000437","7.252696000006107","19.617700000002515","100","","","","200","0.21259999999892898","2.128614642857143","100","","","","","","","","","","","",""
"random","online","mixed","192","92","08904342","complete","","explicit","unverified","{}","{""bounds"":54,""support"":17}","2.128614642857143","100","4","0","0","151","","","","75.5","199.97577978345277","100","100","50","70.8","1.1721854304635762","0","0","","2.3409499999979744","4.3663999999989755","4.25848999999871","4.344817999998922","9.363799999991897","100","","","","177","0.20660000000498258","2.128614642857143","100","","","","","","","","","","","",""
"greedy","online","mixed","192","92","08904342","complete","","explicit","unverified","{}","{""support"":5}","2.128614642857143","100","4","0","0","151","","","","75.5","88.5","100","100","12.5","70.8","1.1721854304635762","0","0","","4.765625","7.220799999995506","7.051764999997249","7.186992999995855","19.0625","100","","","","200","0.20870000000286382","2.128614642857143","100","","","","","","","","","","","",""
"random","online","mixed","193","93","92b9d7df","complete","","explicit","unverified","{}","{""bounds"":54,""support"":17}","2.128614642857143","100","4","0","0","151","","","","75.5","199.97577978345277","100","100","50","70.8","1.1721854304635762","0","0","","1.8288749999992433","3.094700000001467","3.078665000001638","3.091493000001501","7.315499999996973","100","","","","177","0.20970000000670552","2.128614642857143","100","","","","","","","","","","","",""
"greedy","online","mixed","193","93","92b9d7df","complete","","explicit","unverified","{}","{""support"":5}","2.128614642857143","100","4","0","0","151","","","","75.5","88.5","100","100","12.5","70.8","1.1721854304635762","0","0","","5.6995999999999185","9.16840000000957","8.829250000007596","9.100570000009174","22.798399999999674","100","","","","200","0.21709999999438878","2.128614642857143","100","","","","","","","","","","","",""
"random","online","mixed","194","94","d11b5340","complete","","explicit","unverified","{}","{""bounds"":54,""support"":17}","2.128614642857143","100","4","0","0","151","","","","75.5","199.97577978345277","100","100","50","70.8","1.1721854304635762","0","0","","2.7087500000016007","5.080099999991944","4.768369999993592","5.017753999992273","10.835000000006403","100","","","","177","0.31040000000211876","2.128614642857143","100","","","","","","","","","","","",""
"greedy","online","mixed","194","94","d11b5340","complete","","explicit","unverified","{}","{""support"":5}","2.128614642857143","100","4","0","0","151","","","","75.5","88.5","100","100","12.5","70.8","1.1721854304635762","0","0","","4.858449999999721","7.319299999988289","7.10182999999015","7.275805999988661","19.433799999998882","100","","","","200","0.25839999999152496","2.128614642857143","100","","","","","","","","","","","",""
"random","online","mixed","195","95","8ba04125","complete","","explicit","unverified","{}","{""bounds"":54,""support"":17}","2.128614642857143","100","4","0","0","151","","","","75.5","199.97577978345277","100","100","50","70.8","1.1721854304635762","0","0","","1.7591749999992317","3.708100000003469","3.457705000004352","3.6580210000036457","7.036699999996927","100","","","","177","0.2614000000030501","2.128614642857143","100","","","","","","","","","","","",""
"greedy","online","mixed","195","95","8ba04125","complete","","explicit","unverified","{}","{""support"":5}","2.128614642857143","100","4","0","0","151","","","","75.5","88.5","100","100","12.5","70.8","1.1721854304635762","0","0","","10.920850000002247","14.694799999997485","14.625184999997874","14.680876999997563","43.68340000000899","100","","","","200","0.40950000000884756","2.128614642857143","100","","","","","","","","","","","",""
"random","online","mixed","196","96","4354e0d6","complete","","explicit","unverified","{}","{""bounds"":54,""support"":17}","2.128614642857143","100","4","0","0","151","","","","75.5","199.97577978345277","100","100","50","70.8","1.1721854304635762","0","0","","4.3277000000016415","7.09759999999369","7.024204999995709","7.082920999994094","17.310800000006566","100","","","","177","0.3413999999902444","2.128614642857143","100","","","","","","","","","","","",""
"greedy","online","mixed","196","96","4354e0d6","complete","","explicit","unverified","{}","{""support"":5}","2.128614642857143","100","4","0","0","151","","","","75.5","88.5","100","100","12.5","70.8","1.1721854304635762","0","0","","6.415474999994331","8.112599999993108","7.983854999994218","8.086850999993331","25.661899999977322","100","","","","200","0.448499999998603","2.128614642857143","100","","","","","","","","","","","",""
"random","online","mixed","197","97","c58b0f03","complete","","explicit","unverified","{}","{""bounds"":54,""support"":17}","2.128614642857143","100","4","0","0","151","","","","75.5","199.97577978345277","100","100","50","70.8","1.1721854304635762","0","0","","3.328575000006822","5.379700000004959","5.140060000005905","5.331772000005149","13.314300000027288","100","","","","177","0.39809999999124557","2.128614642857143","100","","","","","","","","","","","",""
"greedy","online","mixed","197","97","c58b0f03","complete","","explicit","unverified","{}","{""support"":5}","2.128614642857143","100","4","0","0","151","","","","75.5","88.5","100","100","12.5","70.8","1.1721854304635762","0","0","","5.87510000000475","10.077799999999115","9.420139999999808","9.946267999999254","23.500400000019","100","","","","200","0.23079999999026768","2.128614642857143","100","","","","","","","","","","","",""
"random","online","mixed","198","98","cc5454a4","complete","","explicit","unverified","{}","{""bounds"":54,""support"":17}","2.128614642857143","100","4","0","0","151","","","","75.5","199.97577978345277","100","100","50","70.8","1.1721854304635762","0","0","","1.9089750000021013","3.2105000000010477","3.1978700000014215","3.2079740000011223","7.635900000008405","100","","","","177","0.21549999999115244","2.128614642857143","100","","","","","","","","","","","",""
"greedy","online","mixed","198","98","cc5454a4","complete","","explicit","unverified","{}","{""support"":5}","2.128614642857143","100","4","0","0","151","","","","75.5","88.5","100","100","12.5","70.8","1.1721854304635762","0","0","","4.880550000001676","8.326400000005378","7.8667400000049374","8.23446800000529","19.522200000006706","100","","","","200","0.2312999999994645","2.128614642857143","100","","","","","","","","","","","",""
"random","online","mixed","199","99","ac9e41f9","complete","","explicit","unverified","{}","{""bounds"":54,""support"":17}","2.128614642857143","100","4","0","0","151","","","","75.5","199.97577978345277","100","100","50","70.8","1.1721854304635762","0","0","","1.7541999999994005","3.215599999995902","3.081904999997641","3.18886099999625","7.016799999997602","100","","","","177","0.35719999999855645","2.128614642857143","100","","","","","","","","","","","",""
"greedy","online","mixed","199","99","ac9e41f9","complete","","explicit","unverified","{}","{""support"":5}","2.128614642857143","100","4","0","0","151","","","","75.5","88.5","100","100","12.5","70.8","1.1721854304635762","0","0","","5.442749999998341","7.9328999999997905","7.765484999999899","7.899416999999811","21.770999999993364","100","","","","200","0.2180999999982305","2.128614642857143","100","","","","","","","","","","","",""
"random","online","missing","701","0","57eecba6","complete","","explicit","unverified","{}","{""bounds"":44,""support"":8}","1.5964609821428573","100","3","0","0","151","","","","75.5","155.21400996330482","100","100","33.33333333333333","70.8","1.1721854304635762","0","0","","1.8852666666692433","3.4606000000057975","3.2752200000060836","3.4235240000058544","5.65580000000773","100","","","","113","0.3316000000049826","1.5964609821428573","100","","","","","","","","","100","","",""
"random","online","damaged","701","0","27d2d26a","complete","","explicit","unverified","{}","{""bounds"":44,""support"":8}","1.5964609821428573","100","3","0","0","151","","","","75.5","155.21400996330482","100","100","33.33333333333333","70.8","1.1721854304635762","0","0","","2.1425666666715792","3.216500000009546","3.178310000008787","3.208862000009394","6.427700000014738","100","","","","113","0.20239999999466818","1.5964609821428573","100","","","","","","","","","100","","",""
"random","online","resize","701","0","0ba7378c","complete","","explicit","unverified","{}","{""bounds"":36,""support"":16}","2.152599375","100","4","0","0","151","","","","75.5","153.3336333783296","100","100","50","66","1.0927152317880795","0","0","","2.677850000000035","4.846000000005006","4.704790000003413","4.817758000004687","10.71140000000014","100","","","","177","0.261899999997695","2.152599375","100","","","","","","","","","100","3.904599999994389","",""
"random","online","palletChange","701","0","e4986a13","complete","","explicit","unverified","{}","{""bounds"":54,""support"":17}","2.5042525210084032","100","4","0","0","151","","","","75.5","176.0939025065888","100","100","50","70.8","1.1721854304635762","0","0","","3.183500000002823","4.9490000000078","4.81902500000724","4.923005000007688","12.734000000011292","100","","","","177","0.3456000000005588","2.5042525210084032","100","","","","","","","","","100","3.3145999999978812","","100"