"algorithm","scope","scenario","seed","episode","fingerprint","outcome","reason","strength","robot","proposalViolations","candidateRejections","algorithmVersion","evaluatorVersion","warmup","hardConstraints","utilization","completion","count","unplaced","unplacedVolume","residualVolume","height","pallets","remainingFit","spaceOpportunity","comZ","comOffset","supportMean","supportMin","imbalance","minMargin","tippingG","loadViolations","unknownStrength","physicsSuccess","meanMs","maxMs","p95Ms","p99Ms","totalMs","deadlineRate","workSeconds","distanceM","throughput","candidates","evaluationMs","orderUtilization","orderSuccess","orderCompletion","regret","futureFit","reachProxy","robotCollisions","payloadViolations","graspSuccess","ikSuccess","executionSuccess","damagedRecovery","missingRecovery","resizeRecovery","exceptionSuccess","replanMs","exceptionRetention","palletRecovery"
"hrpal-inferred","online","identical","100","0","a39988e4","complete","","explicit","proxy","{}","{""support"":123}","conventional-pattern/2","2.0.0","null","{""collision"":{""status"":""PASS"",""violations"":0,""checkedPlacements"":12,""scope"":""직육면체 기하·관측 규격 공통 검사"",""reason"":""확정 배치와 최종 적재 상태 검사""},""bounds"":{""status"":""PASS"",""violations"":0,""checkedPlacements"":12,""scope"":""직육면체 기하·관측 규격 공통 검사"",""reason"":""확정 배치와 최종 적재 상태 검사""},""height"":{""status"":""PASS"",""violations"":0,""checkedPlacements"":12,""scope"":""직육면체 기하·관측 규격 공통 검사"",""reason"":""확정 배치와 최종 적재 상태 검사""},""orientation"":{""status"":""PASS"",""violations"":0,""checkedPlacements"":12,""scope"":""직육면체 기하·관측 규격 공통 검사"",""reason"":""확정 배치와 최종 적재 상태 검사""},""load"":{""status"":""PASS"",""violations"":0,""checkedPlacements"":12,""scope"":""입력된 허용 상부하중 · 누적 정적 반력"",""reason"":""입력값 범위의 정적 검사. 실측 재료 인증 아님""},""support"":{""status"":""PASS"",""violations"":0,""checkedPlacements"":12,""scope"":""접촉·합력 작용점·정적 평형"",""reason"":""설정된 지지율·전도 여유 검사. 동적 붕괴·굽힘 파손 미검증""},""payload"":{""status"":""PASS"",""violations"":0,""checkedPlacements"":12,""scope"":""입력 가반하중 · 박스+그리퍼 질량"",""reason"":""사용자가 설정한 가반하중 한계 검사""},""robotCollision"":{""status"":""NOT VERIFIED"",""violations"":0,""checkedPlacements"":12,""scope"":""TCP·그리퍼 스윕 근사만 수행"",""reason"":""전체 로봇 링크 충돌 미검증""},""approach"":{""status"":""NOT VERIFIED"",""violations"":0,""checkedPlacements"":12,""scope"":""TCP·그리퍼 스윕 근사만 수행"",""reason"":""실제 관절 한계·역기구학·접근 자세 미검증""},""sequence"":{""status"":""NOT VERIFIED"",""violations"":0,""checkedPlacements"":12,""scope"":""TCP·그리퍼 스윕 근사만 수행"",""reason"":""실제 파지·관절 궤적·전 과정 실행 미검증""}}","16.071428571428573","100","12","0","0","940000000","400","","","","150","100.77822185373186","100","100","20.55555555555556","95","0.625","0","0","","5.832050000000057","15.297700000000077","12.221605000000018","14.68248100000007","69.98460000000068","100","100.37583405928804","49.64429213853723","430.38247606972277","284","3.396400000000085","","","","","","100","0","0","","","100","","","","","","",""
"greedy","online","identical","100","0","a39988e4","complete","","explicit","proxy","{}","{""bounds"":12,""support"":157}","adapter-1.0 / planners-f6ec11d4259a","2.0.0","null","{""collision"":{""status"":""PASS"",""violations"":0,""checkedPlacements"":12,""scope"":""직육면체 기하·관측 규격 공통 검사"",""reason"":""확정 배치와 최종 적재 상태 검사""},""bounds"":{""status"":""PASS"",""violations"":0,""checkedPlacements"":12,""scope"":""직육면체 기하·관측 규격 공통 검사"",""reason"":""확정 배치와 최종 적재 상태 검사""},""height"":{""status"":""PASS"",""violations"":0,""checkedPlacements"":12,""scope"":""직육면체 기하·관측 규격 공통 검사"",""reason"":""확정 배치와 최종 적재 상태 검사""},""orientation"":{""status"":""PASS"",""violations"":0,""checkedPlacements"":12,""scope"":""직육면체 기하·관측 규격 공통 검사"",""reason"":""확정 배치와 최종 적재 상태 검사""},""load"":{""status"":""PASS"",""violations"":0,""checkedPlacements"":12,""scope"":""입력된 허용 상부하중 · 누적 정적 반력"",""reason"":""입력값 범위의 정적 검사. 실측 재료 인증 아님""},""support"":{""status"":""PASS"",""violations"":0,""checkedPlacements"":12,""scope"":""접촉·합력 작용점·정적 평형"",""reason"":""설정된 지지율·전도 여유 검사. 동적 붕괴·굽힘 파손 미검증""},""payload"":{""status"":""PASS"",""violations"":0,""checkedPlacements"":12,""scope"":""입력 가반하중 · 박스+그리퍼 질량"",""reason"":""사용자가 설정한 가반하중 한계 검사""},""robotCollision"":{""status"":""NOT VERIFIED"",""violations"":0,""checkedPlacements"":12,""scope"":""TCP·그리퍼 스윕 근사만 수행"",""reason"":""전체 로봇 링크 충돌 미검증""},""approach"":{""status"":""NOT VERIFIED"",""violations"":0,""checkedPlacements"":12,""scope"":""TCP·그리퍼 스윕 근사만 수행"",""reason"":""실제 관절 한계·역기구학·접근 자세 미검증""},""sequence"":{""status"":""NOT VERIFIED"",""violations"":0,""checkedPlacements"":12,""scope"":""TCP·그리퍼 스윕 근사만 수행"",""reason"":""실제 파지·관절 궤적·전 과정 실행 미검증""}}","16.071428571428573","100","12","0","0","940000000","400","","","","150","50.34602488997738","100","100","12.361111111111118","89.7435897435898","0.6250000000000001","0","0","","28.05419166666665","49.2485999999999","44.09498999999998","48.21787799999992","336.6502999999998","100","107.03781804388689","51.37458172852648","403.5956710392531","538","5.5340000000001055","","","","","","100","0","0","","","100","","","","","","",""
"future-hybrid","online","identical","100","0","a39988e4","complete","","explicit","proxy","{}","{""bounds"":12,""support"":190}","adapter-1.0 / planners-f6ec11d4259a","2.0.0","null","{""collision"":{""status"":""PASS"",""violations"":0,""checkedPlacements"":12,""scope"":""직육면체 기하·관측 규격 공통 검사"",""reason"":""확정 배치와 최종 적재 상태 검사""},""bounds"":{""status"":""PASS"",""violations"":0,""checkedPlacements"":12,""scope"":""직육면체 기하·관측 규격 공통 검사"",""reason"":""확정 배치와 최종 적재 상태 검사""},""height"":{""status"":""PASS"",""violations"":0,""checkedPlacements"":12,""scope"":""직육면체 기하·관측 규격 공통 검사"",""reason"":""확정 배치와 최종 적재 상태 검사""},""orientation"":{""status"":""PASS"",""violations"":0,""checkedPlacements"":12,""scope"":""직육면체 기하·관측 규격 공통 검사"",""reason"":""확정 배치와 최종 적재 상태 검사""},""load"":{""status"":""PASS"",""violations"":0,""checkedPlacements"":12,""scope"":""입력된 허용 상부하중 · 누적 정적 반력"",""reason"":""입력값 범위의 정적 검사. 실측 재료 인증 아님""},""support"":{""status"":""PASS"",""violations"":0,""checkedPlacements"":12,""scope"":""접촉·합력 작용점·정적 평형"",""reason"":""설정된 지지율·전도 여유 검사. 동적 붕괴·굽힘 파손 미검증""},""payload"":{""status"":""PASS"",""violations"":0,""checkedPlacements"":12,""scope"":""입력 가반하중 · 박스+그리퍼 질량"",""reason"":""사용자가 설정한 가반하중 한계 검사""},""robotCollision"":{""status"":""NOT VERIFIED"",""violations"":0,""checkedPlacements"":12,""scope"":""TCP·그리퍼 스윕 근사만 수행"",""reason"":""전체 로봇 링크 충돌 미검증""},""approach"":{""status"":""NOT VERIFIED"",""violations"":0,""checkedPlacements"":12,""scope"":""TCP·그리퍼 스윕 근사만 수행"",""reason"":""실제 관절 한계·역기구학·접근 자세 미검증""},""sequence"":{""status"":""NOT VERIFIED"",""violations"":0,""checkedPlacements"":12,""scope"":""TCP·그리퍼 스윕 근사만 수행"",""reason"":""실제 파지·관절 궤적·전 과정 실행 미검증""}}","16.071428571428573","100","12","0","0","940000000","400","","","","150","0","100","100","1.3888888888888868","95","0.625","0","0","","78.11567499999997","158.80679999999984","141.8121849999998","155.40787699999984","937.3880999999997","100","108.20092680945035","50.83060242614273","399.25720854571165","538","3.3294999999998254","","","","","","100","0","0","","","100","","","","","","",""
"hrpal-inferred","online","random","100","0","bc43754f","partial","세로 박스 돌출 높이 초과 · 206 / 89 mm · 이웃 Small-02 / 세로 박스 주변 높이 부족 · 가까운 눕힌 적재를 먼저 쌓아야 함 / 세로 박스 돌출 높이 초과 · 333 / 89 mm · 이웃 Small-02 / SUPPORT: 지지 조건 미달 0.0% / 필요 95.0% · CoG 지지 검사 / SUPPORT: 지지 조건 미달 61.4% / 필요 95.0% · CoG 지지 검사 / SUPPORT: 지지 조건 미달 43.6% / 필요 95.0% · CoG 지지 검사 / SUPPORT: 지지 조건 미달 72.6% / 필요 95.0% · CoG 지지 검사 / 누적 무게중심 정적 평형 불가 · Tall-01 / SUPPORT: 지지 조건 미달 3.9% / 필요 95.0% · CoG 지지 검사 / 무게 규칙 위반 · Small-02 (3 kg) / SUPPORT: 지지 조건 미달 82.1% / 필요 95.0% · CoG 지지 검사 / SUPPORT: 지지 조건 미달 65.9% / 필요 95.0% · CoG 지지 검사","explicit","proxy","{}","{""support"":76,""load"":9,""protocol"":48}","conventional-pattern/2","2.0.0","null","{""collision"":{""status"":""PASS"",""violations"":0,""checkedPlacements"":3,""scope"":""직육면체 기하·관측 규격 공통 검사"",""reason"":""확정 배치와 최종 적재 상태 검사""},""bounds"":{""status"":""PASS"",""violations"":0,""checkedPlacements"":3,""scope"":""직육면체 기하·관측 규격 공통 검사"",""reason"":""확정 배치와 최종 적재 상태 검사""},""height"":{""status"":""PASS"",""violations"":0,""checkedPlacements"":3,""scope"":""직육면체 기하·관측 규격 공통 검사"",""reason"":""확정 배치와 최종 적재 상태 검사""},""orientation"":{""status"":""PASS"",""violations"":0,""checkedPlacements"":3,""scope"":""직육면체 기하·관측 규격 공통 검사"",""reason"":""확정 배치와 최종 적재 상태 검사""},""load"":{""status"":""PASS"",""violations"":0,""checkedPlacements"":3,""scope"":""입력된 허용 상부하중 · 누적 정적 반력"",""reason"":""입력값 범위의 정적 검사. 실측 재료 인증 아님""},""support"":{""status"":""PASS"",""violations"":0,""checkedPlacements"":3,""scope"":""접촉·합력 작용점·정적 평형"",""reason"":""설정된 지지율·전도 여유 검사. 동적 붕괴·굽힘 파손 미검증""},""payload"":{""status"":""PASS"",""violations"":0,""checkedPlacements"":3,""scope"":""입력 가반하중 · 박스+그리퍼 질량"",""reason"":""사용자가 설정한 가반하중 한계 검사""},""robotCollision"":{""status"":""NOT VERIFIED"",""violations"":0,""checkedPlacements"":3,""scope"":""TCP·그리퍼 스윕 근사만 수행"",""reason"":""전체 로봇 링크 충돌 미검증""},""approach"":{""status"":""NOT VERIFIED"",""violations"":0,""checkedPlacements"":3,""scope"":""TCP·그리퍼 스윕 근사만 수행"",""reason"":""실제 관절 한계·역기구학·접근 자세 미검증""},""sequence"":{""status"":""NOT VERIFIED"",""violations"":0,""checkedPlacements"":3,""scope"":""TCP·그리퍼 스윕 근사만 수행"",""reason"":""실제 파지·관절 궤적·전 과정 실행 미검증""}}","3.4947325892857144","16.666666666666668","3","15","0.278389213","1080858995","217","","","","86.79411764705883","201.320575323147","100","100","47.05882352941176","57.2","1.125984251968504","0","0","","7.289474999999925","12.833000000000538","12.478205000000479","12.762041000000526","29.1578999999997","75","24.478390565045697","10.710953867279702","441.2054775946761","127","0.6555000000007567","3.4947325892857144","0","16.666666666666668","","","100","0","0","","","0","","","","","","",""
"greedy","online","random","100","0","bc43754f","partial","무게 규칙 위반 / SUPPORT: 지지 조건 미달 72.0% / 필요 95.0% / SUPPORT: 지지 조건 미달 70.3% / 필요 95.0% / SUPPORT: 지지 조건 미달 74.3% / 필요 95.0% / SUPPORT: 지지 조건 미달 83.5% / 필요 95.0% / SUPPORT: 지지 조건 미달 89.1% / 필요 95.0% / SUPPORT: 지지 조건 미달 56.1% / 필요 95.0% / SUPPORT: 지지 조건 미달 48.1% / 필요 95.0% / SUPPORT: 지지 조건 미달 78.6% / 필요 95.0% / SUPPORT: 지지 조건 미달 75.0% / 필요 95.0% / SUPPORT: 지지 조건 미달 81.2% / 필요 95.0% / SUPPORT: 지지 조건 미달 89.0% / 필요 95.0% / SUPPORT: 지지 조건 미달 95.0% / 필요 95.0% / SUPPORT: 지지 조건 미달 61.3% / 필요 95.0% / SUPPORT: 지지 조건 미달 51.3% / 필요 95.0% / SUPPORT: 지지 조건 미달 84.3% / 필요 95.0% / SUPPORT: 지지 조건 미달 78.9% / 필요 95.0% / SUPPORT: 지지 조건 미달 87.1% / 필요 95.0% / SUPPORT: 지지 조건 미달 93.7% / 필요 95.0% / SUPPORT: 지지 조건 미달 65.7% / 필요 95.0% / SUPPORT: 지지 조건 미달 54.0% / 필요 95.0% / SUPPORT: 지지 조건 미달 77.0% / 필요 95.0% / SUPPORT: 지지 조건 미달 91.5% / 필요 95.0% / SUPPORT: 지지 조건 미달 52.7% / 필요 95.0% / SUPPORT: 지지 조건 미달 72.4% / 필요 95.0%","explicit","proxy","{}","{""support"":182,""load"":148,""robot-path"":12}","adapter-1.0 / planners-f6ec11d4259a","2.0.0","null","{""collision"":{""status"":""PASS"",""violations"":0,""checkedPlacements"":10,""scope"":""직육면체 기하·관측 규격 공통 검사"",""reason"":""확정 배치와 최종 적재 상태 검사""},""bounds"":{""status"":""PASS"",""violations"":0,""checkedPlacements"":10,""scope"":""직육면체 기하·관측 규격 공통 검사"",""reason"":""확정 배치와 최종 적재 상태 검사""},""height"":{""status"":""PASS"",""violations"":0,""checkedPlacements"":10,""scope"":""직육면체 기하·관측 규격 공통 검사"",""reason"":""확정 배치와 최종 적재 상태 검사""},""orientation"":{""status"":""PASS"",""violations"":0,""checkedPlacements"":10,""scope"":""직육면체 기하·관측 규격 공통 검사"",""reason"":""확정 배치와 최종 적재 상태 검사""},""load"":{""status"":""PASS"",""violations"":0,""checkedPlacements"":10,""scope"":""입력된 허용 상부하중 · 누적 정적 반력"",""reason"":""입력값 범위의 정적 검사. 실측 재료 인증 아님""},""support"":{""status"":""PASS"",""violations"":0,""checkedPlacements"":10,""scope"":""접촉·합력 작용점·정적 평형"",""reason"":""설정된 지지율·전도 여유 검사. 동적 붕괴·굽힘 파손 미검증""},""payload"":{""status"":""PASS"",""violations"":0,""checkedPlacements"":10,""scope"":""입력 가반하중 · 박스+그리퍼 질량"",""reason"":""사용자가 설정한 가반하중 한계 검사""},""robotCollision"":{""status"":""NOT VERIFIED"",""violations"":0,""checkedPlacements"":10,""scope"":""TCP·그리퍼 스윕 근사만 수행"",""reason"":""전체 로봇 링크 충돌 미검증""},""approach"":{""status"":""NOT VERIFIED"",""violations"":0,""checkedPlacements"":10,""scope"":""TCP·그리퍼 스윕 근사만 수행"",""reason"":""실제 관절 한계·역기구학·접근 자세 미검증""},""sequence"":{""status"":""NOT VERIFIED"",""violations"":0,""checkedPlacements"":10,""scope"":""TCP·그리퍼 스윕 근사만 수행"",""reason"":""실제 파지·관절 궤적·전 과정 실행 미검증""}}","13.808278035714286","55.55555555555556","10","8","0.162877504","965347286","651","","","","183.17741935483872","75.58884777126939","100","100","23.69945309107168","57.2","0.41321044546851","0","0","","179.83270000000002","349.53980000000047","297.5721000000003","339.1462600000005","1978.1597000000002","90.9090909090909","101.34928887985002","47.0270377719025","355.2072283672177","490","2.4101000000000568","13.808278035714286","0","55.55555555555556","","","100","0","0","","","0","","","","","","",""
"future-hybrid","online","random","100","0","bc43754f","partial","무게 규칙 위반 / 누적 무게중심 정적 평형 불가 / SUPPORT: 지지 조건 미달 11.8% / 필요 95.0% / SUPPORT: 지지 조건 미달 35.5% / 필요 95.0% / SUPPORT: 지지 조건 미달 11.4% / 필요 95.0% / SUPPORT: 지지 조건 미달 31.3% / 필요 95.0% / SUPPORT: 지지 조건 미달 28.0% / 필요 95.0% / SUPPORT: 지지 조건 미달 21.4% / 필요 95.0% / SUPPORT: 지지 조건 미달 43.8% / 필요 95.0% / SUPPORT: 지지 조건 미달 20.7% / 필요 95.0% / SUPPORT: 지지 조건 미달 38.6% / 필요 95.0% / SUPPORT: 지지 조건 미달 34.5% / 필요 95.0% / SUPPORT: 지지 조건 미달 37.5% / 필요 95.0% / SUPPORT: 지지 조건 미달 36.3% / 필요 95.0% / SUPPORT: 지지 조건 미달 61.3% / 필요 95.0% / SUPPORT: 지지 조건 미달 77.9% / 필요 95.0% / SUPPORT: 지지 조건 미달 59.4% / 필요 95.0% / SUPPORT: 지지 조건 미달 68.7% / 필요 95.0% / SUPPORT: 지지 조건 미달 61.5% / 필요 95.0% / SUPPORT: 지지 조건 미달 85.6% / 필요 95.0% / SUPPORT: 지지 조건 미달 75.4% / 필요 95.0% / SUPPORT: 지지 조건 미달 67.6% / 필요 95.0% / SUPPORT: 지지 조건 미달 74.2% / 필요 95.0% / SUPPORT: 지지 조건 미달 89.0% / 필요 95.0% / SUPPORT: 지지 조건 미달 71.8% / 필요 95.0% / SUPPORT: 지지 조건 미달 78.4% / 필요 95.0% / SUPPORT: 지지 조건 미달 70.2% / 필요 95.0% / SUPPORT: 지지 조건 미달 87.1% / 필요 95.0% / SUPPORT: 지지 조건 미달 84.3% / 필요 95.0% / SUPPORT: 지지 조건 미달 88.1% / 필요 95.0% / SUPPORT: 지지 조건 미달 78.9% / 필요 95.0% / SUPPORT: 지지 조건 미달 86.1% / 필요 95.0% / SUPPORT: 지지 조건 미달 77.1% / 필요 95.0% / SUPPORT: 지지 조건 미달 89.4% / 필요 95.0%","explicit","proxy","{}","{""support"":205,""load"":135,""robot-path"":15}","adapter-1.0 / planners-f6ec11d4259a","2.0.0","null","{""collision"":{""status"":""PASS"",""violations"":0,""checkedPlacements"":10,""scope"":""직육면체 기하·관측 규격 공통 검사"",""reason"":""확정 배치와 최종 적재 상태 검사""},""bounds"":{""status"":""PASS"",""violations"":0,""checkedPlacements"":10,""scope"":""직육면체 기하·관측 규격 공통 검사"",""reason"":""확정 배치와 최종 적재 상태 검사""},""height"":{""status"":""PASS"",""violations"":0,""checkedPlacements"":10,""scope"":""직육면체 기하·관측 규격 공통 검사"",""reason"":""확정 배치와 최종 적재 상태 검사""},""orientation"":{""status"":""PASS"",""violations"":0,""checkedPlacements"":10,""scope"":""직육면체 기하·관측 규격 공통 검사"",""reason"":""확정 배치와 최종 적재 상태 검사""},""load"":{""status"":""PASS"",""violations"":0,""checkedPlacements"":10,""scope"":""입력된 허용 상부하중 · 누적 정적 반력"",""reason"":""입력값 범위의 정적 검사. 실측 재료 인증 아님""},""support"":{""status"":""PASS"",""violations"":0,""checkedPlacements"":10,""scope"":""접촉·합력 작용점·정적 평형"",""reason"":""설정된 지지율·전도 여유 검사. 동적 붕괴·굽힘 파손 미검증""},""payload"":{""status"":""PASS"",""violations"":0,""checkedPlacements"":10,""scope"":""입력 가반하중 · 박스+그리퍼 질량"",""reason"":""사용자가 설정한 가반하중 한계 검사""},""robotCollision"":{""status"":""NOT VERIFIED"",""violations"":0,""checkedPlacements"":10,""scope"":""TCP·그리퍼 스윕 근사만 수행"",""reason"":""전체 로봇 링크 충돌 미검증""},""approach"":{""status"":""NOT VERIFIED"",""violations"":0,""checkedPlacements"":10,""scope"":""TCP·그리퍼 스윕 근사만 수행"",""reason"":""실제 관절 한계·역기구학·접근 자세 미검증""},""sequence"":{""status"":""NOT VERIFIED"",""violations"":0,""checkedPlacements"":10,""scope"":""TCP·그리퍼 스윕 근사만 수행"",""reason"":""실제 파지·관절 궤적·전 과정 실행 미검증""}}","13.808278035714286","55.55555555555556","10","8","0.162877504","965347286","651","","","","188.16129032258064","107.69793021565796","100","100","31.724948043733626","52.45","0.41321044546851","0","0","","195.1574545454546","500.3233","427.3713499999999","485.73291000000006","2146.732000000001","90.9090909090909","98.45762946091922","46.4474591495975","365.63951617674763","490","2.3826000000008207","13.808278035714286","0","55.55555555555556","","","100","0","0","","","0","","","","","","",""
"greedy","online","identical","101","1","0ddf175d","complete","","explicit","proxy","{}","{""bounds"":12,""support"":157}","adapter-1.0 / planners-f6ec11d4259a","2.0.0","null","{""collision"":{""status"":""PASS"",""violations"":0,""checkedPlacements"":12,""scope"":""직육면체 기하·관측 규격 공통 검사"",""reason"":""확정 배치와 최종 적재 상태 검사""},""bounds"":{""status"":""PASS"",""violations"":0,""checkedPlacements"":12,""scope"":""직육면체 기하·관측 규격 공통 검사"",""reason"":""확정 배치와 최종 적재 상태 검사""},""height"":{""status"":""PASS"",""violations"":0,""checkedPlacements"":12,""scope"":""직육면체 기하·관측 규격 공통 검사"",""reason"":""확정 배치와 최종 적재 상태 검사""},""orientation"":{""status"":""PASS"",""violations"":0,""checkedPlacements"":12,""scope"":""직육면체 기하·관측 규격 공통 검사"",""reason"":""확정 배치와 최종 적재 상태 검사""},""load"":{""status"":""PASS"",""violations"":0,""checkedPlacements"":12,""scope"":""입력된 허용 상부하중 · 누적 정적 반력"",""reason"":""입력값 범위의 정적 검사. 실측 재료 인증 아님""},""support"":{""status"":""PASS"",""violations"":0,""checkedPlacements"":12,""scope"":""접촉·합력 작용점·정적 평형"",""reason"":""설정된 지지율·전도 여유 검사. 동적 붕괴·굽힘 파손 미검증""},""payload"":{""status"":""PASS"",""violations"":0,""checkedPlacements"":12,""scope"":""입력 가반하중 · 박스+그리퍼 질량"",""reason"":""사용자가 설정한 가반하중 한계 검사""},""robotCollision"":{""status"":""NOT VERIFIED"",""violations"":0,""checkedPlacements"":12,""scope"":""TCP·그리퍼 스윕 근사만 수행"",""reason"":""전체 로봇 링크 충돌 미검증""},""approach"":{""status"":""NOT VERIFIED"",""violations"":0,""checkedPlacements"":12,""scope"":""TCP·그리퍼 스윕 근사만 수행"",""reason"":""실제 관절 한계·역기구학·접근 자세 미검증""},""sequence"":{""status"":""NOT VERIFIED"",""violations"":0,""checkedPlacements"":12,""scope"":""TCP·그리퍼 스윕 근사만 수행"",""reason"":""실제 파지·관절 궤적·전 과정 실행 미검증""}}","16.071428571428573","100","12","0","0","940000000","400","","","","150","50.34602488997738","100","100","12.361111111111118","89.7435897435898","0.6250000000000001","0","0","","19.86942500000032","44.27089999999953","36.62953000000006","42.742625999999646","238.43310000000383","100","107.03781804388689","51.37458172852648","403.5956710392531","538","3.3122999999995955","","","","","","100","0","0","","","100","","","","","","",""
"future-hybrid","online","identical","101","1","0ddf175d","complete","","explicit","proxy","{}","{""bounds"":12,""support"":190}","adapter-1.0 / planners-f6ec11d4259a","2.0.0","null","{""collision"":{""status"":""PASS"",""violations"":0,""checkedPlacements"":12,""scope"":""직육면체 기하·관측 규격 공통 검사"",""reason"":""확정 배치와 최종 적재 상태 검사""},""bounds"":{""status"":""PASS"",""violations"":0,""checkedPlacements"":12,""scope"":""직육면체 기하·관측 규격 공통 검사"",""reason"":""확정 배치와 최종 적재 상태 검사""},""height"":{""status"":""PASS"",""violations"":0,""checkedPlacements"":12,""scope"":""직육면체 기하·관측 규격 공통 검사"",""reason"":""확정 배치와 최종 적재 상태 검사""},""orientation"":{""status"":""PASS"",""violations"":0,""checkedPlacements"":12,""scope"":""직육면체 기하·관측 규격 공통 검사"",""reason"":""확정 배치와 최종 적재 상태 검사""},""load"":{""status"":""PASS"",""violations"":0,""checkedPlacements"":12,""scope"":""입력된 허용 상부하중 · 누적 정적 반력"",""reason"":""입력값 범위의 정적 검사. 실측 재료 인증 아님""},""support"":{""status"":""PASS"",""violations"":0,""checkedPlacements"":12,""scope"":""접촉·합력 작용점·정적 평형"",""reason"":""설정된 지지율·전도 여유 검사. 동적 붕괴·굽힘 파손 미검증""},""payload"":{""status"":""PASS"",""violations"":0,""checkedPlacements"":12,""scope"":""입력 가반하중 · 박스+그리퍼 질량"",""reason"":""사용자가 설정한 가반하중 한계 검사""},""robotCollision"":{""status"":""NOT VERIFIED"",""violations"":0,""checkedPlacements"":12,""scope"":""TCP·그리퍼 스윕 근사만 수행"",""reason"":""전체 로봇 링크 충돌 미검증""},""approach"":{""status"":""NOT VERIFIED"",""violations"":0,""checkedPlacements"":12,""scope"":""TCP·그리퍼 스윕 근사만 수행"",""reason"":""실제 관절 한계·역기구학·접근 자세 미검증""},""sequence"":{""status"":""NOT VERIFIED"",""violations"":0,""checkedPlacements"":12,""scope"":""TCP·그리퍼 스윕 근사만 수행"",""reason"":""실제 파지·관절 궤적·전 과정 실행 미검증""}}","16.071428571428573","100","12","0","0","940000000","400","","","","150","0","100","100","1.3888888888888868","95","0.625","0","0","","73.78744999999965","139.33779999999933","134.0694599999997","138.2841319999994","885.4493999999959","100","108.20092680945035","50.83060242614273","399.25720854571165","538","2.6172000000005937","","","","","","100","0","0","","","100","","","","","","",""
"hrpal-inferred","online","identical","101","1","0ddf175d","complete","","explicit","proxy","{}","{""support"":123}","conventional-pattern/2","2.0.0","null","{""collision"":{""status"":""PASS"",""violations"":0,""checkedPlacements"":12,""scope"":""직육면체 기하·관측 규격 공통 검사"",""reason"":""확정 배치와 최종 적재 상태 검사""},""bounds"":{""status"":""PASS"",""violations"":0,""checkedPlacements"":12,""scope"":""직육면체 기하·관측 규격 공통 검사"",""reason"":""확정 배치와 최종 적재 상태 검사""},""height"":{""status"":""PASS"",""violations"":0,""checkedPlacements"":12,""scope"":""직육면체 기하·관측 규격 공통 검사"",""reason"":""확정 배치와 최종 적재 상태 검사""},""orientation"":{""status"":""PASS"",""violations"":0,""checkedPlacements"":12,""scope"":""직육면체 기하·관측 규격 공통 검사"",""reason"":""확정 배치와 최종 적재 상태 검사""},""load"":{""status"":""PASS"",""violations"":0,""checkedPlacements"":12,""scope"":""입력된 허용 상부하중 · 누적 정적 반력"",""reason"":""입력값 범위의 정적 검사. 실측 재료 인증 아님""},""support"":{""status"":""PASS"",""violations"":0,""checkedPlacements"":12,""scope"":""접촉·합력 작용점·정적 평형"",""reason"":""설정된 지지율·전도 여유 검사. 동적 붕괴·굽힘 파손 미검증""},""payload"":{""status"":""PASS"",""violations"":0,""checkedPlacements"":12,""scope"":""입력 가반하중 · 박스+그리퍼 질량"",""reason"":""사용자가 설정한 가반하중 한계 검사""},""robotCollision"":{""status"":""NOT VERIFIED"",""violations"":0,""checkedPlacements"":12,""scope"":""TCP·그리퍼 스윕 근사만 수행"",""reason"":""전체 로봇 링크 충돌 미검증""},""approach"":{""status"":""NOT VERIFIED"",""violations"":0,""checkedPlacements"":12,""scope"":""TCP·그리퍼 스윕 근사만 수행"",""reason"":""실제 관절 한계·역기구학·접근 자세 미검증""},""sequence"":{""status"":""NOT VERIFIED"",""violations"":0,""checkedPlacements"":12,""scope"":""TCP·그리퍼 스윕 근사만 수행"",""reason"":""실제 파지·관절 궤적·전 과정 실행 미검증""}}","16.071428571428573","100","12","0","0","940000000","400","","","","150","100.77822185373186","100","100","20.55555555555556","95","0.625","0","0","","4.645250000000185","11.10280000000057","10.243205000000124","10.930881000000483","55.74300000000221","100","100.37583405928804","49.64429213853723","430.38247606972277","284","3.1296999999995023","","","","","","100","0","0","","","100","","","","","","",""
"greedy","online","random","101","1","a6d486a2","partial","무게 규칙 위반 / SUPPORT: 지지 조건 미달 62.5% / 필요 95.0% / SUPPORT: 지지 조건 미달 58.3% / 필요 95.0% / SUPPORT: 지지 조건 미달 71.0% / 필요 95.0% / SUPPORT: 지지 조건 미달 66.2% / 필요 95.0% / SUPPORT: 지지 조건 미달 90.9% / 필요 95.0% / SUPPORT: 지지 조건 미달 84.8% / 필요 95.0% / SUPPORT: 지지 조건 미달 90.2% / 필요 95.0% / SUPPORT: 지지 조건 미달 93.2% / 필요 95.0% / SUPPORT: 지지 조건 미달 91.9% / 필요 95.0% / SUPPORT: 지지 조건 미달 74.3% / 필요 95.0% / SUPPORT: 지지 조건 미달 69.3% / 필요 95.0% / SUPPORT: 지지 조건 미달 70.7% / 필요 95.0% / 누적 무게중심 정적 평형 불가 / SUPPORT: 지지 조건 미달 3.0% / 필요 95.0% / SUPPORT: 지지 조건 미달 18.1% / 필요 95.0% / SUPPORT: 지지 조건 미달 23.5% / 필요 95.0% / SUPPORT: 지지 조건 미달 24.2% / 필요 95.0% / SUPPORT: 지지 조건 미달 34.7% / 필요 95.0% / SUPPORT: 지지 조건 미달 44.9% / 필요 95.0% / SUPPORT: 지지 조건 미달 46.2% / 필요 95.0% / SUPPORT: 지지 조건 미달 3.9% / 필요 95.0% / SUPPORT: 지지 조건 미달 23.7% / 필요 95.0% / SUPPORT: 지지 조건 미달 30.6% / 필요 95.0% / SUPPORT: 지지 조건 미달 31.5% / 필요 95.0%","explicit","proxy","{}","{""bounds"":6,""load"":118,""support"":207,""robot-path"":31}","adapter-1.0 / planners-f6ec11d4259a","2.0.0","null","{""collision"":{""status"":""PASS"",""violations"":0,""checkedPlacements"":11,""scope"":""직육면체 기하·관측 규격 공통 검사"",""reason"":""확정 배치와 최종 적재 상태 검사""},""bounds"":{""status"":""PASS"",""violations"":0,""checkedPlacements"":11,""scope"":""직육면체 기하·관측 규격 공통 검사"",""reason"":""확정 배치와 최종 적재 상태 검사""},""height"":{""status"":""PASS"",""violations"":0,""checkedPlacements"":11,""scope"":""직육면체 기하·관측 규격 공통 검사"",""reason"":""확정 배치와 최종 적재 상태 검사""},""orientation"":{""status"":""PASS"",""violations"":0,""checkedPlacements"":11,""scope"":""직육면체 기하·관측 규격 공통 검사"",""reason"":""확정 배치와 최종 적재 상태 검사""},""load"":{""status"":""PASS"",""violations"":0,""checkedPlacements"":11,""scope"":""입력된 허용 상부하중 · 누적 정적 반력"",""reason"":""입력값 범위의 정적 검사. 실측 재료 인증 아님""},""support"":{""status"":""PASS"",""violations"":0,""checkedPlacements"":11,""scope"":""접촉·합력 작용점·정적 평형"",""reason"":""설정된 지지율·전도 여유 검사. 동적 붕괴·굽힘 파손 미검증""},""payload"":{""status"":""PASS"",""violations"":0,""checkedPlacements"":11,""scope"":""입력 가반하중 · 박스+그리퍼 질량"",""reason"":""사용자가 설정한 가반하중 한계 검사""},""robotCollision"":{""status"":""NOT VERIFIED"",""violations"":0,""checkedPlacements"":11,""scope"":""TCP·그리퍼 스윕 근사만 수행"",""reason"":""전체 로봇 링크 충돌 미검증""},""approach"":{""status"":""NOT VERIFIED"",""violations"":0,""checkedPlacements"":11,""scope"":""TCP·그리퍼 스윕 근사만 수행"",""reason"":""실제 관절 한계·역기구학·접근 자세 미검증""},""sequence"":{""status"":""NOT VERIFIED"",""violations"":0,""checkedPlacements"":11,""scope"":""TCP·그리퍼 스윕 근사만 수행"",""reason"":""실제 파지·관절 궤적·전 과정 실행 미검증""}}","17.741940089285716","61.111111111111114","11","7","0.118820489","921290271","434","","","","167.6860465116279","27.29346269224239","100","100","6.015104564457114","57.2","0.5518207282913166","0","0","","115.76873333333317","259.0555999999997","231.0707200000003","253.45862399999984","1389.2247999999981","91.66666666666667","102.76233859213824","47.94552008488985","385.3551850077259","538","2.875800000001618","17.741940089285716","0","61.111111111111114","","","100","0","0","","","0","","","","","","",""
"future-hybrid","online","random","101","1","a6d486a2","partial","누적 무게중심 정적 평형 불가 / SUPPORT: 지지 조건 미달 36.0% / 필요 95.0% / 무게 규칙 위반 / SUPPORT: 지지 조건 미달 29.5% / 필요 95.0% / SUPPORT: 지지 조건 미달 36.1% / 필요 95.0% / SUPPORT: 지지 조건 미달 29.6% / 필요 95.0% / SUPPORT: 지지 조건 미달 29.7% / 필요 95.0% / SUPPORT: 지지 조건 미달 4.7% / 필요 95.0% / SUPPORT: 지지 조건 미달 4.8% / 필요 95.0% / SUPPORT: 지지 조건 미달 1.7% / 필요 95.0% / SUPPORT: 지지 조건 미달 2.0% / 필요 95.0% / SUPPORT: 지지 조건 미달 2.6% / 필요 95.0% / SUPPORT: 지지 조건 미달 1.2% / 필요 95.0% / SUPPORT: 지지 조건 미달 1.4% / 필요 95.0% / SUPPORT: 지지 조건 미달 9.1% / 필요 95.0% / SUPPORT: 지지 조건 미달 11.4% / 필요 95.0% / SUPPORT: 지지 조건 미달 15.5% / 필요 95.0% / SUPPORT: 지지 조건 미달 9.4% / 필요 95.0% / SUPPORT: 지지 조건 미달 11.7% / 필요 95.0% / SUPPORT: 지지 조건 미달 16.0% / 필요 95.0% / SUPPORT: 지지 조건 미달 15.7% / 필요 95.0% / SUPPORT: 지지 조건 미달 19.5% / 필요 95.0% / SUPPORT: 지지 조건 미달 26.5% / 필요 95.0% / SUPPORT: 지지 조건 미달 19.9% / 필요 95.0% / SUPPORT: 지지 조건 미달 27.1% / 필요 95.0% / SUPPORT: 지지 조건 미달 21.3% / 필요 95.0% / SUPPORT: 지지 조건 미달 31.7% / 필요 95.0% / SUPPORT: 지지 조건 미달 37.7% / 필요 95.0% / SUPPORT: 지지 조건 미달 49.5% / 필요 95.0% / SUPPORT: 지지 조건 미달 51.9% / 필요 95.0% / SUPPORT: 지지 조건 미달 28.8% / 필요 95.0% / SUPPORT: 지지 조건 미달 32.0% / 필요 95.0% / SUPPORT: 지지 조건 미달 28.2% / 필요 95.0% / SUPPORT: 지지 조건 미달 21.5% / 필요 95.0%","explicit","proxy","{}","{""bounds"":21,""support"":105,""load"":60,""robot-path"":18}","adapter-1.0 / planners-f6ec11d4259a","2.0.0","null","{""collision"":{""status"":""PASS"",""violations"":0,""checkedPlacements"":9,""scope"":""직육면체 기하·관측 규격 공통 검사"",""reason"":""확정 배치와 최종 적재 상태 검사""},""bounds"":{""status"":""PASS"",""violations"":0,""checkedPlacements"":9,""scope"":""직육면체 기하·관측 규격 공통 검사"",""reason"":""확정 배치와 최종 적재 상태 검사""},""height"":{""status"":""PASS"",""violations"":0,""checkedPlacements"":9,""scope"":""직육면체 기하·관측 규격 공통 검사"",""reason"":""확정 배치와 최종 적재 상태 검사""},""orientation"":{""status"":""PASS"",""violations"":0,""checkedPlacements"":9,""scope"":""직육면체 기하·관측 규격 공통 검사"",""reason"":""확정 배치와 최종 적재 상태 검사""},""load"":{""status"":""PASS"",""violations"":0,""checkedPlacements"":9,""scope"":""입력된 허용 상부하중 · 누적 정적 반력"",""reason"":""입력값 범위의 정적 검사. 실측 재료 인증 아님""},""support"":{""status"":""PASS"",""violations"":0,""checkedPlacements"":9,""scope"":""접촉·합력 작용점·정적 평형"",""reason"":""설정된 지지율·전도 여유 검사. 동적 붕괴·굽힘 파손 미검증""},""payload"":{""status"":""PASS"",""violations"":0,""checkedPlacements"":9,""scope"":""입력 가반하중 · 박스+그리퍼 질량"",""reason"":""사용자가 설정한 가반하중 한계 검사""},""robotCollision"":{""status"":""NOT VERIFIED"",""violations"":0,""checkedPlacements"":9,""scope"":""TCP·그리퍼 스윕 근사만 수행"",""reason"":""전체 로봇 링크 충돌 미검증""},""approach"":{""status"":""NOT VERIFIED"",""violations"":0,""checkedPlacements"":9,""scope"":""TCP·그리퍼 스윕 근사만 수행"",""reason"":""실제 관절 한계·역기구학·접근 자세 미검증""},""sequence"":{""status"":""NOT VERIFIED"",""violations"":0,""checkedPlacements"":9,""scope"":""TCP·그리퍼 스윕 근사만 수행"",""reason"":""실제 파지·관절 궤적·전 과정 실행 미검증""}}","14.163470982142856","50","9","9","0.158899343","961369125","434","","","","153.83802816901408","83.3589276638419","99.95331465919702","99.57983193277312","23.334839950147582","57.2","0.619815668202765","0","0","","253.4945099999999","531.4300000000003","511.98509500000023","527.5410190000003","2534.945099999999","90","87.75853186262401","42.7430457107056","369.1948727072886","442","1.6453000000001339","14.163470982142856","0","50","","","100","0","0","","","0","","","","","","",""
"hrpal-inferred","online","random","101","1","a6d486a2","partial","세로 박스 주변 높이 부족 · 가까운 눕힌 적재를 먼저 쌓아야 함 / SUPPORT: 지지 조건 미달 0.0% / 필요 95.0% · CoG 지지 검사 / 누적 무게중심 정적 평형 불가 · Tall-02 / SUPPORT: 지지 조건 미달 2.6% / 필요 95.0% · CoG 지지 검사 / 무게 규칙 위반 · Small-02 (3 kg) / SUPPORT: 지지 조건 미달 49.2% / 필요 95.0% · CoG 지지 검사 / 무게 규칙 위반 · Small-05 (3 kg) / SUPPORT: 지지 조건 미달 59.4% / 필요 95.0% · CoG 지지 검사 / SUPPORT: 지지 조건 미달 5.1% / 필요 95.0% · CoG 지지 검사 / SUPPORT: 지지 조건 미달 53.1% / 필요 95.0% · CoG 지지 검사 / SUPPORT: 지지 조건 미달 72.1% / 필요 95.0% · CoG 지지 검사 / SUPPORT: 지지 조건 미달 38.1% / 필요 95.0% · CoG 지지 검사 / SUPPORT: 지지 조건 미달 3.9% / 필요 95.0% · CoG 지지 검사 / SUPPORT: 지지 조건 미달 11.7% / 필요 95.0% · CoG 지지 검사 / SUPPORT: 지지 조건 미달 47.2% / 필요 95.0% · CoG 지지 검사 / SUPPORT: 지지 조건 미달 26.3% / 필요 95.0% · CoG 지지 검사","explicit","proxy","{}","{""load"":13,""support"":159,""protocol"":48}","conventional-pattern/2","2.0.0","null","{""collision"":{""status"":""PASS"",""violations"":0,""checkedPlacements"":7,""scope"":""직육면체 기하·관측 규격 공통 검사"",""reason"":""확정 배치와 최종 적재 상태 검사""},""bounds"":{""status"":""PASS"",""violations"":0,""checkedPlacements"":7,""scope"":""직육면체 기하·관측 규격 공통 검사"",""reason"":""확정 배치와 최종 적재 상태 검사""},""height"":{""status"":""PASS"",""violations"":0,""checkedPlacements"":7,""scope"":""직육면체 기하·관측 규격 공통 검사"",""reason"":""확정 배치와 최종 적재 상태 검사""},""orientation"":{""status"":""PASS"",""violations"":0,""checkedPlacements"":7,""scope"":""직육면체 기하·관측 규격 공통 검사"",""reason"":""확정 배치와 최종 적재 상태 검사""},""load"":{""status"":""PASS"",""violations"":0,""checkedPlacements"":7,""scope"":""입력된 허용 상부하중 · 누적 정적 반력"",""reason"":""입력값 범위의 정적 검사. 실측 재료 인증 아님""},""support"":{""status"":""PASS"",""violations"":0,""checkedPlacements"":7,""scope"":""접촉·합력 작용점·정적 평형"",""reason"":""설정된 지지율·전도 여유 검사. 동적 붕괴·굽힘 파손 미검증""},""payload"":{""status"":""PASS"",""violations"":0,""checkedPlacements"":7,""scope"":""입력 가반하중 · 박스+그리퍼 질량"",""reason"":""사용자가 설정한 가반하중 한계 검사""},""robotCollision"":{""status"":""NOT VERIFIED"",""violations"":0,""checkedPlacements"":7,""scope"":""TCP·그리퍼 스윕 근사만 수행"",""reason"":""전체 로봇 링크 충돌 미검증""},""approach"":{""status"":""NOT VERIFIED"",""violations"":0,""checkedPlacements"":7,""scope"":""TCP·그리퍼 스윕 근사만 수행"",""reason"":""실제 관절 한계·역기구학·접근 자세 미검증""},""sequence"":{""status"":""NOT VERIFIED"",""violations"":0,""checkedPlacements"":7,""scope"":""TCP·그리퍼 스윕 근사만 수행"",""reason"":""실제 파지·관절 궤적·전 과정 실행 미검증""}}","11.515047053571429","38.888888888888886","7","11","0.188561691","991031473","613","","","","199.5","184.21599716395727","100","100","53.14575245633091","70.8","0.619815668202765","0","0","","6.448125000000118","12.44800000000032","12.119034999999894","12.382207000000236","51.585000000000946","87.5","67.46891882751169","32.1547972378826","373.50531826996223","213","1.6129000000000815","11.515047053571429","0","38.888888888888886","","","100","0","0","","","0","","","","","","",""
"future-hybrid","online","identical","102","2","f0db14ca","complete","","explicit","proxy","{}","{""bounds"":12,""support"":190}","adapter-1.0 / planners-f6ec11d4259a","2.0.0","null","{""collision"":{""status"":""PASS"",""violations"":0,""checkedPlacements"":12,""scope"":""직육면체 기하·관측 규격 공통 검사"",""reason"":""확정 배치와 최종 적재 상태 검사""},""bounds"":{""status"":""PASS"",""violations"":0,""checkedPlacements"":12,""scope"":""직육면체 기하·관측 규격 공통 검사"",""reason"":""확정 배치와 최종 적재 상태 검사""},""height"":{""status"":""PASS"",""violations"":0,""checkedPlacements"":12,""scope"":""직육면체 기하·관측 규격 공통 검사"",""reason"":""확정 배치와 최종 적재 상태 검사""},""orientation"":{""status"":""PASS"",""violations"":0,""checkedPlacements"":12,""scope"":""직육면체 기하·관측 규격 공통 검사"",""reason"":""확정 배치와 최종 적재 상태 검사""},""load"":{""status"":""PASS"",""violations"":0,""checkedPlacements"":12,""scope"":""입력된 허용 상부하중 · 누적 정적 반력"",""reason"":""입력값 범위의 정적 검사. 실측 재료 인증 아님""},""support"":{""status"":""PASS"",""violations"":0,""checkedPlacements"":12,""scope"":""접촉·합력 작용점·정적 평형"",""reason"":""설정된 지지율·전도 여유 검사. 동적 붕괴·굽힘 파손 미검증""},""payload"":{""status"":""PASS"",""violations"":0,""checkedPlacements"":12,""scope"":""입력 가반하중 · 박스+그리퍼 질량"",""reason"":""사용자가 설정한 가반하중 한계 검사""},""robotCollision"":{""status"":""NOT VERIFIED"",""violations"":0,""checkedPlacements"":12,""scope"":""TCP·그리퍼 스윕 근사만 수행"",""reason"":""전체 로봇 링크 충돌 미검증""},""approach"":{""status"":""NOT VERIFIED"",""violations"":0,""checkedPlacements"":12,""scope"":""TCP·그리퍼 스윕 근사만 수행"",""reason"":""실제 관절 한계·역기구학·접근 자세 미검증""},""sequence"":{""status"":""NOT VERIFIED"",""violations"":0,""checkedPlacements"":12,""scope"":""TCP·그리퍼 스윕 근사만 수행"",""reason"":""실제 파지·관절 궤적·전 과정 실행 미검증""}}","16.071428571428573","100","12","0","0","940000000","400","","","","150","0","100","100","1.3888888888888868","95","0.625","0","0","","101.22700000000002","158.64229999999952","154.81831499999961","157.87750299999954","1214.7240000000002","100","108.20092680945035","50.83060242614273","399.25720854571165","538","3.0773000000008324","","","","","","100","0","0","","","100","","","","","","",""
"hrpal-inferred","online","identical","102","2","f0db14ca","complete","","explicit","proxy","{}","{""support"":123}","conventional-pattern/2","2.0.0","null","{""collision"":{""status"":""PASS"",""violations"":0,""checkedPlacements"":12,""scope"":""직육면체 기하·관측 규격 공통 검사"",""reason"":""확정 배치와 최종 적재 상태 검사""},""bounds"":{""status"":""PASS"",""violations"":0,""checkedPlacements"":12,""scope"":""직육면체 기하·관측 규격 공통 검사"",""reason"":""확정 배치와 최종 적재 상태 검사""},""height"":{""status"":""PASS"",""violations"":0,""checkedPlacements"":12,""scope"":""직육면체 기하·관측 규격 공통 검사"",""reason"":""확정 배치와 최종 적재 상태 검사""},""orientation"":{""status"":""PASS"",""violations"":0,""checkedPlacements"":12,""scope"":""직육면체 기하·관측 규격 공통 검사"",""reason"":""확정 배치와 최종 적재 상태 검사""},""load"":{""status"":""PASS"",""violations"":0,""checkedPlacements"":12,""scope"":""입력된 허용 상부하중 · 누적 정적 반력"",""reason"":""입력값 범위의 정적 검사. 실측 재료 인증 아님""},""support"":{""status"":""PASS"",""violations"":0,""checkedPlacements"":12,""scope"":""접촉·합력 작용점·정적 평형"",""reason"":""설정된 지지율·전도 여유 검사. 동적 붕괴·굽힘 파손 미검증""},""payload"":{""status"":""PASS"",""violations"":0,""checkedPlacements"":12,""scope"":""입력 가반하중 · 박스+그리퍼 질량"",""reason"":""사용자가 설정한 가반하중 한계 검사""},""robotCollision"":{""status"":""NOT VERIFIED"",""violations"":0,""checkedPlacements"":12,""scope"":""TCP·그리퍼 스윕 근사만 수행"",""reason"":""전체 로봇 링크 충돌 미검증""},""approach"":{""status"":""NOT VERIFIED"",""violations"":0,""checkedPlacements"":12,""scope"":""TCP·그리퍼 스윕 근사만 수행"",""reason"":""실제 관절 한계·역기구학·접근 자세 미검증""},""sequence"":{""status"":""NOT VERIFIED"",""violations"":0,""checkedPlacements"":12,""scope"":""TCP·그리퍼 스윕 근사만 수행"",""reason"":""실제 파지·관절 궤적·전 과정 실행 미검증""}}","16.071428571428573","100","12","0","0","940000000","400","","","","150","100.77822185373186","100","100","20.55555555555556","95","0.625","0","0","","4.0852833333333365","9.455199999998513","8.450074999998831","9.254174999998577","49.02340000000004","100","100.37583405928804","49.64429213853723","430.38247606972277","284","1.8809000000001106","","","","","","100","0","0","","","100","","","","","","",""
"greedy","online","identical","102","2","f0db14ca","complete","","explicit","proxy","{}","{""bounds"":12,""support"":157}","adapter-1.0 / planners-f6ec11d4259a","2.0.0","null","{""collision"":{""status"":""PASS"",""violations"":0,""checkedPlacements"":12,""scope"":""직육면체 기하·관측 규격 공통 검사"",""reason"":""확정 배치와 최종 적재 상태 검사""},""bounds"":{""status"":""PASS"",""violations"":0,""checkedPlacements"":12,""scope"":""직육면체 기하·관측 규격 공통 검사"",""reason"":""확정 배치와 최종 적재 상태 검사""},""height"":{""status"":""PASS"",""violations"":0,""checkedPlacements"":12,""scope"":""직육면체 기하·관측 규격 공통 검사"",""reason"":""확정 배치와 최종 적재 상태 검사""},""orientation"":{""status"":""PASS"",""violations"":0,""checkedPlacements"":12,""scope"":""직육면체 기하·관측 규격 공통 검사"",""reason"":""확정 배치와 최종 적재 상태 검사""},""load"":{""status"":""PASS"",""violations"":0,""checkedPlacements"":12,""scope"":""입력된 허용 상부하중 · 누적 정적 반력"",""reason"":""입력값 범위의 정적 검사. 실측 재료 인증 아님""},""support"":{""status"":""PASS"",""violations"":0,""checkedPlacements"":12,""scope"":""접촉·합력 작용점·정적 평형"",""reason"":""설정된 지지율·전도 여유 검사. 동적 붕괴·굽힘 파손 미검증""},""payload"":{""status"":""PASS"",""violations"":0,""checkedPlacements"":12,""scope"":""입력 가반하중 · 박스+그리퍼 질량"",""reason"":""사용자가 설정한 가반하중 한계 검사""},""robotCollision"":{""status"":""NOT VERIFIED"",""violations"":0,""checkedPlacements"":12,""scope"":""TCP·그리퍼 스윕 근사만 수행"",""reason"":""전체 로봇 링크 충돌 미검증""},""approach"":{""status"":""NOT VERIFIED"",""violations"":0,""checkedPlacements"":12,""scope"":""TCP·그리퍼 스윕 근사만 수행"",""reason"":""실제 관절 한계·역기구학·접근 자세 미검증""},""sequence"":{""status"":""NOT VERIFIED"",""violations"":0,""checkedPlacements"":12,""scope"":""TCP·그리퍼 스윕 근사만 수행"",""reason"":""실제 파지·관절 궤적·전 과정 실행 미검증""}}","16.071428571428573","100","12","0","0","940000000","400","","","","150","50.34602488997738","100","100","12.361111111111118","89.7435897435898","0.6250000000000001","0","0","","20.45003333333337","35.15609999999833","34.33148499999961","34.991176999998586","245.40040000000045","100","107.03781804388689","51.37458172852648","403.5956710392531","538","4.672099999999773","","","","","","100","0","0","","","100","","","","","","",""
"future-hybrid","online","random","102","2","e4d4a5b9","partial","누적 무게중심 정적 평형 불가 / SUPPORT: 지지 조건 미달 38.6% / 필요 95.0% / 무게 규칙 위반 / SUPPORT: 지지 조건 미달 36.6% / 필요 95.0% / SUPPORT: 지지 조건 미달 34.9% / 필요 95.0% / SUPPORT: 지지 조건 미달 32.9% / 필요 95.0% / SUPPORT: 지지 조건 미달 39.4% / 필요 95.0% / SUPPORT: 지지 조건 미달 37.4% / 필요 95.0% / SUPPORT: 지지 조건 미달 35.7% / 필요 95.0% / SUPPORT: 지지 조건 미달 33.7% / 필요 95.0% / SUPPORT: 지지 조건 미달 22.3% / 필요 95.0% / SUPPORT: 지지 조건 미달 20.2% / 필요 95.0% / SUPPORT: 지지 조건 미달 5.1% / 필요 95.0% / SUPPORT: 지지 조건 미달 11.4% / 필요 95.0% / SUPPORT: 지지 조건 미달 21.9% / 필요 95.0% / SUPPORT: 지지 조건 미달 19.9% / 필요 95.0% / SUPPORT: 지지 조건 미달 5.0% / 필요 95.0% / SUPPORT: 지지 조건 미달 11.2% / 필요 95.0% / SUPPORT: 지지 조건 미달 22.0% / 필요 95.0% / SUPPORT: 지지 조건 미달 19.8% / 필요 95.0% / SUPPORT: 지지 조건 미달 17.9% / 필요 95.0% / SUPPORT: 지지 조건 미달 4.5% / 필요 95.0% / SUPPORT: 지지 조건 미달 10.3% / 필요 95.0% / SUPPORT: 지지 조건 미달 20.3% / 필요 95.0% / SUPPORT: 지지 조건 미달 8.4% / 필요 95.0% / SUPPORT: 지지 조건 미달 16.5% / 필요 95.0% / SUPPORT: 지지 조건 미달 7.3% / 필요 95.0% / SUPPORT: 지지 조건 미달 14.3% / 필요 95.0% / SUPPORT: 지지 조건 미달 5.8% / 필요 95.0% / SUPPORT: 지지 조건 미달 0.5% / 필요 95.0% / SUPPORT: 지지 조건 미달 11.6% / 필요 95.0% / SUPPORT: 지지 조건 미달 9.9% / 필요 95.0% / SUPPORT: 지지 조건 미달 1.1% / 필요 95.0%","explicit","proxy","{}","{""bounds"":22,""support"":127,""load"":101,""robot-path"":25}","adapter-1.0 / planners-f6ec11d4259a","2.0.0","null","{""collision"":{""status"":""PASS"",""violations"":0,""checkedPlacements"":9,""scope"":""직육면체 기하·관측 규격 공통 검사"",""reason"":""확정 배치와 최종 적재 상태 검사""},""bounds"":{""status"":""PASS"",""violations"":0,""checkedPlacements"":9,""scope"":""직육면체 기하·관측 규격 공통 검사"",""reason"":""확정 배치와 최종 적재 상태 검사""},""height"":{""status"":""PASS"",""violations"":0,""checkedPlacements"":9,""scope"":""직육면체 기하·관측 규격 공통 검사"",""reason"":""확정 배치와 최종 적재 상태 검사""},""orientation"":{""status"":""PASS"",""violations"":0,""checkedPlacements"":9,""scope"":""직육면체 기하·관측 규격 공통 검사"",""reason"":""확정 배치와 최종 적재 상태 검사""},""load"":{""status"":""PASS"",""violations"":0,""checkedPlacements"":9,""scope"":""입력된 허용 상부하중 · 누적 정적 반력"",""reason"":""입력값 범위의 정적 검사. 실측 재료 인증 아님""},""support"":{""status"":""PASS"",""violations"":0,""checkedPlacements"":9,""scope"":""접촉·합력 작용점·정적 평형"",""reason"":""설정된 지지율·전도 여유 검사. 동적 붕괴·굽힘 파손 미검증""},""payload"":{""status"":""PASS"",""violations"":0,""checkedPlacements"":9,""scope"":""입력 가반하중 · 박스+그리퍼 질량"",""reason"":""사용자가 설정한 가반하중 한계 검사""},""robotCollision"":{""status"":""NOT VERIFIED"",""violations"":0,""checkedPlacements"":9,""scope"":""TCP·그리퍼 스윕 근사만 수행"",""reason"":""전체 로봇 링크 충돌 미검증""},""approach"":{""status"":""NOT VERIFIED"",""violations"":0,""checkedPlacements"":9,""scope"":""TCP·그리퍼 스윕 근사만 수행"",""reason"":""실제 관절 한계·역기구학·접근 자세 미검증""},""sequence"":{""status"":""NOT VERIFIED"",""violations"":0,""checkedPlacements"":9,""scope"":""TCP·그리퍼 스윕 근사만 수행"",""reason"":""실제 파지·관절 궤적·전 과정 실행 미검증""}}","13.189831696428572","50","9","9","0.169804103","972273885","575","","","","194.47402597402598","198.9091360617654","100","100","50.293270638706566","57.2","0.619815668202765","0","0","","253.07695000000004","585.3775999999998","557.7330200000007","579.848684","2530.7695000000003","90","88.37594942208021","41.84436712435213","366.61558050436116","442","1.4012000000002445","13.189831696428572","0","50","","","100","0","0","","","0","","","","","","",""
"hrpal-inferred","online","random","102","2","e4d4a5b9","partial","세로 박스 주변 높이 부족 · 가까운 눕힌 적재를 먼저 쌓아야 함 / SUPPORT: 지지 조건 미달 78.3% / 필요 95.0% · CoG 지지 검사 / 무게 규칙 위반 · Small-05 (3 kg) / SUPPORT: 지지 조건 미달 0.0% / 필요 95.0% · CoG 지지 검사 / SUPPORT: 지지 조건 미달 55.9% / 필요 95.0% · CoG 지지 검사 / 누적 무게중심 정적 평형 불가 · Tall-02 / SUPPORT: 지지 조건 미달 30.1% / 필요 95.0% · CoG 지지 검사 / SUPPORT: 지지 조건 미달 24.4% / 필요 95.0% · CoG 지지 검사 / SUPPORT: 지지 조건 미달 42.1% / 필요 95.0% · CoG 지지 검사 / SUPPORT: 지지 조건 미달 21.0% / 필요 95.0% · CoG 지지 검사 / SUPPORT: 지지 조건 미달 57.9% / 필요 95.0% · CoG 지지 검사 / SUPPORT: 지지 조건 미달 9.1% / 필요 95.0% · CoG 지지 검사 / SUPPORT: 지지 조건 미달 15.7% / 필요 95.0% · CoG 지지 검사 / SUPPORT: 지지 조건 미달 3.3% / 필요 95.0% · CoG 지지 검사 / SUPPORT: 지지 조건 미달 15.5% / 필요 95.0% · CoG 지지 검사 / SUPPORT: 지지 조건 미달 66.5% / 필요 95.0% · CoG 지지 검사 / SUPPORT: 지지 조건 미달 58.8% / 필요 95.0% · CoG 지지 검사 / SUPPORT: 지지 조건 미달 59.1% / 필요 95.0% · CoG 지지 검사 / SUPPORT: 지지 조건 미달 67.0% / 필요 95.0% · CoG 지지 검사 / SUPPORT: 지지 조건 미달 15.6% / 필요 95.0% · CoG 지지 검사 / SUPPORT: 지지 조건 미달 11.3% / 필요 95.0% · CoG 지지 검사","explicit","proxy","{}","{""support"":71,""load"":9,""protocol"":48}","conventional-pattern/2","2.0.0","null","{""collision"":{""status"":""PASS"",""violations"":0,""checkedPlacements"":3,""scope"":""직육면체 기하·관측 규격 공통 검사"",""reason"":""확정 배치와 최종 적재 상태 검사""},""bounds"":{""status"":""PASS"",""violations"":0,""checkedPlacements"":3,""scope"":""직육면체 기하·관측 규격 공통 검사"",""reason"":""확정 배치와 최종 적재 상태 검사""},""height"":{""status"":""PASS"",""violations"":0,""checkedPlacements"":3,""scope"":""직육면체 기하·관측 규격 공통 검사"",""reason"":""확정 배치와 최종 적재 상태 검사""},""orientation"":{""status"":""PASS"",""violations"":0,""checkedPlacements"":3,""scope"":""직육면체 기하·관측 규격 공통 검사"",""reason"":""확정 배치와 최종 적재 상태 검사""},""load"":{""status"":""PASS"",""violations"":0,""checkedPlacements"":3,""scope"":""입력된 허용 상부하중 · 누적 정적 반력"",""reason"":""입력값 범위의 정적 검사. 실측 재료 인증 아님""},""support"":{""status"":""PASS"",""violations"":0,""checkedPlacements"":3,""scope"":""접촉·합력 작용점·정적 평형"",""reason"":""설정된 지지율·전도 여유 검사. 동적 붕괴·굽힘 파손 미검증""},""payload"":{""status"":""PASS"",""violations"":0,""checkedPlacements"":3,""scope"":""입력 가반하중 · 박스+그리퍼 질량"",""reason"":""사용자가 설정한 가반하중 한계 검사""},""robotCollision"":{""status"":""NOT VERIFIED"",""violations"":0,""checkedPlacements"":3,""scope"":""TCP·그리퍼 스윕 근사만 수행"",""reason"":""전체 로봇 링크 충돌 미검증""},""approach"":{""status"":""NOT VERIFIED"",""violations"":0,""checkedPlacements"":3,""scope"":""TCP·그리퍼 스윕 근사만 수행"",""reason"":""실제 관절 한계·역기구학·접근 자세 미검증""},""sequence"":{""status"":""NOT VERIFIED"",""violations"":0,""checkedPlacements"":3,""scope"":""TCP·그리퍼 스윕 근사만 수행"",""reason"":""실제 파지·관절 궤적·전 과정 실행 미검증""}}","4.382079196428571","16.666666666666668","3","15","0.268450931","1070920713","217","","","","93.29310344827586","56.85430510974948","100","100","26.668878889570465","70.8","1.1721854304635762","0","0","","4.359524999998939","10.215299999999843","9.34118999999955","10.040477999999784","17.438099999995757","75","25.65807447367245","12.127748407887095","420.9201283238068","118","0.5422999999973399","4.382079196428571","0","16.666666666666668","","","100","0","0","","","0","","","","","","",""
"greedy","online","random","102","2","e4d4a5b9","partial","누적 무게중심 정적 평형 불가 / SUPPORT: 지지 조건 미달 21.5% / 필요 95.0% / 무게 규칙 위반 / 그리퍼 / 운반 접근 경로 간섭 / SUPPORT: 지지 조건 미달 19.3% / 필요 95.0% / SUPPORT: 지지 조건 미달 48.8% / 필요 95.0% / SUPPORT: 지지 조건 미달 31.9% / 필요 95.0% / SUPPORT: 지지 조건 미달 22.4% / 필요 95.0% / SUPPORT: 지지 조건 미달 19.5% / 필요 95.0% / SUPPORT: 지지 조건 미달 30.0% / 필요 95.0% / SUPPORT: 지지 조건 미달 12.0% / 필요 95.0% / SUPPORT: 지지 조건 미달 29.6% / 필요 95.0% / SUPPORT: 지지 조건 미달 27.9% / 필요 95.0% / SUPPORT: 지지 조건 미달 24.7% / 필요 95.0% / SUPPORT: 지지 조건 미달 23.2% / 필요 95.0% / SUPPORT: 지지 조건 미달 21.1% / 필요 95.0% / SUPPORT: 지지 조건 미달 3.5% / 필요 95.0% / SUPPORT: 지지 조건 미달 10.5% / 필요 95.0% / SUPPORT: 지지 조건 미달 11.3% / 필요 95.0% / SUPPORT: 지지 조건 미달 46.6% / 필요 95.0% / SUPPORT: 지지 조건 미달 15.0% / 필요 95.0% / SUPPORT: 지지 조건 미달 43.9% / 필요 95.0% / SUPPORT: 지지 조건 미달 39.8% / 필요 95.0%","explicit","proxy","{}","{""support"":133,""load"":107,""robot-path"":21}","adapter-1.0 / planners-f6ec11d4259a","2.0.0","null","{""collision"":{""status"":""PASS"",""violations"":0,""checkedPlacements"":8,""scope"":""직육면체 기하·관측 규격 공통 검사"",""reason"":""확정 배치와 최종 적재 상태 검사""},""bounds"":{""status"":""PASS"",""violations"":0,""checkedPlacements"":8,""scope"":""직육면체 기하·관측 규격 공통 검사"",""reason"":""확정 배치와 최종 적재 상태 검사""},""height"":{""status"":""PASS"",""violations"":0,""checkedPlacements"":8,""scope"":""직육면체 기하·관측 규격 공통 검사"",""reason"":""확정 배치와 최종 적재 상태 검사""},""orientation"":{""status"":""PASS"",""violations"":0,""checkedPlacements"":8,""scope"":""직육면체 기하·관측 규격 공통 검사"",""reason"":""확정 배치와 최종 적재 상태 검사""},""load"":{""status"":""PASS"",""violations"":0,""checkedPlacements"":8,""scope"":""입력된 허용 상부하중 · 누적 정적 반력"",""reason"":""입력값 범위의 정적 검사. 실측 재료 인증 아님""},""support"":{""status"":""PASS"",""violations"":0,""checkedPlacements"":8,""scope"":""접촉·합력 작용점·정적 평형"",""reason"":""설정된 지지율·전도 여유 검사. 동적 붕괴·굽힘 파손 미검증""},""payload"":{""status"":""PASS"",""violations"":0,""checkedPlacements"":8,""scope"":""입력 가반하중 · 박스+그리퍼 질량"",""reason"":""사용자가 설정한 가반하중 한계 검사""},""robotCollision"":{""status"":""NOT VERIFIED"",""violations"":0,""checkedPlacements"":8,""scope"":""TCP·그리퍼 스윕 근사만 수행"",""reason"":""전체 로봇 링크 충돌 미검증""},""approach"":{""status"":""NOT VERIFIED"",""violations"":0,""checkedPlacements"":8,""scope"":""TCP·그리퍼 스윕 근사만 수행"",""reason"":""실제 관절 한계·역기구학·접근 자세 미검증""},""sequence"":{""status"":""NOT VERIFIED"",""violations"":0,""checkedPlacements"":8,""scope"":""TCP·그리퍼 스윕 근사만 수행"",""reason"":""실제 파지·관절 궤적·전 과정 실행 미검증""}}","12.004502142857143","44.44444444444444","8","10","0.183079794","985549576","575","","","","205.54225352112675","156.75929744626333","100","100","37.504825925150115","70.8","0.619815668202765","0","0","","169.36807777777761","360.64270000000033","341.28873999999996","356.7719080000003","1524.3126999999986","88.88888888888889","80.86497637431172","37.61223464330263","356.1492415046183","394","1.0525999999990745","12.004502142857143","0","44.44444444444444","","","100","0","0","","","0","","","","","","",""
"hrpal-inferred","online","identical","103","3","c4b3a3fb","complete","","explicit","proxy","{}","{""support"":123}","conventional-pattern/2","2.0.0","null","{""collision"":{""status"":""PASS"",""violations"":0,""checkedPlacements"":12,""scope"":""직육면체 기하·관측 규격 공통 검사"",""reason"":""확정 배치와 최종 적재 상태 검사""},""bounds"":{""status"":""PASS"",""violations"":0,""checkedPlacements"":12,""scope"":""직육면체 기하·관측 규격 공통 검사"",""reason"":""확정 배치와 최종 적재 상태 검사""},""height"":{""status"":""PASS"",""violations"":0,""checkedPlacements"":12,""scope"":""직육면체 기하·관측 규격 공통 검사"",""reason"":""확정 배치와 최종 적재 상태 검사""},""orientation"":{""status"":""PASS"",""violations"":0,""checkedPlacements"":12,""scope"":""직육면체 기하·관측 규격 공통 검사"",""reason"":""확정 배치와 최종 적재 상태 검사""},""load"":{""status"":""PASS"",""violations"":0,""checkedPlacements"":12,""scope"":""입력된 허용 상부하중 · 누적 정적 반력"",""reason"":""입력값 범위의 정적 검사. 실측 재료 인증 아님""},""support"":{""status"":""PASS"",""violations"":0,""checkedPlacements"":12,""scope"":""접촉·합력 작용점·정적 평형"",""reason"":""설정된 지지율·전도 여유 검사. 동적 붕괴·굽힘 파손 미검증""},""payload"":{""status"":""PASS"",""violations"":0,""checkedPlacements"":12,""scope"":""입력 가반하중 · 박스+그리퍼 질량"",""reason"":""사용자가 설정한 가반하중 한계 검사""},""robotCollision"":{""status"":""NOT VERIFIED"",""violations"":0,""checkedPlacements"":12,""scope"":""TCP·그리퍼 스윕 근사만 수행"",""reason"":""전체 로봇 링크 충돌 미검증""},""approach"":{""status"":""NOT VERIFIED"",""violations"":0,""checkedPlacements"":12,""scope"":""TCP·그리퍼 스윕 근사만 수행"",""reason"":""실제 관절 한계·역기구학·접근 자세 미검증""},""sequence"":{""status"":""NOT VERIFIED"",""violations"":0,""checkedPlacements"":12,""scope"":""TCP·그리퍼 스윕 근사만 수행"",""reason"":""실제 파지·관절 궤적·전 과정 실행 미검증""}}","16.071428571428573","100","12","0","0","940000000","400","","","","150","100.77822185373186","100","100","20.55555555555556","95","0.625","0","0","","4.032766666666551","9.795999999998457","8.686430000000108","9.57408599999879","48.393199999998615","100","100.37583405928804","49.64429213853723","430.38247606972277","284","4.051800000001094","","","","","","100","0","0","","","100","","","","","","",""
"greedy","online","identical","103","3","c4b3a3fb","complete","","explicit","proxy","{}","{""bounds"":12,""support"":157}","adapter-1.0 / planners-f6ec11d4259a","2.0.0","null","{""collision"":{""status"":""PASS"",""violations"":0,""checkedPlacements"":12,""scope"":""직육면체 기하·관측 규격 공통 검사"",""reason"":""확정 배치와 최종 적재 상태 검사""},""bounds"":{""status"":""PASS"",""violations"":0,""checkedPlacements"":12,""scope"":""직육면체 기하·관측 규격 공통 검사"",""reason"":""확정 배치와 최종 적재 상태 검사""},""height"":{""status"":""PASS"",""violations"":0,""checkedPlacements"":12,""scope"":""직육면체 기하·관측 규격 공통 검사"",""reason"":""확정 배치와 최종 적재 상태 검사""},""orientation"":{""status"":""PASS"",""violations"":0,""checkedPlacements"":12,""scope"":""직육면체 기하·관측 규격 공통 검사"",""reason"":""확정 배치와 최종 적재 상태 검사""},""load"":{""status"":""PASS"",""violations"":0,""checkedPlacements"":12,""scope"":""입력된 허용 상부하중 · 누적 정적 반력"",""reason"":""입력값 범위의 정적 검사. 실측 재료 인증 아님""},""support"":{""status"":""PASS"",""violations"":0,""checkedPlacements"":12,""scope"":""접촉·합력 작용점·정적 평형"",""reason"":""설정된 지지율·전도 여유 검사. 동적 붕괴·굽힘 파손 미검증""},""payload"":{""status"":""PASS"",""violations"":0,""checkedPlacements"":12,""scope"":""입력 가반하중 · 박스+그리퍼 질량"",""reason"":""사용자가 설정한 가반하중 한계 검사""},""robotCollision"":{""status"":""NOT VERIFIED"",""violations"":0,""checkedPlacements"":12,""scope"":""TCP·그리퍼 스윕 근사만 수행"",""reason"":""전체 로봇 링크 충돌 미검증""},""approach"":{""status"":""NOT VERIFIED"",""violations"":0,""checkedPlacements"":12,""scope"":""TCP·그리퍼 스윕 근사만 수행"",""reason"":""실제 관절 한계·역기구학·접근 자세 미검증""},""sequence"":{""status"":""NOT VERIFIED"",""violations"":0,""checkedPlacements"":12,""scope"":""TCP·그리퍼 스윕 근사만 수행"",""reason"":""실제 파지·관절 궤적·전 과정 실행 미검증""}}","16.071428571428573","100","12","0","0","940000000","400","","","","150","50.34602488997738","100","100","12.361111111111118","89.7435897435898","0.6250000000000001","0","0","","20.351175000000694","32.452799999999115","30.974014999999778","32.15704299999925","244.21410000000833","100","107.03781804388689","51.37458172852648","403.5956710392531","538","2.1523999999990338","","","","","","100","0","0","","","100","","","","","","",""
"future-hybrid","online","identical","103","3","c4b3a3fb","complete","","explicit","proxy","{}","{""bounds"":12,""support"":190}","adapter-1.0 / planners-f6ec11d4259a","2.0.0","null","{""collision"":{""status"":""PASS"",""violations"":0,""checkedPlacements"":12,""scope"":""직육면체 기하·관측 규격 공통 검사"",""reason"":""확정 배치와 최종 적재 상태 검사""},""bounds"":{""status"":""PASS"",""violations"":0,""checkedPlacements"":12,""scope"":""직육면체 기하·관측 규격 공통 검사"",""reason"":""확정 배치와 최종 적재 상태 검사""},""height"":{""status"":""PASS"",""violations"":0,""checkedPlacements"":12,""scope"":""직육면체 기하·관측 규격 공통 검사"",""reason"":""확정 배치와 최종 적재 상태 검사""},""orientation"":{""status"":""PASS"",""violations"":0,""checkedPlacements"":12,""scope"":""직육면체 기하·관측 규격 공통 검사"",""reason"":""확정 배치와 최종 적재 상태 검사""},""load"":{""status"":""PASS"",""violations"":0,""checkedPlacements"":12,""scope"":""입력된 허용 상부하중 · 누적 정적 반력"",""reason"":""입력값 범위의 정적 검사. 실측 재료 인증 아님""},""support"":{""status"":""PASS"",""violations"":0,""checkedPlacements"":12,""scope"":""접촉·합력 작용점·정적 평형"",""reason"":""설정된 지지율·전도 여유 검사. 동적 붕괴·굽힘 파손 미검증""},""payload"":{""status"":""PASS"",""violations"":0,""checkedPlacements"":12,""scope"":""입력 가반하중 · 박스+그리퍼 질량"",""reason"":""사용자가 설정한 가반하중 한계 검사""},""robotCollision"":{""status"":""NOT VERIFIED"",""violations"":0,""checkedPlacements"":12,""scope"":""TCP·그리퍼 스윕 근사만 수행"",""reason"":""전체 로봇 링크 충돌 미검증""},""approach"":{""status"":""NOT VERIFIED"",""violations"":0,""checkedPlacements"":12,""scope"":""TCP·그리퍼 스윕 근사만 수행"",""reason"":""실제 관절 한계·역기구학·접근 자세 미검증""},""sequence"":{""status"":""NOT VERIFIED"",""violations"":0,""checkedPlacements"":12,""scope"":""TCP·그리퍼 스윕 근사만 수행"",""reason"":""실제 파지·관절 궤적·전 과정 실행 미검증""}}","16.071428571428573","100","12","0","0","940000000","400","","","","150","0","100","100","1.3888888888888868","95","0.625","0","0","","67.22829166666754","126.08610000000044","116.71552999999984","124.21198600000034","806.7395000000106","100","108.20092680945035","50.83060242614273","399.25720854571165","538","2.6644999999989523","","","","","","100","0","0","","","100","","","","","","",""
"hrpal-inferred","online","random","103","3","1f9a03f4","partial","세로 박스 돌출 높이 초과 · 206 / 89 mm · 이웃 Small-01 / 세로 박스 주변 높이 부족 · 가까운 눕힌 적재를 먼저 쌓아야 함 / SUPPORT: 지지 조건 미달 86.0% / 필요 95.0% · CoG 지지 검사 / 무게 규칙 위반 · Small-01 (3 kg) / SUPPORT: 지지 조건 미달 0.0% / 필요 95.0% · CoG 지지 검사 / SUPPORT: 지지 조건 미달 76.0% / 필요 95.0% · CoG 지지 검사 / 누적 무게중심 정적 평형 불가 · Tall-02 / SUPPORT: 지지 조건 미달 10.0% / 필요 95.0% · CoG 지지 검사","explicit","proxy","{}","{""protocol"":48,""support"":20,""load"":3}","conventional-pattern/2","2.0.0","null","{""collision"":{""status"":""PASS"",""violations"":0,""checkedPlacements"":1,""scope"":""직육면체 기하·관측 규격 공통 검사"",""reason"":""확정 배치와 최종 적재 상태 검사""},""bounds"":{""status"":""PASS"",""violations"":0,""checkedPlacements"":1,""scope"":""직육면체 기하·관측 규격 공통 검사"",""reason"":""확정 배치와 최종 적재 상태 검사""},""height"":{""status"":""PASS"",""violations"":0,""checkedPlacements"":1,""scope"":""직육면체 기하·관측 규격 공통 검사"",""reason"":""확정 배치와 최종 적재 상태 검사""},""orientation"":{""status"":""PASS"",""violations"":0,""checkedPlacements"":1,""scope"":""직육면체 기하·관측 규격 공통 검사"",""reason"":""확정 배치와 최종 적재 상태 검사""},""load"":{""status"":""PASS"",""violations"":0,""checkedPlacements"":1,""scope"":""입력된 허용 상부하중 · 누적 정적 반력"",""reason"":""입력값 범위의 정적 검사. 실측 재료 인증 아님""},""support"":{""status"":""PASS"",""violations"":0,""checkedPlacements"":1,""scope"":""접촉·합력 작용점·정적 평형"",""reason"":""설정된 지지율·전도 여유 검사. 동적 붕괴·굽힘 파손 미검증""},""payload"":{""status"":""PASS"",""violations"":0,""checkedPlacements"":1,""scope"":""입력 가반하중 · 박스+그리퍼 질량"",""reason"":""사용자가 설정한 가반하중 한계 검사""},""robotCollision"":{""status"":""NOT VERIFIED"",""violations"":0,""checkedPlacements"":1,""scope"":""TCP·그리퍼 스윕 근사만 수행"",""reason"":""전체 로봇 링크 충돌 미검증""},""approach"":{""status"":""NOT VERIFIED"",""violations"":0,""checkedPlacements"":1,""scope"":""TCP·그리퍼 스윕 근사만 수행"",""reason"":""실제 관절 한계·역기구학·접근 자세 미검증""},""sequence"":{""status"":""NOT VERIFIED"",""violations"":0,""checkedPlacements"":1,""scope"":""TCP·그리퍼 스윕 근사만 수행"",""reason"":""실제 파지·관절 궤적·전 과정 실행 미검증""}}","0.5321536607142857","5.555555555555555","1","17","0.311570097","1114039879","151","","","","75.5","497.96033978621233","100","100","100","70.8","1.1721854304635762","0","0","","3.1278999999976804","4.229499999997643","4.119339999997646","4.207467999997643","6.255799999995361","50","6.9967829099362735","3.2479088914585774","514.5221805992533","79","0.1860999999989872","0.5321536607142857","0","5.555555555555555","","","100","0","0","","","0","","","","","","",""
"greedy","online","random","103","3","1f9a03f4","partial","SUPPORT: 지지 조건 미달 40.1% / 필요 95.0% / 무게 규칙 위반 / SUPPORT: 지지 조건 미달 43.1% / 필요 95.0% / SUPPORT: 지지 조건 미달 46.9% / 필요 95.0% / SUPPORT: 지지 조건 미달 48.5% / 필요 95.0% / SUPPORT: 지지 조건 미달 64.1% / 필요 95.0% / SUPPORT: 지지 조건 미달 42.2% / 필요 95.0% / 누적 무게중심 정적 평형 불가 / SUPPORT: 지지 조건 미달 34.9% / 필요 95.0% / SUPPORT: 지지 조건 미달 33.8% / 필요 95.0% / SUPPORT: 지지 조건 미달 30.9% / 필요 95.0% / SUPPORT: 지지 조건 미달 29.2% / 필요 95.0% / SUPPORT: 지지 조건 미달 40.0% / 필요 95.0% / SUPPORT: 지지 조건 미달 43.0% / 필요 95.0% / SUPPORT: 지지 조건 미달 46.8% / 필요 95.0% / SUPPORT: 지지 조건 미달 48.4% / 필요 95.0% / SUPPORT: 지지 조건 미달 64.0% / 필요 95.0% / SUPPORT: 지지 조건 미달 42.1% / 필요 95.0% / SUPPORT: 지지 조건 미달 34.8% / 필요 95.0% / SUPPORT: 지지 조건 미달 33.7% / 필요 95.0% / SUPPORT: 지지 조건 미달 30.8% / 필요 95.0% / SUPPORT: 지지 조건 미달 29.1% / 필요 95.0% / SUPPORT: 지지 조건 미달 46.0% / 필요 95.0% / SUPPORT: 지지 조건 미달 37.6% / 필요 95.0% / SUPPORT: 지지 조건 미달 34.3% / 필요 95.0% / SUPPORT: 지지 조건 미달 9.1% / 필요 95.0%","explicit","proxy","{}","{""robot-path"":16,""support"":295,""load"":205}","adapter-1.0 / planners-f6ec11d4259a","2.0.0","null","{""collision"":{""status"":""PASS"",""violations"":0,""checkedPlacements"":16,""scope"":""직육면체 기하·관측 규격 공통 검사"",""reason"":""확정 배치와 최종 적재 상태 검사""},""bounds"":{""status"":""PASS"",""violations"":0,""checkedPlacements"":16,""scope"":""직육면체 기하·관측 규격 공통 검사"",""reason"":""확정 배치와 최종 적재 상태 검사""},""height"":{""status"":""PASS"",""violations"":0,""checkedPlacements"":16,""scope"":""직육면체 기하·관측 규격 공통 검사"",""reason"":""확정 배치와 최종 적재 상태 검사""},""orientation"":{""status"":""PASS"",""violations"":0,""checkedPlacements"":16,""scope"":""직육면체 기하·관측 규격 공통 검사"",""reason"":""확정 배치와 최종 적재 상태 검사""},""load"":{""status"":""PASS"",""violations"":0,""checkedPlacements"":16,""scope"":""입력된 허용 상부하중 · 누적 정적 반력"",""reason"":""입력값 범위의 정적 검사. 실측 재료 인증 아님""},""support"":{""status"":""PASS"",""violations"":0,""checkedPlacements"":16,""scope"":""접촉·합력 작용점·정적 평형"",""reason"":""설정된 지지율·전도 여유 검사. 동적 붕괴·굽힘 파손 미검증""},""payload"":{""status"":""PASS"",""violations"":0,""checkedPlacements"":16,""scope"":""입력 가반하중 · 박스+그리퍼 질량"",""reason"":""사용자가 설정한 가반하중 한계 검사""},""robotCollision"":{""status"":""NOT VERIFIED"",""violations"":0,""checkedPlacements"":16,""scope"":""TCP·그리퍼 스윕 근사만 수행"",""reason"":""전체 로봇 링크 충돌 미검증""},""approach"":{""status"":""NOT VERIFIED"",""violations"":0,""checkedPlacements"":16,""scope"":""TCP·그리퍼 스윕 근사만 수행"",""reason"":""실제 관절 한계·역기구학·접근 자세 미검증""},""sequence"":{""status"":""NOT VERIFIED"",""violations"":0,""checkedPlacements"":16,""scope"":""TCP·그리퍼 스윕 근사만 수행"",""reason"":""실제 파지·관절 궤적·전 과정 실행 미검증""}}","24.815141785714285","88.88888888888889","16","2","0.03960063","842070412","830","","","","281.72033898305085","126.84328424862433","100","100","29.06519783396601","52.45","0.41321044546851","0","0","","166.16279999999995","319.53909999999814","303.43550000000175","316.31837999999885","2824.767599999999","94.11764705882354","157.32836060846367","74.9634343955014","366.1132664017687","778","3.9262000000016997","24.815141785714285","0","88.88888888888889","","","100","0","0","","","0","","","","","","",""
"future-hybrid","online","random","103","3","1f9a03f4","partial","SUPPORT: 지지 조건 미달 50.3% / 필요 95.0% / SUPPORT: 지지 조건 미달 57.0% / 필요 95.0% / 누적 무게중심 정적 평형 불가 / SUPPORT: 지지 조건 미달 42.5% / 필요 95.0% / SUPPORT: 지지 조건 미달 37.6% / 필요 95.0% / SUPPORT: 지지 조건 미달 12.0% / 필요 95.0% / SUPPORT: 지지 조건 미달 7.1% / 필요 95.0% / SUPPORT: 지지 조건 미달 5.7% / 필요 95.0% / SUPPORT: 지지 조건 미달 36.6% / 필요 95.0% / SUPPORT: 지지 조건 미달 32.4% / 필요 95.0% / SUPPORT: 지지 조건 미달 10.4% / 필요 95.0% / SUPPORT: 지지 조건 미달 6.1% / 필요 95.0% / SUPPORT: 지지 조건 미달 4.9% / 필요 95.0% / SUPPORT: 지지 조건 미달 44.9% / 필요 95.0% / SUPPORT: 지지 조건 미달 61.7% / 필요 95.0% / SUPPORT: 지지 조건 미달 66.6% / 필요 95.0% / SUPPORT: 지지 조건 미달 10.8% / 필요 95.0% / SUPPORT: 지지 조건 미달 29.9% / 필요 95.0% / SUPPORT: 지지 조건 미달 49.7% / 필요 95.0%","explicit","proxy","{}","{""protocol"":10,""robot-path"":6,""bounds"":14,""support"":87,""load"":44}","adapter-1.0 / planners-f6ec11d4259a","2.0.0","null","{""collision"":{""status"":""PASS"",""violations"":0,""checkedPlacements"":5,""scope"":""직육면체 기하·관측 규격 공통 검사"",""reason"":""확정 배치와 최종 적재 상태 검사""},""bounds"":{""status"":""PASS"",""violations"":0,""checkedPlacements"":5,""scope"":""직육면체 기하·관측 규격 공통 검사"",""reason"":""확정 배치와 최종 적재 상태 검사""},""height"":{""status"":""PASS"",""violations"":0,""checkedPlacements"":5,""scope"":""직육면체 기하·관측 규격 공통 검사"",""reason"":""확정 배치와 최종 적재 상태 검사""},""orientation"":{""status"":""PASS"",""violations"":0,""checkedPlacements"":5,""scope"":""직육면체 기하·관측 규격 공통 검사"",""reason"":""확정 배치와 최종 적재 상태 검사""},""load"":{""status"":""PASS"",""violations"":0,""checkedPlacements"":5,""scope"":""입력된 허용 상부하중 · 누적 정적 반력"",""reason"":""입력값 범위의 정적 검사. 실측 재료 인증 아님""},""support"":{""status"":""PASS"",""violations"":0,""checkedPlacements"":5,""scope"":""접촉·합력 작용점·정적 평형"",""reason"":""설정된 지지율·전도 여유 검사. 동적 붕괴·굽힘 파손 미검증""},""payload"":{""status"":""PASS"",""violations"":0,""checkedPlacements"":5,""scope"":""입력 가반하중 · 박스+그리퍼 질량"",""reason"":""사용자가 설정한 가반하중 한계 검사""},""robotCollision"":{""status"":""NOT VERIFIED"",""violations"":0,""checkedPlacements"":5,""scope"":""TCP·그리퍼 스윕 근사만 수행"",""reason"":""전체 로봇 링크 충돌 미검증""},""approach"":{""status"":""NOT VERIFIED"",""violations"":0,""checkedPlacements"":5,""scope"":""TCP·그리퍼 스윕 근사만 수행"",""reason"":""실제 관절 한계·역기구학·접근 자세 미검증""},""sequence"":{""status"":""NOT VERIFIED"",""violations"":0,""checkedPlacements"":5,""scope"":""TCP·그리퍼 스윕 근사만 수행"",""reason"":""실제 파지·관절 궤적·전 과정 실행 미검증""}}","7.646393303571429","27.77777777777778","5","13","0.231890613","1034360395","197","","","","90.59756097560975","98.33108400752016","100","100","28.1125048721015","70.8","1.1721854304635762","0","0","","117.90754999999929","301.28689999999915","258.10059999999885","292.6496399999991","707.4452999999958","83.33333333333333","46.93900896225698","22.060355825467038","383.47635363314885","250","0.48849999999947613","7.646393303571429","0","27.77777777777778","","","100","0","0","","","0","","","","","","",""
"greedy","online","identical","104","4","9b3e7a48","complete","","explicit","proxy","{}","{""bounds"":12,""support"":157}","adapter-1.0 / planners-f6ec11d4259a","2.0.0","null","{""collision"":{""status"":""PASS"",""violations"":0,""checkedPlacements"":12,""scope"":""직육면체 기하·관측 규격 공통 검사"",""reason"":""확정 배치와 최종 적재 상태 검사""},""bounds"":{""status"":""PASS"",""violations"":0,""checkedPlacements"":12,""scope"":""직육면체 기하·관측 규격 공통 검사"",""reason"":""확정 배치와 최종 적재 상태 검사""},""height"":{""status"":""PASS"",""violations"":0,""checkedPlacements"":12,""scope"":""직육면체 기하·관측 규격 공통 검사"",""reason"":""확정 배치와 최종 적재 상태 검사""},""orientation"":{""status"":""PASS"",""violations"":0,""checkedPlacements"":12,""scope"":""직육면체 기하·관측 규격 공통 검사"",""reason"":""확정 배치와 최종 적재 상태 검사""},""load"":{""status"":""PASS"",""violations"":0,""checkedPlacements"":12,""scope"":""입력된 허용 상부하중 · 누적 정적 반력"",""reason"":""입력값 범위의 정적 검사. 실측 재료 인증 아님""},""support"":{""status"":""PASS"",""violations"":0,""checkedPlacements"":12,""scope"":""접촉·합력 작용점·정적 평형"",""reason"":""설정된 지지율·전도 여유 검사. 동적 붕괴·굽힘 파손 미검증""},""payload"":{""status"":""PASS"",""violations"":0,""checkedPlacements"":12,""scope"":""입력 가반하중 · 박스+그리퍼 질량"",""reason"":""사용자가 설정한 가반하중 한계 검사""},""robotCollision"":{""status"":""NOT VERIFIED"",""violations"":0,""checkedPlacements"":12,""scope"":""TCP·그리퍼 스윕 근사만 수행"",""reason"":""전체 로봇 링크 충돌 미검증""},""approach"":{""status"":""NOT VERIFIED"",""violations"":0,""checkedPlacements"":12,""scope"":""TCP·그리퍼 스윕 근사만 수행"",""reason"":""실제 관절 한계·역기구학·접근 자세 미검증""},""sequence"":{""status"":""NOT VERIFIED"",""violations"":0,""checkedPlacements"":12,""scope"":""TCP·그리퍼 스윕 근사만 수행"",""reason"":""실제 파지·관절 궤적·전 과정 실행 미검증""}}","16.071428571428573","100","12","0","0","940000000","400","","","","150","50.34602488997738","100","100","12.361111111111118","89.7435897435898","0.6250000000000001","0","0","","27.521300000000036","62.35499999999956","51.61322499999913","60.20664499999949","330.2556000000004","100","107.03781804388689","51.37458172852648","403.5956710392531","538","3.2608000000000175","","","","","","100","0","0","","","100","","","","","","",""
"future-hybrid","online","identical","104","4","9b3e7a48","complete","","explicit","proxy","{}","{""bounds"":12,""support"":190}","adapter-1.0 / planners-f6ec11d4259a","2.0.0","null","{""collision"":{""status"":""PASS"",""violations"":0,""checkedPlacements"":12,""scope"":""직육면체 기하·관측 규격 공통 검사"",""reason"":""확정 배치와 최종 적재 상태 검사""},""bounds"":{""status"":""PASS"",""violations"":0,""checkedPlacements"":12,""scope"":""직육면체 기하·관측 규격 공통 검사"",""reason"":""확정 배치와 최종 적재 상태 검사""},""height"":{""status"":""PASS"",""violations"":0,""checkedPlacements"":12,""scope"":""직육면체 기하·관측 규격 공통 검사"",""reason"":""확정 배치와 최종 적재 상태 검사""},""orientation"":{""status"":""PASS"",""violations"":0,""checkedPlacements"":12,""scope"":""직육면체 기하·관측 규격 공통 검사"",""reason"":""확정 배치와 최종 적재 상태 검사""},""load"":{""status"":""PASS"",""violations"":0,""checkedPlacements"":12,""scope"":""입력된 허용 상부하중 · 누적 정적 반력"",""reason"":""입력값 범위의 정적 검사. 실측 재료 인증 아님""},""support"":{""status"":""PASS"",""violations"":0,""checkedPlacements"":12,""scope"":""접촉·합력 작용점·정적 평형"",""reason"":""설정된 지지율·전도 여유 검사. 동적 붕괴·굽힘 파손 미검증""},""payload"":{""status"":""PASS"",""violations"":0,""checkedPlacements"":12,""scope"":""입력 가반하중 · 박스+그리퍼 질량"",""reason"":""사용자가 설정한 가반하중 한계 검사""},""robotCollision"":{""status"":""NOT VERIFIED"",""violations"":0,""checkedPlacements"":12,""scope"":""TCP·그리퍼 스윕 근사만 수행"",""reason"":""전체 로봇 링크 충돌 미검증""},""approach"":{""status"":""NOT VERIFIED"",""violations"":0,""checkedPlacements"":12,""scope"":""TCP·그리퍼 스윕 근사만 수행"",""reason"":""실제 관절 한계·역기구학·접근 자세 미검증""},""sequence"":{""status"":""NOT VERIFIED"",""violations"":0,""checkedPlacements"":12,""scope"":""TCP·그리퍼 스윕 근사만 수행"",""reason"":""실제 파지·관절 궤적·전 과정 실행 미검증""}}","16.071428571428573","100","12","0","0","940000000","400","","","","150","0","100","100","1.3888888888888868","95","0.625","0","0","","76.80584166666722","141.19830000000002","130.74835500000063","139.10831100000016","921.6701000000066","100","108.20092680945035","50.83060242614273","399.25720854571165","538","22.23279999999795","","","","","","100","0","0","","","100","","","","","","",""
"hrpal-inferred","online","identical","104","4","9b3e7a48","complete","","explicit","proxy","{}","{""support"":123}","conventional-pattern/2","2.0.0","null","{""collision"":{""status"":""PASS"",""violations"":0,""checkedPlacements"":12,""scope"":""직육면체 기하·관측 규격 공통 검사"",""reason"":""확정 배치와 최종 적재 상태 검사""},""bounds"":{""status"":""PASS"",""violations"":0,""checkedPlacements"":12,""scope"":""직육면체 기하·관측 규격 공통 검사"",""reason"":""확정 배치와 최종 적재 상태 검사""},""height"":{""status"":""PASS"",""violations"":0,""checkedPlacements"":12,""scope"":""직육면체 기하·관측 규격 공통 검사"",""reason"":""확정 배치와 최종 적재 상태 검사""},""orientation"":{""status"":""PASS"",""violations"":0,""checkedPlacements"":12,""scope"":""직육면체 기하·관측 규격 공통 검사"",""reason"":""확정 배치와 최종 적재 상태 검사""},""load"":{""status"":""PASS"",""violations"":0,""checkedPlacements"":12,""scope"":""입력된 허용 상부하중 · 누적 정적 반력"",""reason"":""입력값 범위의 정적 검사. 실측 재료 인증 아님""},""support"":{""status"":""PASS"",""violations"":0,""checkedPlacements"":12,""scope"":""접촉·합력 작용점·정적 평형"",""reason"":""설정된 지지율·전도 여유 검사. 동적 붕괴·굽힘 파손 미검증""},""payload"":{""status"":""PASS"",""violations"":0,""checkedPlacements"":12,""scope"":""입력 가반하중 · 박스+그리퍼 질량"",""reason"":""사용자가 설정한 가반하중 한계 검사""},""robotCollision"":{""status"":""NOT VERIFIED"",""violations"":0,""checkedPlacements"":12,""scope"":""TCP·그리퍼 스윕 근사만 수행"",""reason"":""전체 로봇 링크 충돌 미검증""},""approach"":{""status"":""NOT VERIFIED"",""violations"":0,""checkedPlacements"":12,""scope"":""TCP·그리퍼 스윕 근사만 수행"",""reason"":""실제 관절 한계·역기구학·접근 자세 미검증""},""sequence"":{""status"":""NOT VERIFIED"",""violations"":0,""checkedPlacements"":12,""scope"":""TCP·그리퍼 스윕 근사만 수행"",""reason"":""실제 파지·관절 궤적·전 과정 실행 미검증""}}","16.071428571428573","100","12","0","0","940000000","400","","","","150","100.77822185373186","100","100","20.55555555555556","95","0.625","0","0","","4.888266666667126","9.016700000000128","8.749290000000473","8.963218000000197","58.65920000000551","100","100.37583405928804","49.64429213853723","430.38247606972277","284","3.4714999999996508","","","","","","100","0","0","","","100","","","","","","",""
"greedy","online","random","104","4","dd9730f3","partial","무게 규칙 위반 / SUPPORT: 지지 조건 미달 78.1% / 필요 95.0% / SUPPORT: 지지 조건 미달 72.9% / 필요 95.0% / SUPPORT: 지지 조건 미달 88.7% / 필요 95.0% / SUPPORT: 지지 조건 미달 82.9% / 필요 95.0% / SUPPORT: 지지 조건 미달 90.0% / 필요 95.0% / SUPPORT: 지지 조건 미달 93.4% / 필요 95.0% / SUPPORT: 지지 조건 미달 85.6% / 필요 95.0% / SUPPORT: 지지 조건 미달 80.0% / 필요 95.0% / SUPPORT: 지지 조건 미달 81.2% / 필요 95.0% / SUPPORT: 지지 조건 미달 75.8% / 필요 95.0% / SUPPORT: 지지 조건 미달 55.9% / 필요 95.0% / SUPPORT: 지지 조건 미달 52.2% / 필요 95.0% / 누적 무게중심 정적 평형 불가 / SUPPORT: 지지 조건 미달 46.9% / 필요 95.0% / SUPPORT: 지지 조건 미달 43.8% / 필요 95.0% / SUPPORT: 지지 조건 미달 16.1% / 필요 95.0% / SUPPORT: 지지 조건 미달 35.1% / 필요 95.0% / SUPPORT: 지지 조건 미달 25.6% / 필요 95.0% / SUPPORT: 지지 조건 미달 3.7% / 필요 95.0% / SUPPORT: 지지 조건 미달 2.3% / 필요 95.0% / SUPPORT: 지지 조건 미달 1.5% / 필요 95.0% / SUPPORT: 지지 조건 미달 22.3% / 필요 95.0% / SUPPORT: 지지 조건 미달 5.2% / 필요 95.0% / SUPPORT: 지지 조건 미달 3.2% / 필요 95.0% / SUPPORT: 지지 조건 미달 24.1% / 필요 95.0% / SUPPORT: 지지 조건 미달 43.1% / 필요 95.0% / SUPPORT: 지지 조건 미달 31.5% / 필요 95.0% / SUPPORT: 지지 조건 미달 5.6% / 필요 95.0% / SUPPORT: 지지 조건 미달 3.5% / 필요 95.0% / SUPPORT: 지지 조건 미달 1.9% / 필요 95.0% / SUPPORT: 지지 조건 미달 29.8% / 필요 95.0% / SUPPORT: 지지 조건 미달 48.9% / 필요 95.0% / SUPPORT: 지지 조건 미달 35.7% / 필요 95.0% / SUPPORT: 지지 조건 미달 6.9% / 필요 95.0% / SUPPORT: 지지 조건 미달 4.3% / 필요 95.0%","explicit","proxy","{}","{""protocol"":10,""robot-path"":11,""support"":124,""load"":111}","adapter-1.0 / planners-f6ec11d4259a","2.0.0","null","{""collision"":{""status"":""PASS"",""violations"":0,""checkedPlacements"":6,""scope"":""직육면체 기하·관측 규격 공통 검사"",""reason"":""확정 배치와 최종 적재 상태 검사""},""bounds"":{""status"":""PASS"",""violations"":0,""checkedPlacements"":6,""scope"":""직육면체 기하·관측 규격 공통 검사"",""reason"":""확정 배치와 최종 적재 상태 검사""},""height"":{""status"":""PASS"",""violations"":0,""checkedPlacements"":6,""scope"":""직육면체 기하·관측 규격 공통 검사"",""reason"":""확정 배치와 최종 적재 상태 검사""},""orientation"":{""status"":""PASS"",""violations"":0,""checkedPlacements"":6,""scope"":""직육면체 기하·관측 규격 공통 검사"",""reason"":""확정 배치와 최종 적재 상태 검사""},""load"":{""status"":""PASS"",""violations"":0,""checkedPlacements"":6,""scope"":""입력된 허용 상부하중 · 누적 정적 반력"",""reason"":""입력값 범위의 정적 검사. 실측 재료 인증 아님""},""support"":{""status"":""PASS"",""violations"":0,""checkedPlacements"":6,""scope"":""접촉·합력 작용점·정적 평형"",""reason"":""설정된 지지율·전도 여유 검사. 동적 붕괴·굽힘 파손 미검증""},""payload"":{""status"":""PASS"",""violations"":0,""checkedPlacements"":6,""scope"":""입력 가반하중 · 박스+그리퍼 질량"",""reason"":""사용자가 설정한 가반하중 한계 검사""},""robotCollision"":{""status"":""NOT VERIFIED"",""violations"":0,""checkedPlacements"":6,""scope"":""TCP·그리퍼 스윕 근사만 수행"",""reason"":""전체 로봇 링크 충돌 미검증""},""approach"":{""status"":""NOT VERIFIED"",""violations"":0,""checkedPlacements"":6,""scope"":""TCP·그리퍼 스윕 근사만 수행"",""reason"":""실제 관절 한계·역기구학·접근 자세 미검증""},""sequence"":{""status"":""NOT VERIFIED"",""violations"":0,""checkedPlacements"":6,""scope"":""TCP·그리퍼 스윕 근사만 수행"",""reason"":""실제 파지·관절 궤적·전 과정 실행 미검증""}}","9.467236785714286","33.333333333333336","6","12","0.211497166","1013966948","217","","","","92.78205128205128","30.290159360906944","100","100","10.833056640522438","57.2","1.125984251968504","0","0","","56.383499999999394","101.81819999999789","95.86238999999803","100.62703799999791","394.68449999999575","85.71428571428571","57.75238800161647","26.489052201050697","374.0105084381173","318","2.329200000000128","9.467236785714286","0","33.333333333333336","","","100","0","0","","","0","","","","","","",""
"future-hybrid","online","random","104","4","dd9730f3","partial","SUPPORT: 지지 조건 미달 81.4% / 필요 95.0% / 무게 규칙 위반 / 누적 무게중심 정적 평형 불가 / SUPPORT: 지지 조건 미달 42.0% / 필요 95.0% / SUPPORT: 지지 조건 미달 52.8% / 필요 95.0% / SUPPORT: 지지 조건 미달 43.0% / 필요 95.0% / SUPPORT: 지지 조건 미달 46.0% / 필요 95.0% / SUPPORT: 지지 조건 미달 59.7% / 필요 95.0% / SUPPORT: 지지 조건 미달 43.7% / 필요 95.0% / SUPPORT: 지지 조건 미달 55.7% / 필요 95.0% / SUPPORT: 지지 조건 미달 19.1% / 필요 95.0% / SUPPORT: 지지 조건 미달 18.6% / 필요 95.0% / SUPPORT: 지지 조건 미달 12.9% / 필요 95.0% / SUPPORT: 지지 조건 미달 44.7% / 필요 95.0% / SUPPORT: 지지 조건 미달 45.7% / 필요 95.0% / SUPPORT: 지지 조건 미달 48.9% / 필요 95.0% / SUPPORT: 지지 조건 미달 46.4% / 필요 95.0% / SUPPORT: 지지 조건 미달 20.3% / 필요 95.0% / SUPPORT: 지지 조건 미달 58.3% / 필요 95.0% / SUPPORT: 지지 조건 미달 65.9% / 필요 95.0% / SUPPORT: 지지 조건 미달 61.5% / 필요 95.0% / SUPPORT: 지지 조건 미달 20.6% / 필요 95.0% / SUPPORT: 지지 조건 미달 14.2% / 필요 95.0% / SUPPORT: 지지 조건 미달 55.5% / 필요 95.0% / SUPPORT: 지지 조건 미달 56.8% / 필요 95.0% / SUPPORT: 지지 조건 미달 60.8% / 필요 95.0% / SUPPORT: 지지 조건 미달 57.7% / 필요 95.0% / SUPPORT: 지지 조건 미달 25.2% / 필요 95.0% / SUPPORT: 지지 조건 미달 77.0% / 필요 95.0% / SUPPORT: 지지 조건 미달 87.1% / 필요 95.0% / SUPPORT: 지지 조건 미달 81.2% / 필요 95.0% / SUPPORT: 지지 조건 미달 27.2% / 필요 95.0% / SUPPORT: 지지 조건 미달 18.8% / 필요 95.0% / SUPPORT: 지지 조건 미달 80.8% / 필요 95.0% / SUPPORT: 지지 조건 미달 82.7% / 필요 95.0% / SUPPORT: 지지 조건 미달 88.4% / 필요 95.0%","explicit","proxy","{}","{""protocol"":17,""robot-path"":18,""bounds"":20,""support"":114,""load"":106}","adapter-1.0 / planners-f6ec11d4259a","2.0.0","null","{""collision"":{""status"":""PASS"",""violations"":0,""checkedPlacements"":6,""scope"":""직육면체 기하·관측 규격 공통 검사"",""reason"":""확정 배치와 최종 적재 상태 검사""},""bounds"":{""status"":""PASS"",""violations"":0,""checkedPlacements"":6,""scope"":""직육면체 기하·관측 규격 공통 검사"",""reason"":""확정 배치와 최종 적재 상태 검사""},""height"":{""status"":""PASS"",""violations"":0,""checkedPlacements"":6,""scope"":""직육면체 기하·관측 규격 공통 검사"",""reason"":""확정 배치와 최종 적재 상태 검사""},""orientation"":{""status"":""PASS"",""violations"":0,""checkedPlacements"":6,""scope"":""직육면체 기하·관측 규격 공통 검사"",""reason"":""확정 배치와 최종 적재 상태 검사""},""load"":{""status"":""PASS"",""violations"":0,""checkedPlacements"":6,""scope"":""입력된 허용 상부하중 · 누적 정적 반력"",""reason"":""입력값 범위의 정적 검사. 실측 재료 인증 아님""},""support"":{""status"":""PASS"",""violations"":0,""checkedPlacements"":6,""scope"":""접촉·합력 작용점·정적 평형"",""reason"":""설정된 지지율·전도 여유 검사. 동적 붕괴·굽힘 파손 미검증""},""payload"":{""status"":""PASS"",""violations"":0,""checkedPlacements"":6,""scope"":""입력 가반하중 · 박스+그리퍼 질량"",""reason"":""사용자가 설정한 가반하중 한계 검사""},""robotCollision"":{""status"":""NOT VERIFIED"",""violations"":0,""checkedPlacements"":6,""scope"":""TCP·그리퍼 스윕 근사만 수행"",""reason"":""전체 로봇 링크 충돌 미검증""},""approach"":{""status"":""NOT VERIFIED"",""violations"":0,""checkedPlacements"":6,""scope"":""TCP·그리퍼 스윕 근사만 수행"",""reason"":""실제 관절 한계·역기구학·접근 자세 미검증""},""sequence"":{""status"":""NOT VERIFIED"",""violations"":0,""checkedPlacements"":6,""scope"":""TCP·그리퍼 스윕 근사만 수행"",""reason"":""실제 파지·관절 궤적·전 과정 실행 미검증""}}","9.467236785714286","33.333333333333336","6","12","0.211497166","1013966948","217","","","","92.78205128205128","34.12833516321141","100","100","10.465120177995693","57.2","1.125984251968504","0","0","","130.39988571428643","336.5645000000004","287.686850000001","326.78897000000046","912.7992000000049","85.71428571428571","59.251499273824805","28.11347452798613","364.54773743661383","318","1.6059999999997672","9.467236785714286","0","33.333333333333336","","","100","0","0","","","0","","","","","","",""
"hrpal-inferred","online","random","104","4","dd9730f3","no-placement","세로 박스 주변 높이 부족 · 가까운 눕힌 적재를 먼저 쌓아야 함","explicit","proxy","{}","{""protocol"":31}","conventional-pattern/2","2.0.0","null","{""collision"":{""status"":""NOT VERIFIED"",""violations"":0,""checkedPlacements"":0,""scope"":""직육면체 기하·관측 규격 공통 검사"",""reason"":""검증할 확정 배치 없음""},""bounds"":{""status"":""NOT VERIFIED"",""violations"":0,""checkedPlacements"":0,""scope"":""직육면체 기하·관측 규격 공통 검사"",""reason"":""검증할 확정 배치 없음""},""height"":{""status"":""NOT VERIFIED"",""violations"":0,""checkedPlacements"":0,""scope"":""직육면체 기하·관측 규격 공통 검사"",""reason"":""검증할 확정 배치 없음""},""orientation"":{""status"":""NOT VERIFIED"",""violations"":0,""checkedPlacements"":0,""scope"":""직육면체 기하·관측 규격 공통 검사"",""reason"":""검증할 확정 배치 없음""},""load"":{""status"":""NOT VERIFIED"",""violations"":0,""checkedPlacements"":0,""scope"":""입력된 허용 상부하중 · 누적 정적 반력"",""reason"":""검증할 확정 배치 없음""},""support"":{""status"":""NOT VERIFIED"",""violations"":0,""checkedPlacements"":0,""scope"":""접촉·합력 작용점·정적 평형"",""reason"":""검증할 확정 배치 없음""},""payload"":{""status"":""NOT VERIFIED"",""violations"":0,""checkedPlacements"":0,""scope"":""입력 가반하중 · 박스+그리퍼 질량"",""reason"":""검증할 확정 배치 없음""},""robotCollision"":{""status"":""NOT VERIFIED"",""violations"":0,""checkedPlacements"":0,""scope"":""TCP·그리퍼 스윕 근사만 수행"",""reason"":""검증할 확정 배치 없음""},""approach"":{""status"":""NOT VERIFIED"",""violations"":0,""checkedPlacements"":0,""scope"":""TCP·그리퍼 스윕 근사만 수행"",""reason"":""검증할 확정 배치 없음""},""sequence"":{""status"":""NOT VERIFIED"",""violations"":0,""checkedPlacements"":0,""scope"":""TCP·그리퍼 스윕 근사만 수행"",""reason"":""검증할 확정 배치 없음""}}","0","0","0","18","0.317530218","1120000000","","","","","","","","","","","","0","0","","2.244200000001001","2.244200000001001","2.244200000001001","2.244200000001001","2.244200000001001","0","","","","31","0.13699999999880674","0","0","0","","","","0","0","","","0","","","","","","",""
"future-hybrid","online","identical","105","5","703183a1","complete","","explicit","proxy","{}","{""bounds"":12,""support"":190}","adapter-1.0 / planners-f6ec11d4259a","2.0.0","null","{""collision"":{""status"":""PASS"",""violations"":0,""checkedPlacements"":12,""scope"":""직육면체 기하·관측 규격 공통 검사"",""reason"":""확정 배치와 최종 적재 상태 검사""},""bounds"":{""status"":""PASS"",""violations"":0,""checkedPlacements"":12,""scope"":""직육면체 기하·관측 규격 공통 검사"",""reason"":""확정 배치와 최종 적재 상태 검사""},""height"":{""status"":""PASS"",""violations"":0,""checkedPlacements"":12,""scope"":""직육면체 기하·관측 규격 공통 검사"",""reason"":""확정 배치와 최종 적재 상태 검사""},""orientation"":{""status"":""PASS"",""violations"":0,""checkedPlacements"":12,""scope"":""직육면체 기하·관측 규격 공통 검사"",""reason"":""확정 배치와 최종 적재 상태 검사""},""load"":{""status"":""PASS"",""violations"":0,""checkedPlacements"":12,""scope"":""입력된 허용 상부하중 · 누적 정적 반력"",""reason"":""입력값 범위의 정적 검사. 실측 재료 인증 아님""},""support"":{""status"":""PASS"",""violations"":0,""checkedPlacements"":12,""scope"":""접촉·합력 작용점·정적 평형"",""reason"":""설정된 지지율·전도 여유 검사. 동적 붕괴·굽힘 파손 미검증""},""payload"":{""status"":""PASS"",""violations"":0,""checkedPlacements"":12,""scope"":""입력 가반하중 · 박스+그리퍼 질량"",""reason"":""사용자가 설정한 가반하중 한계 검사""},""robotCollision"":{""status"":""NOT VERIFIED"",""violations"":0,""checkedPlacements"":12,""scope"":""TCP·그리퍼 스윕 근사만 수행"",""reason"":""전체 로봇 링크 충돌 미검증""},""approach"":{""status"":""NOT VERIFIED"",""violations"":0,""checkedPlacements"":12,""scope"":""TCP·그리퍼 스윕 근사만 수행"",""reason"":""실제 관절 한계·역기구학·접근 자세 미검증""},""sequence"":{""status"":""NOT VERIFIED"",""violations"":0,""checkedPlacements"":12,""scope"":""TCP·그리퍼 스윕 근사만 수행"",""reason"":""실제 파지·관절 궤적·전 과정 실행 미검증""}}","16.071428571428573","100","12","0","0","940000000","400","","","","150","0","100","100","1.3888888888888868","95","0.625","0","0","","101.02379999999994","340.592099999998","255.26383499999818","323.52644699999814","1212.2855999999992","100","108.20092680945035","50.83060242614273","399.25720854571165","538","5.520600000003469","","","","","","100","0","0","","","100","","","","","","",""
"hrpal-inferred","online","identical","105","5","703183a1","complete","","explicit","proxy","{}","{""support"":123}","conventional-pattern/2","2.0.0","null","{""collision"":{""status"":""PASS"",""violations"":0,""checkedPlacements"":12,""scope"":""직육면체 기하·관측 규격 공통 검사"",""reason"":""확정 배치와 최종 적재 상태 검사""},""bounds"":{""status"":""PASS"",""violations"":0,""checkedPlacements"":12,""scope"":""직육면체 기하·관측 규격 공통 검사"",""reason"":""확정 배치와 최종 적재 상태 검사""},""height"":{""status"":""PASS"",""violations"":0,""checkedPlacements"":12,""scope"":""직육면체 기하·관측 규격 공통 검사"",""reason"":""확정 배치와 최종 적재 상태 검사""},""orientation"":{""status"":""PASS"",""violations"":0,""checkedPlacements"":12,""scope"":""직육면체 기하·관측 규격 공통 검사"",""reason"":""확정 배치와 최종 적재 상태 검사""},""load"":{""status"":""PASS"",""violations"":0,""checkedPlacements"":12,""scope"":""입력된 허용 상부하중 · 누적 정적 반력"",""reason"":""입력값 범위의 정적 검사. 실측 재료 인증 아님""},""support"":{""status"":""PASS"",""violations"":0,""checkedPlacements"":12,""scope"":""접촉·합력 작용점·정적 평형"",""reason"":""설정된 지지율·전도 여유 검사. 동적 붕괴·굽힘 파손 미검증""},""payload"":{""status"":""PASS"",""violations"":0,""checkedPlacements"":12,""scope"":""입력 가반하중 · 박스+그리퍼 질량"",""reason"":""사용자가 설정한 가반하중 한계 검사""},""robotCollision"":{""status"":""NOT VERIFIED"",""violations"":0,""checkedPlacements"":12,""scope"":""TCP·그리퍼 스윕 근사만 수행"",""reason"":""전체 로봇 링크 충돌 미검증""},""approach"":{""status"":""NOT VERIFIED"",""violations"":0,""checkedPlacements"":12,""scope"":""TCP·그리퍼 스윕 근사만 수행"",""reason"":""실제 관절 한계·역기구학·접근 자세 미검증""},""sequence"":{""status"":""NOT VERIFIED"",""violations"":0,""checkedPlacements"":12,""scope"":""TCP·그리퍼 스윕 근사만 수행"",""reason"":""실제 파지·관절 궤적·전 과정 실행 미검증""}}","16.071428571428573","100","12","0","0","940000000","400","","","","150","100.77822185373186","100","100","20.55555555555556","95","0.625","0","0","","8.21762499999962","16.785299999999552","15.573100000000704","16.542859999999784","98.61149999999543","100","100.37583405928804","49.64429213853723","430.38247606972277","284","2.6705999999976484","","","","","","100","0","0","","","100","","","","","","",""
"greedy","online","identical","105","5","703183a1","complete","","explicit","proxy","{}","{""bounds"":12,""support"":157}","adapter-1.0 / planners-f6ec11d4259a","2.0.0","null","{""collision"":{""status"":""PASS"",""violations"":0,""checkedPlacements"":12,""scope"":""직육면체 기하·관측 규격 공통 검사"",""reason"":""확정 배치와 최종 적재 상태 검사""},""bounds"":{""status"":""PASS"",""violations"":0,""checkedPlacements"":12,""scope"":""직육면체 기하·관측 규격 공통 검사"",""reason"":""확정 배치와 최종 적재 상태 검사""},""height"":{""status"":""PASS"",""violations"":0,""checkedPlacements"":12,""scope"":""직육면체 기하·관측 규격 공통 검사"",""reason"":""확정 배치와 최종 적재 상태 검사""},""orientation"":{""status"":""PASS"",""violations"":0,""checkedPlacements"":12,""scope"":""직육면체 기하·관측 규격 공통 검사"",""reason"":""확정 배치와 최종 적재 상태 검사""},""load"":{""status"":""PASS"",""violations"":0,""checkedPlacements"":12,""scope"":""입력된 허용 상부하중 · 누적 정적 반력"",""reason"":""입력값 범위의 정적 검사. 실측 재료 인증 아님""},""support"":{""status"":""PASS"",""violations"":0,""checkedPlacements"":12,""scope"":""접촉·합력 작용점·정적 평형"",""reason"":""설정된 지지율·전도 여유 검사. 동적 붕괴·굽힘 파손 미검증""},""payload"":{""status"":""PASS"",""violations"":0,""checkedPlacements"":12,""scope"":""입력 가반하중 · 박스+그리퍼 질량"",""reason"":""사용자가 설정한 가반하중 한계 검사""},""robotCollision"":{""status"":""NOT VERIFIED"",""violations"":0,""checkedPlacements"":12,""scope"":""TCP·그리퍼 스윕 근사만 수행"",""reason"":""전체 로봇 링크 충돌 미검증""},""approach"":{""status"":""NOT VERIFIED"",""violations"":0,""checkedPlacements"":12,""scope"":""TCP·그리퍼 스윕 근사만 수행"",""reason"":""실제 관절 한계·역기구학·접근 자세 미검증""},""sequence"":{""status"":""NOT VERIFIED"",""violations"":0,""checkedPlacements"":12,""scope"":""TCP·그리퍼 스윕 근사만 수행"",""reason"":""실제 파지·관절 궤적·전 과정 실행 미검증""}}","16.071428571428573","100","12","0","0","940000000","400","","","","150","50.34602488997738","100","100","12.361111111111118","89.7435897435898","0.6250000000000001","0","0","","19.894708333333256","33.06229999999778","30.6036349999993","32.570566999998086","238.73649999999907","100","107.03781804388689","51.37458172852648","403.5956710392531","538","2.077499999999418","","","","","","100","0","0","","","100","","","","","","",""
"future-hybrid","online","random","105","5","b132cd16","partial","누적 무게중심 정적 평형 불가 / SUPPORT: 지지 조건 미달 28.3% / 필요 95.0% / 무게 규칙 위반 / SUPPORT: 지지 조건 미달 46.0% / 필요 95.0% / SUPPORT: 지지 조건 미달 23.7% / 필요 95.0% / SUPPORT: 지지 조건 미달 38.6% / 필요 95.0% / SUPPORT: 지지 조건 미달 30.4% / 필요 95.0% / 재질 허용 지지하중 초과 / SUPPORT: 지지 조건 미달 22.9% / 필요 95.0% / SUPPORT: 지지 조건 미달 17.7% / 필요 95.0% / SUPPORT: 지지 조건 미달 30.1% / 필요 95.0% / SUPPORT: 지지 조건 미달 22.7% / 필요 95.0% / SUPPORT: 지지 조건 미달 17.5% / 필요 95.0% / SUPPORT: 지지 조건 미달 29.6% / 필요 95.0% / SUPPORT: 지지 조건 미달 22.3% / 필요 95.0% / SUPPORT: 지지 조건 미달 17.2% / 필요 95.0% / SUPPORT: 지지 조건 미달 17.9% / 필요 95.0% / SUPPORT: 지지 조건 미달 13.5% / 필요 95.0% / SUPPORT: 지지 조건 미달 10.4% / 필요 95.0% / SUPPORT: 지지 조건 미달 17.4% / 필요 95.0% / SUPPORT: 지지 조건 미달 13.1% / 필요 95.0% / SUPPORT: 지지 조건 미달 10.1% / 필요 95.0% / SUPPORT: 지지 조건 미달 1.8% / 필요 95.0% / SUPPORT: 지지 조건 미달 1.4% / 필요 95.0% / SUPPORT: 지지 조건 미달 33.2% / 필요 95.0% / SUPPORT: 지지 조건 미달 33.4% / 필요 95.0% / SUPPORT: 지지 조건 미달 29.1% / 필요 95.0% / SUPPORT: 지지 조건 미달 50.6% / 필요 95.0% / SUPPORT: 지지 조건 미달 51.6% / 필요 95.0% / SUPPORT: 지지 조건 미달 34.1% / 필요 95.0%","explicit","proxy","{}","{""bounds"":12,""robot-path"":26,""support"":135,""load"":133}","adapter-1.0 / planners-f6ec11d4259a","2.0.0","null","{""collision"":{""status"":""PASS"",""violations"":0,""checkedPlacements"":10,""scope"":""직육면체 기하·관측 규격 공통 검사"",""reason"":""확정 배치와 최종 적재 상태 검사""},""bounds"":{""status"":""PASS"",""violations"":0,""checkedPlacements"":10,""scope"":""직육면체 기하·관측 규격 공통 검사"",""reason"":""확정 배치와 최종 적재 상태 검사""},""height"":{""status"":""PASS"",""violations"":0,""checkedPlacements"":10,""scope"":""직육면체 기하·관측 규격 공통 검사"",""reason"":""확정 배치와 최종 적재 상태 검사""},""orientation"":{""status"":""PASS"",""violations"":0,""checkedPlacements"":10,""scope"":""직육면체 기하·관측 규격 공통 검사"",""reason"":""확정 배치와 최종 적재 상태 검사""},""load"":{""status"":""PASS"",""violations"":0,""checkedPlacements"":10,""scope"":""입력된 허용 상부하중 · 누적 정적 반력"",""reason"":""입력값 범위의 정적 검사. 실측 재료 인증 아님""},""support"":{""status"":""PASS"",""violations"":0,""checkedPlacements"":10,""scope"":""접촉·합력 작용점·정적 평형"",""reason"":""설정된 지지율·전도 여유 검사. 동적 붕괴·굽힘 파손 미검증""},""payload"":{""status"":""PASS"",""violations"":0,""checkedPlacements"":10,""scope"":""입력 가반하중 · 박스+그리퍼 질량"",""reason"":""사용자가 설정한 가반하중 한계 검사""},""robotCollision"":{""status"":""NOT VERIFIED"",""violations"":0,""checkedPlacements"":10,""scope"":""TCP·그리퍼 스윕 근사만 수행"",""reason"":""전체 로봇 링크 충돌 미검증""},""approach"":{""status"":""NOT VERIFIED"",""violations"":0,""checkedPlacements"":10,""scope"":""TCP·그리퍼 스윕 근사만 수행"",""reason"":""실제 관절 한계·역기구학·접근 자세 미검증""},""sequence"":{""status"":""NOT VERIFIED"",""violations"":0,""checkedPlacements"":10,""scope"":""TCP·그리퍼 스윕 근사만 수행"",""reason"":""실제 파지·관절 궤적·전 과정 실행 미검증""}}","14.381469642857143","55.55555555555556","10","8","0.156457758","958927540","627","","","","190.72535211267606","131.2880949523415","100","100","30.603690868119905","57.2","0.6023501762632197","0","0","","254.71188181818235","548.2857000000004","510.92895000000135","540.8143500000006","2801.830700000006","90.9090909090909","107.10278516698584","52.7168103585408","336.1257127335369","490","2.72979999999734","14.381469642857143","0","55.55555555555556","","","100","0","0","","","0","","","","","","",""
"hrpal-inferred","online","random","105","5","b132cd16","partial","세로 박스 돌출 높이 초과 · 206 / 89 mm · 이웃 Small-02 / 세로 박스 주변 높이 부족 · 가까운 눕힌 적재를 먼저 쌓아야 함 / SUPPORT: 지지 조건 미달 74.4% / 필요 95.0% · CoG 지지 검사 / 무게 규칙 위반 · Small-02 (3 kg) / SUPPORT: 지지 조건 미달 0.0% / 필요 95.0% · CoG 지지 검사 / SUPPORT: 지지 조건 미달 45.9% / 필요 95.0% · CoG 지지 검사 / SUPPORT: 지지 조건 미달 40.1% / 필요 95.0% · CoG 지지 검사 / 누적 무게중심 정적 평형 불가 · Tall-02 / SUPPORT: 지지 조건 미달 9.0% / 필요 95.0% · CoG 지지 검사 / SUPPORT: 지지 조건 미달 7.6% / 필요 95.0% · CoG 지지 검사 / SUPPORT: 지지 조건 미달 84.3% / 필요 95.0% · CoG 지지 검사","explicit","proxy","{}","{""support"":55,""protocol"":48,""load"":3}","conventional-pattern/2","2.0.0","null","{""collision"":{""status"":""PASS"",""violations"":0,""checkedPlacements"":2,""scope"":""직육면체 기하·관측 규격 공통 검사"",""reason"":""확정 배치와 최종 적재 상태 검사""},""bounds"":{""status"":""PASS"",""violations"":0,""checkedPlacements"":2,""scope"":""직육면체 기하·관측 규격 공통 검사"",""reason"":""확정 배치와 최종 적재 상태 검사""},""height"":{""status"":""PASS"",""violations"":0,""checkedPlacements"":2,""scope"":""직육면체 기하·관측 규격 공통 검사"",""reason"":""확정 배치와 최종 적재 상태 검사""},""orientation"":{""status"":""PASS"",""violations"":0,""checkedPlacements"":2,""scope"":""직육면체 기하·관측 규격 공통 검사"",""reason"":""확정 배치와 최종 적재 상태 검사""},""load"":{""status"":""PASS"",""violations"":0,""checkedPlacements"":2,""scope"":""입력된 허용 상부하중 · 누적 정적 반력"",""reason"":""입력값 범위의 정적 검사. 실측 재료 인증 아님""},""support"":{""status"":""PASS"",""violations"":0,""checkedPlacements"":2,""scope"":""접촉·합력 작용점·정적 평형"",""reason"":""설정된 지지율·전도 여유 검사. 동적 붕괴·굽힘 파손 미검증""},""payload"":{""status"":""PASS"",""violations"":0,""checkedPlacements"":2,""scope"":""입력 가반하중 · 박스+그리퍼 질량"",""reason"":""사용자가 설정한 가반하중 한계 검사""},""robotCollision"":{""status"":""NOT VERIFIED"",""violations"":0,""checkedPlacements"":2,""scope"":""TCP·그리퍼 스윕 근사만 수행"",""reason"":""전체 로봇 링크 충돌 미검증""},""approach"":{""status"":""NOT VERIFIED"",""violations"":0,""checkedPlacements"":2,""scope"":""TCP·그리퍼 스윕 근사만 수행"",""reason"":""실제 관절 한계·역기구학·접근 자세 미검증""},""sequence"":{""status"":""NOT VERIFIED"",""violations"":0,""checkedPlacements"":2,""scope"":""TCP·그리퍼 스윕 근사만 수행"",""reason"":""실제 파지·관절 궤적·전 과정 실행 미검증""}}","3.5784691071428574","11.11111111111111","2","16","0.277451364","1079921146","193","","","","92.3","280.0843087357805","100","100","80","70.8","1.1721854304635762","0","0","","3.0657000000004095","4.386700000002747","4.380690000002505","4.385498000002699","9.197100000001228","66.66666666666667","16.540461707316624","8.151300109755802","435.29619229523087","101","0.3757000000005064","3.5784691071428574","0","11.11111111111111","","","100","0","0","","","0","","","","","","",""
"greedy","online","random","105","5","b132cd16","complete","","explicit","proxy","{}","{""support"":312,""robot-path"":55,""load"":192}","adapter-1.0 / planners-f6ec11d4259a","2.0.0","null","{""collision"":{""status"":""PASS"",""violations"":0,""checkedPlacements"":18,""scope"":""직육면체 기하·관측 규격 공통 검사"",""reason"":""확정 배치와 최종 적재 상태 검사""},""bounds"":{""status"":""PASS"",""violations"":0,""checkedPlacements"":18,""scope"":""직육면체 기하·관측 규격 공통 검사"",""reason"":""확정 배치와 최종 적재 상태 검사""},""height"":{""status"":""PASS"",""violations"":0,""checkedPlacements"":18,""scope"":""직육면체 기하·관측 규격 공통 검사"",""reason"":""확정 배치와 최종 적재 상태 검사""},""orientation"":{""status"":""PASS"",""violations"":0,""checkedPlacements"":18,""scope"":""직육면체 기하·관측 규격 공통 검사"",""reason"":""확정 배치와 최종 적재 상태 검사""},""load"":{""status"":""PASS"",""violations"":0,""checkedPlacements"":18,""scope"":""입력된 허용 상부하중 · 누적 정적 반력"",""reason"":""입력값 범위의 정적 검사. 실측 재료 인증 아님""},""support"":{""status"":""PASS"",""violations"":0,""checkedPlacements"":18,""scope"":""접촉·합력 작용점·정적 평형"",""reason"":""설정된 지지율·전도 여유 검사. 동적 붕괴·굽힘 파손 미검증""},""payload"":{""status"":""PASS"",""violations"":0,""checkedPlacements"":18,""scope"":""입력 가반하중 · 박스+그리퍼 질량"",""reason"":""사용자가 설정한 가반하중 한계 검사""},""robotCollision"":{""status"":""NOT VERIFIED"",""violations"":0,""checkedPlacements"":18,""scope"":""TCP·그리퍼 스윕 근사만 수행"",""reason"":""전체 로봇 링크 충돌 미검증""},""approach"":{""status"":""NOT VERIFIED"",""violations"":0,""checkedPlacements"":18,""scope"":""TCP·그리퍼 스윕 근사만 수행"",""reason"":""실제 관절 한계·역기구학·접근 자세 미검증""},""sequence"":{""status"":""NOT VERIFIED"",""violations"":0,""checkedPlacements"":18,""scope"":""TCP·그리퍼 스윕 근사만 수행"",""reason"":""실제 파지·관절 궤적·전 과정 실행 미검증""}}","28.350912321428574","100","18","0","0","802469782","868","","","","276.56382978723406","124.88212042738347","99.86602357984995","97.58842443729904","20.60748218044345","52.45","0.3099078341013825","0","0","","108.1939277777785","221.27059999999983","209.33778999999993","218.88403799999983","1947.490700000013","100","189.41051778840895","89.31683656246584","342.1140534148598","826","6.22790000000532","28.350912321428574","100","100","","","100","0","0","","","100","","","","","","",""
"hrpal-inferred","online","identical","106","6","ffc80b7e","complete","","explicit","proxy","{}","{""support"":123}","conventional-pattern/2","2.0.0","null","{""collision"":{""status"":""PASS"",""violations"":0,""checkedPlacements"":12,""scope"":""직육면체 기하·관측 규격 공통 검사"",""reason"":""확정 배치와 최종 적재 상태 검사""},""bounds"":{""status"":""PASS"",""violations"":0,""checkedPlacements"":12,""scope"":""직육면체 기하·관측 규격 공통 검사"",""reason"":""확정 배치와 최종 적재 상태 검사""},""height"":{""status"":""PASS"",""violations"":0,""checkedPlacements"":12,""scope"":""직육면체 기하·관측 규격 공통 검사"",""reason"":""확정 배치와 최종 적재 상태 검사""},""orientation"":{""status"":""PASS"",""violations"":0,""checkedPlacements"":12,""scope"":""직육면체 기하·관측 규격 공통 검사"",""reason"":""확정 배치와 최종 적재 상태 검사""},""load"":{""status"":""PASS"",""violations"":0,""checkedPlacements"":12,""scope"":""입력된 허용 상부하중 · 누적 정적 반력"",""reason"":""입력값 범위의 정적 검사. 실측 재료 인증 아님""},""support"":{""status"":""PASS"",""violations"":0,""checkedPlacements"":12,""scope"":""접촉·합력 작용점·정적 평형"",""reason"":""설정된 지지율·전도 여유 검사. 동적 붕괴·굽힘 파손 미검증""},""payload"":{""status"":""PASS"",""violations"":0,""checkedPlacements"":12,""scope"":""입력 가반하중 · 박스+그리퍼 질량"",""reason"":""사용자가 설정한 가반하중 한계 검사""},""robotCollision"":{""status"":""NOT VERIFIED"",""violations"":0,""checkedPlacements"":12,""scope"":""TCP·그리퍼 스윕 근사만 수행"",""reason"":""전체 로봇 링크 충돌 미검증""},""approach"":{""status"":""NOT VERIFIED"",""violations"":0,""checkedPlacements"":12,""scope"":""TCP·그리퍼 스윕 근사만 수행"",""reason"":""실제 관절 한계·역기구학·접근 자세 미검증""},""sequence"":{""status"":""NOT VERIFIED"",""violations"":0,""checkedPlacements"":12,""scope"":""TCP·그리퍼 스윕 근사만 수행"",""reason"":""실제 파지·관절 궤적·전 과정 실행 미검증""}}","16.071428571428573","100","12","0","0","940000000","400","","","","150","100.77822185373186","100","100","20.55555555555556","95","0.625","0","0","","4.862016666666629","11.562899999997171","10.73465499999911","11.39725099999756","58.344199999999546","100","100.37583405928804","49.64429213853723","430.38247606972277","284","2.810300000004645","","","","","","100","0","0","","","100","","","","","","",""
"greedy","online","identical","106","6","ffc80b7e","complete","","explicit","proxy","{}","{""bounds"":12,""support"":157}","adapter-1.0 / planners-f6ec11d4259a","2.0.0","null","{""collision"":{""status"":""PASS"",""violations"":0,""checkedPlacements"":12,""scope"":""직육면체 기하·관측 규격 공통 검사"",""reason"":""확정 배치와 최종 적재 상태 검사""},""bounds"":{""status"":""PASS"",""violations"":0,""checkedPlacements"":12,""scope"":""직육면체 기하·관측 규격 공통 검사"",""reason"":""확정 배치와 최종 적재 상태 검사""},""height"":{""status"":""PASS"",""violations"":0,""checkedPlacements"":12,""scope"":""직육면체 기하·관측 규격 공통 검사"",""reason"":""확정 배치와 최종 적재 상태 검사""},""orientation"":{""status"":""PASS"",""violations"":0,""checkedPlacements"":12,""scope"":""직육면체 기하·관측 규격 공통 검사"",""reason"":""확정 배치와 최종 적재 상태 검사""},""load"":{""status"":""PASS"",""violations"":0,""checkedPlacements"":12,""scope"":""입력된 허용 상부하중 · 누적 정적 반력"",""reason"":""입력값 범위의 정적 검사. 실측 재료 인증 아님""},""support"":{""status"":""PASS"",""violations"":0,""checkedPlacements"":12,""scope"":""접촉·합력 작용점·정적 평형"",""reason"":""설정된 지지율·전도 여유 검사. 동적 붕괴·굽힘 파손 미검증""},""payload"":{""status"":""PASS"",""violations"":0,""checkedPlacements"":12,""scope"":""입력 가반하중 · 박스+그리퍼 질량"",""reason"":""사용자가 설정한 가반하중 한계 검사""},""robotCollision"":{""status"":""NOT VERIFIED"",""violations"":0,""checkedPlacements"":12,""scope"":""TCP·그리퍼 스윕 근사만 수행"",""reason"":""전체 로봇 링크 충돌 미검증""},""approach"":{""status"":""NOT VERIFIED"",""violations"":0,""checkedPlacements"":12,""scope"":""TCP·그리퍼 스윕 근사만 수행"",""reason"":""실제 관절 한계·역기구학·접근 자세 미검증""},""sequence"":{""status"":""NOT VERIFIED"",""violations"":0,""checkedPlacements"":12,""scope"":""TCP·그리퍼 스윕 근사만 수행"",""reason"":""실제 파지·관절 궤적·전 과정 실행 미검증""}}","16.071428571428573","100","12","0","0","940000000","400","","","","150","50.34602488997738","100","100","12.361111111111118","89.7435897435898","0.6250000000000001","0","0","","22.632408333334144","43.3917999999976","39.585689999997335","42.630577999997556","271.58890000000974","100","107.03781804388689","51.37458172852648","403.5956710392531","538","4.596499999999651","","","","","","100","0","0","","","100","","","","","","",""
"future-hybrid","online","identical","106","6","ffc80b7e","complete","","explicit","proxy","{}","{""bounds"":12,""support"":190}","adapter-1.0 / planners-f6ec11d4259a","2.0.0","null","{""collision"":{""status"":""PASS"",""violations"":0,""checkedPlacements"":12,""scope"":""직육면체 기하·관측 규격 공통 검사"",""reason"":""확정 배치와 최종 적재 상태 검사""},""bounds"":{""status"":""PASS"",""violations"":0,""checkedPlacements"":12,""scope"":""직육면체 기하·관측 규격 공통 검사"",""reason"":""확정 배치와 최종 적재 상태 검사""},""height"":{""status"":""PASS"",""violations"":0,""checkedPlacements"":12,""scope"":""직육면체 기하·관측 규격 공통 검사"",""reason"":""확정 배치와 최종 적재 상태 검사""},""orientation"":{""status"":""PASS"",""violations"":0,""checkedPlacements"":12,""scope"":""직육면체 기하·관측 규격 공통 검사"",""reason"":""확정 배치와 최종 적재 상태 검사""},""load"":{""status"":""PASS"",""violations"":0,""checkedPlacements"":12,""scope"":""입력된 허용 상부하중 · 누적 정적 반력"",""reason"":""입력값 범위의 정적 검사. 실측 재료 인증 아님""},""support"":{""status"":""PASS"",""violations"":0,""checkedPlacements"":12,""scope"":""접촉·합력 작용점·정적 평형"",""reason"":""설정된 지지율·전도 여유 검사. 동적 붕괴·굽힘 파손 미검증""},""payload"":{""status"":""PASS"",""violations"":0,""checkedPlacements"":12,""scope"":""입력 가반하중 · 박스+그리퍼 질량"",""reason"":""사용자가 설정한 가반하중 한계 검사""},""robotCollision"":{""status"":""NOT VERIFIED"",""violations"":0,""checkedPlacements"":12,""scope"":""TCP·그리퍼 스윕 근사만 수행"",""reason"":""전체 로봇 링크 충돌 미검증""},""approach"":{""status"":""NOT VERIFIED"",""violations"":0,""checkedPlacements"":12,""scope"":""TCP·그리퍼 스윕 근사만 수행"",""reason"":""실제 관절 한계·역기구학·접근 자세 미검증""},""sequence"":{""status"":""NOT VERIFIED"",""violations"":0,""checkedPlacements"":12,""scope"":""TCP·그리퍼 스윕 근사만 수행"",""reason"":""실제 파지·관절 궤적·전 과정 실행 미검증""}}","16.071428571428573","100","12","0","0","940000000","400","","","","150","0","100","100","1.3888888888888868","95","0.625","0","0","","74.13475833333298","126.91190000000643","125.88400500000171","126.70632100000549","889.6170999999958","100","108.20092680945035","50.83060242614273","399.25720854571165","538","2.3492000000042026","","","","","","100","0","0","","","100","","","","","","",""
"hrpal-inferred","online","random","106","6","74d6cbbd","partial","누적 무게중심 정적 평형 불가 · Heavy-01 / SUPPORT: 지지 조건 미달 12.9% / 필요 95.0% · CoG 지지 검사 / 무게 규칙 위반 · Wide-02 (12 kg) / SUPPORT: 지지 조건 미달 35.5% / 필요 95.0% · CoG 지지 검사 / 무게 규칙 위반 · Medium-03 (8 kg) / SUPPORT: 지지 조건 미달 29.0% / 필요 95.0% · CoG 지지 검사 / SUPPORT: 지지 조건 미달 2.8% / 필요 95.0% · CoG 지지 검사 / SUPPORT: 지지 조건 미달 3.4% / 필요 95.0% · CoG 지지 검사 / SUPPORT: 지지 조건 미달 11.0% / 필요 95.0% · CoG 지지 검사 / SUPPORT: 지지 조건 미달 59.7% / 필요 95.0% · CoG 지지 검사 / SUPPORT: 지지 조건 미달 0.0% / 필요 95.0% · CoG 지지 검사","explicit","proxy","{}","{""support"":26,""load"":17}","conventional-pattern/2","2.0.0","null","{""collision"":{""status"":""PASS"",""violations"":0,""checkedPlacements"":3,""scope"":""직육면체 기하·관측 규격 공통 검사"",""reason"":""확정 배치와 최종 적재 상태 검사""},""bounds"":{""status"":""PASS"",""violations"":0,""checkedPlacements"":3,""scope"":""직육면체 기하·관측 규격 공통 검사"",""reason"":""확정 배치와 최종 적재 상태 검사""},""height"":{""status"":""PASS"",""violations"":0,""checkedPlacements"":3,""scope"":""직육면체 기하·관측 규격 공통 검사"",""reason"":""확정 배치와 최종 적재 상태 검사""},""orientation"":{""status"":""PASS"",""violations"":0,""checkedPlacements"":3,""scope"":""직육면체 기하·관측 규격 공통 검사"",""reason"":""확정 배치와 최종 적재 상태 검사""},""load"":{""status"":""PASS"",""violations"":0,""checkedPlacements"":3,""scope"":""입력된 허용 상부하중 · 누적 정적 반력"",""reason"":""입력값 범위의 정적 검사. 실측 재료 인증 아님""},""support"":{""status"":""PASS"",""violations"":0,""checkedPlacements"":3,""scope"":""접촉·합력 작용점·정적 평형"",""reason"":""설정된 지지율·전도 여유 검사. 동적 붕괴·굽힘 파손 미검증""},""payload"":{""status"":""PASS"",""violations"":0,""checkedPlacements"":3,""scope"":""입력 가반하중 · 박스+그리퍼 질량"",""reason"":""사용자가 설정한 가반하중 한계 검사""},""robotCollision"":{""status"":""NOT VERIFIED"",""violations"":0,""checkedPlacements"":3,""scope"":""TCP·그리퍼 스윕 근사만 수행"",""reason"":""전체 로봇 링크 충돌 미검증""},""approach"":{""status"":""NOT VERIFIED"",""violations"":0,""checkedPlacements"":3,""scope"":""TCP·그리퍼 스윕 근사만 수행"",""reason"":""실제 관절 한계·역기구학·접근 자세 미검증""},""sequence"":{""status"":""NOT VERIFIED"",""violations"":0,""checkedPlacements"":3,""scope"":""TCP·그리퍼 스윕 근사만 수행"",""reason"":""실제 파지·관절 궤적·전 과정 실행 미검증""}}","6.008894375","16.666666666666668","3","15","0.250230601","1052700383","217","","","","92.57692307692308","25.174244845680967","100","100","31.417615681959383","57.2","1.125984251968504","0","0","","1.4596750000000611","1.8730999999970663","1.8382699999972827","1.8661339999971096","5.8387000000002445","75","24.851076806373158","10.953199924142552","434.58881416479693","45","0.7929999999978463","6.008894375","0","16.666666666666668","","","100","0","0","","","0","","","","","","",""
"greedy","online","random","106","6","74d6cbbd","partial","그리퍼 / 운반 접근 경로 간섭 / SUPPORT: 지지 조건 미달 36.1% / 필요 95.0% / SUPPORT: 지지 조건 미달 66.6% / 필요 95.0% / SUPPORT: 지지 조건 미달 33.5% / 필요 95.0% / SUPPORT: 지지 조건 미달 61.9% / 필요 95.0% / 누적 무게중심 정적 평형 불가 / SUPPORT: 지지 조건 미달 21.8% / 필요 95.0% / SUPPORT: 지지 조건 미달 30.8% / 필요 95.0% / SUPPORT: 지지 조건 미달 36.8% / 필요 95.0% / SUPPORT: 지지 조건 미달 6.9% / 필요 95.0% / SUPPORT: 지지 조건 미달 6.6% / 필요 95.0% / SUPPORT: 지지 조건 미달 6.3% / 필요 95.0% / SUPPORT: 지지 조건 미달 6.2% / 필요 95.0%","explicit","proxy","{}","{""support"":270,""load"":124,""robot-path"":9}","adapter-1.0 / planners-f6ec11d4259a","2.0.0","null","{""collision"":{""status"":""PASS"",""violations"":0,""checkedPlacements"":9,""scope"":""직육면체 기하·관측 규격 공통 검사"",""reason"":""확정 배치와 최종 적재 상태 검사""},""bounds"":{""status"":""PASS"",""violations"":0,""checkedPlacements"":9,""scope"":""직육면체 기하·관측 규격 공통 검사"",""reason"":""확정 배치와 최종 적재 상태 검사""},""height"":{""status"":""PASS"",""violations"":0,""checkedPlacements"":9,""scope"":""직육면체 기하·관측 규격 공통 검사"",""reason"":""확정 배치와 최종 적재 상태 검사""},""orientation"":{""status"":""PASS"",""violations"":0,""checkedPlacements"":9,""scope"":""직육면체 기하·관측 규격 공통 검사"",""reason"":""확정 배치와 최종 적재 상태 검사""},""load"":{""status"":""PASS"",""violations"":0,""checkedPlacements"":9,""scope"":""입력된 허용 상부하중 · 누적 정적 반력"",""reason"":""입력값 범위의 정적 검사. 실측 재료 인증 아님""},""support"":{""status"":""PASS"",""violations"":0,""checkedPlacements"":9,""scope"":""접촉·합력 작용점·정적 평형"",""reason"":""설정된 지지율·전도 여유 검사. 동적 붕괴·굽힘 파손 미검증""},""payload"":{""status"":""PASS"",""violations"":0,""checkedPlacements"":9,""scope"":""입력 가반하중 · 박스+그리퍼 질량"",""reason"":""사용자가 설정한 가반하중 한계 검사""},""robotCollision"":{""status"":""NOT VERIFIED"",""violations"":0,""checkedPlacements"":9,""scope"":""TCP·그리퍼 스윕 근사만 수행"",""reason"":""전체 로봇 링크 충돌 미검증""},""approach"":{""status"":""NOT VERIFIED"",""violations"":0,""checkedPlacements"":9,""scope"":""TCP·그리퍼 스윕 근사만 수행"",""reason"":""실제 관절 한계·역기구학·접근 자세 미검증""},""sequence"":{""status"":""NOT VERIFIED"",""violations"":0,""checkedPlacements"":9,""scope"":""TCP·그리퍼 스윕 근사만 수행"",""reason"":""실제 파지·관절 궤적·전 과정 실행 미검증""}}","17.287214553571427","50","9","9","0.123913415","926383197","575","","","","203.09139784946237","72.75220901949206","100","100","30.953656628251085","57.2","0.619815668202765","0","0","","86.33315999999904","168.18349999999919","166.23612499999945","167.79402499999924","863.3315999999904","90","88.3709168752443","39.89109596890881","366.63645852786595","442","1.614000000001397","17.287214553571427","0","50","","","100","0","0","","","0","","","","","","",""
"future-hybrid","online","random","106","6","74d6cbbd","complete","","explicit","proxy","{}","{""support"":215,""load"":145,""robot-path"":38}","adapter-1.0 / planners-f6ec11d4259a","2.0.0","null","{""collision"":{""status"":""PASS"",""violations"":0,""checkedPlacements"":18,""scope"":""직육면체 기하·관측 규격 공통 검사"",""reason"":""확정 배치와 최종 적재 상태 검사""},""bounds"":{""status"":""PASS"",""violations"":0,""checkedPlacements"":18,""scope"":""직육면체 기하·관측 규격 공통 검사"",""reason"":""확정 배치와 최종 적재 상태 검사""},""height"":{""status"":""PASS"",""violations"":0,""checkedPlacements"":18,""scope"":""직육면체 기하·관측 규격 공통 검사"",""reason"":""확정 배치와 최종 적재 상태 검사""},""orientation"":{""status"":""PASS"",""violations"":0,""checkedPlacements"":18,""scope"":""직육면체 기하·관측 규격 공통 검사"",""reason"":""확정 배치와 최종 적재 상태 검사""},""load"":{""status"":""PASS"",""violations"":0,""checkedPlacements"":18,""scope"":""입력된 허용 상부하중 · 누적 정적 반력"",""reason"":""입력값 범위의 정적 검사. 실측 재료 인증 아님""},""support"":{""status"":""PASS"",""violations"":0,""checkedPlacements"":18,""scope"":""접촉·합력 작용점·정적 평형"",""reason"":""설정된 지지율·전도 여유 검사. 동적 붕괴·굽힘 파손 미검증""},""payload"":{""status"":""PASS"",""violations"":0,""checkedPlacements"":18,""scope"":""입력 가반하중 · 박스+그리퍼 질량"",""reason"":""사용자가 설정한 가반하중 한계 검사""},""robotCollision"":{""status"":""NOT VERIFIED"",""violations"":0,""checkedPlacements"":18,""scope"":""TCP·그리퍼 스윕 근사만 수행"",""reason"":""전체 로봇 링크 충돌 미검증""},""approach"":{""status"":""NOT VERIFIED"",""violations"":0,""checkedPlacements"":18,""scope"":""TCP·그리퍼 스윕 근사만 수행"",""reason"":""실제 관절 한계·역기구학·접근 자세 미검증""},""sequence"":{""status"":""NOT VERIFIED"",""violations"":0,""checkedPlacements"":18,""scope"":""TCP·그리퍼 스윕 근사만 수행"",""reason"":""실제 파지·관절 궤적·전 과정 실행 미검증""}}","28.350912321428574","100","18","0","0","802469782","776","","","","248.54255319148936","22.056231608070643","99.7510115157174","95.51820728291317","7.198681526887439","52.45","0.39072847682119205","0","0","","685.2354500000001","2654.799899999998","2285.915880000002","2581.023095999998","12334.238100000002","100","178.51697282475465","85.48603233609052","362.990694804199","826","6.8923999999969965","28.350912321428574","100","100","","","100","0","0","","","100","","","","","","",""
"greedy","online","identical","107","7","d3e69a7f","complete","","explicit","proxy","{}","{""bounds"":12,""support"":157}","adapter-1.0 / planners-f6ec11d4259a","2.0.0","null","{""collision"":{""status"":""PASS"",""violations"":0,""checkedPlacements"":12,""scope"":""직육면체 기하·관측 규격 공통 검사"",""reason"":""확정 배치와 최종 적재 상태 검사""},""bounds"":{""status"":""PASS"",""violations"":0,""checkedPlacements"":12,""scope"":""직육면체 기하·관측 규격 공통 검사"",""reason"":""확정 배치와 최종 적재 상태 검사""},""height"":{""status"":""PASS"",""violations"":0,""checkedPlacements"":12,""scope"":""직육면체 기하·관측 규격 공통 검사"",""reason"":""확정 배치와 최종 적재 상태 검사""},""orientation"":{""status"":""PASS"",""violations"":0,""checkedPlacements"":12,""scope"":""직육면체 기하·관측 규격 공통 검사"",""reason"":""확정 배치와 최종 적재 상태 검사""},""load"":{""status"":""PASS"",""violations"":0,""checkedPlacements"":12,""scope"":""입력된 허용 상부하중 · 누적 정적 반력"",""reason"":""입력값 범위의 정적 검사. 실측 재료 인증 아님""},""support"":{""status"":""PASS"",""violations"":0,""checkedPlacements"":12,""scope"":""접촉·합력 작용점·정적 평형"",""reason"":""설정된 지지율·전도 여유 검사. 동적 붕괴·굽힘 파손 미검증""},""payload"":{""status"":""PASS"",""violations"":0,""checkedPlacements"":12,""scope"":""입력 가반하중 · 박스+그리퍼 질량"",""reason"":""사용자가 설정한 가반하중 한계 검사""},""robotCollision"":{""status"":""NOT VERIFIED"",""violations"":0,""checkedPlacements"":12,""scope"":""TCP·그리퍼 스윕 근사만 수행"",""reason"":""전체 로봇 링크 충돌 미검증""},""approach"":{""status"":""NOT VERIFIED"",""violations"":0,""checkedPlacements"":12,""scope"":""TCP·그리퍼 스윕 근사만 수행"",""reason"":""실제 관절 한계·역기구학·접근 자세 미검증""},""sequence"":{""status"":""NOT VERIFIED"",""violations"":0,""checkedPlacements"":12,""scope"":""TCP·그리퍼 스윕 근사만 수행"",""reason"":""실제 파지·관절 궤적·전 과정 실행 미검증""}}","16.071428571428573","100","12","0","0","940000000","400","","","","150","50.34602488997738","100","100","12.361111111111118","89.7435897435898","0.6250000000000001","0","0","","20.83573333333273","40.47559999999794","37.053719999999515","39.79122399999826","250.02879999999277","100","107.03781804388689","51.37458172852648","403.5956710392531","538","2.4571999999971013","","","","","","100","0","0","","","100","","","","","","",""
"future-hybrid","online","identical","107","7","d3e69a7f","complete","","explicit","proxy","{}","{""bounds"":12,""support"":190}","adapter-1.0 / planners-f6ec11d4259a","2.0.0","null","{""collision"":{""status"":""PASS"",""violations"":0,""checkedPlacements"":12,""scope"":""직육면체 기하·관측 규격 공통 검사"",""reason"":""확정 배치와 최종 적재 상태 검사""},""bounds"":{""status"":""PASS"",""violations"":0,""checkedPlacements"":12,""scope"":""직육면체 기하·관측 규격 공통 검사"",""reason"":""확정 배치와 최종 적재 상태 검사""},""height"":{""status"":""PASS"",""violations"":0,""checkedPlacements"":12,""scope"":""직육면체 기하·관측 규격 공통 검사"",""reason"":""확정 배치와 최종 적재 상태 검사""},""orientation"":{""status"":""PASS"",""violations"":0,""checkedPlacements"":12,""scope"":""직육면체 기하·관측 규격 공통 검사"",""reason"":""확정 배치와 최종 적재 상태 검사""},""load"":{""status"":""PASS"",""violations"":0,""checkedPlacements"":12,""scope"":""입력된 허용 상부하중 · 누적 정적 반력"",""reason"":""입력값 범위의 정적 검사. 실측 재료 인증 아님""},""support"":{""status"":""PASS"",""violations"":0,""checkedPlacements"":12,""scope"":""접촉·합력 작용점·정적 평형"",""reason"":""설정된 지지율·전도 여유 검사. 동적 붕괴·굽힘 파손 미검증""},""payload"":{""status"":""PASS"",""violations"":0,""checkedPlacements"":12,""scope"":""입력 가반하중 · 박스+그리퍼 질량"",""reason"":""사용자가 설정한 가반하중 한계 검사""},""robotCollision"":{""status"":""NOT VERIFIED"",""violations"":0,""checkedPlacements"":12,""scope"":""TCP·그리퍼 스윕 근사만 수행"",""reason"":""전체 로봇 링크 충돌 미검증""},""approach"":{""status"":""NOT VERIFIED"",""violations"":0,""checkedPlacements"":12,""scope"":""TCP·그리퍼 스윕 근사만 수행"",""reason"":""실제 관절 한계·역기구학·접근 자세 미검증""},""sequence"":{""status"":""NOT VERIFIED"",""violations"":0,""checkedPlacements"":12,""scope"":""TCP·그리퍼 스윕 근사만 수행"",""reason"":""실제 파지·관절 궤적·전 과정 실행 미검증""}}","16.071428571428573","100","12","0","0","940000000","400","","","","150","0","100","100","1.3888888888888868","95","0.625","0","0","","77.83999166666642","131.94570000000385","126.95731000000123","130.94802200000333","934.079899999997","100","108.20092680945035","50.83060242614273","399.25720854571165","538","3.4804999999978463","","","","","","100","0","0","","","100","","","","","","",""
"hrpal-inferred","online","identical","107","7","d3e69a7f","complete","","explicit","proxy","{}","{""support"":123}","conventional-pattern/2","2.0.0","null","{""collision"":{""status"":""PASS"",""violations"":0,""checkedPlacements"":12,""scope"":""직육면체 기하·관측 규격 공통 검사"",""reason"":""확정 배치와 최종 적재 상태 검사""},""bounds"":{""status"":""PASS"",""violations"":0,""checkedPlacements"":12,""scope"":""직육면체 기하·관측 규격 공통 검사"",""reason"":""확정 배치와 최종 적재 상태 검사""},""height"":{""status"":""PASS"",""violations"":0,""checkedPlacements"":12,""scope"":""직육면체 기하·관측 규격 공통 검사"",""reason"":""확정 배치와 최종 적재 상태 검사""},""orientation"":{""status"":""PASS"",""violations"":0,""checkedPlacements"":12,""scope"":""직육면체 기하·관측 규격 공통 검사"",""reason"":""확정 배치와 최종 적재 상태 검사""},""load"":{""status"":""PASS"",""violations"":0,""checkedPlacements"":12,""scope"":""입력된 허용 상부하중 · 누적 정적 반력"",""reason"":""입력값 범위의 정적 검사. 실측 재료 인증 아님""},""support"":{""status"":""PASS"",""violations"":0,""checkedPlacements"":12,""scope"":""접촉·합력 작용점·정적 평형"",""reason"":""설정된 지지율·전도 여유 검사. 동적 붕괴·굽힘 파손 미검증""},""payload"":{""status"":""PASS"",""violations"":0,""checkedPlacements"":12,""scope"":""입력 가반하중 · 박스+그리퍼 질량"",""reason"":""사용자가 설정한 가반하중 한계 검사""},""robotCollision"":{""status"":""NOT VERIFIED"",""violations"":0,""checkedPlacements"":12,""scope"":""TCP·그리퍼 스윕 근사만 수행"",""reason"":""전체 로봇 링크 충돌 미검증""},""approach"":{""status"":""NOT VERIFIED"",""violations"":0,""checkedPlacements"":12,""scope"":""TCP·그리퍼 스윕 근사만 수행"",""reason"":""실제 관절 한계·역기구학·접근 자세 미검증""},""sequence"":{""status"":""NOT VERIFIED"",""violations"":0,""checkedPlacements"":12,""scope"":""TCP·그리퍼 스윕 근사만 수행"",""reason"":""실제 파지·관절 궤적·전 과정 실행 미검증""}}","16.071428571428573","100","12","0","0","940000000","400","","","","150","100.77822185373186","100","100","20.55555555555556","95","0.625","0","0","","4.862616666667236","11.02100000000064","10.9279950000011","11.002399000000732","58.351400000006834","100","100.37583405928804","49.64429213853723","430.38247606972277","284","3.4424999999973807","","","","","","100","0","0","","","100","","","","","","",""
"greedy","online","random","107","7","85a2ecd8","partial","누적 무게중심 정적 평형 불가 / SUPPORT: 지지 조건 미달 46.2% / 필요 95.0% / 무게 규칙 위반 / SUPPORT: 지지 조건 미달 61.0% / 필요 95.0% / SUPPORT: 지지 조건 미달 44.4% / 필요 95.0% / SUPPORT: 지지 조건 미달 57.6% / 필요 95.0% / SUPPORT: 지지 조건 미달 30.0% / 필요 95.0% / SUPPORT: 지지 조건 미달 38.6% / 필요 95.0% / SUPPORT: 지지 조건 미달 48.8% / 필요 95.0% / SUPPORT: 지지 조건 미달 31.9% / 필요 95.0% / SUPPORT: 지지 조건 미달 34.0% / 필요 95.0% / SUPPORT: 지지 조건 미달 27.7% / 필요 95.0% / SUPPORT: 지지 조건 미달 26.0% / 필요 95.0% / SUPPORT: 지지 조건 미달 12.0% / 필요 95.0% / SUPPORT: 지지 조건 미달 39.8% / 필요 95.0% / SUPPORT: 지지 조건 미달 30.7% / 필요 95.0% / SUPPORT: 지지 조건 미달 25.0% / 필요 95.0% / SUPPORT: 지지 조건 미달 28.5% / 필요 95.0% / SUPPORT: 지지 조건 미달 23.2% / 필요 95.0% / SUPPORT: 지지 조건 미달 22.4% / 필요 95.0% / SUPPORT: 지지 조건 미달 18.3% / 필요 95.0%","explicit","proxy","{}","{""protocol"":10,""support"":56,""load"":56}","adapter-1.0 / planners-f6ec11d4259a","2.0.0","null","{""collision"":{""status"":""PASS"",""violations"":0,""checkedPlacements"":5,""scope"":""직육면체 기하·관측 규격 공통 검사"",""reason"":""확정 배치와 최종 적재 상태 검사""},""bounds"":{""status"":""PASS"",""violations"":0,""checkedPlacements"":5,""scope"":""직육면체 기하·관측 규격 공통 검사"",""reason"":""확정 배치와 최종 적재 상태 검사""},""height"":{""status"":""PASS"",""violations"":0,""checkedPlacements"":5,""scope"":""직육면체 기하·관측 규격 공통 검사"",""reason"":""확정 배치와 최종 적재 상태 검사""},""orientation"":{""status"":""PASS"",""violations"":0,""checkedPlacements"":5,""scope"":""직육면체 기하·관측 규격 공통 검사"",""reason"":""확정 배치와 최종 적재 상태 검사""},""load"":{""status"":""PASS"",""violations"":0,""checkedPlacements"":5,""scope"":""입력된 허용 상부하중 · 누적 정적 반력"",""reason"":""입력값 범위의 정적 검사. 실측 재료 인증 아님""},""support"":{""status"":""PASS"",""violations"":0,""checkedPlacements"":5,""scope"":""접촉·합력 작용점·정적 평형"",""reason"":""설정된 지지율·전도 여유 검사. 동적 붕괴·굽힘 파손 미검증""},""payload"":{""status"":""PASS"",""violations"":0,""checkedPlacements"":5,""scope"":""입력 가반하중 · 박스+그리퍼 질량"",""reason"":""사용자가 설정한 가반하중 한계 검사""},""robotCollision"":{""status"":""NOT VERIFIED"",""violations"":0,""checkedPlacements"":5,""scope"":""TCP·그리퍼 스윕 근사만 수행"",""reason"":""전체 로봇 링크 충돌 미검증""},""approach"":{""status"":""NOT VERIFIED"",""violations"":0,""checkedPlacements"":5,""scope"":""TCP·그리퍼 스윕 근사만 수행"",""reason"":""실제 관절 한계·역기구학·접근 자세 미검증""},""sequence"":{""status"":""NOT VERIFIED"",""violations"":0,""checkedPlacements"":5,""scope"":""TCP·그리퍼 스윕 근사만 수행"",""reason"":""실제 파지·관절 궤적·전 과정 실행 미검증""}}","5.767745446428572","27.77777777777778","5","13","0.252931469","1055401251","217","","","","96.08333333333333","44.66477180371325","100","100","27.82411486483524","70.8","1.1721854304635762","0","0","","62.592983333332086","120.39080000000104","112.19817499999954","118.75227500000074","375.5578999999925","83.33333333333333","51.93809045475983","24.009758795593886","346.56645714918466","270","0.9481999999989057","5.767745446428572","0","27.77777777777778","","","100","0","0","","","0","","","","","","",""
"future-hybrid","online","random","107","7","85a2ecd8","partial","SUPPORT: 지지 조건 미달 29.4% / 필요 95.0% / 무게 규칙 위반 / 누적 무게중심 정적 평형 불가 / SUPPORT: 지지 조건 미달 26.5% / 필요 95.0% / SUPPORT: 지지 조건 미달 10.9% / 필요 95.0% / SUPPORT: 지지 조건 미달 9.8% / 필요 95.0% / SUPPORT: 지지 조건 미달 22.3% / 필요 95.0% / SUPPORT: 지지 조건 미달 15.1% / 필요 95.0% / SUPPORT: 지지 조건 미달 12.0% / 필요 95.0% / SUPPORT: 지지 조건 미달 18.7% / 필요 95.0% / SUPPORT: 지지 조건 미달 16.0% / 필요 95.0% / SUPPORT: 지지 조건 미달 22.0% / 필요 95.0% / SUPPORT: 지지 조건 미달 14.9% / 필요 95.0% / SUPPORT: 지지 조건 미달 11.8% / 필요 95.0% / SUPPORT: 지지 조건 미달 18.4% / 필요 95.0% / SUPPORT: 지지 조건 미달 21.9% / 필요 95.0% / SUPPORT: 지지 조건 미달 17.9% / 필요 95.0% / SUPPORT: 지지 조건 미달 14.1% / 필요 95.0% / SUPPORT: 지지 조건 미달 16.8% / 필요 95.0% / SUPPORT: 지지 조건 미달 14.3% / 필요 95.0% / SUPPORT: 지지 조건 미달 9.7% / 필요 95.0% / SUPPORT: 지지 조건 미달 6.6% / 필요 95.0% / SUPPORT: 지지 조건 미달 10.3% / 필요 95.0% / SUPPORT: 지지 조건 미달 12.2% / 필요 95.0% / SUPPORT: 지지 조건 미달 5.5% / 필요 95.0% / SUPPORT: 지지 조건 미달 3.7% / 필요 95.0% / SUPPORT: 지지 조건 미달 0.6% / 필요 95.0% / SUPPORT: 지지 조건 미달 1.0% / 필요 95.0% / SUPPORT: 지지 조건 미달 1.1% / 필요 95.0% / SUPPORT: 지지 조건 미달 47.1% / 필요 95.0% / SUPPORT: 지지 조건 미달 52.9% / 필요 95.0% / SUPPORT: 지지 조건 미달 42.2% / 필요 95.0% / SUPPORT: 지지 조건 미달 29.5% / 필요 95.0% / SUPPORT: 지지 조건 미달 5.0% / 필요 95.0% / SUPPORT: 지지 조건 미달 46.7% / 필요 95.0% / SUPPORT: 지지 조건 미달 29.2% / 필요 95.0%","explicit","proxy","{}","{""protocol"":10,""bounds"":18,""support"":94,""load"":94,""robot-path"":28}","adapter-1.0 / planners-f6ec11d4259a","2.0.0","null","{""collision"":{""status"":""PASS"",""violations"":0,""checkedPlacements"":6,""scope"":""직육면체 기하·관측 규격 공통 검사"",""reason"":""확정 배치와 최종 적재 상태 검사""},""bounds"":{""status"":""PASS"",""violations"":0,""checkedPlacements"":6,""scope"":""직육면체 기하·관측 규격 공통 검사"",""reason"":""확정 배치와 최종 적재 상태 검사""},""height"":{""status"":""PASS"",""violations"":0,""checkedPlacements"":6,""scope"":""직육면체 기하·관측 규격 공통 검사"",""reason"":""확정 배치와 최종 적재 상태 검사""},""orientation"":{""status"":""PASS"",""violations"":0,""checkedPlacements"":6,""scope"":""직육면체 기하·관측 규격 공통 검사"",""reason"":""확정 배치와 최종 적재 상태 검사""},""load"":{""status"":""PASS"",""violations"":0,""checkedPlacements"":6,""scope"":""입력된 허용 상부하중 · 누적 정적 반력"",""reason"":""입력값 범위의 정적 검사. 실측 재료 인증 아님""},""support"":{""status"":""PASS"",""violations"":0,""checkedPlacements"":6,""scope"":""접촉·합력 작용점·정적 평형"",""reason"":""설정된 지지율·전도 여유 검사. 동적 붕괴·굽힘 파손 미검증""},""payload"":{""status"":""PASS"",""violations"":0,""checkedPlacements"":6,""scope"":""입력 가반하중 · 박스+그리퍼 질량"",""reason"":""사용자가 설정한 가반하중 한계 검사""},""robotCollision"":{""status"":""NOT VERIFIED"",""violations"":0,""checkedPlacements"":6,""scope"":""TCP·그리퍼 스윕 근사만 수행"",""reason"":""전체 로봇 링크 충돌 미검증""},""approach"":{""status"":""NOT VERIFIED"",""violations"":0,""checkedPlacements"":6,""scope"":""TCP·그리퍼 스윕 근사만 수행"",""reason"":""실제 관절 한계·역기구학·접근 자세 미검증""},""sequence"":{""status"":""NOT VERIFIED"",""violations"":0,""checkedPlacements"":6,""scope"":""TCP·그리퍼 스윕 근사만 수행"",""reason"":""실제 파지·관절 궤적·전 과정 실행 미검증""}}","6.953075","33.333333333333336","6","12","0.239655778","1042125560","217","","","","89.56666666666666","113.33567154450732","100","100","31.759530791788855","57.2","1.125984251968504","0","0","","120.34064285714496","275.75680000000284","237.55501000000285","268.1164420000028","842.3845000000147","85.71428571428571","58.58798724044025","27.032191706286163","368.67625971439145","318","0.770700000000943","6.953075","0","33.333333333333336","","","100","0","0","","","0","","","","","","",""
"hrpal-inferred","online","random","107","7","85a2ecd8","no-placement","세로 박스 주변 높이 부족 · 가까운 눕힌 적재를 먼저 쌓아야 함","explicit","proxy","{}","{""protocol"":31}","conventional-pattern/2","2.0.0","null","{""collision"":{""status"":""NOT VERIFIED"",""violations"":0,""checkedPlacements"":0,""scope"":""직육면체 기하·관측 규격 공통 검사"",""reason"":""검증할 확정 배치 없음""},""bounds"":{""status"":""NOT VERIFIED"",""violations"":0,""checkedPlacements"":0,""scope"":""직육면체 기하·관측 규격 공통 검사"",""reason"":""검증할 확정 배치 없음""},""height"":{""status"":""NOT VERIFIED"",""violations"":0,""checkedPlacements"":0,""scope"":""직육면체 기하·관측 규격 공통 검사"",""reason"":""검증할 확정 배치 없음""},""orientation"":{""status"":""NOT VERIFIED"",""violations"":0,""checkedPlacements"":0,""scope"":""직육면체 기하·관측 규격 공통 검사"",""reason"":""검증할 확정 배치 없음""},""load"":{""status"":""NOT VERIFIED"",""violations"":0,""checkedPlacements"":0,""scope"":""입력된 허용 상부하중 · 누적 정적 반력"",""reason"":""검증할 확정 배치 없음""},""support"":{""status"":""NOT VERIFIED"",""violations"":0,""checkedPlacements"":0,""scope"":""접촉·합력 작용점·정적 평형"",""reason"":""검증할 확정 배치 없음""},""payload"":{""status"":""NOT VERIFIED"",""violations"":0,""checkedPlacements"":0,""scope"":""입력 가반하중 · 박스+그리퍼 질량"",""reason"":""검증할 확정 배치 없음""},""robotCollision"":{""status"":""NOT VERIFIED"",""violations"":0,""checkedPlacements"":0,""scope"":""TCP·그리퍼 스윕 근사만 수행"",""reason"":""검증할 확정 배치 없음""},""approach"":{""status"":""NOT VERIFIED"",""violations"":0,""checkedPlacements"":0,""scope"":""TCP·그리퍼 스윕 근사만 수행"",""reason"":""검증할 확정 배치 없음""},""sequence"":{""status"":""NOT VERIFIED"",""violations"":0,""checkedPlacements"":0,""scope"":""TCP·그리퍼 스윕 근사만 수행"",""reason"":""검증할 확정 배치 없음""}}","0","0","0","18","0.317530218","1120000000","","","","","","","","","","","","0","0","","2.7718999999997322","2.7718999999997322","2.7718999999997322","2.7718999999997322","2.7718999999997322","0","","","","31","0.06729999999515712","0","0","0","","","","0","0","","","0","","","","","","",""
"future-hybrid","online","identical","108","8","bc92ae4c","complete","","explicit","proxy","{}","{""bounds"":12,""support"":190}","adapter-1.0 / planners-f6ec11d4259a","2.0.0","null","{""collision"":{""status"":""PASS"",""violations"":0,""checkedPlacements"":12,""scope"":""직육면체 기하·관측 규격 공통 검사"",""reason"":""확정 배치와 최종 적재 상태 검사""},""bounds"":{""status"":""PASS"",""violations"":0,""checkedPlacements"":12,""scope"":""직육면체 기하·관측 규격 공통 검사"",""reason"":""확정 배치와 최종 적재 상태 검사""},""height"":{""status"":""PASS"",""violations"":0,""checkedPlacements"":12,""scope"":""직육면체 기하·관측 규격 공통 검사"",""reason"":""확정 배치와 최종 적재 상태 검사""},""orientation"":{""status"":""PASS"",""violations"":0,""checkedPlacements"":12,""scope"":""직육면체 기하·관측 규격 공통 검사"",""reason"":""확정 배치와 최종 적재 상태 검사""},""load"":{""status"":""PASS"",""violations"":0,""checkedPlacements"":12,""scope"":""입력된 허용 상부하중 · 누적 정적 반력"",""reason"":""입력값 범위의 정적 검사. 실측 재료 인증 아님""},""support"":{""status"":""PASS"",""violations"":0,""checkedPlacements"":12,""scope"":""접촉·합력 작용점·정적 평형"",""reason"":""설정된 지지율·전도 여유 검사. 동적 붕괴·굽힘 파손 미검증""},""payload"":{""status"":""PASS"",""violations"":0,""checkedPlacements"":12,""scope"":""입력 가반하중 · 박스+그리퍼 질량"",""reason"":""사용자가 설정한 가반하중 한계 검사""},""robotCollision"":{""status"":""NOT VERIFIED"",""violations"":0,""checkedPlacements"":12,""scope"":""TCP·그리퍼 스윕 근사만 수행"",""reason"":""전체 로봇 링크 충돌 미검증""},""approach"":{""status"":""NOT VERIFIED"",""violations"":0,""checkedPlacements"":12,""scope"":""TCP·그리퍼 스윕 근사만 수행"",""reason"":""실제 관절 한계·역기구학·접근 자세 미검증""},""sequence"":{""status"":""NOT VERIFIED"",""violations"":0,""checkedPlacements"":12,""scope"":""TCP·그리퍼 스윕 근사만 수행"",""reason"":""실제 파지·관절 궤적·전 과정 실행 미검증""}}","16.071428571428573","100","12","0","0","940000000","400","","","","150","0","100","100","1.3888888888888868","95","0.625","0","0","","68.31086666666609","148.12689999999566","138.06250499999877","146.11402099999628","819.7303999999931","100","108.20092680945035","50.83060242614273","399.25720854571165","538","3.0626000000047497","","","","","","100","0","0","","","100","","","","","","",""
"hrpal-inferred","online","identical","108","8","bc92ae4c","complete","","explicit","proxy","{}","{""support"":123}","conventional-pattern/2","2.0.0","null","{""collision"":{""status"":""PASS"",""violations"":0,""checkedPlacements"":12,""scope"":""직육면체 기하·관측 규격 공통 검사"",""reason"":""확정 배치와 최종 적재 상태 검사""},""bounds"":{""status"":""PASS"",""violations"":0,""checkedPlacements"":12,""scope"":""직육면체 기하·관측 규격 공통 검사"",""reason"":""확정 배치와 최종 적재 상태 검사""},""height"":{""status"":""PASS"",""violations"":0,""checkedPlacements"":12,""scope"":""직육면체 기하·관측 규격 공통 검사"",""reason"":""확정 배치와 최종 적재 상태 검사""},""orientation"":{""status"":""PASS"",""violations"":0,""checkedPlacements"":12,""scope"":""직육면체 기하·관측 규격 공통 검사"",""reason"":""확정 배치와 최종 적재 상태 검사""},""load"":{""status"":""PASS"",""violations"":0,""checkedPlacements"":12,""scope"":""입력된 허용 상부하중 · 누적 정적 반력"",""reason"":""입력값 범위의 정적 검사. 실측 재료 인증 아님""},""support"":{""status"":""PASS"",""violations"":0,""checkedPlacements"":12,""scope"":""접촉·합력 작용점·정적 평형"",""reason"":""설정된 지지율·전도 여유 검사. 동적 붕괴·굽힘 파손 미검증""},""payload"":{""status"":""PASS"",""violations"":0,""checkedPlacements"":12,""scope"":""입력 가반하중 · 박스+그리퍼 질량"",""reason"":""사용자가 설정한 가반하중 한계 검사""},""robotCollision"":{""status"":""NOT VERIFIED"",""violations"":0,""checkedPlacements"":12,""scope"":""TCP·그리퍼 스윕 근사만 수행"",""reason"":""전체 로봇 링크 충돌 미검증""},""approach"":{""status"":""NOT VERIFIED"",""violations"":0,""checkedPlacements"":12,""scope"":""TCP·그리퍼 스윕 근사만 수행"",""reason"":""실제 관절 한계·역기구학·접근 자세 미검증""},""sequence"":{""status"":""NOT VERIFIED"",""violations"":0,""checkedPlacements"":12,""scope"":""TCP·그리퍼 스윕 근사만 수행"",""reason"":""실제 파지·관절 궤적·전 과정 실행 미검증""}}","16.071428571428573","100","12","0","0","940000000","400","","","","150","100.77822185373186","100","100","20.55555555555556","95","0.625","0","0","","3.9472916666660844","7.497300000002724","6.8527550000020705","7.368391000002594","47.367499999993015","100","100.37583405928804","49.64429213853723","430.38247606972277","284","2.3202000000019325","","","","","","100","0","0","","","100","","","","","","",""
"greedy","online","identical","108","8","bc92ae4c","complete","","explicit","proxy","{}","{""bounds"":12,""support"":157}","adapter-1.0 / planners-f6ec11d4259a","2.0.0","null","{""collision"":{""status"":""PASS"",""violations"":0,""checkedPlacements"":12,""scope"":""직육면체 기하·관측 규격 공통 검사"",""reason"":""확정 배치와 최종 적재 상태 검사""},""bounds"":{""status"":""PASS"",""violations"":0,""checkedPlacements"":12,""scope"":""직육면체 기하·관측 규격 공통 검사"",""reason"":""확정 배치와 최종 적재 상태 검사""},""height"":{""status"":""PASS"",""violations"":0,""checkedPlacements"":12,""scope"":""직육면체 기하·관측 규격 공통 검사"",""reason"":""확정 배치와 최종 적재 상태 검사""},""orientation"":{""status"":""PASS"",""violations"":0,""checkedPlacements"":12,""scope"":""직육면체 기하·관측 규격 공통 검사"",""reason"":""확정 배치와 최종 적재 상태 검사""},""load"":{""status"":""PASS"",""violations"":0,""checkedPlacements"":12,""scope"":""입력된 허용 상부하중 · 누적 정적 반력"",""reason"":""입력값 범위의 정적 검사. 실측 재료 인증 아님""},""support"":{""status"":""PASS"",""violations"":0,""checkedPlacements"":12,""scope"":""접촉·합력 작용점·정적 평형"",""reason"":""설정된 지지율·전도 여유 검사. 동적 붕괴·굽힘 파손 미검증""},""payload"":{""status"":""PASS"",""violations"":0,""checkedPlacements"":12,""scope"":""입력 가반하중 · 박스+그리퍼 질량"",""reason"":""사용자가 설정한 가반하중 한계 검사""},""robotCollision"":{""status"":""NOT VERIFIED"",""violations"":0,""checkedPlacements"":12,""scope"":""TCP·그리퍼 스윕 근사만 수행"",""reason"":""전체 로봇 링크 충돌 미검증""},""approach"":{""status"":""NOT VERIFIED"",""violations"":0,""checkedPlacements"":12,""scope"":""TCP·그리퍼 스윕 근사만 수행"",""reason"":""실제 관절 한계·역기구학·접근 자세 미검증""},""sequence"":{""status"":""NOT VERIFIED"",""violations"":0,""checkedPlacements"":12,""scope"":""TCP·그리퍼 스윕 근사만 수행"",""reason"":""실제 파지·관절 궤적·전 과정 실행 미검증""}}","16.071428571428573","100","12","0","0","940000000","400","","","","150","50.34602488997738","100","100","12.361111111111118","89.7435897435898","0.6250000000000001","0","0","","20.85155833333374","39.435199999999895","36.42306999999891","38.8327739999997","250.2187000000049","100","107.03781804388689","51.37458172852648","403.5956710392531","538","5.363100000002305","","","","","","100","0","0","","","100","","","","","","",""
"future-hybrid","online","random","108","8","5e67a697","partial","SUPPORT: 지지 조건 미달 67.0% / 필요 95.0% / 무게 규칙 위반 / SUPPORT: 지지 조건 미달 53.6% / 필요 95.0% / SUPPORT: 지지 조건 미달 43.1% / 필요 95.0% / 누적 무게중심 정적 평형 불가 / SUPPORT: 지지 조건 미달 37.9% / 필요 95.0% / SUPPORT: 지지 조건 미달 25.5% / 필요 95.0% / SUPPORT: 지지 조건 미달 44.7% / 필요 95.0% / SUPPORT: 지지 조건 미달 36.3% / 필요 95.0% / SUPPORT: 지지 조건 미달 61.9% / 필요 95.0% / SUPPORT: 지지 조건 미달 49.3% / 필요 95.0% / SUPPORT: 지지 조건 미달 38.8% / 필요 95.0% / SUPPORT: 지지 조건 미달 33.7% / 필요 95.0% / SUPPORT: 지지 조건 미달 39.6% / 필요 95.0% / SUPPORT: 지지 조건 미달 19.2% / 필요 95.0% / SUPPORT: 지지 조건 미달 27.3% / 필요 95.0% / SUPPORT: 지지 조건 미달 1.9% / 필요 95.0% / SUPPORT: 지지 조건 미달 2.3% / 필요 95.0% / SUPPORT: 지지 조건 미달 18.3% / 필요 95.0% / SUPPORT: 지지 조건 미달 13.4% / 필요 95.0% / SUPPORT: 지지 조건 미달 7.1% / 필요 95.0% / SUPPORT: 지지 조건 미달 5.2% / 필요 95.0% / SUPPORT: 지지 조건 미달 2.5% / 필요 95.0% / SUPPORT: 지지 조건 미달 0.9% / 필요 95.0% / SUPPORT: 지지 조건 미달 26.0% / 필요 95.0% / SUPPORT: 지지 조건 미달 19.1% / 필요 95.0% / SUPPORT: 지지 조건 미달 10.0% / 필요 95.0% / SUPPORT: 지지 조건 미달 7.4% / 필요 95.0% / SUPPORT: 지지 조건 미달 3.5% / 필요 95.0% / SUPPORT: 지지 조건 미달 1.3% / 필요 95.0% / SUPPORT: 지지 조건 미달 20.4% / 필요 95.0% / SUPPORT: 지지 조건 미달 11.6% / 필요 95.0%","explicit","proxy","{}","{""bounds"":44,""support"":110,""load"":66,""robot-path"":2}","adapter-1.0 / planners-f6ec11d4259a","2.0.0","null","{""collision"":{""status"":""PASS"",""violations"":0,""checkedPlacements"":8,""scope"":""직육면체 기하·관측 규격 공통 검사"",""reason"":""확정 배치와 최종 적재 상태 검사""},""bounds"":{""status"":""PASS"",""violations"":0,""checkedPlacements"":8,""scope"":""직육면체 기하·관측 규격 공통 검사"",""reason"":""확정 배치와 최종 적재 상태 검사""},""height"":{""status"":""PASS"",""violations"":0,""checkedPlacements"":8,""scope"":""직육면체 기하·관측 규격 공통 검사"",""reason"":""확정 배치와 최종 적재 상태 검사""},""orientation"":{""status"":""PASS"",""violations"":0,""checkedPlacements"":8,""scope"":""직육면체 기하·관측 규격 공통 검사"",""reason"":""확정 배치와 최종 적재 상태 검사""},""load"":{""status"":""PASS"",""violations"":0,""checkedPlacements"":8,""scope"":""입력된 허용 상부하중 · 누적 정적 반력"",""reason"":""입력값 범위의 정적 검사. 실측 재료 인증 아님""},""support"":{""status"":""PASS"",""violations"":0,""checkedPlacements"":8,""scope"":""접촉·합력 작용점·정적 평형"",""reason"":""설정된 지지율·전도 여유 검사. 동적 붕괴·굽힘 파손 미검증""},""payload"":{""status"":""PASS"",""violations"":0,""checkedPlacements"":8,""scope"":""입력 가반하중 · 박스+그리퍼 질량"",""reason"":""사용자가 설정한 가반하중 한계 검사""},""robotCollision"":{""status"":""NOT VERIFIED"",""violations"":0,""checkedPlacements"":8,""scope"":""TCP·그리퍼 스윕 근사만 수행"",""reason"":""전체 로봇 링크 충돌 미검증""},""approach"":{""status"":""NOT VERIFIED"",""violations"":0,""checkedPlacements"":8,""scope"":""TCP·그리퍼 스윕 근사만 수행"",""reason"":""실제 관절 한계·역기구학·접근 자세 미검증""},""sequence"":{""status"":""NOT VERIFIED"",""violations"":0,""checkedPlacements"":8,""scope"":""TCP·그리퍼 스윕 근사만 수행"",""reason"":""실제 파지·관절 궤적·전 과정 실행 미검증""}}","7.696023392857143","44.44444444444444","8","10","0.231334756","1033804538","217","","","","84.94680851063829","84.21010096521799","100","100","19.715291596510024","57.2","1.125984251968504","0","0","","176.74422222222267","433.66300000000047","412.6950400000001","429.4694080000004","1590.698000000004","88.88888888888889","66.75302897168368","32.339468831594395","431.4410962866842","389","1.6203000000023167","7.696023392857143","0","44.44444444444444","","","100","0","0","","","0","","","","","","",""
"hrpal-inferred","online","random","108","8","5e67a697","partial","SUPPORT: 지지 조건 미달 42.5% / 필요 95.0% · CoG 지지 검사 / SUPPORT: 지지 조건 미달 39.0% / 필요 95.0% · CoG 지지 검사 / SUPPORT: 지지 조건 미달 57.0% / 필요 95.0% · CoG 지지 검사 / 누적 무게중심 정적 평형 불가 · Long-01 / SUPPORT: 지지 조건 미달 19.9% / 필요 95.0% · CoG 지지 검사 / SUPPORT: 지지 조건 미달 0.0% / 필요 95.0% · CoG 지지 검사 / SUPPORT: 지지 조건 미달 11.1% / 필요 95.0% · CoG 지지 검사 / SUPPORT: 지지 조건 미달 46.6% / 필요 95.0% · CoG 지지 검사 / SUPPORT: 지지 조건 미달 30.0% / 필요 95.0% · CoG 지지 검사 / SUPPORT: 지지 조건 미달 26.4% / 필요 95.0% · CoG 지지 검사 / SUPPORT: 지지 조건 미달 10.2% / 필요 95.0% · CoG 지지 검사","explicit","proxy","{}","{""support"":91,""load"":10}","conventional-pattern/2","2.0.0","null","{""collision"":{""status"":""PASS"",""violations"":0,""checkedPlacements"":5,""scope"":""직육면체 기하·관측 규격 공통 검사"",""reason"":""확정 배치와 최종 적재 상태 검사""},""bounds"":{""status"":""PASS"",""violations"":0,""checkedPlacements"":5,""scope"":""직육면체 기하·관측 규격 공통 검사"",""reason"":""확정 배치와 최종 적재 상태 검사""},""height"":{""status"":""PASS"",""violations"":0,""checkedPlacements"":5,""scope"":""직육면체 기하·관측 규격 공통 검사"",""reason"":""확정 배치와 최종 적재 상태 검사""},""orientation"":{""status"":""PASS"",""violations"":0,""checkedPlacements"":5,""scope"":""직육면체 기하·관측 규격 공통 검사"",""reason"":""확정 배치와 최종 적재 상태 검사""},""load"":{""status"":""PASS"",""violations"":0,""checkedPlacements"":5,""scope"":""입력된 허용 상부하중 · 누적 정적 반력"",""reason"":""입력값 범위의 정적 검사. 실측 재료 인증 아님""},""support"":{""status"":""PASS"",""violations"":0,""checkedPlacements"":5,""scope"":""접촉·합력 작용점·정적 평형"",""reason"":""설정된 지지율·전도 여유 검사. 동적 붕괴·굽힘 파손 미검증""},""payload"":{""status"":""PASS"",""violations"":0,""checkedPlacements"":5,""scope"":""입력 가반하중 · 박스+그리퍼 질량"",""reason"":""사용자가 설정한 가반하중 한계 검사""},""robotCollision"":{""status"":""NOT VERIFIED"",""violations"":0,""checkedPlacements"":5,""scope"":""TCP·그리퍼 스윕 근사만 수행"",""reason"":""전체 로봇 링크 충돌 미검증""},""approach"":{""status"":""NOT VERIFIED"",""violations"":0,""checkedPlacements"":5,""scope"":""TCP·그리퍼 스윕 근사만 수행"",""reason"":""실제 관절 한계·역기구학·접근 자세 미검증""},""sequence"":{""status"":""NOT VERIFIED"",""violations"":0,""checkedPlacements"":5,""scope"":""TCP·그리퍼 스윕 근사만 수행"",""reason"":""실제 파지·관절 궤적·전 과정 실행 미검증""}}","5.4463865178571425","27.77777777777778","5","13","0.256530689","1059000471","217","","","","90.24285714285715","167.47554801723584","100","100","33.43959067673194","70.8","1.1721854304635762","0","0","","3.4334166666655315","7.035100000000966","6.363774999999805","6.900835000000734","20.60049999999319","83.33333333333333","40.66702957913701","19.28356922643906","442.61900085356507","170","0.8194999999977881","5.4463865178571425","0","27.77777777777778","","","100","0","0","","","0","","","","","","",""
"greedy","online","random","108","8","5e67a697","partial","누적 무게중심 정적 평형 불가 / SUPPORT: 지지 조건 미달 38.1% / 필요 95.0% / 무게 규칙 위반 / SUPPORT: 지지 조건 미달 44.5% / 필요 95.0% / SUPPORT: 지지 조건 미달 38.2% / 필요 95.0% / SUPPORT: 지지 조건 미달 44.7% / 필요 95.0% / SUPPORT: 지지 조건 미달 26.6% / 필요 95.0% / SUPPORT: 지지 조건 미달 31.0% / 필요 95.0% / SUPPORT: 지지 조건 미달 21.2% / 필요 95.0% / SUPPORT: 지지 조건 미달 24.7% / 필요 95.0% / SUPPORT: 지지 조건 미달 21.0% / 필요 95.0% / SUPPORT: 지지 조건 미달 24.5% / 필요 95.0% / SUPPORT: 지지 조건 미달 19.1% / 필요 95.0% / SUPPORT: 지지 조건 미달 22.3% / 필요 95.0% / SUPPORT: 지지 조건 미달 37.4% / 필요 95.0% / SUPPORT: 지지 조건 미달 15.2% / 필요 95.0% / SUPPORT: 지지 조건 미달 17.7% / 필요 95.0% / SUPPORT: 지지 조건 미달 62.4% / 필요 95.0% / SUPPORT: 지지 조건 미달 41.3% / 필요 95.0% / SUPPORT: 지지 조건 미달 55.0% / 필요 95.0% / SUPPORT: 지지 조건 미달 58.7% / 필요 95.0% / SUPPORT: 지지 조건 미달 15.0% / 필요 95.0% / SUPPORT: 지지 조건 미달 17.6% / 필요 95.0% / SUPPORT: 지지 조건 미달 41.0% / 필요 95.0% / SUPPORT: 지지 조건 미달 54.7% / 필요 95.0% / SUPPORT: 지지 조건 미달 58.4% / 필요 95.0% / SUPPORT: 지지 조건 미달 29.0% / 필요 95.0% / SUPPORT: 지지 조건 미달 50.2% / 필요 95.0% / SUPPORT: 지지 조건 미달 28.6% / 필요 95.0% / SUPPORT: 지지 조건 미달 49.6% / 필요 95.0% / SUPPORT: 지지 조건 미달 17.9% / 필요 95.0% / SUPPORT: 지지 조건 미달 34.0% / 필요 95.0% / SUPPORT: 지지 조건 미달 3.8% / 필요 95.0% / SUPPORT: 지지 조건 미달 24.2% / 필요 95.0% / SUPPORT: 지지 조건 미달 27.8% / 필요 95.0% / SUPPORT: 지지 조건 미달 54.2% / 필요 95.0% / SUPPORT: 지지 조건 미달 33.0% / 필요 95.0% / SUPPORT: 지지 조건 미달 60.6% / 필요 95.0% / SUPPORT: 지지 조건 미달 63.9% / 필요 95.0% / SUPPORT: 지지 조건 미달 69.6% / 필요 95.0% / SUPPORT: 지지 조건 미달 73.4% / 필요 95.0% / SUPPORT: 지지 조건 미달 67.3% / 필요 95.0% / SUPPORT: 지지 조건 미달 27.7% / 필요 95.0% / SUPPORT: 지지 조건 미달 32.9% / 필요 95.0% / SUPPORT: 지지 조건 미달 69.3% / 필요 95.0%","explicit","proxy","{}","{""support"":122,""load"":64,""robot-path"":3}","adapter-1.0 / planners-f6ec11d4259a","2.0.0","null","{""collision"":{""status"":""PASS"",""violations"":0,""checkedPlacements"":8,""scope"":""직육면체 기하·관측 규격 공통 검사"",""reason"":""확정 배치와 최종 적재 상태 검사""},""bounds"":{""status"":""PASS"",""violations"":0,""checkedPlacements"":8,""scope"":""직육면체 기하·관측 규격 공통 검사"",""reason"":""확정 배치와 최종 적재 상태 검사""},""height"":{""status"":""PASS"",""violations"":0,""checkedPlacements"":8,""scope"":""직육면체 기하·관측 규격 공통 검사"",""reason"":""확정 배치와 최종 적재 상태 검사""},""orientation"":{""status"":""PASS"",""violations"":0,""checkedPlacements"":8,""scope"":""직육면체 기하·관측 규격 공통 검사"",""reason"":""확정 배치와 최종 적재 상태 검사""},""load"":{""status"":""PASS"",""violations"":0,""checkedPlacements"":8,""scope"":""입력된 허용 상부하중 · 누적 정적 반력"",""reason"":""입력값 범위의 정적 검사. 실측 재료 인증 아님""},""support"":{""status"":""PASS"",""violations"":0,""checkedPlacements"":8,""scope"":""접촉·합력 작용점·정적 평형"",""reason"":""설정된 지지율·전도 여유 검사. 동적 붕괴·굽힘 파손 미검증""},""payload"":{""status"":""PASS"",""violations"":0,""checkedPlacements"":8,""scope"":""입력 가반하중 · 박스+그리퍼 질량"",""reason"":""사용자가 설정한 가반하중 한계 검사""},""robotCollision"":{""status"":""NOT VERIFIED"",""violations"":0,""checkedPlacements"":8,""scope"":""TCP·그리퍼 스윕 근사만 수행"",""reason"":""전체 로봇 링크 충돌 미검증""},""approach"":{""status"":""NOT VERIFIED"",""violations"":0,""checkedPlacements"":8,""scope"":""TCP·그리퍼 스윕 근사만 수행"",""reason"":""실제 관절 한계·역기구학·접근 자세 미검증""},""sequence"":{""status"":""NOT VERIFIED"",""violations"":0,""checkedPlacements"":8,""scope"":""TCP·그리퍼 스윕 근사만 수행"",""reason"":""실제 파지·관절 궤적·전 과정 실행 미검증""}}","7.696023392857143","44.44444444444444","8","10","0.231334756","1033804538","217","","","","84.94680851063829","55.36228269275452","100","100","21.856269978886772","57.2","1.125984251968504","0","0","","125.90612222222181","289.59889999999723","260.31538","283.74219599999776","1133.1550999999963","88.88888888888889","70.8516733953771","32.40358770699512","406.4829893189104","394","1.4236999999993714","7.696023392857143","0","44.44444444444444","","","100","0","0","","","0","","","","","","",""
"hrpal-inferred","online","identical","109","9","91c3bc25","complete","","explicit","proxy","{}","{""support"":123}","conventional-pattern/2","2.0.0","null","{""collision"":{""status"":""PASS"",""violations"":0,""checkedPlacements"":12,""scope"":""직육면체 기하·관측 규격 공통 검사"",""reason"":""확정 배치와 최종 적재 상태 검사""},""bounds"":{""status"":""PASS"",""violations"":0,""checkedPlacements"":12,""scope"":""직육면체 기하·관측 규격 공통 검사"",""reason"":""확정 배치와 최종 적재 상태 검사""},""height"":{""status"":""PASS"",""violations"":0,""checkedPlacements"":12,""scope"":""직육면체 기하·관측 규격 공통 검사"",""reason"":""확정 배치와 최종 적재 상태 검사""},""orientation"":{""status"":""PASS"",""violations"":0,""checkedPlacements"":12,""scope"":""직육면체 기하·관측 규격 공통 검사"",""reason"":""확정 배치와 최종 적재 상태 검사""},""load"":{""status"":""PASS"",""violations"":0,""checkedPlacements"":12,""scope"":""입력된 허용 상부하중 · 누적 정적 반력"",""reason"":""입력값 범위의 정적 검사. 실측 재료 인증 아님""},""support"":{""status"":""PASS"",""violations"":0,""checkedPlacements"":12,""scope"":""접촉·합력 작용점·정적 평형"",""reason"":""설정된 지지율·전도 여유 검사. 동적 붕괴·굽힘 파손 미검증""},""payload"":{""status"":""PASS"",""violations"":0,""checkedPlacements"":12,""scope"":""입력 가반하중 · 박스+그리퍼 질량"",""reason"":""사용자가 설정한 가반하중 한계 검사""},""robotCollision"":{""status"":""NOT VERIFIED"",""violations"":0,""checkedPlacements"":12,""scope"":""TCP·그리퍼 스윕 근사만 수행"",""reason"":""전체 로봇 링크 충돌 미검증""},""approach"":{""status"":""NOT VERIFIED"",""violations"":0,""checkedPlacements"":12,""scope"":""TCP·그리퍼 스윕 근사만 수행"",""reason"":""실제 관절 한계·역기구학·접근 자세 미검증""},""sequence"":{""status"":""NOT VERIFIED"",""violations"":0,""checkedPlacements"":12,""scope"":""TCP·그리퍼 스윕 근사만 수행"",""reason"":""실제 파지·관절 궤적·전 과정 실행 미검증""}}","16.071428571428573","100","12","0","0","940000000","400","","","","150","100.77822185373186","100","100","20.55555555555556","95","0.625","0","0","","5.279200000000856","13.016499999997905","12.293085000000792","12.871816999998483","63.35040000001027","100","100.37583405928804","49.64429213853723","430.38247606972277","284","3.3188000000009197","","","","","","100","0","0","","","100","","","","","","",""
"greedy","online","identical","109","9","91c3bc25","complete","","explicit","proxy","{}","{""bounds"":12,""support"":157}","adapter-1.0 / planners-f6ec11d4259a","2.0.0","null","{""collision"":{""status"":""PASS"",""violations"":0,""checkedPlacements"":12,""scope"":""직육면체 기하·관측 규격 공통 검사"",""reason"":""확정 배치와 최종 적재 상태 검사""},""bounds"":{""status"":""PASS"",""violations"":0,""checkedPlacements"":12,""scope"":""직육면체 기하·관측 규격 공통 검사"",""reason"":""확정 배치와 최종 적재 상태 검사""},""height"":{""status"":""PASS"",""violations"":0,""checkedPlacements"":12,""scope"":""직육면체 기하·관측 규격 공통 검사"",""reason"":""확정 배치와 최종 적재 상태 검사""},""orientation"":{""status"":""PASS"",""violations"":0,""checkedPlacements"":12,""scope"":""직육면체 기하·관측 규격 공통 검사"",""reason"":""확정 배치와 최종 적재 상태 검사""},""load"":{""status"":""PASS"",""violations"":0,""checkedPlacements"":12,""scope"":""입력된 허용 상부하중 · 누적 정적 반력"",""reason"":""입력값 범위의 정적 검사. 실측 재료 인증 아님""},""support"":{""status"":""PASS"",""violations"":0,""checkedPlacements"":12,""scope"":""접촉·합력 작용점·정적 평형"",""reason"":""설정된 지지율·전도 여유 검사. 동적 붕괴·굽힘 파손 미검증""},""payload"":{""status"":""PASS"",""violations"":0,""checkedPlacements"":12,""scope"":""입력 가반하중 · 박스+그리퍼 질량"",""reason"":""사용자가 설정한 가반하중 한계 검사""},""robotCollision"":{""status"":""NOT VERIFIED"",""violations"":0,""checkedPlacements"":12,""scope"":""TCP·그리퍼 스윕 근사만 수행"",""reason"":""전체 로봇 링크 충돌 미검증""},""approach"":{""status"":""NOT VERIFIED"",""violations"":0,""checkedPlacements"":12,""scope"":""TCP·그리퍼 스윕 근사만 수행"",""reason"":""실제 관절 한계·역기구학·접근 자세 미검증""},""sequence"":{""status"":""NOT VERIFIED"",""violations"":0,""checkedPlacements"":12,""scope"":""TCP·그리퍼 스윕 근사만 수행"",""reason"":""실제 파지·관절 궤적·전 과정 실행 미검증""}}","16.071428571428573","100","12","0","0","940000000","400","","","","150","50.34602488997738","100","100","12.361111111111118","89.7435897435898","0.6250000000000001","0","0","","23.84939999999915","46.914599999996426","42.34910499999932","46.00150099999701","286.1927999999898","100","107.03781804388689","51.37458172852648","403.5956710392531","538","3.5257000000055996","","","","","","100","0","0","","","100","","","","","","",""
"future-hybrid","online","identical","109","9","91c3bc25","complete","","explicit","proxy","{}","{""bounds"":12,""support"":190}","adapter-1.0 / planners-f6ec11d4259a","2.0.0","null","{""collision"":{""status"":""PASS"",""violations"":0,""checkedPlacements"":12,""scope"":""직육면체 기하·관측 규격 공통 검사"",""reason"":""확정 배치와 최종 적재 상태 검사""},""bounds"":{""status"":""PASS"",""violations"":0,""checkedPlacements"":12,""scope"":""직육면체 기하·관측 규격 공통 검사"",""reason"":""확정 배치와 최종 적재 상태 검사""},""height"":{""status"":""PASS"",""violations"":0,""checkedPlacements"":12,""scope"":""직육면체 기하·관측 규격 공통 검사"",""reason"":""확정 배치와 최종 적재 상태 검사""},""orientation"":{""status"":""PASS"",""violations"":0,""checkedPlacements"":12,""scope"":""직육면체 기하·관측 규격 공통 검사"",""reason"":""확정 배치와 최종 적재 상태 검사""},""load"":{""status"":""PASS"",""violations"":0,""checkedPlacements"":12,""scope"":""입력된 허용 상부하중 · 누적 정적 반력"",""reason"":""입력값 범위의 정적 검사. 실측 재료 인증 아님""},""support"":{""status"":""PASS"",""violations"":0,""checkedPlacements"":12,""scope"":""접촉·합력 작용점·정적 평형"",""reason"":""설정된 지지율·전도 여유 검사. 동적 붕괴·굽힘 파손 미검증""},""payload"":{""status"":""PASS"",""violations"":0,""checkedPlacements"":12,""scope"":""입력 가반하중 · 박스+그리퍼 질량"",""reason"":""사용자가 설정한 가반하중 한계 검사""},""robotCollision"":{""status"":""NOT VERIFIED"",""violations"":0,""checkedPlacements"":12,""scope"":""TCP·그리퍼 스윕 근사만 수행"",""reason"":""전체 로봇 링크 충돌 미검증""},""approach"":{""status"":""NOT VERIFIED"",""violations"":0,""checkedPlacements"":12,""scope"":""TCP·그리퍼 스윕 근사만 수행"",""reason"":""실제 관절 한계·역기구학·접근 자세 미검증""},""sequence"":{""status"":""NOT VERIFIED"",""violations"":0,""checkedPlacements"":12,""scope"":""TCP·그리퍼 스윕 근사만 수행"",""reason"":""실제 파지·관절 궤적·전 과정 실행 미검증""}}","16.071428571428573","100","12","0","0","940000000","400","","","","150","0","100","100","1.3888888888888868","95","0.625","0","0","","78.97309999999925","162.28629999999976","141.9734800000009","158.223736","947.677199999991","100","108.20092680945035","50.83060242614273","399.25720854571165","538","5.3804999999993015","","","","","","100","0","0","","","100","","","","","","",""
"hrpal-inferred","online","random","109","9","334ee9ca","no-placement","세로 박스 주변 높이 부족 · 가까운 눕힌 적재를 먼저 쌓아야 함","explicit","proxy","{}","{""protocol"":31}","conventional-pattern/2","2.0.0","null","{""collision"":{""status"":""NOT VERIFIED"",""violations"":0,""checkedPlacements"":0,""scope"":""직육면체 기하·관측 규격 공통 검사"",""reason"":""검증할 확정 배치 없음""},""bounds"":{""status"":""NOT VERIFIED"",""violations"":0,""checkedPlacements"":0,""scope"":""직육면체 기하·관측 규격 공통 검사"",""reason"":""검증할 확정 배치 없음""},""height"":{""status"":""NOT VERIFIED"",""violations"":0,""checkedPlacements"":0,""scope"":""직육면체 기하·관측 규격 공통 검사"",""reason"":""검증할 확정 배치 없음""},""orientation"":{""status"":""NOT VERIFIED"",""violations"":0,""checkedPlacements"":0,""scope"":""직육면체 기하·관측 규격 공통 검사"",""reason"":""검증할 확정 배치 없음""},""load"":{""status"":""NOT VERIFIED"",""violations"":0,""checkedPlacements"":0,""scope"":""입력된 허용 상부하중 · 누적 정적 반력"",""reason"":""검증할 확정 배치 없음""},""support"":{""status"":""NOT VERIFIED"",""violations"":0,""checkedPlacements"":0,""scope"":""접촉·합력 작용점·정적 평형"",""reason"":""검증할 확정 배치 없음""},""payload"":{""status"":""NOT VERIFIED"",""violations"":0,""checkedPlacements"":0,""scope"":""입력 가반하중 · 박스+그리퍼 질량"",""reason"":""검증할 확정 배치 없음""},""robotCollision"":{""status"":""NOT VERIFIED"",""violations"":0,""checkedPlacements"":0,""scope"":""TCP·그리퍼 스윕 근사만 수행"",""reason"":""검증할 확정 배치 없음""},""approach"":{""status"":""NOT VERIFIED"",""violations"":0,""checkedPlacements"":0,""scope"":""TCP·그리퍼 스윕 근사만 수행"",""reason"":""검증할 확정 배치 없음""},""sequence"":{""status"":""NOT VERIFIED"",""violations"":0,""checkedPlacements"":0,""scope"":""TCP·그리퍼 스윕 근사만 수행"",""reason"":""검증할 확정 배치 없음""}}","0","0","0","18","0.317530218","1120000000","","","","","","","","","","","","0","0","","2.795400000002701","2.795400000002701","2.795400000002701","2.795400000002701","2.795400000002701","0","","","","31","0.45160000000032596","0","0","0","","","","0","0","","","0","","","","","","",""
"greedy","online","random","109","9","334ee9ca","partial","무게 규칙 위반 / 누적 무게중심 정적 평형 불가 / SUPPORT: 지지 조건 미달 25.1% / 필요 95.0% / SUPPORT: 지지 조건 미달 43.8% / 필요 95.0% / SUPPORT: 지지 조건 미달 46.9% / 필요 95.0% / SUPPORT: 지지 조건 미달 45.4% / 필요 95.0% / SUPPORT: 지지 조건 미달 12.7% / 필요 95.0% / SUPPORT: 지지 조건 미달 24.2% / 필요 95.0% / SUPPORT: 지지 조건 미달 11.8% / 필요 95.0% / SUPPORT: 지지 조건 미달 76.4% / 필요 95.0% / SUPPORT: 지지 조건 미달 81.8% / 필요 95.0% / SUPPORT: 지지 조건 미달 79.1% / 필요 95.0% / SUPPORT: 지지 조건 미달 42.2% / 필요 95.0% / SUPPORT: 지지 조건 미달 20.5% / 필요 95.0% / SUPPORT: 지지 조건 미달 80.0% / 필요 95.0% / SUPPORT: 지지 조건 미달 85.6% / 필요 95.0% / SUPPORT: 지지 조건 미달 82.9% / 필요 95.0% / SUPPORT: 지지 조건 미달 44.2% / 필요 95.0% / SUPPORT: 지지 조건 미달 21.5% / 필요 95.0% / SUPPORT: 지지 조건 미달 74.6% / 필요 95.0% / SUPPORT: 지지 조건 미달 83.4% / 필요 95.0% / SUPPORT: 지지 조건 미달 89.3% / 필요 95.0% / SUPPORT: 지지 조건 미달 86.5% / 필요 95.0% / SUPPORT: 지지 조건 미달 37.8% / 필요 95.0% / SUPPORT: 지지 조건 미달 46.1% / 필요 95.0% / SUPPORT: 지지 조건 미달 22.4% / 필요 95.0% / SUPPORT: 지지 조건 미달 87.1% / 필요 95.0% / SUPPORT: 지지 조건 미달 93.4% / 필요 95.0% / SUPPORT: 지지 조건 미달 44.1% / 필요 95.0% / SUPPORT: 지지 조건 미달 51.6% / 필요 95.0%","explicit","proxy","{}","{""protocol"":10,""support"":170,""load"":132}","adapter-1.0 / planners-f6ec11d4259a","2.0.0","null","{""collision"":{""status"":""PASS"",""violations"":0,""checkedPlacements"":9,""scope"":""직육면체 기하·관측 규격 공통 검사"",""reason"":""확정 배치와 최종 적재 상태 검사""},""bounds"":{""status"":""PASS"",""violations"":0,""checkedPlacements"":9,""scope"":""직육면체 기하·관측 규격 공통 검사"",""reason"":""확정 배치와 최종 적재 상태 검사""},""height"":{""status"":""PASS"",""violations"":0,""checkedPlacements"":9,""scope"":""직육면체 기하·관측 규격 공통 검사"",""reason"":""확정 배치와 최종 적재 상태 검사""},""orientation"":{""status"":""PASS"",""violations"":0,""checkedPlacements"":9,""scope"":""직육면체 기하·관측 규격 공통 검사"",""reason"":""확정 배치와 최종 적재 상태 검사""},""load"":{""status"":""PASS"",""violations"":0,""checkedPlacements"":9,""scope"":""입력된 허용 상부하중 · 누적 정적 반력"",""reason"":""입력값 범위의 정적 검사. 실측 재료 인증 아님""},""support"":{""status"":""PASS"",""violations"":0,""checkedPlacements"":9,""scope"":""접촉·합력 작용점·정적 평형"",""reason"":""설정된 지지율·전도 여유 검사. 동적 붕괴·굽힘 파손 미검증""},""payload"":{""status"":""PASS"",""violations"":0,""checkedPlacements"":9,""scope"":""입력 가반하중 · 박스+그리퍼 질량"",""reason"":""사용자가 설정한 가반하중 한계 검사""},""robotCollision"":{""status"":""NOT VERIFIED"",""violations"":0,""checkedPlacements"":9,""scope"":""TCP·그리퍼 스윕 근사만 수행"",""reason"":""전체 로봇 링크 충돌 미검증""},""approach"":{""status"":""NOT VERIFIED"",""violations"":0,""checkedPlacements"":9,""scope"":""TCP·그리퍼 스윕 근사만 수행"",""reason"":""실제 관절 한계·역기구학·접근 자세 미검증""},""sequence"":{""status"":""NOT VERIFIED"",""violations"":0,""checkedPlacements"":9,""scope"":""TCP·그리퍼 스윕 근사만 수행"",""reason"":""실제 파지·관절 궤적·전 과정 실행 미검증""}}","13.238838660714286","50","9","9","0.169255225","971725007","434","","","","174.6578947368421","71.01008581080225","100","100","14.49237592638346","65.85","0.5860927152317881","0","0","","127.5973600000012","270.90030000000115","246.62163000000248","266.04456600000145","1275.973600000012","90","86.7040154314178","40.75761003042156","373.6851152600671","462","2.3640999999988708","13.238838660714286","0","50","","","100","0","0","","","0","","","","","","",""
"future-hybrid","online","random","109","9","334ee9ca","partial","무게 규칙 위반 / SUPPORT: 지지 조건 미달 54.2% / 필요 95.0% / SUPPORT: 지지 조건 미달 67.9% / 필요 95.0% / SUPPORT: 지지 조건 미달 52.1% / 필요 95.0% / SUPPORT: 지지 조건 미달 67.4% / 필요 95.0% / SUPPORT: 지지 조건 미달 58.5% / 필요 95.0% / SUPPORT: 지지 조건 미달 65.5% / 필요 95.0% / SUPPORT: 지지 조건 미달 63.7% / 필요 95.0% / SUPPORT: 지지 조건 미달 82.3% / 필요 95.0% / SUPPORT: 지지 조건 미달 84.2% / 필요 95.0% / SUPPORT: 지지 조건 미달 73.1% / 필요 95.0% / SUPPORT: 지지 조건 미달 78.4% / 필요 95.0% / SUPPORT: 지지 조건 미달 86.8% / 필요 95.0% / SUPPORT: 지지 조건 미달 76.9% / 필요 95.0% / SUPPORT: 지지 조건 미달 89.4% / 필요 95.0% / SUPPORT: 지지 조건 미달 77.7% / 필요 95.0% / SUPPORT: 지지 조건 미달 90.0% / 필요 95.0% / SUPPORT: 지지 조건 미달 88.8% / 필요 95.0% / SUPPORT: 지지 조건 미달 89.3% / 필요 95.0% / SUPPORT: 지지 조건 미달 88.4% / 필요 95.0% / SUPPORT: 지지 조건 미달 94.7% / 필요 95.0% / SUPPORT: 지지 조건 미달 87.1% / 필요 95.0% / 누적 무게중심 정적 평형 불가 / SUPPORT: 지지 조건 미달 12.9% / 필요 95.0% / SUPPORT: 지지 조건 미달 36.0% / 필요 95.0% / SUPPORT: 지지 조건 미달 37.2% / 필요 95.0% / SUPPORT: 지지 조건 미달 34.5% / 필요 95.0% / SUPPORT: 지지 조건 미달 8.1% / 필요 95.0%","explicit","proxy","{}","{""protocol"":10,""bounds"":22,""support"":122,""load"":127}","adapter-1.0 / planners-f6ec11d4259a","2.0.0","null","{""collision"":{""status"":""PASS"",""violations"":0,""checkedPlacements"":9,""scope"":""직육면체 기하·관측 규격 공통 검사"",""reason"":""확정 배치와 최종 적재 상태 검사""},""bounds"":{""status"":""PASS"",""violations"":0,""checkedPlacements"":9,""scope"":""직육면체 기하·관측 규격 공통 검사"",""reason"":""확정 배치와 최종 적재 상태 검사""},""height"":{""status"":""PASS"",""violations"":0,""checkedPlacements"":9,""scope"":""직육면체 기하·관측 규격 공통 검사"",""reason"":""확정 배치와 최종 적재 상태 검사""},""orientation"":{""status"":""PASS"",""violations"":0,""checkedPlacements"":9,""scope"":""직육면체 기하·관측 규격 공통 검사"",""reason"":""확정 배치와 최종 적재 상태 검사""},""load"":{""status"":""PASS"",""violations"":0,""checkedPlacements"":9,""scope"":""입력된 허용 상부하중 · 누적 정적 반력"",""reason"":""입력값 범위의 정적 검사. 실측 재료 인증 아님""},""support"":{""status"":""PASS"",""violations"":0,""checkedPlacements"":9,""scope"":""접촉·합력 작용점·정적 평형"",""reason"":""설정된 지지율·전도 여유 검사. 동적 붕괴·굽힘 파손 미검증""},""payload"":{""status"":""PASS"",""violations"":0,""checkedPlacements"":9,""scope"":""입력 가반하중 · 박스+그리퍼 질량"",""reason"":""사용자가 설정한 가반하중 한계 검사""},""robotCollision"":{""status"":""NOT VERIFIED"",""violations"":0,""checkedPlacements"":9,""scope"":""TCP·그리퍼 스윕 근사만 수행"",""reason"":""전체 로봇 링크 충돌 미검증""},""approach"":{""status"":""NOT VERIFIED"",""violations"":0,""checkedPlacements"":9,""scope"":""TCP·그리퍼 스윕 근사만 수행"",""reason"":""실제 관절 한계·역기구학·접근 자세 미검증""},""sequence"":{""status"":""NOT VERIFIED"",""violations"":0,""checkedPlacements"":9,""scope"":""TCP·그리퍼 스윕 근사만 수행"",""reason"":""실제 파지·관절 궤적·전 과정 실행 미검증""}}","13.238838660714286","50","9","9","0.169255225","971725007","410","","","","138.60526315789474","39.38453285404987","100","100","8.060791243641038","65.85","0.5860927152317881","0","0","","222.26234999999943","483.27999999999884","448.8128799999987","476.38657599999885","2222.6234999999942","90","83.83691588456259","40.19399532496569","386.4645980609839","462","2.903699999995297","13.238838660714286","0","50","","","100","0","0","","","0","","","","","","",""
"greedy","online","identical","110","10","4585992f","complete","","explicit","proxy","{}","{""bounds"":12,""support"":157}","adapter-1.0 / planners-f6ec11d4259a","2.0.0","null","{""collision"":{""status"":""PASS"",""violations"":0,""checkedPlacements"":12,""scope"":""직육면체 기하·관측 규격 공통 검사"",""reason"":""확정 배치와 최종 적재 상태 검사""},""bounds"":{""status"":""PASS"",""violations"":0,""checkedPlacements"":12,""scope"":""직육면체 기하·관측 규격 공통 검사"",""reason"":""확정 배치와 최종 적재 상태 검사""},""height"":{""status"":""PASS"",""violations"":0,""checkedPlacements"":12,""scope"":""직육면체 기하·관측 규격 공통 검사"",""reason"":""확정 배치와 최종 적재 상태 검사""},""orientation"":{""status"":""PASS"",""violations"":0,""checkedPlacements"":12,""scope"":""직육면체 기하·관측 규격 공통 검사"",""reason"":""확정 배치와 최종 적재 상태 검사""},""load"":{""status"":""PASS"",""violations"":0,""checkedPlacements"":12,""scope"":""입력된 허용 상부하중 · 누적 정적 반력"",""reason"":""입력값 범위의 정적 검사. 실측 재료 인증 아님""},""support"":{""status"":""PASS"",""violations"":0,""checkedPlacements"":12,""scope"":""접촉·합력 작용점·정적 평형"",""reason"":""설정된 지지율·전도 여유 검사. 동적 붕괴·굽힘 파손 미검증""},""payload"":{""status"":""PASS"",""violations"":0,""checkedPlacements"":12,""scope"":""입력 가반하중 · 박스+그리퍼 질량"",""reason"":""사용자가 설정한 가반하중 한계 검사""},""robotCollision"":{""status"":""NOT VERIFIED"",""violations"":0,""checkedPlacements"":12,""scope"":""TCP·그리퍼 스윕 근사만 수행"",""reason"":""전체 로봇 링크 충돌 미검증""},""approach"":{""status"":""NOT VERIFIED"",""violations"":0,""checkedPlacements"":12,""scope"":""TCP·그리퍼 스윕 근사만 수행"",""reason"":""실제 관절 한계·역기구학·접근 자세 미검증""},""sequence"":{""status"":""NOT VERIFIED"",""violations"":0,""checkedPlacements"":12,""scope"":""TCP·그리퍼 스윕 근사만 수행"",""reason"":""실제 파지·관절 궤적·전 과정 실행 미검증""}}","16.071428571428573","100","12","0","0","940000000","400","","","","150","50.34602488997738","100","100","12.361111111111118","89.7435897435898","0.6250000000000001","0","0","","20.717791666668443","39.83450000000448","34.67462000000414","38.80252400000442","248.6135000000213","100","107.03781804388689","51.37458172852648","403.5956710392531","538","2.4042000000044936","","","","","","100","0","0","","","100","","","","","","",""
"future-hybrid","online","identical","110","10","4585992f","complete","","explicit","proxy","{}","{""bounds"":12,""support"":190}","adapter-1.0 / planners-f6ec11d4259a","2.0.0","null","{""collision"":{""status"":""PASS"",""violations"":0,""checkedPlacements"":12,""scope"":""직육면체 기하·관측 규격 공통 검사"",""reason"":""확정 배치와 최종 적재 상태 검사""},""bounds"":{""status"":""PASS"",""violations"":0,""checkedPlacements"":12,""scope"":""직육면체 기하·관측 규격 공통 검사"",""reason"":""확정 배치와 최종 적재 상태 검사""},""height"":{""status"":""PASS"",""violations"":0,""checkedPlacements"":12,""scope"":""직육면체 기하·관측 규격 공통 검사"",""reason"":""확정 배치와 최종 적재 상태 검사""},""orientation"":{""status"":""PASS"",""violations"":0,""checkedPlacements"":12,""scope"":""직육면체 기하·관측 규격 공통 검사"",""reason"":""확정 배치와 최종 적재 상태 검사""},""load"":{""status"":""PASS"",""violations"":0,""checkedPlacements"":12,""scope"":""입력된 허용 상부하중 · 누적 정적 반력"",""reason"":""입력값 범위의 정적 검사. 실측 재료 인증 아님""},""support"":{""status"":""PASS"",""violations"":0,""checkedPlacements"":12,""scope"":""접촉·합력 작용점·정적 평형"",""reason"":""설정된 지지율·전도 여유 검사. 동적 붕괴·굽힘 파손 미검증""},""payload"":{""status"":""PASS"",""violations"":0,""checkedPlacements"":12,""scope"":""입력 가반하중 · 박스+그리퍼 질량"",""reason"":""사용자가 설정한 가반하중 한계 검사""},""robotCollision"":{""status"":""NOT VERIFIED"",""violations"":0,""checkedPlacements"":12,""scope"":""TCP·그리퍼 스윕 근사만 수행"",""reason"":""전체 로봇 링크 충돌 미검증""},""approach"":{""status"":""NOT VERIFIED"",""violations"":0,""checkedPlacements"":12,""scope"":""TCP·그리퍼 스윕 근사만 수행"",""reason"":""실제 관절 한계·역기구학·접근 자세 미검증""},""sequence"":{""status"":""NOT VERIFIED"",""violations"":0,""checkedPlacements"":12,""scope"":""TCP·그리퍼 스윕 근사만 수행"",""reason"":""실제 파지·관절 궤적·전 과정 실행 미검증""}}","16.071428571428573","100","12","0","0","940000000","400","","","","150","0","100","100","1.3888888888888868","95","0.625","0","0","","75.05619999999969","154.6096999999936","140.92982499999488","151.87372499999387","900.6743999999962","100","108.20092680945035","50.83060242614273","399.25720854571165","538","2.735500000002503","","","","","","100","0","0","","","100","","","","","","",""
"hrpal-inferred","online","identical","110","10","4585992f","complete","","explicit","proxy","{}","{""support"":123}","conventional-pattern/2","2.0.0","null","{""collision"":{""status"":""PASS"",""violations"":0,""checkedPlacements"":12,""scope"":""직육면체 기하·관측 규격 공통 검사"",""reason"":""확정 배치와 최종 적재 상태 검사""},""bounds"":{""status"":""PASS"",""violations"":0,""checkedPlacements"":12,""scope"":""직육면체 기하·관측 규격 공통 검사"",""reason"":""확정 배치와 최종 적재 상태 검사""},""height"":{""status"":""PASS"",""violations"":0,""checkedPlacements"":12,""scope"":""직육면체 기하·관측 규격 공통 검사"",""reason"":""확정 배치와 최종 적재 상태 검사""},""orientation"":{""status"":""PASS"",""violations"":0,""checkedPlacements"":12,""scope"":""직육면체 기하·관측 규격 공통 검사"",""reason"":""확정 배치와 최종 적재 상태 검사""},""load"":{""status"":""PASS"",""violations"":0,""checkedPlacements"":12,""scope"":""입력된 허용 상부하중 · 누적 정적 반력"",""reason"":""입력값 범위의 정적 검사. 실측 재료 인증 아님""},""support"":{""status"":""PASS"",""violations"":0,""checkedPlacements"":12,""scope"":""접촉·합력 작용점·정적 평형"",""reason"":""설정된 지지율·전도 여유 검사. 동적 붕괴·굽힘 파손 미검증""},""payload"":{""status"":""PASS"",""violations"":0,""checkedPlacements"":12,""scope"":""입력 가반하중 · 박스+그리퍼 질량"",""reason"":""사용자가 설정한 가반하중 한계 검사""},""robotCollision"":{""status"":""NOT VERIFIED"",""violations"":0,""checkedPlacements"":12,""scope"":""TCP·그리퍼 스윕 근사만 수행"",""reason"":""전체 로봇 링크 충돌 미검증""},""approach"":{""status"":""NOT VERIFIED"",""violations"":0,""checkedPlacements"":12,""scope"":""TCP·그리퍼 스윕 근사만 수행"",""reason"":""실제 관절 한계·역기구학·접근 자세 미검증""},""sequence"":{""status"":""NOT VERIFIED"",""violations"":0,""checkedPlacements"":12,""scope"":""TCP·그리퍼 스윕 근사만 수행"",""reason"":""실제 파지·관절 궤적·전 과정 실행 미검증""}}","16.071428571428573","100","12","0","0","940000000","400","","","","150","100.77822185373186","100","100","20.55555555555556","95","0.625","0","0","","4.83240833333366","9.180000000000291","8.92287500000093","9.128575000000419","57.98890000000392","100","100.37583405928804","49.64429213853723","430.38247606972277","284","3.9919000000008964","","","","","","100","0","0","","","100","","","","","","",""
"greedy","online","random","110","10","7e285204","complete","","explicit","proxy","{}","{""bounds"":6,""load"":112,""support"":260,""robot-path"":70}","adapter-1.0 / planners-f6ec11d4259a","2.0.0","null","{""collision"":{""status"":""PASS"",""violations"":0,""checkedPlacements"":18,""scope"":""직육면체 기하·관측 규격 공통 검사"",""reason"":""확정 배치와 최종 적재 상태 검사""},""bounds"":{""status"":""PASS"",""violations"":0,""checkedPlacements"":18,""scope"":""직육면체 기하·관측 규격 공통 검사"",""reason"":""확정 배치와 최종 적재 상태 검사""},""height"":{""status"":""PASS"",""violations"":0,""checkedPlacements"":18,""scope"":""직육면체 기하·관측 규격 공통 검사"",""reason"":""확정 배치와 최종 적재 상태 검사""},""orientation"":{""status"":""PASS"",""violations"":0,""checkedPlacements"":18,""scope"":""직육면체 기하·관측 규격 공통 검사"",""reason"":""확정 배치와 최종 적재 상태 검사""},""load"":{""status"":""PASS"",""violations"":0,""checkedPlacements"":18,""scope"":""입력된 허용 상부하중 · 누적 정적 반력"",""reason"":""입력값 범위의 정적 검사. 실측 재료 인증 아님""},""support"":{""status"":""PASS"",""violations"":0,""checkedPlacements"":18,""scope"":""접촉·합력 작용점·정적 평형"",""reason"":""설정된 지지율·전도 여유 검사. 동적 붕괴·굽힘 파손 미검증""},""payload"":{""status"":""PASS"",""violations"":0,""checkedPlacements"":18,""scope"":""입력 가반하중 · 박스+그리퍼 질량"",""reason"":""사용자가 설정한 가반하중 한계 검사""},""robotCollision"":{""status"":""NOT VERIFIED"",""violations"":0,""checkedPlacements"":18,""scope"":""TCP·그리퍼 스윕 근사만 수행"",""reason"":""전체 로봇 링크 충돌 미검증""},""approach"":{""status"":""NOT VERIFIED"",""violations"":0,""checkedPlacements"":18,""scope"":""TCP·그리퍼 스윕 근사만 수행"",""reason"":""실제 관절 한계·역기구학·접근 자세 미검증""},""sequence"":{""status"":""NOT VERIFIED"",""violations"":0,""checkedPlacements"":18,""scope"":""TCP·그리퍼 스윕 근사만 수행"",""reason"":""실제 파지·관절 궤적·전 과정 실행 미검증""}}","28.350912321428574","100","18","0","0","802469782","941","","","","293.209219858156","12.200119996177518","99.6265172735761","95.51820728291317","3.9318185990253727","54.525","0.39072847682119205","0","0","","137.83163888888805","326.89510000000155","233.95762999999664","308.3076060000004","2480.9694999999847","100","198.6753070315727","95.33894957052226","326.16031135516124","826","6.606099999997241","28.350912321428574","100","100","","","100","0","0","","","100","","","","","","",""
"future-hybrid","online","random","110","10","7e285204","complete","","explicit","proxy","{}","{""bounds"":31,""support"":217,""load"":127,""robot-path"":44}","adapter-1.0 / planners-f6ec11d4259a","2.0.0","null","{""collision"":{""status"":""PASS"",""violations"":0,""checkedPlacements"":18,""scope"":""직육면체 기하·관측 규격 공통 검사"",""reason"":""확정 배치와 최종 적재 상태 검사""},""bounds"":{""status"":""PASS"",""violations"":0,""checkedPlacements"":18,""scope"":""직육면체 기하·관측 규격 공통 검사"",""reason"":""확정 배치와 최종 적재 상태 검사""},""height"":{""status"":""PASS"",""violations"":0,""checkedPlacements"":18,""scope"":""직육면체 기하·관측 규격 공통 검사"",""reason"":""확정 배치와 최종 적재 상태 검사""},""orientation"":{""status"":""PASS"",""violations"":0,""checkedPlacements"":18,""scope"":""직육면체 기하·관측 규격 공통 검사"",""reason"":""확정 배치와 최종 적재 상태 검사""},""load"":{""status"":""PASS"",""violations"":0,""checkedPlacements"":18,""scope"":""입력된 허용 상부하중 · 누적 정적 반력"",""reason"":""입력값 범위의 정적 검사. 실측 재료 인증 아님""},""support"":{""status"":""PASS"",""violations"":0,""checkedPlacements"":18,""scope"":""접촉·합력 작용점·정적 평형"",""reason"":""설정된 지지율·전도 여유 검사. 동적 붕괴·굽힘 파손 미검증""},""payload"":{""status"":""PASS"",""violations"":0,""checkedPlacements"":18,""scope"":""입력 가반하중 · 박스+그리퍼 질량"",""reason"":""사용자가 설정한 가반하중 한계 검사""},""robotCollision"":{""status"":""NOT VERIFIED"",""violations"":0,""checkedPlacements"":18,""scope"":""TCP·그리퍼 스윕 근사만 수행"",""reason"":""전체 로봇 링크 충돌 미검증""},""approach"":{""status"":""NOT VERIFIED"",""violations"":0,""checkedPlacements"":18,""scope"":""TCP·그리퍼 스윕 근사만 수행"",""reason"":""실제 관절 한계·역기구학·접근 자세 미검증""},""sequence"":{""status"":""NOT VERIFIED"",""violations"":0,""checkedPlacements"":18,""scope"":""TCP·그리퍼 스윕 근사만 수행"",""reason"":""실제 파지·관절 궤적·전 과정 실행 미검증""}}","28.350912321428574","100","18","0","0","802469782","844","","","","259.2517730496454","52.7333482800391","99.70118590535368","95.51820728291317","9.290403388133592","52.45","0.41321044546851","0","0","","432.59856666666786","1353.0859000000055","999.3811800000034","1282.3449560000045","7786.774200000022","100","191.62801085424556","94.00820705525959","338.15515649895053","826","7.4377000000094995","28.350912321428574","100","100","","","100","0","0","","","100","","","","","","",""
"hrpal-inferred","online","random","110","10","7e285204","partial","SUPPORT: 지지 조건 미달 39.4% / 필요 95.0% · CoG 지지 검사 / 무게 규칙 위반 · Long-02 (6 kg) / SUPPORT: 지지 조건 미달 0.0% / 필요 95.0% · CoG 지지 검사 / 누적 무게중심 정적 평형 불가 · Wide-01 / SUPPORT: 지지 조건 미달 9.5% / 필요 95.0% · CoG 지지 검사 / SUPPORT: 지지 조건 미달 22.3% / 필요 95.0% · CoG 지지 검사 / 무게 규칙 위반 · Small-02 (3 kg) / SUPPORT: 지지 조건 미달 5.7% / 필요 95.0% · CoG 지지 검사 / SUPPORT: 지지 조건 미달 51.9% / 필요 95.0% · CoG 지지 검사 / 무게 규칙 위반 · Medium-02 (8 kg)","explicit","proxy","{}","{""load"":19,""support"":136}","conventional-pattern/2","2.0.0","null","{""collision"":{""status"":""PASS"",""violations"":0,""checkedPlacements"":7,""scope"":""직육면체 기하·관측 규격 공통 검사"",""reason"":""확정 배치와 최종 적재 상태 검사""},""bounds"":{""status"":""PASS"",""violations"":0,""checkedPlacements"":7,""scope"":""직육면체 기하·관측 규격 공통 검사"",""reason"":""확정 배치와 최종 적재 상태 검사""},""height"":{""status"":""PASS"",""violations"":0,""checkedPlacements"":7,""scope"":""직육면체 기하·관측 규격 공통 검사"",""reason"":""확정 배치와 최종 적재 상태 검사""},""orientation"":{""status"":""PASS"",""violations"":0,""checkedPlacements"":7,""scope"":""직육면체 기하·관측 규격 공통 검사"",""reason"":""확정 배치와 최종 적재 상태 검사""},""load"":{""status"":""PASS"",""violations"":0,""checkedPlacements"":7,""scope"":""입력된 허용 상부하중 · 누적 정적 반력"",""reason"":""입력값 범위의 정적 검사. 실측 재료 인증 아님""},""support"":{""status"":""PASS"",""violations"":0,""checkedPlacements"":7,""scope"":""접촉·합력 작용점·정적 평형"",""reason"":""설정된 지지율·전도 여유 검사. 동적 붕괴·굽힘 파손 미검증""},""payload"":{""status"":""PASS"",""violations"":0,""checkedPlacements"":7,""scope"":""입력 가반하중 · 박스+그리퍼 질량"",""reason"":""사용자가 설정한 가반하중 한계 검사""},""robotCollision"":{""status"":""NOT VERIFIED"",""violations"":0,""checkedPlacements"":7,""scope"":""TCP·그리퍼 스윕 근사만 수행"",""reason"":""전체 로봇 링크 충돌 미검증""},""approach"":{""status"":""NOT VERIFIED"",""violations"":0,""checkedPlacements"":7,""scope"":""TCP·그리퍼 스윕 근사만 수행"",""reason"":""실제 관절 한계·역기구학·접근 자세 미검증""},""sequence"":{""status"":""NOT VERIFIED"",""violations"":0,""checkedPlacements"":7,""scope"":""TCP·그리퍼 스윕 근사만 수행"",""reason"":""실제 파지·관절 궤적·전 과정 실행 미검증""}}","12.463649732142859","38.888888888888886","7","11","0.177937341","980407123","627","","","","217.03424657534248","185.80896980372978","100","100","46.47138500432156","57.2","0.619815668202765","0","0","","3.2612999999983003","8.621999999988475","7.471129999990079","8.391825999988795","26.090399999986403","87.5","64.78109110232018","30.407709216508106","389.0024013364827","155","1.5327000000106636","12.463649732142859","0","38.888888888888886","","","100","0","0","","","0","","","","","","",""
"future-hybrid","online","identical","111","11","076ed4ae","complete","","explicit","proxy","{}","{""bounds"":12,""support"":190}","adapter-1.0 / planners-f6ec11d4259a","2.0.0","null","{""collision"":{""status"":""PASS"",""violations"":0,""checkedPlacements"":12,""scope"":""직육면체 기하·관측 규격 공통 검사"",""reason"":""확정 배치와 최종 적재 상태 검사""},""bounds"":{""status"":""PASS"",""violations"":0,""checkedPlacements"":12,""scope"":""직육면체 기하·관측 규격 공통 검사"",""reason"":""확정 배치와 최종 적재 상태 검사""},""height"":{""status"":""PASS"",""violations"":0,""checkedPlacements"":12,""scope"":""직육면체 기하·관측 규격 공통 검사"",""reason"":""확정 배치와 최종 적재 상태 검사""},""orientation"":{""status"":""PASS"",""violations"":0,""checkedPlacements"":12,""scope"":""직육면체 기하·관측 규격 공통 검사"",""reason"":""확정 배치와 최종 적재 상태 검사""},""load"":{""status"":""PASS"",""violations"":0,""checkedPlacements"":12,""scope"":""입력된 허용 상부하중 · 누적 정적 반력"",""reason"":""입력값 범위의 정적 검사. 실측 재료 인증 아님""},""support"":{""status"":""PASS"",""violations"":0,""checkedPlacements"":12,""scope"":""접촉·합력 작용점·정적 평형"",""reason"":""설정된 지지율·전도 여유 검사. 동적 붕괴·굽힘 파손 미검증""},""payload"":{""status"":""PASS"",""violations"":0,""checkedPlacements"":12,""scope"":""입력 가반하중 · 박스+그리퍼 질량"",""reason"":""사용자가 설정한 가반하중 한계 검사""},""robotCollision"":{""status"":""NOT VERIFIED"",""violations"":0,""checkedPlacements"":12,""scope"":""TCP·그리퍼 스윕 근사만 수행"",""reason"":""전체 로봇 링크 충돌 미검증""},""approach"":{""status"":""NOT VERIFIED"",""violations"":0,""checkedPlacements"":12,""scope"":""TCP·그리퍼 스윕 근사만 수행"",""reason"":""실제 관절 한계·역기구학·접근 자세 미검증""},""sequence"":{""status"":""NOT VERIFIED"",""violations"":0,""checkedPlacements"":12,""scope"":""TCP·그리퍼 스윕 근사만 수행"",""reason"":""실제 파지·관절 궤적·전 과정 실행 미검증""}}","16.071428571428573","100","12","0","0","940000000","400","","","","150","0","100","100","1.3888888888888868","95","0.625","0","0","","65.72144166666597","120.51780000000144","113.33232500000521","119.08070500000221","788.6572999999917","100","108.20092680945035","50.83060242614273","399.25720854571165","538","2.578800000002957","","","","","","100","0","0","","","100","","","","","","",""
"hrpal-inferred","online","identical","111","11","076ed4ae","complete","","explicit","proxy","{}","{""support"":123}","conventional-pattern/2","2.0.0","null","{""collision"":{""status"":""PASS"",""violations"":0,""checkedPlacements"":12,""scope"":""직육면체 기하·관측 규격 공통 검사"",""reason"":""확정 배치와 최종 적재 상태 검사""},""bounds"":{""status"":""PASS"",""violations"":0,""checkedPlacements"":12,""scope"":""직육면체 기하·관측 규격 공통 검사"",""reason"":""확정 배치와 최종 적재 상태 검사""},""height"":{""status"":""PASS"",""violations"":0,""checkedPlacements"":12,""scope"":""직육면체 기하·관측 규격 공통 검사"",""reason"":""확정 배치와 최종 적재 상태 검사""},""orientation"":{""status"":""PASS"",""violations"":0,""checkedPlacements"":12,""scope"":""직육면체 기하·관측 규격 공통 검사"",""reason"":""확정 배치와 최종 적재 상태 검사""},""load"":{""status"":""PASS"",""violations"":0,""checkedPlacements"":12,""scope"":""입력된 허용 상부하중 · 누적 정적 반력"",""reason"":""입력값 범위의 정적 검사. 실측 재료 인증 아님""},""support"":{""status"":""PASS"",""violations"":0,""checkedPlacements"":12,""scope"":""접촉·합력 작용점·정적 평형"",""reason"":""설정된 지지율·전도 여유 검사. 동적 붕괴·굽힘 파손 미검증""},""payload"":{""status"":""PASS"",""violations"":0,""checkedPlacements"":12,""scope"":""입력 가반하중 · 박스+그리퍼 질량"",""reason"":""사용자가 설정한 가반하중 한계 검사""},""robotCollision"":{""status"":""NOT VERIFIED"",""violations"":0,""checkedPlacements"":12,""scope"":""TCP·그리퍼 스윕 근사만 수행"",""reason"":""전체 로봇 링크 충돌 미검증""},""approach"":{""status"":""NOT VERIFIED"",""violations"":0,""checkedPlacements"":12,""scope"":""TCP·그리퍼 스윕 근사만 수행"",""reason"":""실제 관절 한계·역기구학·접근 자세 미검증""},""sequence"":{""status"":""NOT VERIFIED"",""violations"":0,""checkedPlacements"":12,""scope"":""TCP·그리퍼 스윕 근사만 수행"",""reason"":""실제 파지·관절 궤적·전 과정 실행 미검증""}}","16.071428571428573","100","12","0","0","940000000","400","","","","150","100.77822185373186","100","100","20.55555555555556","95","0.625","0","0","","4.1336250000009995","8.255399999994552","7.792354999994858","8.162790999994614","49.60350000001199","100","100.37583405928804","49.64429213853723","430.38247606972277","284","2.8260000000009313","","","","","","100","0","0","","","100","","","","","","",""
"greedy","online","identical","111","11","076ed4ae","complete","","explicit","proxy","{}","{""bounds"":12,""support"":157}","adapter-1.0 / planners-f6ec11d4259a","2.0.0","null","{""collision"":{""status"":""PASS"",""violations"":0,""checkedPlacements"":12,""scope"":""직육면체 기하·관측 규격 공통 검사"",""reason"":""확정 배치와 최종 적재 상태 검사""},""bounds"":{""status"":""PASS"",""violations"":0,""checkedPlacements"":12,""scope"":""직육면체 기하·관측 규격 공통 검사"",""reason"":""확정 배치와 최종 적재 상태 검사""},""height"":{""status"":""PASS"",""violations"":0,""checkedPlacements"":12,""scope"":""직육면체 기하·관측 규격 공통 검사"",""reason"":""확정 배치와 최종 적재 상태 검사""},""orientation"":{""status"":""PASS"",""violations"":0,""checkedPlacements"":12,""scope"":""직육면체 기하·관측 규격 공통 검사"",""reason"":""확정 배치와 최종 적재 상태 검사""},""load"":{""status"":""PASS"",""violations"":0,""checkedPlacements"":12,""scope"":""입력된 허용 상부하중 · 누적 정적 반력"",""reason"":""입력값 범위의 정적 검사. 실측 재료 인증 아님""},""support"":{""status"":""PASS"",""violations"":0,""checkedPlacements"":12,""scope"":""접촉·합력 작용점·정적 평형"",""reason"":""설정된 지지율·전도 여유 검사. 동적 붕괴·굽힘 파손 미검증""},""payload"":{""status"":""PASS"",""violations"":0,""checkedPlacements"":12,""scope"":""입력 가반하중 · 박스+그리퍼 질량"",""reason"":""사용자가 설정한 가반하중 한계 검사""},""robotCollision"":{""status"":""NOT VERIFIED"",""violations"":0,""checkedPlacements"":12,""scope"":""TCP·그리퍼 스윕 근사만 수행"",""reason"":""전체 로봇 링크 충돌 미검증""},""approach"":{""status"":""NOT VERIFIED"",""violations"":0,""checkedPlacements"":12,""scope"":""TCP·그리퍼 스윕 근사만 수행"",""reason"":""실제 관절 한계·역기구학·접근 자세 미검증""},""sequence"":{""status"":""NOT VERIFIED"",""violations"":0,""checkedPlacements"":12,""scope"":""TCP·그리퍼 스윕 근사만 수행"",""reason"":""실제 파지·관절 궤적·전 과정 실행 미검증""}}","16.071428571428573","100","12","0","0","940000000","400","","","","150","50.34602488997738","100","100","12.361111111111118","89.7435897435898","0.6250000000000001","0","0","","20.154616666665486","36.39340000000084","34.05067500000077","35.924855000000825","241.85539999998582","100","107.03781804388689","51.37458172852648","403.5956710392531","538","3.7608000000036554","","","","","","100","0","0","","","100","","","","","","",""
"future-hybrid","online","random","111","11","bce51c89","partial","SUPPORT: 지지 조건 미달 66.6% / 필요 95.0% / SUPPORT: 지지 조건 미달 47.5% / 필요 95.0% / SUPPORT: 지지 조건 미달 63.2% / 필요 95.0% / SUPPORT: 지지 조건 미달 45.1% / 필요 95.0% / 누적 무게중심 정적 평형 불가 / SUPPORT: 지지 조건 미달 4.8% / 필요 95.0% / 그리퍼 / 운반 접근 경로 간섭 / SUPPORT: 지지 조건 미달 5.8% / 필요 95.0% / SUPPORT: 지지 조건 미달 6.4% / 필요 95.0% / SUPPORT: 지지 조건 미달 14.9% / 필요 95.0% / 무게 규칙 위반 / SUPPORT: 지지 조건 미달 12.5% / 필요 95.0% / SUPPORT: 지지 조건 미달 30.5% / 필요 95.0% / SUPPORT: 지지 조건 미달 25.6% / 필요 95.0% / SUPPORT: 지지 조건 미달 27.9% / 필요 95.0% / SUPPORT: 지지 조건 미달 23.4% / 필요 95.0% / SUPPORT: 지지 조건 미달 10.9% / 필요 95.0%","explicit","proxy","{}","{""protocol"":10,""bounds"":37,""support"":127,""load"":87,""robot-path"":29}","adapter-1.0 / planners-f6ec11d4259a","2.0.0","null","{""collision"":{""status"":""PASS"",""violations"":0,""checkedPlacements"":11,""scope"":""직육면체 기하·관측 규격 공통 검사"",""reason"":""확정 배치와 최종 적재 상태 검사""},""bounds"":{""status"":""PASS"",""violations"":0,""checkedPlacements"":11,""scope"":""직육면체 기하·관측 규격 공통 검사"",""reason"":""확정 배치와 최종 적재 상태 검사""},""height"":{""status"":""PASS"",""violations"":0,""checkedPlacements"":11,""scope"":""직육면체 기하·관측 규격 공통 검사"",""reason"":""확정 배치와 최종 적재 상태 검사""},""orientation"":{""status"":""PASS"",""violations"":0,""checkedPlacements"":11,""scope"":""직육면체 기하·관측 규격 공통 검사"",""reason"":""확정 배치와 최종 적재 상태 검사""},""load"":{""status"":""PASS"",""violations"":0,""checkedPlacements"":11,""scope"":""입력된 허용 상부하중 · 누적 정적 반력"",""reason"":""입력값 범위의 정적 검사. 실측 재료 인증 아님""},""support"":{""status"":""PASS"",""violations"":0,""checkedPlacements"":11,""scope"":""접촉·합력 작용점·정적 평형"",""reason"":""설정된 지지율·전도 여유 검사. 동적 붕괴·굽힘 파손 미검증""},""payload"":{""status"":""PASS"",""violations"":0,""checkedPlacements"":11,""scope"":""입력 가반하중 · 박스+그리퍼 질량"",""reason"":""사용자가 설정한 가반하중 한계 검사""},""robotCollision"":{""status"":""NOT VERIFIED"",""violations"":0,""checkedPlacements"":11,""scope"":""TCP·그리퍼 스윕 근사만 수행"",""reason"":""전체 로봇 링크 충돌 미검증""},""approach"":{""status"":""NOT VERIFIED"",""violations"":0,""checkedPlacements"":11,""scope"":""TCP·그리퍼 스윕 근사만 수행"",""reason"":""실제 관절 한계·역기구학·접근 자세 미검증""},""sequence"":{""status"":""NOT VERIFIED"",""violations"":0,""checkedPlacements"":11,""scope"":""TCP·그리퍼 스윕 근사만 수행"",""reason"":""실제 파지·관절 궤적·전 과정 실행 미검증""}}","16.479182410714284","61.111111111111114","11","7","0.132963375","935433157","627","","","","196.05714285714285","89.02517529741061","100","100","20.640272792416205","65.85","0.5860927152317881","0","0","","280.1299083333336","616.4148000000132","561.2577750000062","605.3833950000119","3361.5589000000036","91.66666666666667","106.95985668716206","49.37390684665536","370.2323584428757","558","2.051500000001397","16.479182410714284","0","61.111111111111114","","","100","0","0","","","0","","","","","","",""
"hrpal-inferred","online","random","111","11","bce51c89","no-placement","세로 박스 주변 높이 부족 · 가까운 눕힌 적재를 먼저 쌓아야 함","explicit","proxy","{}","{""protocol"":31}","conventional-pattern/2","2.0.0","null","{""collision"":{""status"":""NOT VERIFIED"",""violations"":0,""checkedPlacements"":0,""scope"":""직육면체 기하·관측 규격 공통 검사"",""reason"":""검증할 확정 배치 없음""},""bounds"":{""status"":""NOT VERIFIED"",""violations"":0,""checkedPlacements"":0,""scope"":""직육면체 기하·관측 규격 공통 검사"",""reason"":""검증할 확정 배치 없음""},""height"":{""status"":""NOT VERIFIED"",""violations"":0,""checkedPlacements"":0,""scope"":""직육면체 기하·관측 규격 공통 검사"",""reason"":""검증할 확정 배치 없음""},""orientation"":{""status"":""NOT VERIFIED"",""violations"":0,""checkedPlacements"":0,""scope"":""직육면체 기하·관측 규격 공통 검사"",""reason"":""검증할 확정 배치 없음""},""load"":{""status"":""NOT VERIFIED"",""violations"":0,""checkedPlacements"":0,""scope"":""입력된 허용 상부하중 · 누적 정적 반력"",""reason"":""검증할 확정 배치 없음""},""support"":{""status"":""NOT VERIFIED"",""violations"":0,""checkedPlacements"":0,""scope"":""접촉·합력 작용점·정적 평형"",""reason"":""검증할 확정 배치 없음""},""payload"":{""status"":""NOT VERIFIED"",""violations"":0,""checkedPlacements"":0,""scope"":""입력 가반하중 · 박스+그리퍼 질량"",""reason"":""검증할 확정 배치 없음""},""robotCollision"":{""status"":""NOT VERIFIED"",""violations"":0,""checkedPlacements"":0,""scope"":""TCP·그리퍼 스윕 근사만 수행"",""reason"":""검증할 확정 배치 없음""},""approach"":{""status"":""NOT VERIFIED"",""violations"":0,""checkedPlacements"":0,""scope"":""TCP·그리퍼 스윕 근사만 수행"",""reason"":""검증할 확정 배치 없음""},""sequence"":{""status"":""NOT VERIFIED"",""violations"":0,""checkedPlacements"":0,""scope"":""TCP·그리퍼 스윕 근사만 수행"",""reason"":""검증할 확정 배치 없음""}}","0","0","0","18","0.317530218","1120000000","","","","","","","","","","","","0","0","","4.533100000000559","4.533100000000559","4.533100000000559","4.533100000000559","4.533100000000559","0","","","","31","0.08699999999953434","0","0","0","","","","0","0","","","0","","","","","","",""
"greedy","online","random","111","11","bce51c89","partial","무게 규칙 위반 / SUPPORT: 지지 조건 미달 72.9% / 필요 95.0% / SUPPORT: 지지 조건 미달 78.1% / 필요 95.0% / SUPPORT: 지지 조건 미달 82.9% / 필요 95.0% / SUPPORT: 지지 조건 미달 88.7% / 필요 95.0% / SUPPORT: 지지 조건 미달 93.4% / 필요 95.0% / SUPPORT: 지지 조건 미달 85.8% / 필요 95.0% / SUPPORT: 지지 조건 미달 91.8% / 필요 95.0% / SUPPORT: 지지 조건 미달 80.0% / 필요 95.0% / SUPPORT: 지지 조건 미달 85.6% / 필요 95.0% / SUPPORT: 지지 조건 미달 53.8% / 필요 95.0% / SUPPORT: 지지 조건 미달 57.6% / 필요 95.0% / 누적 무게중심 정적 평형 불가 / SUPPORT: 지지 조건 미달 43.8% / 필요 95.0% / SUPPORT: 지지 조건 미달 46.9% / 필요 95.0% / SUPPORT: 지지 조건 미달 2.3% / 필요 95.0% / SUPPORT: 지지 조건 미달 3.7% / 필요 95.0% / SUPPORT: 지지 조건 미달 15.4% / 필요 95.0% / SUPPORT: 지지 조건 미달 16.1% / 필요 95.0% / SUPPORT: 지지 조건 미달 25.8% / 필요 95.0% / SUPPORT: 지지 조건 미달 33.6% / 필요 95.0% / SUPPORT: 지지 조건 미달 35.1% / 필요 95.0% / SUPPORT: 지지 조건 미달 3.5% / 필요 95.0% / SUPPORT: 지지 조건 미달 5.6% / 필요 95.0% / SUPPORT: 지지 조건 미달 23.0% / 필요 95.0% / SUPPORT: 지지 조건 미달 24.1% / 필요 95.0% / SUPPORT: 지지 조건 미달 31.6% / 필요 95.0% / SUPPORT: 지지 조건 미달 41.3% / 필요 95.0% / SUPPORT: 지지 조건 미달 43.1% / 필요 95.0% / SUPPORT: 지지 조건 미달 4.7% / 필요 95.0% / SUPPORT: 지지 조건 미달 7.5% / 필요 95.0% / SUPPORT: 지지 조건 미달 31.1% / 필요 95.0% / SUPPORT: 지지 조건 미달 32.5% / 필요 95.0% / SUPPORT: 지지 조건 미달 37.8% / 필요 95.0% / SUPPORT: 지지 조건 미달 49.4% / 필요 95.0%","explicit","proxy","{}","{""protocol"":10,""support"":271,""load"":147,""robot-path"":9}","adapter-1.0 / planners-f6ec11d4259a","2.0.0","null","{""collision"":{""status"":""PASS"",""violations"":0,""checkedPlacements"":13,""scope"":""직육면체 기하·관측 규격 공통 검사"",""reason"":""확정 배치와 최종 적재 상태 검사""},""bounds"":{""status"":""PASS"",""violations"":0,""checkedPlacements"":13,""scope"":""직육면체 기하·관측 규격 공통 검사"",""reason"":""확정 배치와 최종 적재 상태 검사""},""height"":{""status"":""PASS"",""violations"":0,""checkedPlacements"":13,""scope"":""직육면체 기하·관측 규격 공통 검사"",""reason"":""확정 배치와 최종 적재 상태 검사""},""orientation"":{""status"":""PASS"",""violations"":0,""checkedPlacements"":13,""scope"":""직육면체 기하·관측 규격 공통 검사"",""reason"":""확정 배치와 최종 적재 상태 검사""},""load"":{""status"":""PASS"",""violations"":0,""checkedPlacements"":13,""scope"":""입력된 허용 상부하중 · 누적 정적 반력"",""reason"":""입력값 범위의 정적 검사. 실측 재료 인증 아님""},""support"":{""status"":""PASS"",""violations"":0,""checkedPlacements"":13,""scope"":""접촉·합력 작용점·정적 평형"",""reason"":""설정된 지지율·전도 여유 검사. 동적 붕괴·굽힘 파손 미검증""},""payload"":{""status"":""PASS"",""violations"":0,""checkedPlacements"":13,""scope"":""입력 가반하중 · 박스+그리퍼 질량"",""reason"":""사용자가 설정한 가반하중 한계 검사""},""robotCollision"":{""status"":""NOT VERIFIED"",""violations"":0,""checkedPlacements"":13,""scope"":""TCP·그리퍼 스윕 근사만 수행"",""reason"":""전체 로봇 링크 충돌 미검증""},""approach"":{""status"":""NOT VERIFIED"",""violations"":0,""checkedPlacements"":13,""scope"":""TCP·그리퍼 스윕 근사만 수행"",""reason"":""실제 관절 한계·역기구학·접근 자세 미검증""},""sequence"":{""status"":""NOT VERIFIED"",""violations"":0,""checkedPlacements"":13,""scope"":""TCP·그리퍼 스윕 근사만 수행"",""reason"":""실제 파지·관절 궤적·전 과정 실행 미검증""}}","19.441761339285716","72.22222222222223","13","5","0.099782491","902252273","868","","","","270.0357142857143","8.48635025140782","100","100","3.231136016040078","57.2","0.3099078341013825","0","0","","91.9683071428569","144.90570000000298","140.40899999999965","144.0063600000023","1287.5562999999966","92.85714285714286","133.47260067844118","63.35719044098677","350.63376125223914","654","2.9897000000055414","19.441761339285716","0","72.22222222222223","","","100","0","0","","","0","","","","","","",""
"hrpal-inferred","online","identical","112","12","9f4d1311","complete","","explicit","proxy","{}","{""support"":123}","conventional-pattern/2","2.0.0","null","{""collision"":{""status"":""PASS"",""violations"":0,""checkedPlacements"":12,""scope"":""직육면체 기하·관측 규격 공통 검사"",""reason"":""확정 배치와 최종 적재 상태 검사""},""bounds"":{""status"":""PASS"",""violations"":0,""checkedPlacements"":12,""scope"":""직육면체 기하·관측 규격 공통 검사"",""reason"":""확정 배치와 최종 적재 상태 검사""},""height"":{""status"":""PASS"",""violations"":0,""checkedPlacements"":12,""scope"":""직육면체 기하·관측 규격 공통 검사"",""reason"":""확정 배치와 최종 적재 상태 검사""},""orientation"":{""status"":""PASS"",""violations"":0,""checkedPlacements"":12,""scope"":""직육면체 기하·관측 규격 공통 검사"",""reason"":""확정 배치와 최종 적재 상태 검사""},""load"":{""status"":""PASS"",""violations"":0,""checkedPlacements"":12,""scope"":""입력된 허용 상부하중 · 누적 정적 반력"",""reason"":""입력값 범위의 정적 검사. 실측 재료 인증 아님""},""support"":{""status"":""PASS"",""violations"":0,""checkedPlacements"":12,""scope"":""접촉·합력 작용점·정적 평형"",""reason"":""설정된 지지율·전도 여유 검사. 동적 붕괴·굽힘 파손 미검증""},""payload"":{""status"":""PASS"",""violations"":0,""checkedPlacements"":12,""scope"":""입력 가반하중 · 박스+그리퍼 질량"",""reason"":""사용자가 설정한 가반하중 한계 검사""},""robotCollision"":{""status"":""NOT VERIFIED"",""violations"":0,""checkedPlacements"":12,""scope"":""TCP·그리퍼 스윕 근사만 수행"",""reason"":""전체 로봇 링크 충돌 미검증""},""approach"":{""status"":""NOT VERIFIED"",""violations"":0,""checkedPlacements"":12,""scope"":""TCP·그리퍼 스윕 근사만 수행"",""reason"":""실제 관절 한계·역기구학·접근 자세 미검증""},""sequence"":{""status"":""NOT VERIFIED"",""violations"":0,""checkedPlacements"":12,""scope"":""TCP·그리퍼 스윕 근사만 수행"",""reason"":""실제 파지·관절 궤적·전 과정 실행 미검증""}}","16.071428571428573","100","12","0","0","940000000","400","","","","150","100.77822185373186","100","100","20.55555555555556","95","0.625","0","0","","4.3953166666675925","8.24189999999362","7.9880749999989344","8.191134999994684","52.743800000011106","100","100.37583405928804","49.64429213853723","430.38247606972277","284","4.248700000011013","","","","","","100","0","0","","","100","","","","","","",""
"greedy","online","identical","112","12","9f4d1311","complete","","explicit","proxy","{}","{""bounds"":12,""support"":157}","adapter-1.0 / planners-f6ec11d4259a","2.0.0","null","{""collision"":{""status"":""PASS"",""violations"":0,""checkedPlacements"":12,""scope"":""직육면체 기하·관측 규격 공통 검사"",""reason"":""확정 배치와 최종 적재 상태 검사""},""bounds"":{""status"":""PASS"",""violations"":0,""checkedPlacements"":12,""scope"":""직육면체 기하·관측 규격 공통 검사"",""reason"":""확정 배치와 최종 적재 상태 검사""},""height"":{""status"":""PASS"",""violations"":0,""checkedPlacements"":12,""scope"":""직육면체 기하·관측 규격 공통 검사"",""reason"":""확정 배치와 최종 적재 상태 검사""},""orientation"":{""status"":""PASS"",""violations"":0,""checkedPlacements"":12,""scope"":""직육면체 기하·관측 규격 공통 검사"",""reason"":""확정 배치와 최종 적재 상태 검사""},""load"":{""status"":""PASS"",""violations"":0,""checkedPlacements"":12,""scope"":""입력된 허용 상부하중 · 누적 정적 반력"",""reason"":""입력값 범위의 정적 검사. 실측 재료 인증 아님""},""support"":{""status"":""PASS"",""violations"":0,""checkedPlacements"":12,""scope"":""접촉·합력 작용점·정적 평형"",""reason"":""설정된 지지율·전도 여유 검사. 동적 붕괴·굽힘 파손 미검증""},""payload"":{""status"":""PASS"",""violations"":0,""checkedPlacements"":12,""scope"":""입력 가반하중 · 박스+그리퍼 질량"",""reason"":""사용자가 설정한 가반하중 한계 검사""},""robotCollision"":{""status"":""NOT VERIFIED"",""violations"":0,""checkedPlacements"":12,""scope"":""TCP·그리퍼 스윕 근사만 수행"",""reason"":""전체 로봇 링크 충돌 미검증""},""approach"":{""status"":""NOT VERIFIED"",""violations"":0,""checkedPlacements"":12,""scope"":""TCP·그리퍼 스윕 근사만 수행"",""reason"":""실제 관절 한계·역기구학·접근 자세 미검증""},""sequence"":{""status"":""NOT VERIFIED"",""violations"":0,""checkedPlacements"":12,""scope"":""TCP·그리퍼 스윕 근사만 수행"",""reason"":""실제 파지·관절 궤적·전 과정 실행 미검증""}}","16.071428571428573","100","12","0","0","940000000","400","","","","150","50.34602488997738","100","100","12.361111111111118","89.7435897435898","0.6250000000000001","0","0","","21.31089166666546","39.56379999998899","38.29385000000038","39.309809999991266","255.73069999998552","100","107.03781804388689","51.37458172852648","403.5956710392531","538","3.7770000000018626","","","","","","100","0","0","","","100","","","","","","",""
"future-hybrid","online","identical","112","12","9f4d1311","complete","","explicit","proxy","{}","{""bounds"":12,""support"":190}","adapter-1.0 / planners-f6ec11d4259a","2.0.0","null","{""collision"":{""status"":""PASS"",""violations"":0,""checkedPlacements"":12,""scope"":""직육면체 기하·관측 규격 공통 검사"",""reason"":""확정 배치와 최종 적재 상태 검사""},""bounds"":{""status"":""PASS"",""violations"":0,""checkedPlacements"":12,""scope"":""직육면체 기하·관측 규격 공통 검사"",""reason"":""확정 배치와 최종 적재 상태 검사""},""height"":{""status"":""PASS"",""violations"":0,""checkedPlacements"":12,""scope"":""직육면체 기하·관측 규격 공통 검사"",""reason"":""확정 배치와 최종 적재 상태 검사""},""orientation"":{""status"":""PASS"",""violations"":0,""checkedPlacements"":12,""scope"":""직육면체 기하·관측 규격 공통 검사"",""reason"":""확정 배치와 최종 적재 상태 검사""},""load"":{""status"":""PASS"",""violations"":0,""checkedPlacements"":12,""scope"":""입력된 허용 상부하중 · 누적 정적 반력"",""reason"":""입력값 범위의 정적 검사. 실측 재료 인증 아님""},""support"":{""status"":""PASS"",""violations"":0,""checkedPlacements"":12,""scope"":""접촉·합력 작용점·정적 평형"",""reason"":""설정된 지지율·전도 여유 검사. 동적 붕괴·굽힘 파손 미검증""},""payload"":{""status"":""PASS"",""violations"":0,""checkedPlacements"":12,""scope"":""입력 가반하중 · 박스+그리퍼 질량"",""reason"":""사용자가 설정한 가반하중 한계 검사""},""robotCollision"":{""status"":""NOT VERIFIED"",""violations"":0,""checkedPlacements"":12,""scope"":""TCP·그리퍼 스윕 근사만 수행"",""reason"":""전체 로봇 링크 충돌 미검증""},""approach"":{""status"":""NOT VERIFIED"",""violations"":0,""checkedPlacements"":12,""scope"":""TCP·그리퍼 스윕 근사만 수행"",""reason"":""실제 관절 한계·역기구학·접근 자세 미검증""},""sequence"":{""status"":""NOT VERIFIED"",""violations"":0,""checkedPlacements"":12,""scope"":""TCP·그리퍼 스윕 근사만 수행"",""reason"":""실제 파지·관절 궤적·전 과정 실행 미검증""}}","16.071428571428573","100","12","0","0","940000000","400","","","","150","0","100","100","1.3888888888888868","95","0.625","0","0","","78.07060000000153","180.18570000000182","146.89496999999898","173.5275540000013","936.8472000000183","100","108.20092680945035","50.83060242614273","399.25720854571165","538","2.7725999999966007","","","","","","100","0","0","","","100","","","","","","",""
"hrpal-inferred","online","random","112","12","e42f0c32","partial","SUPPORT: 지지 조건 미달 19.7% / 필요 95.0% · CoG 지지 검사 / 무게 규칙 위반 · Long-02 (6 kg) / SUPPORT: 지지 조건 미달 39.4% / 필요 95.0% · CoG 지지 검사 / SUPPORT: 지지 조건 미달 0.0% / 필요 95.0% · CoG 지지 검사 / SUPPORT: 지지 조건 미달 93.9% / 필요 95.0% · CoG 지지 검사 / 무게 규칙 위반 · Medium-02 (8 kg) / 누적 무게중심 정적 평형 불가 · Wide-03 / SUPPORT: 지지 조건 미달 9.8% / 필요 95.0% · CoG 지지 검사 / 무게 규칙 위반 · Medium-03 (8 kg) / SUPPORT: 지지 조건 미달 70.0% / 필요 95.0% · CoG 지지 검사 / SUPPORT: 지지 조건 미달 33.8% / 필요 95.0% · CoG 지지 검사","explicit","proxy","{}","{""support"":60,""load"":8}","conventional-pattern/2","2.0.0","null","{""collision"":{""status"":""PASS"",""violations"":0,""checkedPlacements"":4,""scope"":""직육면체 기하·관측 규격 공통 검사"",""reason"":""확정 배치와 최종 적재 상태 검사""},""bounds"":{""status"":""PASS"",""violations"":0,""checkedPlacements"":4,""scope"":""직육면체 기하·관측 규격 공통 검사"",""reason"":""확정 배치와 최종 적재 상태 검사""},""height"":{""status"":""PASS"",""violations"":0,""checkedPlacements"":4,""scope"":""직육면체 기하·관측 규격 공통 검사"",""reason"":""확정 배치와 최종 적재 상태 검사""},""orientation"":{""status"":""PASS"",""violations"":0,""checkedPlacements"":4,""scope"":""직육면체 기하·관측 규격 공통 검사"",""reason"":""확정 배치와 최종 적재 상태 검사""},""load"":{""status"":""PASS"",""violations"":0,""checkedPlacements"":4,""scope"":""입력된 허용 상부하중 · 누적 정적 반력"",""reason"":""입력값 범위의 정적 검사. 실측 재료 인증 아님""},""support"":{""status"":""PASS"",""violations"":0,""checkedPlacements"":4,""scope"":""접촉·합력 작용점·정적 평형"",""reason"":""설정된 지지율·전도 여유 검사. 동적 붕괴·굽힘 파손 미검증""},""payload"":{""status"":""PASS"",""violations"":0,""checkedPlacements"":4,""scope"":""입력 가반하중 · 박스+그리퍼 질량"",""reason"":""사용자가 설정한 가반하중 한계 검사""},""robotCollision"":{""status"":""NOT VERIFIED"",""violations"":0,""checkedPlacements"":4,""scope"":""TCP·그리퍼 스윕 근사만 수행"",""reason"":""전체 로봇 링크 충돌 미검증""},""approach"":{""status"":""NOT VERIFIED"",""violations"":0,""checkedPlacements"":4,""scope"":""TCP·그리퍼 스윕 근사만 수행"",""reason"":""실제 관절 한계·역기구학·접근 자세 미검증""},""sequence"":{""status"":""NOT VERIFIED"",""violations"":0,""checkedPlacements"":4,""scope"":""TCP·그리퍼 스윕 근사만 수행"",""reason"":""실제 파지·관절 궤적·전 과정 실행 미검증""}}","5.271981964285715","22.22222222222222","4","14","0.25848402","1060953802","217","","","","93.74","217.0146336079666","100","100","51.89542257639634","57.2","1.125984251968504","0","0","","2.327980000001844","5.607300000003306","4.986440000002039","5.4831280000030524","11.63990000000922","80","34.2172540169058","15.741215110988767","420.8403162008663","102","0.6257000000041444","5.271981964285715","0","22.22222222222222","","","100","0","0","","","0","","","","","","",""
"greedy","online","random","112","12","e42f0c32","partial","무게 규칙 위반 / SUPPORT: 지지 조건 미달 65.2% / 필요 95.0% / SUPPORT: 지지 조건 미달 65.7% / 필요 95.0% / SUPPORT: 지지 조건 미달 84.6% / 필요 95.0% / SUPPORT: 지지 조건 미달 85.3% / 필요 95.0% / SUPPORT: 지지 조건 미달 88.4% / 필요 95.0% / SUPPORT: 지지 조건 미달 89.1% / 필요 95.0% / SUPPORT: 지지 조건 미달 58.8% / 필요 95.0% / SUPPORT: 지지 조건 미달 59.2% / 필요 95.0% / SUPPORT: 지지 조건 미달 75.1% / 필요 95.0% / SUPPORT: 지지 조건 미달 79.0% / 필요 95.0% / 누적 무게중심 정적 평형 불가 / SUPPORT: 지지 조건 미달 3.2% / 필요 95.0% / SUPPORT: 지지 조건 미달 3.4% / 필요 95.0% / SUPPORT: 지지 조건 미달 16.9% / 필요 95.0% / SUPPORT: 지지 조건 미달 18.6% / 필요 95.0% / SUPPORT: 지지 조건 미달 27.5% / 필요 95.0% / SUPPORT: 지지 조건 미달 38.9% / 필요 95.0% / SUPPORT: 지지 조건 미달 26.2% / 필요 95.0% / SUPPORT: 지지 조건 미달 45.0% / 필요 95.0% / SUPPORT: 지지 조건 미달 24.7% / 필요 95.0% / SUPPORT: 지지 조건 미달 41.4% / 필요 95.0% / SUPPORT: 지지 조건 미달 39.4% / 필요 95.0% / SUPPORT: 지지 조건 미달 55.8% / 필요 95.0% / SUPPORT: 지지 조건 미달 64.5% / 필요 95.0%","explicit","proxy","{}","{""bounds"":8,""support"":121,""robot-path"":6,""load"":96}","adapter-1.0 / planners-f6ec11d4259a","2.0.0","null","{""collision"":{""status"":""PASS"",""violations"":0,""checkedPlacements"":5,""scope"":""직육면체 기하·관측 규격 공통 검사"",""reason"":""확정 배치와 최종 적재 상태 검사""},""bounds"":{""status"":""PASS"",""violations"":0,""checkedPlacements"":5,""scope"":""직육면체 기하·관측 규격 공통 검사"",""reason"":""확정 배치와 최종 적재 상태 검사""},""height"":{""status"":""PASS"",""violations"":0,""checkedPlacements"":5,""scope"":""직육면체 기하·관측 규격 공통 검사"",""reason"":""확정 배치와 최종 적재 상태 검사""},""orientation"":{""status"":""PASS"",""violations"":0,""checkedPlacements"":5,""scope"":""직육면체 기하·관측 규격 공통 검사"",""reason"":""확정 배치와 최종 적재 상태 검사""},""load"":{""status"":""PASS"",""violations"":0,""checkedPlacements"":5,""scope"":""입력된 허용 상부하중 · 누적 정적 반력"",""reason"":""입력값 범위의 정적 검사. 실측 재료 인증 아님""},""support"":{""status"":""PASS"",""violations"":0,""checkedPlacements"":5,""scope"":""접촉·합력 작용점·정적 평형"",""reason"":""설정된 지지율·전도 여유 검사. 동적 붕괴·굽힘 파손 미검증""},""payload"":{""status"":""PASS"",""violations"":0,""checkedPlacements"":5,""scope"":""입력 가반하중 · 박스+그리퍼 질량"",""reason"":""사용자가 설정한 가반하중 한계 검사""},""robotCollision"":{""status"":""NOT VERIFIED"",""violations"":0,""checkedPlacements"":5,""scope"":""TCP·그리퍼 스윕 근사만 수행"",""reason"":""전체 로봇 링크 충돌 미검증""},""approach"":{""status"":""NOT VERIFIED"",""violations"":0,""checkedPlacements"":5,""scope"":""TCP·그리퍼 스윕 근사만 수행"",""reason"":""실제 관절 한계·역기구학·접근 자세 미검증""},""sequence"":{""status"":""NOT VERIFIED"",""violations"":0,""checkedPlacements"":5,""scope"":""TCP·그리퍼 스윕 근사만 수행"",""reason"":""실제 파지·관절 궤적·전 과정 실행 미검증""}}","8.318297410714285","27.77777777777778","5","13","0.224365287","1026835069","217","","","","94.63513513513513","50.2856413582236","100","100","8.935550318687993","57.2","1.125984251968504","0","0","","62.410016666668525","108.21659999999974","106.75085000000036","107.92344999999986","374.46010000001115","83.33333333333333","44.31276544111522","21.003297536724894","406.2034905927775","250","0.9791000000113854","8.318297410714285","0","27.77777777777778","","","100","0","0","","","0","","","","","","",""
"future-hybrid","online","random","112","12","e42f0c32","partial","SUPPORT: 지지 조건 미달 42.2% / 필요 95.0% / 무게 규칙 위반 / 누적 무게중심 정적 평형 불가 / SUPPORT: 지지 조건 미달 46.0% / 필요 95.0% / SUPPORT: 지지 조건 미달 5.9% / 필요 95.0% / SUPPORT: 지지 조건 미달 37.5% / 필요 95.0% / SUPPORT: 지지 조건 미달 57.6% / 필요 95.0% / SUPPORT: 지지 조건 미달 36.3% / 필요 95.0% / SUPPORT: 지지 조건 미달 45.4% / 필요 95.0% / SUPPORT: 지지 조건 미달 21.5% / 필요 95.0% / SUPPORT: 지지 조건 미달 14.5% / 필요 95.0% / SUPPORT: 지지 조건 미달 25.9% / 필요 95.0% / SUPPORT: 지지 조건 미달 12.5% / 필요 95.0% / SUPPORT: 지지 조건 미달 19.0% / 필요 95.0% / SUPPORT: 지지 조건 미달 5.1% / 필요 95.0% / SUPPORT: 지지 조건 미달 2.8% / 필요 95.0% / SUPPORT: 지지 조건 미달 45.9% / 필요 95.0% / SUPPORT: 지지 조건 미달 44.5% / 필요 95.0% / SUPPORT: 지지 조건 미달 26.4% / 필요 95.0% / SUPPORT: 지지 조건 미달 17.7% / 필요 95.0% / SUPPORT: 지지 조건 미달 15.3% / 필요 95.0% / SUPPORT: 지지 조건 미달 6.2% / 필요 95.0% / SUPPORT: 지지 조건 미달 47.2% / 필요 95.0% / SUPPORT: 지지 조건 미달 65.8% / 필요 95.0% / SUPPORT: 지지 조건 미달 45.7% / 필요 95.0% / SUPPORT: 지지 조건 미달 52.0% / 필요 95.0% / SUPPORT: 지지 조건 미달 27.1% / 필요 95.0% / SUPPORT: 지지 조건 미달 18.2% / 필요 95.0% / SUPPORT: 지지 조건 미달 29.6% / 필요 95.0% / SUPPORT: 지지 조건 미달 15.7% / 필요 95.0% / SUPPORT: 지지 조건 미달 21.7% / 필요 95.0% / SUPPORT: 지지 조건 미달 6.4% / 필요 95.0% / SUPPORT: 지지 조건 미달 3.2% / 필요 95.0% / SUPPORT: 지지 조건 미달 84.9% / 필요 95.0% / SUPPORT: 지지 조건 미달 67.0% / 필요 95.0% / SUPPORT: 지지 조건 미달 38.2% / 필요 95.0% / SUPPORT: 지지 조건 미달 28.0% / 필요 95.0% / SUPPORT: 지지 조건 미달 4.1% / 필요 95.0%","explicit","proxy","{}","{""bounds"":26,""support"":119,""protocol"":6,""robot-path"":2,""load"":96}","adapter-1.0 / planners-f6ec11d4259a","2.0.0","null","{""collision"":{""status"":""PASS"",""violations"":0,""checkedPlacements"":5,""scope"":""직육면체 기하·관측 규격 공통 검사"",""reason"":""확정 배치와 최종 적재 상태 검사""},""bounds"":{""status"":""PASS"",""violations"":0,""checkedPlacements"":5,""scope"":""직육면체 기하·관측 규격 공통 검사"",""reason"":""확정 배치와 최종 적재 상태 검사""},""height"":{""status"":""PASS"",""violations"":0,""checkedPlacements"":5,""scope"":""직육면체 기하·관측 규격 공통 검사"",""reason"":""확정 배치와 최종 적재 상태 검사""},""orientation"":{""status"":""PASS"",""violations"":0,""checkedPlacements"":5,""scope"":""직육면체 기하·관측 규격 공통 검사"",""reason"":""확정 배치와 최종 적재 상태 검사""},""load"":{""status"":""PASS"",""violations"":0,""checkedPlacements"":5,""scope"":""입력된 허용 상부하중 · 누적 정적 반력"",""reason"":""입력값 범위의 정적 검사. 실측 재료 인증 아님""},""support"":{""status"":""PASS"",""violations"":0,""checkedPlacements"":5,""scope"":""접촉·합력 작용점·정적 평형"",""reason"":""설정된 지지율·전도 여유 검사. 동적 붕괴·굽힘 파손 미검증""},""payload"":{""status"":""PASS"",""violations"":0,""checkedPlacements"":5,""scope"":""입력 가반하중 · 박스+그리퍼 질량"",""reason"":""사용자가 설정한 가반하중 한계 검사""},""robotCollision"":{""status"":""NOT VERIFIED"",""violations"":0,""checkedPlacements"":5,""scope"":""TCP·그리퍼 스윕 근사만 수행"",""reason"":""전체 로봇 링크 충돌 미검증""},""approach"":{""status"":""NOT VERIFIED"",""violations"":0,""checkedPlacements"":5,""scope"":""TCP·그리퍼 스윕 근사만 수행"",""reason"":""실제 관절 한계·역기구학·접근 자세 미검증""},""sequence"":{""status"":""NOT VERIFIED"",""violations"":0,""checkedPlacements"":5,""scope"":""TCP·그리퍼 스윕 근사만 수행"",""reason"":""실제 파지·관절 궤적·전 과정 실행 미검증""}}","8.318297410714285","27.77777777777778","5","13","0.224365287","1026835069","217","","","","94.63513513513513","18.88329657926584","100","100","5.377656917697992","57.2","1.125984251968504","0","0","","81.07856666666824","214.18619999999646","180.5764999999992","207.46425999999704","486.47140000000945","83.33333333333333","44.29375942588666","20.340943626826338","406.3777885035479","245","1.547999999995227","8.318297410714285","0","27.77777777777778","","","100","0","0","","","0","","","","","","",""
"greedy","online","identical","113","13","4d7950f8","complete","","explicit","proxy","{}","{""bounds"":12,""support"":157}","adapter-1.0 / planners-f6ec11d4259a","2.0.0","null","{""collision"":{""status"":""PASS"",""violations"":0,""checkedPlacements"":12,""scope"":""직육면체 기하·관측 규격 공통 검사"",""reason"":""확정 배치와 최종 적재 상태 검사""},""bounds"":{""status"":""PASS"",""violations"":0,""checkedPlacements"":12,""scope"":""직육면체 기하·관측 규격 공통 검사"",""reason"":""확정 배치와 최종 적재 상태 검사""},""height"":{""status"":""PASS"",""violations"":0,""checkedPlacements"":12,""scope"":""직육면체 기하·관측 규격 공통 검사"",""reason"":""확정 배치와 최종 적재 상태 검사""},""orientation"":{""status"":""PASS"",""violations"":0,""checkedPlacements"":12,""scope"":""직육면체 기하·관측 규격 공통 검사"",""reason"":""확정 배치와 최종 적재 상태 검사""},""load"":{""status"":""PASS"",""violations"":0,""checkedPlacements"":12,""scope"":""입력된 허용 상부하중 · 누적 정적 반력"",""reason"":""입력값 범위의 정적 검사. 실측 재료 인증 아님""},""support"":{""status"":""PASS"",""violations"":0,""checkedPlacements"":12,""scope"":""접촉·합력 작용점·정적 평형"",""reason"":""설정된 지지율·전도 여유 검사. 동적 붕괴·굽힘 파손 미검증""},""payload"":{""status"":""PASS"",""violations"":0,""checkedPlacements"":12,""scope"":""입력 가반하중 · 박스+그리퍼 질량"",""reason"":""사용자가 설정한 가반하중 한계 검사""},""robotCollision"":{""status"":""NOT VERIFIED"",""violations"":0,""checkedPlacements"":12,""scope"":""TCP·그리퍼 스윕 근사만 수행"",""reason"":""전체 로봇 링크 충돌 미검증""},""approach"":{""status"":""NOT VERIFIED"",""violations"":0,""checkedPlacements"":12,""scope"":""TCP·그리퍼 스윕 근사만 수행"",""reason"":""실제 관절 한계·역기구학·접근 자세 미검증""},""sequence"":{""status"":""NOT VERIFIED"",""violations"":0,""checkedPlacements"":12,""scope"":""TCP·그리퍼 스윕 근사만 수행"",""reason"":""실제 파지·관절 궤적·전 과정 실행 미검증""}}","16.071428571428573","100","12","0","0","940000000","400","","","","150","50.34602488997738","100","100","12.361111111111118","89.7435897435898","0.6250000000000001","0","0","","24.468974999999773","45.87140000000363","44.31231499999994","45.559583000002895","293.6276999999973","100","107.03781804388689","51.37458172852648","403.5956710392531","538","3.1151000000099884","","","","","","100","0","0","","","100","","","","","","",""
"future-hybrid","online","identical","113","13","4d7950f8","complete","","explicit","proxy","{}","{""bounds"":12,""support"":190}","adapter-1.0 / planners-f6ec11d4259a","2.0.0","null","{""collision"":{""status"":""PASS"",""violations"":0,""checkedPlacements"":12,""scope"":""직육면체 기하·관측 규격 공통 검사"",""reason"":""확정 배치와 최종 적재 상태 검사""},""bounds"":{""status"":""PASS"",""violations"":0,""checkedPlacements"":12,""scope"":""직육면체 기하·관측 규격 공통 검사"",""reason"":""확정 배치와 최종 적재 상태 검사""},""height"":{""status"":""PASS"",""violations"":0,""checkedPlacements"":12,""scope"":""직육면체 기하·관측 규격 공통 검사"",""reason"":""확정 배치와 최종 적재 상태 검사""},""orientation"":{""status"":""PASS"",""violations"":0,""checkedPlacements"":12,""scope"":""직육면체 기하·관측 규격 공통 검사"",""reason"":""확정 배치와 최종 적재 상태 검사""},""load"":{""status"":""PASS"",""violations"":0,""checkedPlacements"":12,""scope"":""입력된 허용 상부하중 · 누적 정적 반력"",""reason"":""입력값 범위의 정적 검사. 실측 재료 인증 아님""},""support"":{""status"":""PASS"",""violations"":0,""checkedPlacements"":12,""scope"":""접촉·합력 작용점·정적 평형"",""reason"":""설정된 지지율·전도 여유 검사. 동적 붕괴·굽힘 파손 미검증""},""payload"":{""status"":""PASS"",""violations"":0,""checkedPlacements"":12,""scope"":""입력 가반하중 · 박스+그리퍼 질량"",""reason"":""사용자가 설정한 가반하중 한계 검사""},""robotCollision"":{""status"":""NOT VERIFIED"",""violations"":0,""checkedPlacements"":12,""scope"":""TCP·그리퍼 스윕 근사만 수행"",""reason"":""전체 로봇 링크 충돌 미검증""},""approach"":{""status"":""NOT VERIFIED"",""violations"":0,""checkedPlacements"":12,""scope"":""TCP·그리퍼 스윕 근사만 수행"",""reason"":""실제 관절 한계·역기구학·접근 자세 미검증""},""sequence"":{""status"":""NOT VERIFIED"",""violations"":0,""checkedPlacements"":12,""scope"":""TCP·그리퍼 스윕 근사만 수행"",""reason"":""실제 파지·관절 궤적·전 과정 실행 미검증""}}","16.071428571428573","100","12","0","0","940000000","400","","","","150","0","100","100","1.3888888888888868","95","0.625","0","0","","78.44970000000103","141.70700000000943","136.8133200000033","140.7282640000082","941.3964000000124","100","108.20092680945035","50.83060242614273","399.25720854571165","538","4.464399999997113","","","","","","100","0","0","","","100","","","","","","",""
"hrpal-inferred","online","identical","113","13","4d7950f8","complete","","explicit","proxy","{}","{""support"":123}","conventional-pattern/2","2.0.0","null","{""collision"":{""status"":""PASS"",""violations"":0,""checkedPlacements"":12,""scope"":""직육면체 기하·관측 규격 공통 검사"",""reason"":""확정 배치와 최종 적재 상태 검사""},""bounds"":{""status"":""PASS"",""violations"":0,""checkedPlacements"":12,""scope"":""직육면체 기하·관측 규격 공통 검사"",""reason"":""확정 배치와 최종 적재 상태 검사""},""height"":{""status"":""PASS"",""violations"":0,""checkedPlacements"":12,""scope"":""직육면체 기하·관측 규격 공통 검사"",""reason"":""확정 배치와 최종 적재 상태 검사""},""orientation"":{""status"":""PASS"",""violations"":0,""checkedPlacements"":12,""scope"":""직육면체 기하·관측 규격 공통 검사"",""reason"":""확정 배치와 최종 적재 상태 검사""},""load"":{""status"":""PASS"",""violations"":0,""checkedPlacements"":12,""scope"":""입력된 허용 상부하중 · 누적 정적 반력"",""reason"":""입력값 범위의 정적 검사. 실측 재료 인증 아님""},""support"":{""status"":""PASS"",""violations"":0,""checkedPlacements"":12,""scope"":""접촉·합력 작용점·정적 평형"",""reason"":""설정된 지지율·전도 여유 검사. 동적 붕괴·굽힘 파손 미검증""},""payload"":{""status"":""PASS"",""violations"":0,""checkedPlacements"":12,""scope"":""입력 가반하중 · 박스+그리퍼 질량"",""reason"":""사용자가 설정한 가반하중 한계 검사""},""robotCollision"":{""status"":""NOT VERIFIED"",""violations"":0,""checkedPlacements"":12,""scope"":""TCP·그리퍼 스윕 근사만 수행"",""reason"":""전체 로봇 링크 충돌 미검증""},""approach"":{""status"":""NOT VERIFIED"",""violations"":0,""checkedPlacements"":12,""scope"":""TCP·그리퍼 스윕 근사만 수행"",""reason"":""실제 관절 한계·역기구학·접근 자세 미검증""},""sequence"":{""status"":""NOT VERIFIED"",""violations"":0,""checkedPlacements"":12,""scope"":""TCP·그리퍼 스윕 근사만 수행"",""reason"":""실제 파지·관절 궤적·전 과정 실행 미검증""}}","16.071428571428573","100","12","0","0","940000000","400","","","","150","100.77822185373186","100","100","20.55555555555556","95","0.625","0","0","","4.776600000002266","10.024900000003981","9.637755000007745","9.947471000004734","57.319200000027195","100","100.37583405928804","49.64429213853723","430.38247606972277","284","3.1692999999941094","","","","","","100","0","0","","","100","","","","","","",""
"greedy","online","random","113","13","70d9905f","partial","무게 규칙 위반 / 누적 무게중심 정적 평형 불가 / SUPPORT: 지지 조건 미달 46.1% / 필요 95.0% / SUPPORT: 지지 조건 미달 46.5% / 필요 95.0% / SUPPORT: 지지 조건 미달 65.5% / 필요 95.0% / SUPPORT: 지지 조건 미달 66.1% / 필요 95.0% / SUPPORT: 지지 조건 미달 82.7% / 필요 95.0% / SUPPORT: 지지 조건 미달 83.3% / 필요 95.0% / SUPPORT: 지지 조건 미달 90.3% / 필요 95.0% / SUPPORT: 지지 조건 미달 91.0% / 필요 95.0% / SUPPORT: 지지 조건 미달 77.8% / 필요 95.0% / SUPPORT: 지지 조건 미달 78.4% / 필요 95.0% / SUPPORT: 지지 조건 미달 3.2% / 필요 95.0% / SUPPORT: 지지 조건 미달 3.4% / 필요 95.0% / SUPPORT: 지지 조건 미달 6.7% / 필요 95.0% / SUPPORT: 지지 조건 미달 14.4% / 필요 95.0% / SUPPORT: 지지 조건 미달 17.7% / 필요 95.0% / SUPPORT: 지지 조건 미달 16.9% / 필요 95.0% / SUPPORT: 지지 조건 미달 38.9% / 필요 95.0% / SUPPORT: 지지 조건 미달 26.2% / 필요 95.0% / SUPPORT: 지지 조건 미달 45.0% / 필요 95.0% / SUPPORT: 지지 조건 미달 24.7% / 필요 95.0% / SUPPORT: 지지 조건 미달 41.4% / 필요 95.0% / SUPPORT: 지지 조건 미달 9.5% / 필요 95.0% / SUPPORT: 지지 조건 미달 25.4% / 필요 95.0%","explicit","proxy","{}","{""bounds"":8,""support"":86,""load"":88}","adapter-1.0 / planners-f6ec11d4259a","2.0.0","null","{""collision"":{""status"":""PASS"",""violations"":0,""checkedPlacements"":7,""scope"":""직육면체 기하·관측 규격 공통 검사"",""reason"":""확정 배치와 최종 적재 상태 검사""},""bounds"":{""status"":""PASS"",""violations"":0,""checkedPlacements"":7,""scope"":""직육면체 기하·관측 규격 공통 검사"",""reason"":""확정 배치와 최종 적재 상태 검사""},""height"":{""status"":""PASS"",""violations"":0,""checkedPlacements"":7,""scope"":""직육면체 기하·관측 규격 공통 검사"",""reason"":""확정 배치와 최종 적재 상태 검사""},""orientation"":{""status"":""PASS"",""violations"":0,""checkedPlacements"":7,""scope"":""직육면체 기하·관측 규격 공통 검사"",""reason"":""확정 배치와 최종 적재 상태 검사""},""load"":{""status"":""PASS"",""violations"":0,""checkedPlacements"":7,""scope"":""입력된 허용 상부하중 · 누적 정적 반력"",""reason"":""입력값 범위의 정적 검사. 실측 재료 인증 아님""},""support"":{""status"":""PASS"",""violations"":0,""checkedPlacements"":7,""scope"":""접촉·합력 작용점·정적 평형"",""reason"":""설정된 지지율·전도 여유 검사. 동적 붕괴·굽힘 파손 미검증""},""payload"":{""status"":""PASS"",""violations"":0,""checkedPlacements"":7,""scope"":""입력 가반하중 · 박스+그리퍼 질량"",""reason"":""사용자가 설정한 가반하중 한계 검사""},""robotCollision"":{""status"":""NOT VERIFIED"",""violations"":0,""checkedPlacements"":7,""scope"":""TCP·그리퍼 스윕 근사만 수행"",""reason"":""전체 로봇 링크 충돌 미검증""},""approach"":{""status"":""NOT VERIFIED"",""violations"":0,""checkedPlacements"":7,""scope"":""TCP·그리퍼 스윕 근사만 수행"",""reason"":""실제 관절 한계·역기구학·접근 자세 미검증""},""sequence"":{""status"":""NOT VERIFIED"",""violations"":0,""checkedPlacements"":7,""scope"":""TCP·그리퍼 스윕 근사만 수행"",""reason"":""실제 파지·관절 궤적·전 과정 실행 미검증""}}","8.729428839285715","38.888888888888886","7","11","0.219760615","1022230397","302","","","","106.325","46.55047327901188","100","100","14.170382749595746","65.85","0.5860927152317881","0","0","","108.70198749999872","180.6148000000103","178.5326150000059","180.1983630000094","869.6158999999898","87.5","62.698009188542486","29.703705972552616","401.9266373230409","346","0.9153999999980442","8.729428839285715","0","38.888888888888886","","","100","0","0","","","0","","","","","","",""
"future-hybrid","online","random","113","13","70d9905f","partial","SUPPORT: 지지 조건 미달 62.9% / 필요 95.0% / 무게 규칙 위반 / 누적 무게중심 정적 평형 불가 / SUPPORT: 지지 조건 미달 24.8% / 필요 95.0% / SUPPORT: 지지 조건 미달 37.5% / 필요 95.0% / SUPPORT: 지지 조건 미달 57.6% / 필요 95.0% / SUPPORT: 지지 조건 미달 32.8% / 필요 95.0% / SUPPORT: 지지 조건 미달 30.8% / 필요 95.0% / SUPPORT: 지지 조건 미달 55.0% / 필요 95.0% / SUPPORT: 지지 조건 미달 23.4% / 필요 95.0% / SUPPORT: 지지 조건 미달 35.5% / 필요 95.0% / SUPPORT: 지지 조건 미달 22.2% / 필요 95.0% / SUPPORT: 지지 조건 미달 30.3% / 필요 95.0% / SUPPORT: 지지 조건 미달 45.9% / 필요 95.0% / SUPPORT: 지지 조건 미달 40.1% / 필요 95.0% / SUPPORT: 지지 조건 미달 37.7% / 필요 95.0% / SUPPORT: 지지 조건 미달 28.6% / 필요 95.0% / SUPPORT: 지지 조건 미달 36.6% / 필요 95.0% / SUPPORT: 지지 조건 미달 84.9% / 필요 95.0% / SUPPORT: 지지 조건 미달 81.1% / 필요 95.0% / SUPPORT: 지지 조건 미달 52.4% / 필요 95.0% / SUPPORT: 지지 조건 미달 40.0% / 필요 95.0% / SUPPORT: 지지 조건 미달 92.8% / 필요 95.0% / SUPPORT: 지지 조건 미달 88.6% / 필요 95.0% / SUPPORT: 지지 조건 미달 57.3% / 필요 95.0%","explicit","proxy","{}","{""bounds"":20,""support"":78,""load"":86}","adapter-1.0 / planners-f6ec11d4259a","2.0.0","null","{""collision"":{""status"":""PASS"",""violations"":0,""checkedPlacements"":7,""scope"":""직육면체 기하·관측 규격 공통 검사"",""reason"":""확정 배치와 최종 적재 상태 검사""},""bounds"":{""status"":""PASS"",""violations"":0,""checkedPlacements"":7,""scope"":""직육면체 기하·관측 규격 공통 검사"",""reason"":""확정 배치와 최종 적재 상태 검사""},""height"":{""status"":""PASS"",""violations"":0,""checkedPlacements"":7,""scope"":""직육면체 기하·관측 규격 공통 검사"",""reason"":""확정 배치와 최종 적재 상태 검사""},""orientation"":{""status"":""PASS"",""violations"":0,""checkedPlacements"":7,""scope"":""직육면체 기하·관측 규격 공통 검사"",""reason"":""확정 배치와 최종 적재 상태 검사""},""load"":{""status"":""PASS"",""violations"":0,""checkedPlacements"":7,""scope"":""입력된 허용 상부하중 · 누적 정적 반력"",""reason"":""입력값 범위의 정적 검사. 실측 재료 인증 아님""},""support"":{""status"":""PASS"",""violations"":0,""checkedPlacements"":7,""scope"":""접촉·합력 작용점·정적 평형"",""reason"":""설정된 지지율·전도 여유 검사. 동적 붕괴·굽힘 파손 미검증""},""payload"":{""status"":""PASS"",""violations"":0,""checkedPlacements"":7,""scope"":""입력 가반하중 · 박스+그리퍼 질량"",""reason"":""사용자가 설정한 가반하중 한계 검사""},""robotCollision"":{""status"":""NOT VERIFIED"",""violations"":0,""checkedPlacements"":7,""scope"":""TCP·그리퍼 스윕 근사만 수행"",""reason"":""전체 로봇 링크 충돌 미검증""},""approach"":{""status"":""NOT VERIFIED"",""violations"":0,""checkedPlacements"":7,""scope"":""TCP·그리퍼 스윕 근사만 수행"",""reason"":""실제 관절 한계·역기구학·접근 자세 미검증""},""sequence"":{""status"":""NOT VERIFIED"",""violations"":0,""checkedPlacements"":7,""scope"":""TCP·그리퍼 스윕 근사만 수행"",""reason"":""실제 파지·관절 궤적·전 과정 실행 미검증""}}","8.729428839285715","38.888888888888886","7","11","0.219760615","1022230397","217","","","","95","17.82815540093815","100","100","7.306003414881116","70.8","1.1721854304635762","0","0","","181.84253750000062","370.8822000000073","357.85520000000685","368.2768000000072","1454.740300000005","87.5","62.894038550998154","28.531125058148806","400.673904563568","341","0.9869999999937136","8.729428839285715","0","38.888888888888886","","","100","0","0","","","0","","","","","","",""
"hrpal-inferred","online","random","113","13","70d9905f","partial","누적 무게중심 정적 평형 불가 · Heavy-02 / SUPPORT: 지지 조건 미달 12.9% / 필요 95.0% · CoG 지지 검사 / 무게 규칙 위반 · Wide-02 (12 kg) / 무게 규칙 위반 · Medium-03 (8 kg) / SUPPORT: 지지 조건 미달 29.0% / 필요 95.0% · CoG 지지 검사 / 무게 규칙 위반 · Medium-04 (8 kg) / SUPPORT: 지지 조건 미달 2.8% / 필요 95.0% · CoG 지지 검사 / SUPPORT: 지지 조건 미달 9.6% / 필요 95.0% · CoG 지지 검사 / SUPPORT: 지지 조건 미달 81.8% / 필요 95.0% · CoG 지지 검사 / SUPPORT: 지지 조건 미달 59.7% / 필요 95.0% · CoG 지지 검사 / SUPPORT: 지지 조건 미달 0.0% / 필요 95.0% · CoG 지지 검사","explicit","proxy","{}","{""support"":138,""load"":13}","conventional-pattern/2","2.0.0","null","{""collision"":{""status"":""PASS"",""violations"":0,""checkedPlacements"":7,""scope"":""직육면체 기하·관측 규격 공통 검사"",""reason"":""확정 배치와 최종 적재 상태 검사""},""bounds"":{""status"":""PASS"",""violations"":0,""checkedPlacements"":7,""scope"":""직육면체 기하·관측 규격 공통 검사"",""reason"":""확정 배치와 최종 적재 상태 검사""},""height"":{""status"":""PASS"",""violations"":0,""checkedPlacements"":7,""scope"":""직육면체 기하·관측 규격 공통 검사"",""reason"":""확정 배치와 최종 적재 상태 검사""},""orientation"":{""status"":""PASS"",""violations"":0,""checkedPlacements"":7,""scope"":""직육면체 기하·관측 규격 공통 검사"",""reason"":""확정 배치와 최종 적재 상태 검사""},""load"":{""status"":""PASS"",""violations"":0,""checkedPlacements"":7,""scope"":""입력된 허용 상부하중 · 누적 정적 반력"",""reason"":""입력값 범위의 정적 검사. 실측 재료 인증 아님""},""support"":{""status"":""PASS"",""violations"":0,""checkedPlacements"":7,""scope"":""접촉·합력 작용점·정적 평형"",""reason"":""설정된 지지율·전도 여유 검사. 동적 붕괴·굽힘 파손 미검증""},""payload"":{""status"":""PASS"",""violations"":0,""checkedPlacements"":7,""scope"":""입력 가반하중 · 박스+그리퍼 질량"",""reason"":""사용자가 설정한 가반하중 한계 검사""},""robotCollision"":{""status"":""NOT VERIFIED"",""violations"":0,""checkedPlacements"":7,""scope"":""TCP·그리퍼 스윕 근사만 수행"",""reason"":""전체 로봇 링크 충돌 미검증""},""approach"":{""status"":""NOT VERIFIED"",""violations"":0,""checkedPlacements"":7,""scope"":""TCP·그리퍼 스윕 근사만 수행"",""reason"":""실제 관절 한계·역기구학·접근 자세 미검증""},""sequence"":{""status"":""NOT VERIFIED"",""violations"":0,""checkedPlacements"":7,""scope"":""TCP·그리퍼 스윕 근사만 수행"",""reason"":""실제 파지·관절 궤적·전 과정 실행 미검증""}}","8.729428839285715","38.888888888888886","7","11","0.219760615","1022230397","217","","","","95","78.8698373904752","100","100","29.333762842103972","70.8","1.1721854304635762","0","0","","4.34742499999993","8.906100000007427","8.514030000005732","8.827686000007088","34.77939999999944","87.5","60.48072205308472","28.91246933450507","416.6616922642165","237","1.2739000000001397","8.729428839285715","0","38.888888888888886","","","100","0","0","","","0","","","","","","",""
"future-hybrid","online","identical","114","14","ea994d2b","complete","","explicit","proxy","{}","{""bounds"":12,""support"":190}","adapter-1.0 / planners-f6ec11d4259a","2.0.0","null","{""collision"":{""status"":""PASS"",""violations"":0,""checkedPlacements"":12,""scope"":""직육면체 기하·관측 규격 공통 검사"",""reason"":""확정 배치와 최종 적재 상태 검사""},""bounds"":{""status"":""PASS"",""violations"":0,""checkedPlacements"":12,""scope"":""직육면체 기하·관측 규격 공통 검사"",""reason"":""확정 배치와 최종 적재 상태 검사""},""height"":{""status"":""PASS"",""violations"":0,""checkedPlacements"":12,""scope"":""직육면체 기하·관측 규격 공통 검사"",""reason"":""확정 배치와 최종 적재 상태 검사""},""orientation"":{""status"":""PASS"",""violations"":0,""checkedPlacements"":12,""scope"":""직육면체 기하·관측 규격 공통 검사"",""reason"":""확정 배치와 최종 적재 상태 검사""},""load"":{""status"":""PASS"",""violations"":0,""checkedPlacements"":12,""scope"":""입력된 허용 상부하중 · 누적 정적 반력"",""reason"":""입력값 범위의 정적 검사. 실측 재료 인증 아님""},""support"":{""status"":""PASS"",""violations"":0,""checkedPlacements"":12,""scope"":""접촉·합력 작용점·정적 평형"",""reason"":""설정된 지지율·전도 여유 검사. 동적 붕괴·굽힘 파손 미검증""},""payload"":{""status"":""PASS"",""violations"":0,""checkedPlacements"":12,""scope"":""입력 가반하중 · 박스+그리퍼 질량"",""reason"":""사용자가 설정한 가반하중 한계 검사""},""robotCollision"":{""status"":""NOT VERIFIED"",""violations"":0,""checkedPlacements"":12,""scope"":""TCP·그리퍼 스윕 근사만 수행"",""reason"":""전체 로봇 링크 충돌 미검증""},""approach"":{""status"":""NOT VERIFIED"",""violations"":0,""checkedPlacements"":12,""scope"":""TCP·그리퍼 스윕 근사만 수행"",""reason"":""실제 관절 한계·역기구학·접근 자세 미검증""},""sequence"":{""status"":""NOT VERIFIED"",""violations"":0,""checkedPlacements"":12,""scope"":""TCP·그리퍼 스윕 근사만 수행"",""reason"":""실제 파지·관절 궤적·전 과정 실행 미검증""}}","16.071428571428573","100","12","0","0","940000000","400","","","","150","0","100","100","1.3888888888888868","95","0.625","0","0","","82.61335833332971","158.13809999999648","148.7224849999933","156.25497699999585","991.3602999999566","100","108.20092680945035","50.83060242614273","399.25720854571165","538","2.990699999994831","","","","","","100","0","0","","","100","","","","","","",""
"hrpal-inferred","online","identical","114","14","ea994d2b","complete","","explicit","proxy","{}","{""support"":123}","conventional-pattern/2","2.0.0","null","{""collision"":{""status"":""PASS"",""violations"":0,""checkedPlacements"":12,""scope"":""직육면체 기하·관측 규격 공통 검사"",""reason"":""확정 배치와 최종 적재 상태 검사""},""bounds"":{""status"":""PASS"",""violations"":0,""checkedPlacements"":12,""scope"":""직육면체 기하·관측 규격 공통 검사"",""reason"":""확정 배치와 최종 적재 상태 검사""},""height"":{""status"":""PASS"",""violations"":0,""checkedPlacements"":12,""scope"":""직육면체 기하·관측 규격 공통 검사"",""reason"":""확정 배치와 최종 적재 상태 검사""},""orientation"":{""status"":""PASS"",""violations"":0,""checkedPlacements"":12,""scope"":""직육면체 기하·관측 규격 공통 검사"",""reason"":""확정 배치와 최종 적재 상태 검사""},""load"":{""status"":""PASS"",""violations"":0,""checkedPlacements"":12,""scope"":""입력된 허용 상부하중 · 누적 정적 반력"",""reason"":""입력값 범위의 정적 검사. 실측 재료 인증 아님""},""support"":{""status"":""PASS"",""violations"":0,""checkedPlacements"":12,""scope"":""접촉·합력 작용점·정적 평형"",""reason"":""설정된 지지율·전도 여유 검사. 동적 붕괴·굽힘 파손 미검증""},""payload"":{""status"":""PASS"",""violations"":0,""checkedPlacements"":12,""scope"":""입력 가반하중 · 박스+그리퍼 질량"",""reason"":""사용자가 설정한 가반하중 한계 검사""},""robotCollision"":{""status"":""NOT VERIFIED"",""violations"":0,""checkedPlacements"":12,""scope"":""TCP·그리퍼 스윕 근사만 수행"",""reason"":""전체 로봇 링크 충돌 미검증""},""approach"":{""status"":""NOT VERIFIED"",""violations"":0,""checkedPlacements"":12,""scope"":""TCP·그리퍼 스윕 근사만 수행"",""reason"":""실제 관절 한계·역기구학·접근 자세 미검증""},""sequence"":{""status"":""NOT VERIFIED"",""violations"":0,""checkedPlacements"":12,""scope"":""TCP·그리퍼 스윕 근사만 수행"",""reason"":""실제 파지·관절 궤적·전 과정 실행 미검증""}}","16.071428571428573","100","12","0","0","940000000","400","","","","150","100.77822185373186","100","100","20.55555555555556","95","0.625","0","0","","8.993808333333922","23.385699999998906","17.479524999995185","22.20446499999817","107.92570000000705","100","100.37583405928804","49.64429213853723","430.38247606972277","284","3.624599999995553","","","","","","100","0","0","","","100","","","","","","",""
"greedy","online","identical","114","14","ea994d2b","complete","","explicit","proxy","{}","{""bounds"":12,""support"":157}","adapter-1.0 / planners-f6ec11d4259a","2.0.0","null","{""collision"":{""status"":""PASS"",""violations"":0,""checkedPlacements"":12,""scope"":""직육면체 기하·관측 규격 공통 검사"",""reason"":""확정 배치와 최종 적재 상태 검사""},""bounds"":{""status"":""PASS"",""violations"":0,""checkedPlacements"":12,""scope"":""직육면체 기하·관측 규격 공통 검사"",""reason"":""확정 배치와 최종 적재 상태 검사""},""height"":{""status"":""PASS"",""violations"":0,""checkedPlacements"":12,""scope"":""직육면체 기하·관측 규격 공통 검사"",""reason"":""확정 배치와 최종 적재 상태 검사""},""orientation"":{""status"":""PASS"",""violations"":0,""checkedPlacements"":12,""scope"":""직육면체 기하·관측 규격 공통 검사"",""reason"":""확정 배치와 최종 적재 상태 검사""},""load"":{""status"":""PASS"",""violations"":0,""checkedPlacements"":12,""scope"":""입력된 허용 상부하중 · 누적 정적 반력"",""reason"":""입력값 범위의 정적 검사. 실측 재료 인증 아님""},""support"":{""status"":""PASS"",""violations"":0,""checkedPlacements"":12,""scope"":""접촉·합력 작용점·정적 평형"",""reason"":""설정된 지지율·전도 여유 검사. 동적 붕괴·굽힘 파손 미검증""},""payload"":{""status"":""PASS"",""violations"":0,""checkedPlacements"":12,""scope"":""입력 가반하중 · 박스+그리퍼 질량"",""reason"":""사용자가 설정한 가반하중 한계 검사""},""robotCollision"":{""status"":""NOT VERIFIED"",""violations"":0,""checkedPlacements"":12,""scope"":""TCP·그리퍼 스윕 근사만 수행"",""reason"":""전체 로봇 링크 충돌 미검증""},""approach"":{""status"":""NOT VERIFIED"",""violations"":0,""checkedPlacements"":12,""scope"":""TCP·그리퍼 스윕 근사만 수행"",""reason"":""실제 관절 한계·역기구학·접근 자세 미검증""},""sequence"":{""status"":""NOT VERIFIED"",""violations"":0,""checkedPlacements"":12,""scope"":""TCP·그리퍼 스윕 근사만 수행"",""reason"":""실제 파지·관절 궤적·전 과정 실행 미검증""}}","16.071428571428573","100","12","0","0","940000000","400","","","","150","50.34602488997738","100","100","12.361111111111118","89.7435897435898","0.6250000000000001","0","0","","22.555716666667042","38.32949999999255","36.962750000000234","38.05614999999409","270.6686000000045","100","107.03781804388689","51.37458172852648","403.5956710392531","538","5.41009999999369","","","","","","100","0","0","","","100","","","","","","",""
"future-hybrid","online","random","114","14","2d04d2e8","partial","SUPPORT: 지지 조건 미달 78.9% / 필요 95.0% / 무게 규칙 위반 / SUPPORT: 지지 조건 미달 69.1% / 필요 95.0% / SUPPORT: 지지 조건 미달 69.5% / 필요 95.0% / SUPPORT: 지지 조건 미달 59.7% / 필요 95.0% / 누적 무게중심 정적 평형 불가 / SUPPORT: 지지 조건 미달 16.1% / 필요 95.0% / SUPPORT: 지지 조건 미달 12.5% / 필요 95.0% / SUPPORT: 지지 조건 미달 2.4% / 필요 95.0% / SUPPORT: 지지 조건 미달 2.8% / 필요 95.0% / SUPPORT: 지지 조건 미달 21.9% / 필요 95.0% / 그리퍼 / 운반 접근 경로 간섭 / SUPPORT: 지지 조건 미달 49.0% / 필요 95.0% / SUPPORT: 지지 조건 미달 49.7% / 필요 95.0% / SUPPORT: 지지 조건 미달 27.2% / 필요 95.0% / SUPPORT: 지지 조건 미달 48.8% / 필요 95.0% / SUPPORT: 지지 조건 미달 8.2% / 필요 95.0% / SUPPORT: 지지 조건 미달 18.5% / 필요 95.0% / SUPPORT: 지지 조건 미달 30.5% / 필요 95.0% / SUPPORT: 지지 조건 미달 31.9% / 필요 95.0% / SUPPORT: 지지 조건 미달 21.0% / 필요 95.0% / SUPPORT: 지지 조건 미달 11.6% / 필요 95.0%","explicit","proxy","{}","{""bounds"":53,""support"":133,""load"":71,""robot-path"":26}","adapter-1.0 / planners-f6ec11d4259a","2.0.0","null","{""collision"":{""status"":""PASS"",""violations"":0,""checkedPlacements"":10,""scope"":""직육면체 기하·관측 규격 공통 검사"",""reason"":""확정 배치와 최종 적재 상태 검사""},""bounds"":{""status"":""PASS"",""violations"":0,""checkedPlacements"":10,""scope"":""직육면체 기하·관측 규격 공통 검사"",""reason"":""확정 배치와 최종 적재 상태 검사""},""height"":{""status"":""PASS"",""violations"":0,""checkedPlacements"":10,""scope"":""직육면체 기하·관측 규격 공통 검사"",""reason"":""확정 배치와 최종 적재 상태 검사""},""orientation"":{""status"":""PASS"",""violations"":0,""checkedPlacements"":10,""scope"":""직육면체 기하·관측 규격 공통 검사"",""reason"":""확정 배치와 최종 적재 상태 검사""},""load"":{""status"":""PASS"",""violations"":0,""checkedPlacements"":10,""scope"":""입력된 허용 상부하중 · 누적 정적 반력"",""reason"":""입력값 범위의 정적 검사. 실측 재료 인증 아님""},""support"":{""status"":""PASS"",""violations"":0,""checkedPlacements"":10,""scope"":""접촉·합력 작용점·정적 평형"",""reason"":""설정된 지지율·전도 여유 검사. 동적 붕괴·굽힘 파손 미검증""},""payload"":{""status"":""PASS"",""violations"":0,""checkedPlacements"":10,""scope"":""입력 가반하중 · 박스+그리퍼 질량"",""reason"":""사용자가 설정한 가반하중 한계 검사""},""robotCollision"":{""status"":""NOT VERIFIED"",""violations"":0,""checkedPlacements"":10,""scope"":""TCP·그리퍼 스윕 근사만 수행"",""reason"":""전체 로봇 링크 충돌 미검증""},""approach"":{""status"":""NOT VERIFIED"",""violations"":0,""checkedPlacements"":10,""scope"":""TCP·그리퍼 스윕 근사만 수행"",""reason"":""실제 관절 한계·역기구학·접근 자세 미검증""},""sequence"":{""status"":""NOT VERIFIED"",""violations"":0,""checkedPlacements"":10,""scope"":""TCP·그리퍼 스윕 근사만 수행"",""reason"":""실제 파지·관절 궤적·전 과정 실행 미검증""}}","14.337875535714288","55.55555555555556","10","8","0.156946012","959415794","613","","","","160.61111111111111","126.60079538881389","100","100","26.007466182265738","70.8","0.619815668202765","0","0","","252.39150000000055","541.0975000000035","485.0998000000036","529.8979600000035","2776.306500000006","90.9090909090909","95.18100307323147","44.31765199760045","378.226734722494","485","2.403099999995902","14.337875535714288","0","55.55555555555556","","","100","0","0","","","0","","","","","","",""
"hrpal-inferred","online","random","114","14","2d04d2e8","partial","세로 박스 주변 높이 부족 · 가까운 눕힌 적재를 먼저 쌓아야 함 / SUPPORT: 지지 조건 미달 89.8% / 필요 95.0% · CoG 지지 검사 / 무게 규칙 위반 · Small-03 (3 kg) / 무게 규칙 위반 · Small-05 (3 kg) / 무게 규칙 위반 · Small-02 (3 kg) / SUPPORT: 지지 조건 미달 74.4% / 필요 95.0% · CoG 지지 검사 / 무게 규칙 위반 · Small-04 (3 kg) / SUPPORT: 지지 조건 미달 76.0% / 필요 95.0% · CoG 지지 검사 / SUPPORT: 지지 조건 미달 40.1% / 필요 95.0% · CoG 지지 검사 / SUPPORT: 지지 조건 미달 0.0% / 필요 95.0% · CoG 지지 검사 / 누적 무게중심 정적 평형 불가 · Tall-02 / SUPPORT: 지지 조건 미달 24.4% / 필요 95.0% · CoG 지지 검사 / SUPPORT: 지지 조건 미달 42.1% / 필요 95.0% · CoG 지지 검사 / SUPPORT: 지지 조건 미달 57.9% / 필요 95.0% · CoG 지지 검사 / SUPPORT: 지지 조건 미달 9.1% / 필요 95.0% · CoG 지지 검사 / SUPPORT: 지지 조건 미달 15.7% / 필요 95.0% · CoG 지지 검사 / 세로 박스 돌출 높이 초과 · 140 / 89 mm · 이웃 Medium-04 / SUPPORT: 지지 조건 미달 15.5% / 필요 95.0% · CoG 지지 검사 / SUPPORT: 지지 조건 미달 66.5% / 필요 95.0% · CoG 지지 검사 / SUPPORT: 지지 조건 미달 67.0% / 필요 95.0% · CoG 지지 검사 / SUPPORT: 지지 조건 미달 15.6% / 필요 95.0% · CoG 지지 검사 / SUPPORT: 지지 조건 미달 19.5% / 필요 95.0% · CoG 지지 검사 / SUPPORT: 지지 조건 미달 94.4% / 필요 95.0% · CoG 지지 검사 / SUPPORT: 지지 조건 미달 43.8% / 필요 95.0% · CoG 지지 검사","explicit","proxy","{}","{""support"":161,""load"":18,""protocol"":48}","conventional-pattern/2","2.0.0","null","{""collision"":{""status"":""PASS"",""violations"":0,""checkedPlacements"":7,""scope"":""직육면체 기하·관측 규격 공통 검사"",""reason"":""확정 배치와 최종 적재 상태 검사""},""bounds"":{""status"":""PASS"",""violations"":0,""checkedPlacements"":7,""scope"":""직육면체 기하·관측 규격 공통 검사"",""reason"":""확정 배치와 최종 적재 상태 검사""},""height"":{""status"":""PASS"",""violations"":0,""checkedPlacements"":7,""scope"":""직육면체 기하·관측 규격 공통 검사"",""reason"":""확정 배치와 최종 적재 상태 검사""},""orientation"":{""status"":""PASS"",""violations"":0,""checkedPlacements"":7,""scope"":""직육면체 기하·관측 규격 공통 검사"",""reason"":""확정 배치와 최종 적재 상태 검사""},""load"":{""status"":""PASS"",""violations"":0,""checkedPlacements"":7,""scope"":""입력된 허용 상부하중 · 누적 정적 반력"",""reason"":""입력값 범위의 정적 검사. 실측 재료 인증 아님""},""support"":{""status"":""PASS"",""violations"":0,""checkedPlacements"":7,""scope"":""접촉·합력 작용점·정적 평형"",""reason"":""설정된 지지율·전도 여유 검사. 동적 붕괴·굽힘 파손 미검증""},""payload"":{""status"":""PASS"",""violations"":0,""checkedPlacements"":7,""scope"":""입력 가반하중 · 박스+그리퍼 질량"",""reason"":""사용자가 설정한 가반하중 한계 검사""},""robotCollision"":{""status"":""NOT VERIFIED"",""violations"":0,""checkedPlacements"":7,""scope"":""TCP·그리퍼 스윕 근사만 수행"",""reason"":""전체 로봇 링크 충돌 미검증""},""approach"":{""status"":""NOT VERIFIED"",""violations"":0,""checkedPlacements"":7,""scope"":""TCP·그리퍼 스윕 근사만 수행"",""reason"":""실제 관절 한계·역기구학·접근 자세 미검증""},""sequence"":{""status"":""NOT VERIFIED"",""violations"":0,""checkedPlacements"":7,""scope"":""TCP·그리퍼 스윕 근사만 수행"",""reason"":""실제 파지·관절 궤적·전 과정 실행 미검증""}}","8.051216339285714","38.888888888888886","7","11","0.227356595","1029826377","396","","","","114.78571428571429","113.35894318491152","100","100","20.924198822625257","70.8","0.990795193045257","0","0","","9.56296249999832","33.06449999999313","25.738264999996307","31.599252999993762","76.50369999998657","87.5","55.81355668210978","27.178811843371353","451.5032099374791","259","1.2180000000080327","8.051216339285714","0","38.888888888888886","","","100","0","0","","","0","","","","","","",""
"greedy","online","random","114","14","2d04d2e8","partial","SUPPORT: 지지 조건 미달 57.5% / 필요 95.0% / 그리퍼 / 운반 접근 경로 간섭 / SUPPORT: 지지 조건 미달 47.2% / 필요 95.0% / SUPPORT: 지지 조건 미달 60.3% / 필요 95.0% / SUPPORT: 지지 조건 미달 49.6% / 필요 95.0% / SUPPORT: 지지 조건 미달 60.9% / 필요 95.0% / SUPPORT: 지지 조건 미달 50.1% / 필요 95.0% / SUPPORT: 지지 조건 미달 66.6% / 필요 95.0% / SUPPORT: 지지 조건 미달 54.7% / 필요 95.0% / 누적 무게중심 정적 평형 불가 / SUPPORT: 지지 조건 미달 16.3% / 필요 95.0% / SUPPORT: 지지 조건 미달 21.1% / 필요 95.0% / SUPPORT: 지지 조건 미달 21.3% / 필요 95.0% / SUPPORT: 지지 조건 미달 26.5% / 필요 95.0% / SUPPORT: 지지 조건 미달 26.9% / 필요 95.0% / SUPPORT: 지지 조건 미달 32.3% / 필요 95.0% / SUPPORT: 지지 조건 미달 45.3% / 필요 95.0% / SUPPORT: 지지 조건 미달 49.7% / 필요 95.0% / SUPPORT: 지지 조건 미달 16.1% / 필요 95.0% / SUPPORT: 지지 조건 미달 20.8% / 필요 95.0% / SUPPORT: 지지 조건 미달 21.0% / 필요 95.0% / SUPPORT: 지지 조건 미달 26.2% / 필요 95.0% / SUPPORT: 지지 조건 미달 26.6% / 필요 95.0% / SUPPORT: 지지 조건 미달 31.8% / 필요 95.0% / SUPPORT: 지지 조건 미달 44.6% / 필요 95.0% / SUPPORT: 지지 조건 미달 49.0% / 필요 95.0% / SUPPORT: 지지 조건 미달 29.4% / 필요 95.0% / 무게 규칙 위반","explicit","proxy","{}","{""support"":180,""load"":103,""robot-path"":24}","adapter-1.0 / planners-f6ec11d4259a","2.0.0","null","{""collision"":{""status"":""PASS"",""violations"":0,""checkedPlacements"":10,""scope"":""직육면체 기하·관측 규격 공통 검사"",""reason"":""확정 배치와 최종 적재 상태 검사""},""bounds"":{""status"":""PASS"",""violations"":0,""checkedPlacements"":10,""scope"":""직육면체 기하·관측 규격 공통 검사"",""reason"":""확정 배치와 최종 적재 상태 검사""},""height"":{""status"":""PASS"",""violations"":0,""checkedPlacements"":10,""scope"":""직육면체 기하·관측 규격 공통 검사"",""reason"":""확정 배치와 최종 적재 상태 검사""},""orientation"":{""status"":""PASS"",""violations"":0,""checkedPlacements"":10,""scope"":""직육면체 기하·관측 규격 공통 검사"",""reason"":""확정 배치와 최종 적재 상태 검사""},""load"":{""status"":""PASS"",""violations"":0,""checkedPlacements"":10,""scope"":""입력된 허용 상부하중 · 누적 정적 반력"",""reason"":""입력값 범위의 정적 검사. 실측 재료 인증 아님""},""support"":{""status"":""PASS"",""violations"":0,""checkedPlacements"":10,""scope"":""접촉·합력 작용점·정적 평형"",""reason"":""설정된 지지율·전도 여유 검사. 동적 붕괴·굽힘 파손 미검증""},""payload"":{""status"":""PASS"",""violations"":0,""checkedPlacements"":10,""scope"":""입력 가반하중 · 박스+그리퍼 질량"",""reason"":""사용자가 설정한 가반하중 한계 검사""},""robotCollision"":{""status"":""NOT VERIFIED"",""violations"":0,""checkedPlacements"":10,""scope"":""TCP·그리퍼 스윕 근사만 수행"",""reason"":""전체 로봇 링크 충돌 미검증""},""approach"":{""status"":""NOT VERIFIED"",""violations"":0,""checkedPlacements"":10,""scope"":""TCP·그리퍼 스윕 근사만 수행"",""reason"":""실제 관절 한계·역기구학·접근 자세 미검증""},""sequence"":{""status"":""NOT VERIFIED"",""violations"":0,""checkedPlacements"":10,""scope"":""TCP·그리퍼 스윕 근사만 수행"",""reason"":""실제 파지·관절 궤적·전 과정 실행 미검증""}}","14.337875535714288","55.55555555555556","10","8","0.156946012","959415794","613","","","","160.61111111111111","78.51995131272898","100","100","19.49988871933862","70.8","0.619815668202765","0","0","","139.49979090909025","296.9521999999997","289.50369999999384","295.46249999999856","1534.4976999999926","90.9090909090909","93.29062918326613","43.73890896912299","385.8908479358551","490","2.568700000003446","14.337875535714288","0","55.55555555555556","","","100","0","0","","","0","","","","","","",""
"hrpal-inferred","online","identical","115","15","c48878fa","complete","","explicit","proxy","{}","{""support"":123}","conventional-pattern/2","2.0.0","null","{""collision"":{""status"":""PASS"",""violations"":0,""checkedPlacements"":12,""scope"":""직육면체 기하·관측 규격 공통 검사"",""reason"":""확정 배치와 최종 적재 상태 검사""},""bounds"":{""status"":""PASS"",""violations"":0,""checkedPlacements"":12,""scope"":""직육면체 기하·관측 규격 공통 검사"",""reason"":""확정 배치와 최종 적재 상태 검사""},""height"":{""status"":""PASS"",""violations"":0,""checkedPlacements"":12,""scope"":""직육면체 기하·관측 규격 공통 검사"",""reason"":""확정 배치와 최종 적재 상태 검사""},""orientation"":{""status"":""PASS"",""violations"":0,""checkedPlacements"":12,""scope"":""직육면체 기하·관측 규격 공통 검사"",""reason"":""확정 배치와 최종 적재 상태 검사""},""load"":{""status"":""PASS"",""violations"":0,""checkedPlacements"":12,""scope"":""입력된 허용 상부하중 · 누적 정적 반력"",""reason"":""입력값 범위의 정적 검사. 실측 재료 인증 아님""},""support"":{""status"":""PASS"",""violations"":0,""checkedPlacements"":12,""scope"":""접촉·합력 작용점·정적 평형"",""reason"":""설정된 지지율·전도 여유 검사. 동적 붕괴·굽힘 파손 미검증""},""payload"":{""status"":""PASS"",""violations"":0,""checkedPlacements"":12,""scope"":""입력 가반하중 · 박스+그리퍼 질량"",""reason"":""사용자가 설정한 가반하중 한계 검사""},""robotCollision"":{""status"":""NOT VERIFIED"",""violations"":0,""checkedPlacements"":12,""scope"":""TCP·그리퍼 스윕 근사만 수행"",""reason"":""전체 로봇 링크 충돌 미검증""},""approach"":{""status"":""NOT VERIFIED"",""violations"":0,""checkedPlacements"":12,""scope"":""TCP·그리퍼 스윕 근사만 수행"",""reason"":""실제 관절 한계·역기구학·접근 자세 미검증""},""sequence"":{""status"":""NOT VERIFIED"",""violations"":0,""checkedPlacements"":12,""scope"":""TCP·그리퍼 스윕 근사만 수행"",""reason"":""실제 파지·관절 궤적·전 과정 실행 미검증""}}","16.071428571428573","100","12","0","0","940000000","400","","","","150","100.77822185373186","100","100","20.55555555555556","95","0.625","0","0","","3.8967000000011467","7.361499999999069","7.055149999998684","7.300229999998992","46.76040000001376","100","100.37583405928804","49.64429213853723","430.38247606972277","284","2.603400000007241","","","","","","100","0","0","","","100","","","","","","",""
"greedy","online","identical","115","15","c48878fa","complete","","explicit","proxy","{}","{""bounds"":12,""support"":157}","adapter-1.0 / planners-f6ec11d4259a","2.0.0","null","{""collision"":{""status"":""PASS"",""violations"":0,""checkedPlacements"":12,""scope"":""직육면체 기하·관측 규격 공통 검사"",""reason"":""확정 배치와 최종 적재 상태 검사""},""bounds"":{""status"":""PASS"",""violations"":0,""checkedPlacements"":12,""scope"":""직육면체 기하·관측 규격 공통 검사"",""reason"":""확정 배치와 최종 적재 상태 검사""},""height"":{""status"":""PASS"",""violations"":0,""checkedPlacements"":12,""scope"":""직육면체 기하·관측 규격 공통 검사"",""reason"":""확정 배치와 최종 적재 상태 검사""},""orientation"":{""status"":""PASS"",""violations"":0,""checkedPlacements"":12,""scope"":""직육면체 기하·관측 규격 공통 검사"",""reason"":""확정 배치와 최종 적재 상태 검사""},""load"":{""status"":""PASS"",""violations"":0,""checkedPlacements"":12,""scope"":""입력된 허용 상부하중 · 누적 정적 반력"",""reason"":""입력값 범위의 정적 검사. 실측 재료 인증 아님""},""support"":{""status"":""PASS"",""violations"":0,""checkedPlacements"":12,""scope"":""접촉·합력 작용점·정적 평형"",""reason"":""설정된 지지율·전도 여유 검사. 동적 붕괴·굽힘 파손 미검증""},""payload"":{""status"":""PASS"",""violations"":0,""checkedPlacements"":12,""scope"":""입력 가반하중 · 박스+그리퍼 질량"",""reason"":""사용자가 설정한 가반하중 한계 검사""},""robotCollision"":{""status"":""NOT VERIFIED"",""violations"":0,""checkedPlacements"":12,""scope"":""TCP·그리퍼 스윕 근사만 수행"",""reason"":""전체 로봇 링크 충돌 미검증""},""approach"":{""status"":""NOT VERIFIED"",""violations"":0,""checkedPlacements"":12,""scope"":""TCP·그리퍼 스윕 근사만 수행"",""reason"":""실제 관절 한계·역기구학·접근 자세 미검증""},""sequence"":{""status"":""NOT VERIFIED"",""violations"":0,""checkedPlacements"":12,""scope"":""TCP·그리퍼 스윕 근사만 수행"",""reason"":""실제 파지·관절 궤적·전 과정 실행 미검증""}}","16.071428571428573","100","12","0","0","940000000","400","","","","150","50.34602488997738","100","100","12.361111111111118","89.7435897435898","0.6250000000000001","0","0","","22.473583333331288","38.38210000000254","37.72435499999919","38.25055100000187","269.68299999997544","100","107.03781804388689","51.37458172852648","403.5956710392531","538","4.111799999998766","","","","","","100","0","0","","","100","","","","","","",""
"future-hybrid","online","identical","115","15","c48878fa","complete","","explicit","proxy","{}","{""bounds"":12,""support"":190}","adapter-1.0 / planners-f6ec11d4259a","2.0.0","null","{""collision"":{""status"":""PASS"",""violations"":0,""checkedPlacements"":12,""scope"":""직육면체 기하·관측 규격 공통 검사"",""reason"":""확정 배치와 최종 적재 상태 검사""},""bounds"":{""status"":""PASS"",""violations"":0,""checkedPlacements"":12,""scope"":""직육면체 기하·관측 규격 공통 검사"",""reason"":""확정 배치와 최종 적재 상태 검사""},""height"":{""status"":""PASS"",""violations"":0,""checkedPlacements"":12,""scope"":""직육면체 기하·관측 규격 공통 검사"",""reason"":""확정 배치와 최종 적재 상태 검사""},""orientation"":{""status"":""PASS"",""violations"":0,""checkedPlacements"":12,""scope"":""직육면체 기하·관측 규격 공통 검사"",""reason"":""확정 배치와 최종 적재 상태 검사""},""load"":{""status"":""PASS"",""violations"":0,""checkedPlacements"":12,""scope"":""입력된 허용 상부하중 · 누적 정적 반력"",""reason"":""입력값 범위의 정적 검사. 실측 재료 인증 아님""},""support"":{""status"":""PASS"",""violations"":0,""checkedPlacements"":12,""scope"":""접촉·합력 작용점·정적 평형"",""reason"":""설정된 지지율·전도 여유 검사. 동적 붕괴·굽힘 파손 미검증""},""payload"":{""status"":""PASS"",""violations"":0,""checkedPlacements"":12,""scope"":""입력 가반하중 · 박스+그리퍼 질량"",""reason"":""사용자가 설정한 가반하중 한계 검사""},""robotCollision"":{""status"":""NOT VERIFIED"",""violations"":0,""checkedPlacements"":12,""scope"":""TCP·그리퍼 스윕 근사만 수행"",""reason"":""전체 로봇 링크 충돌 미검증""},""approach"":{""status"":""NOT VERIFIED"",""violations"":0,""checkedPlacements"":12,""scope"":""TCP·그리퍼 스윕 근사만 수행"",""reason"":""실제 관절 한계·역기구학·접근 자세 미검증""},""sequence"":{""status"":""NOT VERIFIED"",""violations"":0,""checkedPlacements"":12,""scope"":""TCP·그리퍼 스윕 근사만 수행"",""reason"":""실제 파지·관절 궤적·전 과정 실행 미검증""}}","16.071428571428573","100","12","0","0","940000000","400","","","","150","0","100","100","1.3888888888888868","95","0.625","0","0","","69.7401083333328","130.675900000002","118.34984999999796","128.2106900000012","836.8812999999936","100","108.20092680945035","50.83060242614273","399.25720854571165","538","1.7661999999982072","","","","","","100","0","0","","","100","","","","","","",""
"hrpal-inferred","online","random","115","15","e123becd","partial","세로 박스 주변 높이 부족 · 가까운 눕힌 적재를 먼저 쌓아야 함 / SUPPORT: 지지 조건 미달 61.4% / 필요 95.0% · CoG 지지 검사 / SUPPORT: 지지 조건 미달 0.0% / 필요 95.0% · CoG 지지 검사 / SUPPORT: 지지 조건 미달 43.6% / 필요 95.0% · CoG 지지 검사 / SUPPORT: 지지 조건 미달 72.6% / 필요 95.0% · CoG 지지 검사","explicit","proxy","{}","{""protocol"":48,""support"":24}","conventional-pattern/2","2.0.0","null","{""collision"":{""status"":""PASS"",""violations"":0,""checkedPlacements"":1,""scope"":""직육면체 기하·관측 규격 공통 검사"",""reason"":""확정 배치와 최종 적재 상태 검사""},""bounds"":{""status"":""PASS"",""violations"":0,""checkedPlacements"":1,""scope"":""직육면체 기하·관측 규격 공통 검사"",""reason"":""확정 배치와 최종 적재 상태 검사""},""height"":{""status"":""PASS"",""violations"":0,""checkedPlacements"":1,""scope"":""직육면체 기하·관측 규격 공통 검사"",""reason"":""확정 배치와 최종 적재 상태 검사""},""orientation"":{""status"":""PASS"",""violations"":0,""checkedPlacements"":1,""scope"":""직육면체 기하·관측 규격 공통 검사"",""reason"":""확정 배치와 최종 적재 상태 검사""},""load"":{""status"":""PASS"",""violations"":0,""checkedPlacements"":1,""scope"":""입력된 허용 상부하중 · 누적 정적 반력"",""reason"":""입력값 범위의 정적 검사. 실측 재료 인증 아님""},""support"":{""status"":""PASS"",""violations"":0,""checkedPlacements"":1,""scope"":""접촉·합력 작용점·정적 평형"",""reason"":""설정된 지지율·전도 여유 검사. 동적 붕괴·굽힘 파손 미검증""},""payload"":{""status"":""PASS"",""violations"":0,""checkedPlacements"":1,""scope"":""입력 가반하중 · 박스+그리퍼 질량"",""reason"":""사용자가 설정한 가반하중 한계 검사""},""robotCollision"":{""status"":""NOT VERIFIED"",""violations"":0,""checkedPlacements"":1,""scope"":""TCP·그리퍼 스윕 근사만 수행"",""reason"":""전체 로봇 링크 충돌 미검증""},""approach"":{""status"":""NOT VERIFIED"",""violations"":0,""checkedPlacements"":1,""scope"":""TCP·그리퍼 스윕 근사만 수행"",""reason"":""실제 관절 한계·역기구학·접근 자세 미검증""},""sequence"":{""status"":""NOT VERIFIED"",""violations"":0,""checkedPlacements"":1,""scope"":""TCP·그리퍼 스윕 근사만 수행"",""reason"":""실제 파지·관절 궤적·전 과정 실행 미검증""}}","1.1853295535714286","5.555555555555555","1","17","0.304254527","1106724309","127","","","","63.5","429.88661295741696","100","100","54.719562243502054","57.2","1.125984251968504","0","0","","2.716200000002573","4.369200000001001","4.203900000001158","4.336140000001032","5.432400000005146","50","6.899221831958514","2.5344941907730343","521.7979777551305","59","0.12170000000332948","1.1853295535714286","0","5.555555555555555","","","100","0","0","","","0","","","","","","",""
"greedy","online","random","115","15","e123becd","partial","그리퍼 / 운반 접근 경로 간섭 / SUPPORT: 지지 조건 미달 38.7% / 필요 95.0% / SUPPORT: 지지 조건 미달 40.8% / 필요 95.0% / 누적 무게중심 정적 평형 불가 / SUPPORT: 지지 조건 미달 22.5% / 필요 95.0% / SUPPORT: 지지 조건 미달 1.5% / 필요 95.0% / SUPPORT: 지지 조건 미달 3.0% / 필요 95.0% / SUPPORT: 지지 조건 미달 8.1% / 필요 95.0% / SUPPORT: 지지 조건 미달 11.4% / 필요 95.0% / SUPPORT: 지지 조건 미달 11.6% / 필요 95.0% / SUPPORT: 지지 조건 미달 11.8% / 필요 95.0% / SUPPORT: 지지 조건 미달 20.8% / 필요 95.0% / SUPPORT: 지지 조건 미달 21.1% / 필요 95.0% / SUPPORT: 지지 조건 미달 21.8% / 필요 95.0% / SUPPORT: 지지 조건 미달 30.8% / 필요 95.0% / SUPPORT: 지지 조건 미달 31.2% / 필요 95.0% / SUPPORT: 지지 조건 미달 31.9% / 필요 95.0% / SUPPORT: 지지 조건 미달 56.1% / 필요 95.0% / SUPPORT: 지지 조건 미달 57.0% / 필요 95.0% / SUPPORT: 지지 조건 미달 13.7% / 필요 95.0% / SUPPORT: 지지 조건 미달 19.3% / 필요 95.0% / SUPPORT: 지지 조건 미달 19.5% / 필요 95.0% / SUPPORT: 지지 조건 미달 19.9% / 필요 95.0% / SUPPORT: 지지 조건 미달 35.1% / 필요 95.0% / SUPPORT: 지지 조건 미달 35.7% / 필요 95.0% / SUPPORT: 지지 조건 미달 12.2% / 필요 95.0% / SUPPORT: 지지 조건 미달 17.2% / 필요 95.0% / SUPPORT: 지지 조건 미달 17.4% / 필요 95.0%","explicit","proxy","{}","{""robot-path"":23,""support"":182,""load"":87}","adapter-1.0 / planners-f6ec11d4259a","2.0.0","null","{""collision"":{""status"":""PASS"",""violations"":0,""checkedPlacements"":14,""scope"":""직육면체 기하·관측 규격 공통 검사"",""reason"":""확정 배치와 최종 적재 상태 검사""},""bounds"":{""status"":""PASS"",""violations"":0,""checkedPlacements"":14,""scope"":""직육면체 기하·관측 규격 공통 검사"",""reason"":""확정 배치와 최종 적재 상태 검사""},""height"":{""status"":""PASS"",""violations"":0,""checkedPlacements"":14,""scope"":""직육면체 기하·관측 규격 공통 검사"",""reason"":""확정 배치와 최종 적재 상태 검사""},""orientation"":{""status"":""PASS"",""violations"":0,""checkedPlacements"":14,""scope"":""직육면체 기하·관측 규격 공통 검사"",""reason"":""확정 배치와 최종 적재 상태 검사""},""load"":{""status"":""PASS"",""violations"":0,""checkedPlacements"":14,""scope"":""입력된 허용 상부하중 · 누적 정적 반력"",""reason"":""입력값 범위의 정적 검사. 실측 재료 인증 아님""},""support"":{""status"":""PASS"",""violations"":0,""checkedPlacements"":14,""scope"":""접촉·합력 작용점·정적 평형"",""reason"":""설정된 지지율·전도 여유 검사. 동적 붕괴·굽힘 파손 미검증""},""payload"":{""status"":""PASS"",""violations"":0,""checkedPlacements"":14,""scope"":""입력 가반하중 · 박스+그리퍼 질량"",""reason"":""사용자가 설정한 가반하중 한계 검사""},""robotCollision"":{""status"":""NOT VERIFIED"",""violations"":0,""checkedPlacements"":14,""scope"":""TCP·그리퍼 스윕 근사만 수행"",""reason"":""전체 로봇 링크 충돌 미검증""},""approach"":{""status"":""NOT VERIFIED"",""violations"":0,""checkedPlacements"":14,""scope"":""TCP·그리퍼 스윕 근사만 수행"",""reason"":""실제 관절 한계·역기구학·접근 자세 미검증""},""sequence"":{""status"":""NOT VERIFIED"",""violations"":0,""checkedPlacements"":14,""scope"":""TCP·그리퍼 스윕 근사만 수행"",""reason"":""실제 파지·관절 궤적·전 과정 실행 미검증""}}","19.6098575","77.77777777777777","14","4","0.097899814","900369596","868","","","","249.9056603773585","61.78864240015863","99.8398462524023","97.75784753363229","24.958351090620276","54.525","0.3099078341013825","0","0","","146.9412733333321","222.8119999999908","216.0587499999965","221.46134999999194","2204.1190999999817","93.33333333333333","147.17733295109838","72.91526641821393","342.4440366557401","682","4.865000000005239","19.6098575","0","77.77777777777777","","","100","0","0","","","0","","","","","","",""
"future-hybrid","online","random","115","15","e123becd","partial","누적 무게중심 정적 평형 불가 / SUPPORT: 지지 조건 미달 30.1% / 필요 95.0% / 무게 규칙 위반 / SUPPORT: 지지 조건 미달 6.2% / 필요 95.0% / SUPPORT: 지지 조건 미달 10.9% / 필요 95.0% / SUPPORT: 지지 조건 미달 6.9% / 필요 95.0% / SUPPORT: 지지 조건 미달 8.5% / 필요 95.0% / SUPPORT: 지지 조건 미달 18.9% / 필요 95.0% / SUPPORT: 지지 조건 미달 25.1% / 필요 95.0% / SUPPORT: 지지 조건 미달 11.2% / 필요 95.0% / SUPPORT: 지지 조건 미달 35.0% / 필요 95.0% / SUPPORT: 지지 조건 미달 10.8% / 필요 95.0% / SUPPORT: 지지 조건 미달 30.8% / 필요 95.0% / SUPPORT: 지지 조건 미달 27.6% / 필요 95.0% / SUPPORT: 지지 조건 미달 11.6% / 필요 95.0% / SUPPORT: 지지 조건 미달 13.4% / 필요 95.0% / SUPPORT: 지지 조건 미달 12.8% / 필요 95.0% / SUPPORT: 지지 조건 미달 15.7% / 필요 95.0% / SUPPORT: 지지 조건 미달 23.4% / 필요 95.0% / SUPPORT: 지지 조건 미달 31.0% / 필요 95.0% / SUPPORT: 지지 조건 미달 20.9% / 필요 95.0% / SUPPORT: 지지 조건 미달 43.3% / 필요 95.0% / SUPPORT: 지지 조건 미달 20.2% / 필요 95.0% / SUPPORT: 지지 조건 미달 38.1% / 필요 95.0% / SUPPORT: 지지 조건 미달 34.2% / 필요 95.0% / SUPPORT: 지지 조건 미달 33.9% / 필요 95.0% / SUPPORT: 지지 조건 미달 24.0% / 필요 95.0% / SUPPORT: 지지 조건 미달 37.3% / 필요 95.0% / SUPPORT: 지지 조건 미달 45.8% / 필요 95.0% / SUPPORT: 지지 조건 미달 41.8% / 필요 95.0% / SUPPORT: 지지 조건 미달 55.5% / 필요 95.0% / SUPPORT: 지지 조건 미달 60.7% / 필요 95.0% / SUPPORT: 지지 조건 미달 77.5% / 필요 95.0% / SUPPORT: 지지 조건 미달 58.8% / 필요 95.0%","explicit","proxy","{}","{""robot-path"":12,""support"":190,""load"":171}","adapter-1.0 / planners-f6ec11d4259a","2.0.0","null","{""collision"":{""status"":""PASS"",""violations"":0,""checkedPlacements"":13,""scope"":""직육면체 기하·관측 규격 공통 검사"",""reason"":""확정 배치와 최종 적재 상태 검사""},""bounds"":{""status"":""PASS"",""violations"":0,""checkedPlacements"":13,""scope"":""직육면체 기하·관측 규격 공통 검사"",""reason"":""확정 배치와 최종 적재 상태 검사""},""height"":{""status"":""PASS"",""violations"":0,""checkedPlacements"":13,""scope"":""직육면체 기하·관측 규격 공통 검사"",""reason"":""확정 배치와 최종 적재 상태 검사""},""orientation"":{""status"":""PASS"",""violations"":0,""checkedPlacements"":13,""scope"":""직육면체 기하·관측 규격 공통 검사"",""reason"":""확정 배치와 최종 적재 상태 검사""},""load"":{""status"":""PASS"",""violations"":0,""checkedPlacements"":13,""scope"":""입력된 허용 상부하중 · 누적 정적 반력"",""reason"":""입력값 범위의 정적 검사. 실측 재료 인증 아님""},""support"":{""status"":""PASS"",""violations"":0,""checkedPlacements"":13,""scope"":""접촉·합력 작용점·정적 평형"",""reason"":""설정된 지지율·전도 여유 검사. 동적 붕괴·굽힘 파손 미검증""},""payload"":{""status"":""PASS"",""violations"":0,""checkedPlacements"":13,""scope"":""입력 가반하중 · 박스+그리퍼 질량"",""reason"":""사용자가 설정한 가반하중 한계 검사""},""robotCollision"":{""status"":""NOT VERIFIED"",""violations"":0,""checkedPlacements"":13,""scope"":""TCP·그리퍼 스윕 근사만 수행"",""reason"":""전체 로봇 링크 충돌 미검증""},""approach"":{""status"":""NOT VERIFIED"",""violations"":0,""checkedPlacements"":13,""scope"":""TCP·그리퍼 스윕 근사만 수행"",""reason"":""실제 관절 한계·역기구학·접근 자세 미검증""},""sequence"":{""status"":""NOT VERIFIED"",""violations"":0,""checkedPlacements"":13,""scope"":""TCP·그리퍼 스윕 근사만 수행"",""reason"":""실제 파지·관절 궤적·전 과정 실행 미검증""}}","17.537181339285716","72.22222222222223","13","5","0.121113787","923583569","1047","","","","312.7613636363636","204.07282169547238","100","100","28.639347249100112","54.525","0.3099078341013825","0","0","","301.69295714285647","700.151199999993","656.2704150000019","691.3750429999947","4223.701399999991","92.85714285714286","138.34103251028478","64.57167113168511","338.29442466045435","634","4.059499999988475","17.537181339285716","0","72.22222222222223","","","100","0","0","","","0","","","","","","",""
"greedy","online","identical","116","16","1787950d","complete","","explicit","proxy","{}","{""bounds"":12,""support"":157}","adapter-1.0 / planners-f6ec11d4259a","2.0.0","null","{""collision"":{""status"":""PASS"",""violations"":0,""checkedPlacements"":12,""scope"":""직육면체 기하·관측 규격 공통 검사"",""reason"":""확정 배치와 최종 적재 상태 검사""},""bounds"":{""status"":""PASS"",""violations"":0,""checkedPlacements"":12,""scope"":""직육면체 기하·관측 규격 공통 검사"",""reason"":""확정 배치와 최종 적재 상태 검사""},""height"":{""status"":""PASS"",""violations"":0,""checkedPlacements"":12,""scope"":""직육면체 기하·관측 규격 공통 검사"",""reason"":""확정 배치와 최종 적재 상태 검사""},""orientation"":{""status"":""PASS"",""violations"":0,""checkedPlacements"":12,""scope"":""직육면체 기하·관측 규격 공통 검사"",""reason"":""확정 배치와 최종 적재 상태 검사""},""load"":{""status"":""PASS"",""violations"":0,""checkedPlacements"":12,""scope"":""입력된 허용 상부하중 · 누적 정적 반력"",""reason"":""입력값 범위의 정적 검사. 실측 재료 인증 아님""},""support"":{""status"":""PASS"",""violations"":0,""checkedPlacements"":12,""scope"":""접촉·합력 작용점·정적 평형"",""reason"":""설정된 지지율·전도 여유 검사. 동적 붕괴·굽힘 파손 미검증""},""payload"":{""status"":""PASS"",""violations"":0,""checkedPlacements"":12,""scope"":""입력 가반하중 · 박스+그리퍼 질량"",""reason"":""사용자가 설정한 가반하중 한계 검사""},""robotCollision"":{""status"":""NOT VERIFIED"",""violations"":0,""checkedPlacements"":12,""scope"":""TCP·그리퍼 스윕 근사만 수행"",""reason"":""전체 로봇 링크 충돌 미검증""},""approach"":{""status"":""NOT VERIFIED"",""violations"":0,""checkedPlacements"":12,""scope"":""TCP·그리퍼 스윕 근사만 수행"",""reason"":""실제 관절 한계·역기구학·접근 자세 미검증""},""sequence"":{""status"":""NOT VERIFIED"",""violations"":0,""checkedPlacements"":12,""scope"":""TCP·그리퍼 스윕 근사만 수행"",""reason"":""실제 파지·관절 궤적·전 과정 실행 미검증""}}","16.071428571428573","100","12","0","0","940000000","400","","","","150","50.34602488997738","100","100","12.361111111111118","89.7435897435898","0.6250000000000001","0","0","","17.972433333331235","33.02279999999155","30.708839999997142","32.56000799999267","215.6691999999748","100","107.03781804388689","51.37458172852648","403.5956710392531","538","3.3426000000035856","","","","","","100","0","0","","","100","","","","","","",""
"future-hybrid","online","identical","116","16","1787950d","complete","","explicit","proxy","{}","{""bounds"":12,""support"":190}","adapter-1.0 / planners-f6ec11d4259a","2.0.0","null","{""collision"":{""status"":""PASS"",""violations"":0,""checkedPlacements"":12,""scope"":""직육면체 기하·관측 규격 공통 검사"",""reason"":""확정 배치와 최종 적재 상태 검사""},""bounds"":{""status"":""PASS"",""violations"":0,""checkedPlacements"":12,""scope"":""직육면체 기하·관측 규격 공통 검사"",""reason"":""확정 배치와 최종 적재 상태 검사""},""height"":{""status"":""PASS"",""violations"":0,""checkedPlacements"":12,""scope"":""직육면체 기하·관측 규격 공통 검사"",""reason"":""확정 배치와 최종 적재 상태 검사""},""orientation"":{""status"":""PASS"",""violations"":0,""checkedPlacements"":12,""scope"":""직육면체 기하·관측 규격 공통 검사"",""reason"":""확정 배치와 최종 적재 상태 검사""},""load"":{""status"":""PASS"",""violations"":0,""checkedPlacements"":12,""scope"":""입력된 허용 상부하중 · 누적 정적 반력"",""reason"":""입력값 범위의 정적 검사. 실측 재료 인증 아님""},""support"":{""status"":""PASS"",""violations"":0,""checkedPlacements"":12,""scope"":""접촉·합력 작용점·정적 평형"",""reason"":""설정된 지지율·전도 여유 검사. 동적 붕괴·굽힘 파손 미검증""},""payload"":{""status"":""PASS"",""violations"":0,""checkedPlacements"":12,""scope"":""입력 가반하중 · 박스+그리퍼 질량"",""reason"":""사용자가 설정한 가반하중 한계 검사""},""robotCollision"":{""status"":""NOT VERIFIED"",""violations"":0,""checkedPlacements"":12,""scope"":""TCP·그리퍼 스윕 근사만 수행"",""reason"":""전체 로봇 링크 충돌 미검증""},""approach"":{""status"":""NOT VERIFIED"",""violations"":0,""checkedPlacements"":12,""scope"":""TCP·그리퍼 스윕 근사만 수행"",""reason"":""실제 관절 한계·역기구학·접근 자세 미검증""},""sequence"":{""status"":""NOT VERIFIED"",""violations"":0,""checkedPlacements"":12,""scope"":""TCP·그리퍼 스윕 근사만 수행"",""reason"":""실제 파지·관절 궤적·전 과정 실행 미검증""}}","16.071428571428573","100","12","0","0","940000000","400","","","","150","0","100","100","1.3888888888888868","95","0.625","0","0","","70.27760000000005","140.334400000007","123.60603999999728","136.9887280000051","843.3312000000005","100","108.20092680945035","50.83060242614273","399.25720854571165","538","2.059399999998277","","","","","","100","0","0","","","100","","","","","","",""
"hrpal-inferred","online","identical","116","16","1787950d","complete","","explicit","proxy","{}","{""support"":123}","conventional-pattern/2","2.0.0","null","{""collision"":{""status"":""PASS"",""violations"":0,""checkedPlacements"":12,""scope"":""직육면체 기하·관측 규격 공통 검사"",""reason"":""확정 배치와 최종 적재 상태 검사""},""bounds"":{""status"":""PASS"",""violations"":0,""checkedPlacements"":12,""scope"":""직육면체 기하·관측 규격 공통 검사"",""reason"":""확정 배치와 최종 적재 상태 검사""},""height"":{""status"":""PASS"",""violations"":0,""checkedPlacements"":12,""scope"":""직육면체 기하·관측 규격 공통 검사"",""reason"":""확정 배치와 최종 적재 상태 검사""},""orientation"":{""status"":""PASS"",""violations"":0,""checkedPlacements"":12,""scope"":""직육면체 기하·관측 규격 공통 검사"",""reason"":""확정 배치와 최종 적재 상태 검사""},""load"":{""status"":""PASS"",""violations"":0,""checkedPlacements"":12,""scope"":""입력된 허용 상부하중 · 누적 정적 반력"",""reason"":""입력값 범위의 정적 검사. 실측 재료 인증 아님""},""support"":{""status"":""PASS"",""violations"":0,""checkedPlacements"":12,""scope"":""접촉·합력 작용점·정적 평형"",""reason"":""설정된 지지율·전도 여유 검사. 동적 붕괴·굽힘 파손 미검증""},""payload"":{""status"":""PASS"",""violations"":0,""checkedPlacements"":12,""scope"":""입력 가반하중 · 박스+그리퍼 질량"",""reason"":""사용자가 설정한 가반하중 한계 검사""},""robotCollision"":{""status"":""NOT VERIFIED"",""violations"":0,""checkedPlacements"":12,""scope"":""TCP·그리퍼 스윕 근사만 수행"",""reason"":""전체 로봇 링크 충돌 미검증""},""approach"":{""status"":""NOT VERIFIED"",""violations"":0,""checkedPlacements"":12,""scope"":""TCP·그리퍼 스윕 근사만 수행"",""reason"":""실제 관절 한계·역기구학·접근 자세 미검증""},""sequence"":{""status"":""NOT VERIFIED"",""violations"":0,""checkedPlacements"":12,""scope"":""TCP·그리퍼 스윕 근사만 수행"",""reason"":""실제 파지·관절 궤적·전 과정 실행 미검증""}}","16.071428571428573","100","12","0","0","940000000","400","","","","150","100.77822185373186","100","100","20.55555555555556","95","0.625","0","0","","4.94402499999948","11.103499999997439","9.59979999999923","10.802759999997798","59.32829999999376","100","100.37583405928804","49.64429213853723","430.38247606972277","284","3.9205999999976484","","","","","","100","0","0","","","100","","","","","","",""
"greedy","online","random","116","16","048bc8e6","partial","누적 무게중심 정적 평형 불가 / SUPPORT: 지지 조건 미달 48.8% / 필요 95.0% / 무게 규칙 위반 / SUPPORT: 지지 조건 미달 31.9% / 필요 95.0% / SUPPORT: 지지 조건 미달 46.0% / 필요 95.0% / SUPPORT: 지지 조건 미달 35.4% / 필요 95.0% / SUPPORT: 지지 조건 미달 24.8% / 필요 95.0% / SUPPORT: 지지 조건 미달 22.0% / 필요 95.0% / SUPPORT: 지지 조건 미달 26.0% / 필요 95.0% / SUPPORT: 지지 조건 미달 12.0% / 필요 95.0% / SUPPORT: 지지 조건 미달 28.5% / 필요 95.0% / SUPPORT: 지지 조건 미달 23.2% / 필요 95.0% / SUPPORT: 지지 조건 미달 25.8% / 필요 95.0% / 그리퍼 / 운반 접근 경로 간섭 / SUPPORT: 지지 조건 미달 21.0% / 필요 95.0% / SUPPORT: 지지 조건 미달 22.4% / 필요 95.0% / SUPPORT: 지지 조건 미달 18.3% / 필요 95.0% / SUPPORT: 지지 조건 미달 24.2% / 필요 95.0% / SUPPORT: 지지 조건 미달 1.5% / 필요 95.0% / SUPPORT: 지지 조건 미달 17.0% / 필요 95.0% / SUPPORT: 지지 조건 미달 20.9% / 필요 95.0% / SUPPORT: 지지 조건 미달 19.4% / 필요 95.0% / SUPPORT: 지지 조건 미달 16.3% / 필요 95.0%","explicit","proxy","{}","{""protocol"":10,""bounds"":6,""support"":181,""load"":118,""robot-path"":9}","adapter-1.0 / planners-f6ec11d4259a","2.0.0","null","{""collision"":{""status"":""PASS"",""violations"":0,""checkedPlacements"":11,""scope"":""직육면체 기하·관측 규격 공통 검사"",""reason"":""확정 배치와 최종 적재 상태 검사""},""bounds"":{""status"":""PASS"",""violations"":0,""checkedPlacements"":11,""scope"":""직육면체 기하·관측 규격 공통 검사"",""reason"":""확정 배치와 최종 적재 상태 검사""},""height"":{""status"":""PASS"",""violations"":0,""checkedPlacements"":11,""scope"":""직육면체 기하·관측 규격 공통 검사"",""reason"":""확정 배치와 최종 적재 상태 검사""},""orientation"":{""status"":""PASS"",""violations"":0,""checkedPlacements"":11,""scope"":""직육면체 기하·관측 규격 공통 검사"",""reason"":""확정 배치와 최종 적재 상태 검사""},""load"":{""status"":""PASS"",""violations"":0,""checkedPlacements"":11,""scope"":""입력된 허용 상부하중 · 누적 정적 반력"",""reason"":""입력값 범위의 정적 검사. 실측 재료 인증 아님""},""support"":{""status"":""PASS"",""violations"":0,""checkedPlacements"":11,""scope"":""접촉·합력 작용점·정적 평형"",""reason"":""설정된 지지율·전도 여유 검사. 동적 붕괴·굽힘 파손 미검증""},""payload"":{""status"":""PASS"",""violations"":0,""checkedPlacements"":11,""scope"":""입력 가반하중 · 박스+그리퍼 질량"",""reason"":""사용자가 설정한 가반하중 한계 검사""},""robotCollision"":{""status"":""NOT VERIFIED"",""violations"":0,""checkedPlacements"":11,""scope"":""TCP·그리퍼 스윕 근사만 수행"",""reason"":""전체 로봇 링크 충돌 미검증""},""approach"":{""status"":""NOT VERIFIED"",""violations"":0,""checkedPlacements"":11,""scope"":""TCP·그리퍼 스윕 근사만 수행"",""reason"":""실제 관절 한계·역기구학·접근 자세 미검증""},""sequence"":{""status"":""NOT VERIFIED"",""violations"":0,""checkedPlacements"":11,""scope"":""TCP·그리퍼 스윕 근사만 수행"",""reason"":""실제 파지·관절 궤적·전 과정 실행 미검증""}}","15.505543124999999","61.111111111111114","11","7","0.143868135","946337917","830","","","","226.5921052631579","90.54345624525592","100","100","19.79095019570456","65.85","0.41321044546851","0","0","","99.51426666666642","177.39770000000135","165.53062500000377","175.02428500000184","1194.171199999997","91.66666666666667","119.62889274804975","57.60878028623233","331.0237108304723","558","2.337500000008731","15.505543124999999","0","61.111111111111114","","","100","0","0","","","0","","","","","","",""
"future-hybrid","online","random","116","16","048bc8e6","partial","SUPPORT: 지지 조건 미달 37.3% / 필요 95.0% / SUPPORT: 지지 조건 미달 65.2% / 필요 95.0% / SUPPORT: 지지 조건 미달 66.6% / 필요 95.0% / 누적 무게중심 정적 평형 불가 / SUPPORT: 지지 조건 미달 44.7% / 필요 95.0% / 그리퍼 / 운반 접근 경로 간섭 / SUPPORT: 지지 조건 미달 49.7% / 필요 95.0% / SUPPORT: 지지 조건 미달 29.1% / 필요 95.0% / SUPPORT: 지지 조건 미달 32.3% / 필요 95.0% / SUPPORT: 지지 조건 미달 12.5% / 필요 95.0% / SUPPORT: 지지 조건 미달 13.9% / 필요 95.0% / SUPPORT: 지지 조건 미달 2.2% / 필요 95.0% / SUPPORT: 지지 조건 미달 2.4% / 필요 95.0% / SUPPORT: 지지 조건 미달 1.4% / 필요 95.0% / 무게 규칙 위반 / SUPPORT: 지지 조건 미달 0.7% / 필요 95.0% / SUPPORT: 지지 조건 미달 20.1% / 필요 95.0%","explicit","proxy","{}","{""protocol"":10,""bounds"":25,""support"":130,""load"":49,""robot-path"":25}","adapter-1.0 / planners-f6ec11d4259a","2.0.0","null","{""collision"":{""status"":""PASS"",""violations"":0,""checkedPlacements"":11,""scope"":""직육면체 기하·관측 규격 공통 검사"",""reason"":""확정 배치와 최종 적재 상태 검사""},""bounds"":{""status"":""PASS"",""violations"":0,""checkedPlacements"":11,""scope"":""직육면체 기하·관측 규격 공통 검사"",""reason"":""확정 배치와 최종 적재 상태 검사""},""height"":{""status"":""PASS"",""violations"":0,""checkedPlacements"":11,""scope"":""직육면체 기하·관측 규격 공통 검사"",""reason"":""확정 배치와 최종 적재 상태 검사""},""orientation"":{""status"":""PASS"",""violations"":0,""checkedPlacements"":11,""scope"":""직육면체 기하·관측 규격 공통 검사"",""reason"":""확정 배치와 최종 적재 상태 검사""},""load"":{""status"":""PASS"",""violations"":0,""checkedPlacements"":11,""scope"":""입력된 허용 상부하중 · 누적 정적 반력"",""reason"":""입력값 범위의 정적 검사. 실측 재료 인증 아님""},""support"":{""status"":""PASS"",""violations"":0,""checkedPlacements"":11,""scope"":""접촉·합력 작용점·정적 평형"",""reason"":""설정된 지지율·전도 여유 검사. 동적 붕괴·굽힘 파손 미검증""},""payload"":{""status"":""PASS"",""violations"":0,""checkedPlacements"":11,""scope"":""입력 가반하중 · 박스+그리퍼 질량"",""reason"":""사용자가 설정한 가반하중 한계 검사""},""robotCollision"":{""status"":""NOT VERIFIED"",""violations"":0,""checkedPlacements"":11,""scope"":""TCP·그리퍼 스윕 근사만 수행"",""reason"":""전체 로봇 링크 충돌 미검증""},""approach"":{""status"":""NOT VERIFIED"",""violations"":0,""checkedPlacements"":11,""scope"":""TCP·그리퍼 스윕 근사만 수행"",""reason"":""실제 관절 한계·역기구학·접근 자세 미검증""},""sequence"":{""status"":""NOT VERIFIED"",""violations"":0,""checkedPlacements"":11,""scope"":""TCP·그리퍼 스윕 근사만 수행"",""reason"":""실제 파지·관절 궤적·전 과정 실행 미검증""}}","15.505543124999999","61.111111111111114","11","7","0.143868135","946337917","651","","","","187.43421052631578","104.98797088462521","100","100","27.77716896789368","70.8","0.41321044546851","0","0","","296.36633333333276","885.7133999999933","770.6050550000035","862.6917309999955","3556.3959999999934","91.66666666666667","102.80813167975336","48.62528559183969","385.18353901570487","558","3.124200000005658","15.505543124999999","0","61.111111111111114","","","100","0","0","","","0","","","","","","",""
"hrpal-inferred","online","random","116","16","048bc8e6","no-placement","세로 박스 주변 높이 부족 · 가까운 눕힌 적재를 먼저 쌓아야 함","explicit","proxy","{}","{""protocol"":31}","conventional-pattern/2","2.0.0","null","{""collision"":{""status"":""NOT VERIFIED"",""violations"":0,""checkedPlacements"":0,""scope"":""직육면체 기하·관측 규격 공통 검사"",""reason"":""검증할 확정 배치 없음""},""bounds"":{""status"":""NOT VERIFIED"",""violations"":0,""checkedPlacements"":0,""scope"":""직육면체 기하·관측 규격 공통 검사"",""reason"":""검증할 확정 배치 없음""},""height"":{""status"":""NOT VERIFIED"",""violations"":0,""checkedPlacements"":0,""scope"":""직육면체 기하·관측 규격 공통 검사"",""reason"":""검증할 확정 배치 없음""},""orientation"":{""status"":""NOT VERIFIED"",""violations"":0,""checkedPlacements"":0,""scope"":""직육면체 기하·관측 규격 공통 검사"",""reason"":""검증할 확정 배치 없음""},""load"":{""status"":""NOT VERIFIED"",""violations"":0,""checkedPlacements"":0,""scope"":""입력된 허용 상부하중 · 누적 정적 반력"",""reason"":""검증할 확정 배치 없음""},""support"":{""status"":""NOT VERIFIED"",""violations"":0,""checkedPlacements"":0,""scope"":""접촉·합력 작용점·정적 평형"",""reason"":""검증할 확정 배치 없음""},""payload"":{""status"":""NOT VERIFIED"",""violations"":0,""checkedPlacements"":0,""scope"":""입력 가반하중 · 박스+그리퍼 질량"",""reason"":""검증할 확정 배치 없음""},""robotCollision"":{""status"":""NOT VERIFIED"",""violations"":0,""checkedPlacements"":0,""scope"":""TCP·그리퍼 스윕 근사만 수행"",""reason"":""검증할 확정 배치 없음""},""approach"":{""status"":""NOT VERIFIED"",""violations"":0,""checkedPlacements"":0,""scope"":""TCP·그리퍼 스윕 근사만 수행"",""reason"":""검증할 확정 배치 없음""},""sequence"":{""status"":""NOT VERIFIED"",""violations"":0,""checkedPlacements"":0,""scope"":""TCP·그리퍼 스윕 근사만 수행"",""reason"":""검증할 확정 배치 없음""}}","0","0","0","18","0.317530218","1120000000","","","","","","","","","","","","0","0","","2.2404000000096858","2.2404000000096858","2.2404000000096858","2.2404000000096858","2.2404000000096858","0","","","","31","0.07499999999708962","0","0","0","","","","0","0","","","0","","","","","","",""
"future-hybrid","online","identical","117","17","943e0f94","complete","","explicit","proxy","{}","{""bounds"":12,""support"":190}","adapter-1.0 / planners-f6ec11d4259a","2.0.0","null","{""collision"":{""status"":""PASS"",""violations"":0,""checkedPlacements"":12,""scope"":""직육면체 기하·관측 규격 공통 검사"",""reason"":""확정 배치와 최종 적재 상태 검사""},""bounds"":{""status"":""PASS"",""violations"":0,""checkedPlacements"":12,""scope"":""직육면체 기하·관측 규격 공통 검사"",""reason"":""확정 배치와 최종 적재 상태 검사""},""height"":{""status"":""PASS"",""violations"":0,""checkedPlacements"":12,""scope"":""직육면체 기하·관측 규격 공통 검사"",""reason"":""확정 배치와 최종 적재 상태 검사""},""orientation"":{""status"":""PASS"",""violations"":0,""checkedPlacements"":12,""scope"":""직육면체 기하·관측 규격 공통 검사"",""reason"":""확정 배치와 최종 적재 상태 검사""},""load"":{""status"":""PASS"",""violations"":0,""checkedPlacements"":12,""scope"":""입력된 허용 상부하중 · 누적 정적 반력"",""reason"":""입력값 범위의 정적 검사. 실측 재료 인증 아님""},""support"":{""status"":""PASS"",""violations"":0,""checkedPlacements"":12,""scope"":""접촉·합력 작용점·정적 평형"",""reason"":""설정된 지지율·전도 여유 검사. 동적 붕괴·굽힘 파손 미검증""},""payload"":{""status"":""PASS"",""violations"":0,""checkedPlacements"":12,""scope"":""입력 가반하중 · 박스+그리퍼 질량"",""reason"":""사용자가 설정한 가반하중 한계 검사""},""robotCollision"":{""status"":""NOT VERIFIED"",""violations"":0,""checkedPlacements"":12,""scope"":""TCP·그리퍼 스윕 근사만 수행"",""reason"":""전체 로봇 링크 충돌 미검증""},""approach"":{""status"":""NOT VERIFIED"",""violations"":0,""checkedPlacements"":12,""scope"":""TCP·그리퍼 스윕 근사만 수행"",""reason"":""실제 관절 한계·역기구학·접근 자세 미검증""},""sequence"":{""status"":""NOT VERIFIED"",""violations"":0,""checkedPlacements"":12,""scope"":""TCP·그리퍼 스윕 근사만 수행"",""reason"":""실제 파지·관절 궤적·전 과정 실행 미검증""}}","16.071428571428573","100","12","0","0","940000000","400","","","","150","0","100","100","1.3888888888888868","95","0.625","0","0","","69.29387499999939","124.41869999999471","123.65717000000004","124.26639399999578","831.5264999999927","100","108.20092680945035","50.83060242614273","399.25720854571165","538","2.3828000000066822","","","","","","100","0","0","","","100","","","","","","",""
"hrpal-inferred","online","identical","117","17","943e0f94","complete","","explicit","proxy","{}","{""support"":123}","conventional-pattern/2","2.0.0","null","{""collision"":{""status"":""PASS"",""violations"":0,""checkedPlacements"":12,""scope"":""직육면체 기하·관측 규격 공통 검사"",""reason"":""확정 배치와 최종 적재 상태 검사""},""bounds"":{""status"":""PASS"",""violations"":0,""checkedPlacements"":12,""scope"":""직육면체 기하·관측 규격 공통 검사"",""reason"":""확정 배치와 최종 적재 상태 검사""},""height"":{""status"":""PASS"",""violations"":0,""checkedPlacements"":12,""scope"":""직육면체 기하·관측 규격 공통 검사"",""reason"":""확정 배치와 최종 적재 상태 검사""},""orientation"":{""status"":""PASS"",""violations"":0,""checkedPlacements"":12,""scope"":""직육면체 기하·관측 규격 공통 검사"",""reason"":""확정 배치와 최종 적재 상태 검사""},""load"":{""status"":""PASS"",""violations"":0,""checkedPlacements"":12,""scope"":""입력된 허용 상부하중 · 누적 정적 반력"",""reason"":""입력값 범위의 정적 검사. 실측 재료 인증 아님""},""support"":{""status"":""PASS"",""violations"":0,""checkedPlacements"":12,""scope"":""접촉·합력 작용점·정적 평형"",""reason"":""설정된 지지율·전도 여유 검사. 동적 붕괴·굽힘 파손 미검증""},""payload"":{""status"":""PASS"",""violations"":0,""checkedPlacements"":12,""scope"":""입력 가반하중 · 박스+그리퍼 질량"",""reason"":""사용자가 설정한 가반하중 한계 검사""},""robotCollision"":{""status"":""NOT VERIFIED"",""violations"":0,""checkedPlacements"":12,""scope"":""TCP·그리퍼 스윕 근사만 수행"",""reason"":""전체 로봇 링크 충돌 미검증""},""approach"":{""status"":""NOT VERIFIED"",""violations"":0,""checkedPlacements"":12,""scope"":""TCP·그리퍼 스윕 근사만 수행"",""reason"":""실제 관절 한계·역기구학·접근 자세 미검증""},""sequence"":{""status"":""NOT VERIFIED"",""violations"":0,""checkedPlacements"":12,""scope"":""TCP·그리퍼 스윕 근사만 수행"",""reason"":""실제 파지·관절 궤적·전 과정 실행 미검증""}}","16.071428571428573","100","12","0","0","940000000","400","","","","150","100.77822185373186","100","100","20.55555555555556","95","0.625","0","0","","4.236441666666603","7.146399999997811","7.0916199999970555","7.13544399999766","50.83729999999923","100","100.37583405928804","49.64429213853723","430.38247606972277","284","1.6005000000004657","","","","","","100","0","0","","","100","","","","","","",""
"greedy","online","identical","117","17","943e0f94","complete","","explicit","proxy","{}","{""bounds"":12,""support"":157}","adapter-1.0 / planners-f6ec11d4259a","2.0.0","null","{""collision"":{""status"":""PASS"",""violations"":0,""checkedPlacements"":12,""scope"":""직육면체 기하·관측 규격 공통 검사"",""reason"":""확정 배치와 최종 적재 상태 검사""},""bounds"":{""status"":""PASS"",""violations"":0,""checkedPlacements"":12,""scope"":""직육면체 기하·관측 규격 공통 검사"",""reason"":""확정 배치와 최종 적재 상태 검사""},""height"":{""status"":""PASS"",""violations"":0,""checkedPlacements"":12,""scope"":""직육면체 기하·관측 규격 공통 검사"",""reason"":""확정 배치와 최종 적재 상태 검사""},""orientation"":{""status"":""PASS"",""violations"":0,""checkedPlacements"":12,""scope"":""직육면체 기하·관측 규격 공통 검사"",""reason"":""확정 배치와 최종 적재 상태 검사""},""load"":{""status"":""PASS"",""violations"":0,""checkedPlacements"":12,""scope"":""입력된 허용 상부하중 · 누적 정적 반력"",""reason"":""입력값 범위의 정적 검사. 실측 재료 인증 아님""},""support"":{""status"":""PASS"",""violations"":0,""checkedPlacements"":12,""scope"":""접촉·합력 작용점·정적 평형"",""reason"":""설정된 지지율·전도 여유 검사. 동적 붕괴·굽힘 파손 미검증""},""payload"":{""status"":""PASS"",""violations"":0,""checkedPlacements"":12,""scope"":""입력 가반하중 · 박스+그리퍼 질량"",""reason"":""사용자가 설정한 가반하중 한계 검사""},""robotCollision"":{""status"":""NOT VERIFIED"",""violations"":0,""checkedPlacements"":12,""scope"":""TCP·그리퍼 스윕 근사만 수행"",""reason"":""전체 로봇 링크 충돌 미검증""},""approach"":{""status"":""NOT VERIFIED"",""violations"":0,""checkedPlacements"":12,""scope"":""TCP·그리퍼 스윕 근사만 수행"",""reason"":""실제 관절 한계·역기구학·접근 자세 미검증""},""sequence"":{""status"":""NOT VERIFIED"",""violations"":0,""checkedPlacements"":12,""scope"":""TCP·그리퍼 스윕 근사만 수행"",""reason"":""실제 파지·관절 궤적·전 과정 실행 미검증""}}","16.071428571428573","100","12","0","0","940000000","400","","","","150","50.34602488997738","100","100","12.361111111111118","89.7435897435898","0.6250000000000001","0","0","","20.588216666668206","46.052700000000186","45.46117500000473","45.934395000001096","247.0586000000185","100","107.03781804388689","51.37458172852648","403.5956710392531","538","2.8905999999988126","","","","","","100","0","0","","","100","","","","","","",""
"future-hybrid","online","random","117","17","91f4cf83","partial","누적 무게중심 정적 평형 불가 / SUPPORT: 지지 조건 미달 40.2% / 필요 95.0% / 그리퍼 / 운반 접근 경로 간섭 / SUPPORT: 지지 조건 미달 43.0% / 필요 95.0% / SUPPORT: 지지 조건 미달 49.7% / 필요 95.0% / SUPPORT: 지지 조건 미달 36.6% / 필요 95.0% / SUPPORT: 지지 조건 미달 57.0% / 필요 95.0% / SUPPORT: 지지 조건 미달 31.2% / 필요 95.0% / SUPPORT: 지지 조건 미달 42.5% / 필요 95.0% / SUPPORT: 지지 조건 미달 36.3% / 필요 95.0% / SUPPORT: 지지 조건 미달 50.3% / 필요 95.0% / SUPPORT: 지지 조건 미달 40.8% / 필요 95.0% / SUPPORT: 지지 조건 미달 22.7% / 필요 95.0% / 무게 규칙 위반 / SUPPORT: 지지 조건 미달 9.9% / 필요 95.0% / SUPPORT: 지지 조건 미달 36.4% / 필요 95.0% / SUPPORT: 지지 조건 미달 39.4% / 필요 95.0% / SUPPORT: 지지 조건 미달 10.6% / 필요 95.0% / SUPPORT: 지지 조건 미달 38.9% / 필요 95.0% / SUPPORT: 지지 조건 미달 42.1% / 필요 95.0% / SUPPORT: 지지 조건 미달 12.3% / 필요 95.0% / SUPPORT: 지지 조건 미달 45.1% / 필요 95.0% / SUPPORT: 지지 조건 미달 48.8% / 필요 95.0% / SUPPORT: 지지 조건 미달 16.7% / 필요 95.0% / SUPPORT: 지지 조건 미달 30.5% / 필요 95.0%","explicit","proxy","{}","{""bounds"":28,""support"":165,""load"":128,""robot-path"":14}","adapter-1.0 / planners-f6ec11d4259a","2.0.0","null","{""collision"":{""status"":""PASS"",""violations"":0,""checkedPlacements"":9,""scope"":""직육면체 기하·관측 규격 공통 검사"",""reason"":""확정 배치와 최종 적재 상태 검사""},""bounds"":{""status"":""PASS"",""violations"":0,""checkedPlacements"":9,""scope"":""직육면체 기하·관측 규격 공통 검사"",""reason"":""확정 배치와 최종 적재 상태 검사""},""height"":{""status"":""PASS"",""violations"":0,""checkedPlacements"":9,""scope"":""직육면체 기하·관측 규격 공통 검사"",""reason"":""확정 배치와 최종 적재 상태 검사""},""orientation"":{""status"":""PASS"",""violations"":0,""checkedPlacements"":9,""scope"":""직육면체 기하·관측 규격 공통 검사"",""reason"":""확정 배치와 최종 적재 상태 검사""},""load"":{""status"":""PASS"",""violations"":0,""checkedPlacements"":9,""scope"":""입력된 허용 상부하중 · 누적 정적 반력"",""reason"":""입력값 범위의 정적 검사. 실측 재료 인증 아님""},""support"":{""status"":""PASS"",""violations"":0,""checkedPlacements"":9,""scope"":""접촉·합력 작용점·정적 평형"",""reason"":""설정된 지지율·전도 여유 검사. 동적 붕괴·굽힘 파손 미검증""},""payload"":{""status"":""PASS"",""violations"":0,""checkedPlacements"":9,""scope"":""입력 가반하중 · 박스+그리퍼 질량"",""reason"":""사용자가 설정한 가반하중 한계 검사""},""robotCollision"":{""status"":""NOT VERIFIED"",""violations"":0,""checkedPlacements"":9,""scope"":""TCP·그리퍼 스윕 근사만 수행"",""reason"":""전체 로봇 링크 충돌 미검증""},""approach"":{""status"":""NOT VERIFIED"",""violations"":0,""checkedPlacements"":9,""scope"":""TCP·그리퍼 스윕 근사만 수행"",""reason"":""실제 관절 한계·역기구학·접근 자세 미검증""},""sequence"":{""status"":""NOT VERIFIED"",""violations"":0,""checkedPlacements"":9,""scope"":""TCP·그리퍼 스윕 근사만 수행"",""reason"":""실제 파지·관절 궤적·전 과정 실행 미검증""}}","14.736662589285714","50","9","9","0.152479597","954949379","434","","","","168.7125","50.89940600095446","100","100","21.610503256586316","70.8","0.5913705583756346","0","0","","148.18861000000032","445.48949999999604","385.60390500000125","433.51238099999716","1481.8861000000034","90","93.77450372393781","44.05342742055959","345.50969307587235","442","1.3760000000038417","14.736662589285714","0","50","","","100","0","0","","","0","","","","","","",""
"hrpal-inferred","online","random","117","17","91f4cf83","partial","세로 박스 주변 높이 부족 · 가까운 눕힌 적재를 먼저 쌓아야 함 / 세로 박스 돌출 높이 초과 · 206 / 89 mm · 이웃 Small-01 / SUPPORT: 지지 조건 미달 86.0% / 필요 95.0% · CoG 지지 검사 / 무게 규칙 위반 · Small-01 (3 kg) / SUPPORT: 지지 조건 미달 0.0% / 필요 95.0% · CoG 지지 검사 / SUPPORT: 지지 조건 미달 76.0% / 필요 95.0% · CoG 지지 검사 / SUPPORT: 지지 조건 미달 84.5% / 필요 95.0% · CoG 지지 검사 / 누적 무게중심 정적 평형 불가 · Tall-01 / SUPPORT: 지지 조건 미달 30.9% / 필요 95.0% · CoG 지지 검사","explicit","proxy","{}","{""support"":37,""load"":4,""protocol"":48}","conventional-pattern/2","2.0.0","null","{""collision"":{""status"":""PASS"",""violations"":0,""checkedPlacements"":2,""scope"":""직육면체 기하·관측 규격 공통 검사"",""reason"":""확정 배치와 최종 적재 상태 검사""},""bounds"":{""status"":""PASS"",""violations"":0,""checkedPlacements"":2,""scope"":""직육면체 기하·관측 규격 공통 검사"",""reason"":""확정 배치와 최종 적재 상태 검사""},""height"":{""status"":""PASS"",""violations"":0,""checkedPlacements"":2,""scope"":""직육면체 기하·관측 규격 공통 검사"",""reason"":""확정 배치와 최종 적재 상태 검사""},""orientation"":{""status"":""PASS"",""violations"":0,""checkedPlacements"":2,""scope"":""직육면체 기하·관측 규격 공통 검사"",""reason"":""확정 배치와 최종 적재 상태 검사""},""load"":{""status"":""PASS"",""violations"":0,""checkedPlacements"":2,""scope"":""입력된 허용 상부하중 · 누적 정적 반력"",""reason"":""입력값 범위의 정적 검사. 실측 재료 인증 아님""},""support"":{""status"":""PASS"",""violations"":0,""checkedPlacements"":2,""scope"":""접촉·합력 작용점·정적 평형"",""reason"":""설정된 지지율·전도 여유 검사. 동적 붕괴·굽힘 파손 미검증""},""payload"":{""status"":""PASS"",""violations"":0,""checkedPlacements"":2,""scope"":""입력 가반하중 · 박스+그리퍼 질량"",""reason"":""사용자가 설정한 가반하중 한계 검사""},""robotCollision"":{""status"":""NOT VERIFIED"",""violations"":0,""checkedPlacements"":2,""scope"":""TCP·그리퍼 스윕 근사만 수행"",""reason"":""전체 로봇 링크 충돌 미검증""},""approach"":{""status"":""NOT VERIFIED"",""violations"":0,""checkedPlacements"":2,""scope"":""TCP·그리퍼 스윕 근사만 수행"",""reason"":""실제 관절 한계·역기구학·접근 자세 미검증""},""sequence"":{""status"":""NOT VERIFIED"",""violations"":0,""checkedPlacements"":2,""scope"":""TCP·그리퍼 스윕 근사만 수행"",""reason"":""실제 파지·관절 궤적·전 과정 실행 미검증""}}","2.309403035714286","11.11111111111111","2","16","0.291664904","1094134686","217","","","","99.5","307.34233342863035","100","100","89.72625887124028","70.8","1.1721854304635762","0","0","","3.4437000000082967","5.161100000012084","4.958410000010917","5.120562000011851","10.33110000002489","66.66666666666667","16.085422430361028","7.205524579734669","447.6102527721058","97","0.2571999999927357","2.309403035714286","0","11.11111111111111","","","100","0","0","","","0","","","","","","",""
"greedy","online","random","117","17","91f4cf83","partial","누적 무게중심 정적 평형 불가 / SUPPORT: 지지 조건 미달 46.9% / 필요 95.0% / 무게 규칙 위반 / SUPPORT: 지지 조건 미달 48.8% / 필요 95.0% / 그리퍼 / 운반 접근 경로 간섭 / SUPPORT: 지지 조건 미달 15.5% / 필요 95.0% / SUPPORT: 지지 조건 미달 21.2% / 필요 95.0% / SUPPORT: 지지 조건 미달 31.9% / 필요 95.0% / SUPPORT: 지지 조건 미달 34.7% / 필요 95.0% / SUPPORT: 지지 조건 미달 57.0% / 필요 95.0% / SUPPORT: 지지 조건 미달 26.1% / 필요 95.0%","explicit","proxy","{}","{""robot-path"":11,""support"":169,""load"":148}","adapter-1.0 / planners-f6ec11d4259a","2.0.0","null","{""collision"":{""status"":""PASS"",""violations"":0,""checkedPlacements"":9,""scope"":""직육면체 기하·관측 규격 공통 검사"",""reason"":""확정 배치와 최종 적재 상태 검사""},""bounds"":{""status"":""PASS"",""violations"":0,""checkedPlacements"":9,""scope"":""직육면체 기하·관측 규격 공통 검사"",""reason"":""확정 배치와 최종 적재 상태 검사""},""height"":{""status"":""PASS"",""violations"":0,""checkedPlacements"":9,""scope"":""직육면체 기하·관측 규격 공통 검사"",""reason"":""확정 배치와 최종 적재 상태 검사""},""orientation"":{""status"":""PASS"",""violations"":0,""checkedPlacements"":9,""scope"":""직육면체 기하·관측 규격 공통 검사"",""reason"":""확정 배치와 최종 적재 상태 검사""},""load"":{""status"":""PASS"",""violations"":0,""checkedPlacements"":9,""scope"":""입력된 허용 상부하중 · 누적 정적 반력"",""reason"":""입력값 범위의 정적 검사. 실측 재료 인증 아님""},""support"":{""status"":""PASS"",""violations"":0,""checkedPlacements"":9,""scope"":""접촉·합력 작용점·정적 평형"",""reason"":""설정된 지지율·전도 여유 검사. 동적 붕괴·굽힘 파손 미검증""},""payload"":{""status"":""PASS"",""violations"":0,""checkedPlacements"":9,""scope"":""입력 가반하중 · 박스+그리퍼 질량"",""reason"":""사용자가 설정한 가반하중 한계 검사""},""robotCollision"":{""status"":""NOT VERIFIED"",""violations"":0,""checkedPlacements"":9,""scope"":""TCP·그리퍼 스윕 근사만 수행"",""reason"":""전체 로봇 링크 충돌 미검증""},""approach"":{""status"":""NOT VERIFIED"",""violations"":0,""checkedPlacements"":9,""scope"":""TCP·그리퍼 스윕 근사만 수행"",""reason"":""실제 관절 한계·역기구학·접근 자세 미검증""},""sequence"":{""status"":""NOT VERIFIED"",""violations"":0,""checkedPlacements"":9,""scope"":""TCP·그리퍼 스윕 근사만 수행"",""reason"":""실제 파지·관절 궤적·전 과정 실행 미검증""}}","14.736662589285714","50","9","9","0.152479597","954949379","434","","","","167.0625","59.54606836569898","100","100","19.291848586615767","65.85","0.5518207282913166","0","0","","78.33675999999832","129.93099999999686","127.71515500000169","129.4878309999978","783.3675999999832","90","86.46304544015567","41.25097953610117","374.7265648007421","442","2.0449999999982538","14.736662589285714","0","50","","","100","0","0","","","0","","","","","","",""
"hrpal-inferred","online","identical","118","18","08c1b917","complete","","explicit","proxy","{}","{""support"":123}","conventional-pattern/2","2.0.0","null","{""collision"":{""status"":""PASS"",""violations"":0,""checkedPlacements"":12,""scope"":""직육면체 기하·관측 규격 공통 검사"",""reason"":""확정 배치와 최종 적재 상태 검사""},""bounds"":{""status"":""PASS"",""violations"":0,""checkedPlacements"":12,""scope"":""직육면체 기하·관측 규격 공통 검사"",""reason"":""확정 배치와 최종 적재 상태 검사""},""height"":{""status"":""PASS"",""violations"":0,""checkedPlacements"":12,""scope"":""직육면체 기하·관측 규격 공통 검사"",""reason"":""확정 배치와 최종 적재 상태 검사""},""orientation"":{""status"":""PASS"",""violations"":0,""checkedPlacements"":12,""scope"":""직육면체 기하·관측 규격 공통 검사"",""reason"":""확정 배치와 최종 적재 상태 검사""},""load"":{""status"":""PASS"",""violations"":0,""checkedPlacements"":12,""scope"":""입력된 허용 상부하중 · 누적 정적 반력"",""reason"":""입력값 범위의 정적 검사. 실측 재료 인증 아님""},""support"":{""status"":""PASS"",""violations"":0,""checkedPlacements"":12,""scope"":""접촉·합력 작용점·정적 평형"",""reason"":""설정된 지지율·전도 여유 검사. 동적 붕괴·굽힘 파손 미검증""},""payload"":{""status"":""PASS"",""violations"":0,""checkedPlacements"":12,""scope"":""입력 가반하중 · 박스+그리퍼 질량"",""reason"":""사용자가 설정한 가반하중 한계 검사""},""robotCollision"":{""status"":""NOT VERIFIED"",""violations"":0,""checkedPlacements"":12,""scope"":""TCP·그리퍼 스윕 근사만 수행"",""reason"":""전체 로봇 링크 충돌 미검증""},""approach"":{""status"":""NOT VERIFIED"",""violations"":0,""checkedPlacements"":12,""scope"":""TCP·그리퍼 스윕 근사만 수행"",""reason"":""실제 관절 한계·역기구학·접근 자세 미검증""},""sequence"":{""status"":""NOT VERIFIED"",""violations"":0,""checkedPlacements"":12,""scope"":""TCP·그리퍼 스윕 근사만 수행"",""reason"":""실제 파지·관절 궤적·전 과정 실행 미검증""}}","16.071428571428573","100","12","0","0","940000000","400","","","","150","100.77822185373186","100","100","20.55555555555556","95","0.625","0","0","","4.171200000000681","6.862200000003213","6.792735000001267","6.848307000002824","50.05440000000817","100","100.37583405928804","49.64429213853723","430.38247606972277","284","2.3784000000014203","","","","","","100","0","0","","","100","","","","","","",""
"greedy","online","identical","118","18","08c1b917","complete","","explicit","proxy","{}","{""bounds"":12,""support"":157}","adapter-1.0 / planners-f6ec11d4259a","2.0.0","null","{""collision"":{""status"":""PASS"",""violations"":0,""checkedPlacements"":12,""scope"":""직육면체 기하·관측 규격 공통 검사"",""reason"":""확정 배치와 최종 적재 상태 검사""},""bounds"":{""status"":""PASS"",""violations"":0,""checkedPlacements"":12,""scope"":""직육면체 기하·관측 규격 공통 검사"",""reason"":""확정 배치와 최종 적재 상태 검사""},""height"":{""status"":""PASS"",""violations"":0,""checkedPlacements"":12,""scope"":""직육면체 기하·관측 규격 공통 검사"",""reason"":""확정 배치와 최종 적재 상태 검사""},""orientation"":{""status"":""PASS"",""violations"":0,""checkedPlacements"":12,""scope"":""직육면체 기하·관측 규격 공통 검사"",""reason"":""확정 배치와 최종 적재 상태 검사""},""load"":{""status"":""PASS"",""violations"":0,""checkedPlacements"":12,""scope"":""입력된 허용 상부하중 · 누적 정적 반력"",""reason"":""입력값 범위의 정적 검사. 실측 재료 인증 아님""},""support"":{""status"":""PASS"",""violations"":0,""checkedPlacements"":12,""scope"":""접촉·합력 작용점·정적 평형"",""reason"":""설정된 지지율·전도 여유 검사. 동적 붕괴·굽힘 파손 미검증""},""payload"":{""status"":""PASS"",""violations"":0,""checkedPlacements"":12,""scope"":""입력 가반하중 · 박스+그리퍼 질량"",""reason"":""사용자가 설정한 가반하중 한계 검사""},""robotCollision"":{""status"":""NOT VERIFIED"",""violations"":0,""checkedPlacements"":12,""scope"":""TCP·그리퍼 스윕 근사만 수행"",""reason"":""전체 로봇 링크 충돌 미검증""},""approach"":{""status"":""NOT VERIFIED"",""violations"":0,""checkedPlacements"":12,""scope"":""TCP·그리퍼 스윕 근사만 수행"",""reason"":""실제 관절 한계·역기구학·접근 자세 미검증""},""sequence"":{""status"":""NOT VERIFIED"",""violations"":0,""checkedPlacements"":12,""scope"":""TCP·그리퍼 스윕 근사만 수행"",""reason"":""실제 파지·관절 궤적·전 과정 실행 미검증""}}","16.071428571428573","100","12","0","0","940000000","400","","","","150","50.34602488997738","100","100","12.361111111111118","89.7435897435898","0.6250000000000001","0","0","","19.864316666666127","33.697200000009616","32.97604000000356","33.552968000008406","238.37179999999353","100","107.03781804388689","51.37458172852648","403.5956710392531","538","2.7085000000079162","","","","","","100","0","0","","","100","","","","","","",""
"future-hybrid","online","identical","118","18","08c1b917","complete","","explicit","proxy","{}","{""bounds"":12,""support"":190}","adapter-1.0 / planners-f6ec11d4259a","2.0.0","null","{""collision"":{""status"":""PASS"",""violations"":0,""checkedPlacements"":12,""scope"":""직육면체 기하·관측 규격 공통 검사"",""reason"":""확정 배치와 최종 적재 상태 검사""},""bounds"":{""status"":""PASS"",""violations"":0,""checkedPlacements"":12,""scope"":""직육면체 기하·관측 규격 공통 검사"",""reason"":""확정 배치와 최종 적재 상태 검사""},""height"":{""status"":""PASS"",""violations"":0,""checkedPlacements"":12,""scope"":""직육면체 기하·관측 규격 공통 검사"",""reason"":""확정 배치와 최종 적재 상태 검사""},""orientation"":{""status"":""PASS"",""violations"":0,""checkedPlacements"":12,""scope"":""직육면체 기하·관측 규격 공통 검사"",""reason"":""확정 배치와 최종 적재 상태 검사""},""load"":{""status"":""PASS"",""violations"":0,""checkedPlacements"":12,""scope"":""입력된 허용 상부하중 · 누적 정적 반력"",""reason"":""입력값 범위의 정적 검사. 실측 재료 인증 아님""},""support"":{""status"":""PASS"",""violations"":0,""checkedPlacements"":12,""scope"":""접촉·합력 작용점·정적 평형"",""reason"":""설정된 지지율·전도 여유 검사. 동적 붕괴·굽힘 파손 미검증""},""payload"":{""status"":""PASS"",""violations"":0,""checkedPlacements"":12,""scope"":""입력 가반하중 · 박스+그리퍼 질량"",""reason"":""사용자가 설정한 가반하중 한계 검사""},""robotCollision"":{""status"":""NOT VERIFIED"",""violations"":0,""checkedPlacements"":12,""scope"":""TCP·그리퍼 스윕 근사만 수행"",""reason"":""전체 로봇 링크 충돌 미검증""},""approach"":{""status"":""NOT VERIFIED"",""violations"":0,""checkedPlacements"":12,""scope"":""TCP·그리퍼 스윕 근사만 수행"",""reason"":""실제 관절 한계·역기구학·접근 자세 미검증""},""sequence"":{""status"":""NOT VERIFIED"",""violations"":0,""checkedPlacements"":12,""scope"":""TCP·그리퍼 스윕 근사만 수행"",""reason"":""실제 파지·관절 궤적·전 과정 실행 미검증""}}","16.071428571428573","100","12","0","0","940000000","400","","","","150","0","100","100","1.3888888888888868","95","0.625","0","0","","68.74590833333302","132.66229999999632","123.55369500000087","130.84057899999723","824.9508999999962","100","108.20092680945035","50.83060242614273","399.25720854571165","538","2.8263000000006286","","","","","","100","0","0","","","100","","","","","","",""
"hrpal-inferred","online","random","118","18","57ad14ec","partial","세로 박스 주변 높이 부족 · 가까운 눕힌 적재를 먼저 쌓아야 함 / SUPPORT: 지지 조건 미달 74.4% / 필요 95.0% · CoG 지지 검사 / 무게 규칙 위반 · Small-02 (3 kg) / SUPPORT: 지지 조건 미달 0.0% / 필요 95.0% · CoG 지지 검사 / SUPPORT: 지지 조건 미달 45.9% / 필요 95.0% · CoG 지지 검사 / SUPPORT: 지지 조건 미달 40.1% / 필요 95.0% · CoG 지지 검사 / 누적 무게중심 정적 평형 불가 · Tall-01 / SUPPORT: 지지 조건 미달 9.0% / 필요 95.0% · CoG 지지 검사 / SUPPORT: 지지 조건 미달 15.7% / 필요 95.0% · CoG 지지 검사 / SUPPORT: 지지 조건 미달 21.9% / 필요 95.0% · CoG 지지 검사 / SUPPORT: 지지 조건 미달 84.3% / 필요 95.0% · CoG 지지 검사 / SUPPORT: 지지 조건 미달 91.0% / 필요 95.0% · CoG 지지 검사 / SUPPORT: 지지 조건 미달 68.5% / 필요 95.0% · CoG 지지 검사 / SUPPORT: 지지 조건 미달 62.4% / 필요 95.0% · CoG 지지 검사 / SUPPORT: 지지 조건 미달 47.2% / 필요 95.0% · CoG 지지 검사 / SUPPORT: 지지 조건 미달 41.7% / 필요 95.0% · CoG 지지 검사 / SUPPORT: 지지 조건 미달 44.2% / 필요 95.0% · CoG 지지 검사 / SUPPORT: 지지 조건 미달 49.7% / 필요 95.0% · CoG 지지 검사 / SUPPORT: 지지 조건 미달 55.8% / 필요 95.0% · CoG 지지 검사 / SUPPORT: 지지 조건 미달 52.8% / 필요 95.0% · CoG 지지 검사 / SUPPORT: 지지 조건 미달 94.4% / 필요 95.0% · CoG 지지 검사","explicit","proxy","{}","{""support"":67,""load"":4,""protocol"":48}","conventional-pattern/2","2.0.0","null","{""collision"":{""status"":""PASS"",""violations"":0,""checkedPlacements"":3,""scope"":""직육면체 기하·관측 규격 공통 검사"",""reason"":""확정 배치와 최종 적재 상태 검사""},""bounds"":{""status"":""PASS"",""violations"":0,""checkedPlacements"":3,""scope"":""직육면체 기하·관측 규격 공통 검사"",""reason"":""확정 배치와 최종 적재 상태 검사""},""height"":{""status"":""PASS"",""violations"":0,""checkedPlacements"":3,""scope"":""직육면체 기하·관측 규격 공통 검사"",""reason"":""확정 배치와 최종 적재 상태 검사""},""orientation"":{""status"":""PASS"",""violations"":0,""checkedPlacements"":3,""scope"":""직육면체 기하·관측 규격 공통 검사"",""reason"":""확정 배치와 최종 적재 상태 검사""},""load"":{""status"":""PASS"",""violations"":0,""checkedPlacements"":3,""scope"":""입력된 허용 상부하중 · 누적 정적 반력"",""reason"":""입력값 범위의 정적 검사. 실측 재료 인증 아님""},""support"":{""status"":""PASS"",""violations"":0,""checkedPlacements"":3,""scope"":""접촉·합력 작용점·정적 평형"",""reason"":""설정된 지지율·전도 여유 검사. 동적 붕괴·굽힘 파손 미검증""},""payload"":{""status"":""PASS"",""violations"":0,""checkedPlacements"":3,""scope"":""입력 가반하중 · 박스+그리퍼 질량"",""reason"":""사용자가 설정한 가반하중 한계 검사""},""robotCollision"":{""status"":""NOT VERIFIED"",""violations"":0,""checkedPlacements"":3,""scope"":""TCP·그리퍼 스윕 근사만 수행"",""reason"":""전체 로봇 링크 충돌 미검증""},""approach"":{""status"":""NOT VERIFIED"",""violations"":0,""checkedPlacements"":3,""scope"":""TCP·그리퍼 스윕 근사만 수행"",""reason"":""실제 관절 한계·역기구학·접근 자세 미검증""},""sequence"":{""status"":""NOT VERIFIED"",""violations"":0,""checkedPlacements"":3,""scope"":""TCP·그리퍼 스윕 근사만 수행"",""reason"":""실제 파지·관절 궤적·전 과정 실행 미검증""}}","6.62478455357143","16.666666666666668","3","15","0.243332631","1045802413","193","","","","94.16666666666667","70.29114936471265","100","100","43.49989849336499","70.8","1.1721854304635762","0","0","","3.5929750000032072","6.620300000009593","6.596930000008433","6.61562600000936","14.371900000012829","75","25.255984853614205","12.516390154849228","427.62141577917873","112","0.36220000000321306","6.62478455357143","0","16.666666666666668","","","100","0","0","","","0","","","","","","",""
"greedy","online","random","118","18","57ad14ec","partial","SUPPORT: 지지 조건 미달 51.9% / 필요 95.0% / 무게 규칙 위반 / 누적 무게중심 정적 평형 불가 / SUPPORT: 지지 조건 미달 8.7% / 필요 95.0% / SUPPORT: 지지 조건 미달 4.2% / 필요 95.0% / SUPPORT: 지지 조건 미달 14.0% / 필요 95.0% / SUPPORT: 지지 조건 미달 16.2% / 필요 95.0% / SUPPORT: 지지 조건 미달 18.8% / 필요 95.0% / SUPPORT: 지지 조건 미달 27.2% / 필요 95.0% / SUPPORT: 지지 조건 미달 42.7% / 필요 95.0% / SUPPORT: 지지 조건 미달 16.5% / 필요 95.0% / SUPPORT: 지지 조건 미달 13.4% / 필요 95.0% / SUPPORT: 지지 조건 미달 21.9% / 필요 95.0% / SUPPORT: 지지 조건 미달 14.9% / 필요 95.0% / SUPPORT: 지지 조건 미달 10.2% / 필요 95.0% / SUPPORT: 지지 조건 미달 16.3% / 필요 95.0% / SUPPORT: 지지 조건 미달 22.0% / 필요 95.0% / SUPPORT: 지지 조건 미달 19.3% / 필요 95.0% / SUPPORT: 지지 조건 미달 15.7% / 필요 95.0% / SUPPORT: 지지 조건 미달 5.1% / 필요 95.0% / SUPPORT: 지지 조건 미달 19.6% / 필요 95.0% / SUPPORT: 지지 조건 미달 33.0% / 필요 95.0% / SUPPORT: 지지 조건 미달 26.6% / 필요 95.0% / SUPPORT: 지지 조건 미달 18.1% / 필요 95.0% / SUPPORT: 지지 조건 미달 21.4% / 필요 95.0% / SUPPORT: 지지 조건 미달 34.4% / 필요 95.0% / SUPPORT: 지지 조건 미달 46.4% / 필요 95.0%","explicit","proxy","{}","{""support"":193,""bounds"":5,""robot-path"":30,""load"":108}","adapter-1.0 / planners-f6ec11d4259a","2.0.0","null","{""collision"":{""status"":""PASS"",""violations"":0,""checkedPlacements"":9,""scope"":""직육면체 기하·관측 규격 공통 검사"",""reason"":""확정 배치와 최종 적재 상태 검사""},""bounds"":{""status"":""PASS"",""violations"":0,""checkedPlacements"":9,""scope"":""직육면체 기하·관측 규격 공통 검사"",""reason"":""확정 배치와 최종 적재 상태 검사""},""height"":{""status"":""PASS"",""violations"":0,""checkedPlacements"":9,""scope"":""직육면체 기하·관측 규격 공통 검사"",""reason"":""확정 배치와 최종 적재 상태 검사""},""orientation"":{""status"":""PASS"",""violations"":0,""checkedPlacements"":9,""scope"":""직육면체 기하·관측 규격 공통 검사"",""reason"":""확정 배치와 최종 적재 상태 검사""},""load"":{""status"":""PASS"",""violations"":0,""checkedPlacements"":9,""scope"":""입력된 허용 상부하중 · 누적 정적 반력"",""reason"":""입력값 범위의 정적 검사. 실측 재료 인증 아님""},""support"":{""status"":""PASS"",""violations"":0,""checkedPlacements"":9,""scope"":""접촉·합력 작용점·정적 평형"",""reason"":""설정된 지지율·전도 여유 검사. 동적 붕괴·굽힘 파손 미검증""},""payload"":{""status"":""PASS"",""violations"":0,""checkedPlacements"":9,""scope"":""입력 가반하중 · 박스+그리퍼 질량"",""reason"":""사용자가 설정한 가반하중 한계 검사""},""robotCollision"":{""status"":""NOT VERIFIED"",""violations"":0,""checkedPlacements"":9,""scope"":""TCP·그리퍼 스윕 근사만 수행"",""reason"":""전체 로봇 링크 충돌 미검증""},""approach"":{""status"":""NOT VERIFIED"",""violations"":0,""checkedPlacements"":9,""scope"":""TCP·그리퍼 스윕 근사만 수행"",""reason"":""실제 관절 한계·역기구학·접근 자세 미검증""},""sequence"":{""status"":""NOT VERIFIED"",""violations"":0,""checkedPlacements"":9,""scope"":""TCP·그리퍼 스윕 근사만 수행"",""reason"":""실제 파지·관절 궤적·전 과정 실행 미검증""}}","13.300094732142856","50","9","9","0.168569157","971038939","603","","","","202.36206896551724","90.81610963874618","100","100","22.571538639513545","52.45","0.562992125984252","0","0","","100.61075000000127","221.14380000000529","219.8630100000053","220.8876420000053","1006.1075000000128","90","92.27359794844519","44.37783866648935","351.12969170338874","442","1.9633000000030734","13.300094732142856","0","50","","","100","0","0","","","0","","","","","","",""
"future-hybrid","online","random","118","18","57ad14ec","complete","","explicit","proxy","{}","{""bounds"":36,""support"":279,""load"":168,""robot-path"":29,""protocol"":6}","adapter-1.0 / planners-f6ec11d4259a","2.0.0","null","{""collision"":{""status"":""PASS"",""violations"":0,""checkedPlacements"":18,""scope"":""직육면체 기하·관측 규격 공통 검사"",""reason"":""확정 배치와 최종 적재 상태 검사""},""bounds"":{""status"":""PASS"",""violations"":0,""checkedPlacements"":18,""scope"":""직육면체 기하·관측 규격 공통 검사"",""reason"":""확정 배치와 최종 적재 상태 검사""},""height"":{""status"":""PASS"",""violations"":0,""checkedPlacements"":18,""scope"":""직육면체 기하·관측 규격 공통 검사"",""reason"":""확정 배치와 최종 적재 상태 검사""},""orientation"":{""status"":""PASS"",""violations"":0,""checkedPlacements"":18,""scope"":""직육면체 기하·관측 규격 공통 검사"",""reason"":""확정 배치와 최종 적재 상태 검사""},""load"":{""status"":""PASS"",""violations"":0,""checkedPlacements"":18,""scope"":""입력된 허용 상부하중 · 누적 정적 반력"",""reason"":""입력값 범위의 정적 검사. 실측 재료 인증 아님""},""support"":{""status"":""PASS"",""violations"":0,""checkedPlacements"":18,""scope"":""접촉·합력 작용점·정적 평형"",""reason"":""설정된 지지율·전도 여유 검사. 동적 붕괴·굽힘 파손 미검증""},""payload"":{""status"":""PASS"",""violations"":0,""checkedPlacements"":18,""scope"":""입력 가반하중 · 박스+그리퍼 질량"",""reason"":""사용자가 설정한 가반하중 한계 검사""},""robotCollision"":{""status"":""NOT VERIFIED"",""violations"":0,""checkedPlacements"":18,""scope"":""TCP·그리퍼 스윕 근사만 수행"",""reason"":""전체 로봇 링크 충돌 미검증""},""approach"":{""status"":""NOT VERIFIED"",""violations"":0,""checkedPlacements"":18,""scope"":""TCP·그리퍼 스윕 근사만 수행"",""reason"":""실제 관절 한계·역기구학·접근 자세 미검증""},""sequence"":{""status"":""NOT VERIFIED"",""violations"":0,""checkedPlacements"":18,""scope"":""TCP·그리퍼 스윕 근사만 수행"",""reason"":""실제 파지·관절 궤적·전 과정 실행 미검증""}}","28.350912321428574","100","18","0","0","802469782","1210","","","","327.3014184397163","24.54246378310137","99.7510115157174","95.51820728291317","23.613197278950693","52.45","0.34189510740245804","0","0","","394.84626111110833","1909.8505999999907","1014.5808749999924","1730.7966549999896","7107.23269999995","100","195.52059134084348","97.18838437154825","331.4228928810709","826","8.10559999999532","28.350912321428574","100","100","","","100","0","0","","","100","","","","","","",""
"greedy","online","identical","119","19","f93d7fb6","complete","","explicit","proxy","{}","{""bounds"":12,""support"":157}","adapter-1.0 / planners-f6ec11d4259a","2.0.0","null","{""collision"":{""status"":""PASS"",""violations"":0,""checkedPlacements"":12,""scope"":""직육면체 기하·관측 규격 공통 검사"",""reason"":""확정 배치와 최종 적재 상태 검사""},""bounds"":{""status"":""PASS"",""violations"":0,""checkedPlacements"":12,""scope"":""직육면체 기하·관측 규격 공통 검사"",""reason"":""확정 배치와 최종 적재 상태 검사""},""height"":{""status"":""PASS"",""violations"":0,""checkedPlacements"":12,""scope"":""직육면체 기하·관측 규격 공통 검사"",""reason"":""확정 배치와 최종 적재 상태 검사""},""orientation"":{""status"":""PASS"",""violations"":0,""checkedPlacements"":12,""scope"":""직육면체 기하·관측 규격 공통 검사"",""reason"":""확정 배치와 최종 적재 상태 검사""},""load"":{""status"":""PASS"",""violations"":0,""checkedPlacements"":12,""scope"":""입력된 허용 상부하중 · 누적 정적 반력"",""reason"":""입력값 범위의 정적 검사. 실측 재료 인증 아님""},""support"":{""status"":""PASS"",""violations"":0,""checkedPlacements"":12,""scope"":""접촉·합력 작용점·정적 평형"",""reason"":""설정된 지지율·전도 여유 검사. 동적 붕괴·굽힘 파손 미검증""},""payload"":{""status"":""PASS"",""violations"":0,""checkedPlacements"":12,""scope"":""입력 가반하중 · 박스+그리퍼 질량"",""reason"":""사용자가 설정한 가반하중 한계 검사""},""robotCollision"":{""status"":""NOT VERIFIED"",""violations"":0,""checkedPlacements"":12,""scope"":""TCP·그리퍼 스윕 근사만 수행"",""reason"":""전체 로봇 링크 충돌 미검증""},""approach"":{""status"":""NOT VERIFIED"",""violations"":0,""checkedPlacements"":12,""scope"":""TCP·그리퍼 스윕 근사만 수행"",""reason"":""실제 관절 한계·역기구학·접근 자세 미검증""},""sequence"":{""status"":""NOT VERIFIED"",""violations"":0,""checkedPlacements"":12,""scope"":""TCP·그리퍼 스윕 근사만 수행"",""reason"":""실제 파지·관절 궤적·전 과정 실행 미검증""}}","16.071428571428573","100","12","0","0","940000000","400","","","","150","50.34602488997738","100","100","12.361111111111118","89.7435897435898","0.6250000000000001","0","0","","18.59370833333378","32.72590000000491","30.985370000002874","32.377794000004506","223.12450000000536","100","107.03781804388689","51.37458172852648","403.5956710392531","538","3.3299999999871943","","","","","","100","0","0","","","100","","","","","","",""
"future-hybrid","online","identical","119","19","f93d7fb6","complete","","explicit","proxy","{}","{""bounds"":12,""support"":190}","adapter-1.0 / planners-f6ec11d4259a","2.0.0","null","{""collision"":{""status"":""PASS"",""violations"":0,""checkedPlacements"":12,""scope"":""직육면체 기하·관측 규격 공통 검사"",""reason"":""확정 배치와 최종 적재 상태 검사""},""bounds"":{""status"":""PASS"",""violations"":0,""checkedPlacements"":12,""scope"":""직육면체 기하·관측 규격 공통 검사"",""reason"":""확정 배치와 최종 적재 상태 검사""},""height"":{""status"":""PASS"",""violations"":0,""checkedPlacements"":12,""scope"":""직육면체 기하·관측 규격 공통 검사"",""reason"":""확정 배치와 최종 적재 상태 검사""},""orientation"":{""status"":""PASS"",""violations"":0,""checkedPlacements"":12,""scope"":""직육면체 기하·관측 규격 공통 검사"",""reason"":""확정 배치와 최종 적재 상태 검사""},""load"":{""status"":""PASS"",""violations"":0,""checkedPlacements"":12,""scope"":""입력된 허용 상부하중 · 누적 정적 반력"",""reason"":""입력값 범위의 정적 검사. 실측 재료 인증 아님""},""support"":{""status"":""PASS"",""violations"":0,""checkedPlacements"":12,""scope"":""접촉·합력 작용점·정적 평형"",""reason"":""설정된 지지율·전도 여유 검사. 동적 붕괴·굽힘 파손 미검증""},""payload"":{""status"":""PASS"",""violations"":0,""checkedPlacements"":12,""scope"":""입력 가반하중 · 박스+그리퍼 질량"",""reason"":""사용자가 설정한 가반하중 한계 검사""},""robotCollision"":{""status"":""NOT VERIFIED"",""violations"":0,""checkedPlacements"":12,""scope"":""TCP·그리퍼 스윕 근사만 수행"",""reason"":""전체 로봇 링크 충돌 미검증""},""approach"":{""status"":""NOT VERIFIED"",""violations"":0,""checkedPlacements"":12,""scope"":""TCP·그리퍼 스윕 근사만 수행"",""reason"":""실제 관절 한계·역기구학·접근 자세 미검증""},""sequence"":{""status"":""NOT VERIFIED"",""violations"":0,""checkedPlacements"":12,""scope"":""TCP·그리퍼 스윕 근사만 수행"",""reason"":""실제 파지·관절 궤적·전 과정 실행 미검증""}}","16.071428571428573","100","12","0","0","940000000","400","","","","150","0","100","100","1.3888888888888868","95","0.625","0","0","","70.68741666666271","121.25599999999395","114.61617999999143","119.92803599999345","848.2489999999525","100","108.20092680945035","50.83060242614273","399.25720854571165","538","2.9288000000087777","","","","","","100","0","0","","","100","","","","","","",""
"hrpal-inferred","online","identical","119","19","f93d7fb6","complete","","explicit","proxy","{}","{""support"":123}","conventional-pattern/2","2.0.0","null","{""collision"":{""status"":""PASS"",""violations"":0,""checkedPlacements"":12,""scope"":""직육면체 기하·관측 규격 공통 검사"",""reason"":""확정 배치와 최종 적재 상태 검사""},""bounds"":{""status"":""PASS"",""violations"":0,""checkedPlacements"":12,""scope"":""직육면체 기하·관측 규격 공통 검사"",""reason"":""확정 배치와 최종 적재 상태 검사""},""height"":{""status"":""PASS"",""violations"":0,""checkedPlacements"":12,""scope"":""직육면체 기하·관측 규격 공통 검사"",""reason"":""확정 배치와 최종 적재 상태 검사""},""orientation"":{""status"":""PASS"",""violations"":0,""checkedPlacements"":12,""scope"":""직육면체 기하·관측 규격 공통 검사"",""reason"":""확정 배치와 최종 적재 상태 검사""},""load"":{""status"":""PASS"",""violations"":0,""checkedPlacements"":12,""scope"":""입력된 허용 상부하중 · 누적 정적 반력"",""reason"":""입력값 범위의 정적 검사. 실측 재료 인증 아님""},""support"":{""status"":""PASS"",""violations"":0,""checkedPlacements"":12,""scope"":""접촉·합력 작용점·정적 평형"",""reason"":""설정된 지지율·전도 여유 검사. 동적 붕괴·굽힘 파손 미검증""},""payload"":{""status"":""PASS"",""violations"":0,""checkedPlacements"":12,""scope"":""입력 가반하중 · 박스+그리퍼 질량"",""reason"":""사용자가 설정한 가반하중 한계 검사""},""robotCollision"":{""status"":""NOT VERIFIED"",""violations"":0,""checkedPlacements"":12,""scope"":""TCP·그리퍼 스윕 근사만 수행"",""reason"":""전체 로봇 링크 충돌 미검증""},""approach"":{""status"":""NOT VERIFIED"",""violations"":0,""checkedPlacements"":12,""scope"":""TCP·그리퍼 스윕 근사만 수행"",""reason"":""실제 관절 한계·역기구학·접근 자세 미검증""},""sequence"":{""status"":""NOT VERIFIED"",""violations"":0,""checkedPlacements"":12,""scope"":""TCP·그리퍼 스윕 근사만 수행"",""reason"":""실제 파지·관절 궤적·전 과정 실행 미검증""}}","16.071428571428573","100","12","0","0","940000000","400","","","","150","100.77822185373186","100","100","20.55555555555556","95","0.625","0","0","","3.6927416666682498","6.219800000006217","6.122010000003502","6.200242000005674","44.312900000019","100","100.37583405928804","49.64429213853723","430.38247606972277","284","3.727599999998347","","","","","","100","0","0","","","100","","","","","","",""
"greedy","online","random","119","19","dcac5c71","complete","","explicit","proxy","{}","{""bounds"":35,""support"":210,""protocol"":7,""robot-path"":29,""load"":102}","adapter-1.0 / planners-f6ec11d4259a","2.0.0","null","{""collision"":{""status"":""PASS"",""violations"":0,""checkedPlacements"":18,""scope"":""직육면체 기하·관측 규격 공통 검사"",""reason"":""확정 배치와 최종 적재 상태 검사""},""bounds"":{""status"":""PASS"",""violations"":0,""checkedPlacements"":18,""scope"":""직육면체 기하·관측 규격 공통 검사"",""reason"":""확정 배치와 최종 적재 상태 검사""},""height"":{""status"":""PASS"",""violations"":0,""checkedPlacements"":18,""scope"":""직육면체 기하·관측 규격 공통 검사"",""reason"":""확정 배치와 최종 적재 상태 검사""},""orientation"":{""status"":""PASS"",""violations"":0,""checkedPlacements"":18,""scope"":""직육면체 기하·관측 규격 공통 검사"",""reason"":""확정 배치와 최종 적재 상태 검사""},""load"":{""status"":""PASS"",""violations"":0,""checkedPlacements"":18,""scope"":""입력된 허용 상부하중 · 누적 정적 반력"",""reason"":""입력값 범위의 정적 검사. 실측 재료 인증 아님""},""support"":{""status"":""PASS"",""violations"":0,""checkedPlacements"":18,""scope"":""접촉·합력 작용점·정적 평형"",""reason"":""설정된 지지율·전도 여유 검사. 동적 붕괴·굽힘 파손 미검증""},""payload"":{""status"":""PASS"",""violations"":0,""checkedPlacements"":18,""scope"":""입력 가반하중 · 박스+그리퍼 질량"",""reason"":""사용자가 설정한 가반하중 한계 검사""},""robotCollision"":{""status"":""NOT VERIFIED"",""violations"":0,""checkedPlacements"":18,""scope"":""TCP·그리퍼 스윕 근사만 수행"",""reason"":""전체 로봇 링크 충돌 미검증""},""approach"":{""status"":""NOT VERIFIED"",""violations"":0,""checkedPlacements"":18,""scope"":""TCP·그리퍼 스윕 근사만 수행"",""reason"":""실제 관절 한계·역기구학·접근 자세 미검증""},""sequence"":{""status"":""NOT VERIFIED"",""violations"":0,""checkedPlacements"":18,""scope"":""TCP·그리퍼 스윕 근사만 수행"",""reason"":""실제 파지·관절 궤적·전 과정 실행 미검증""}}","28.350912321428574","100","18","0","0","802469782","1065","","","","315.37943262411346","108.57452634127803","99.62552668797385","95.51820728291317","11.697240137026643","52.45","0.2615581848775406","0","0","","152.58106666666652","373.4066000000021","286.6807599999991","356.06143200000133","2746.4591999999975","100","194.87450007950827","93.51842505168038","332.52169972757736","826","6.309800000002724","28.350912321428574","100","100","","","100","0","0","","","100","","","","","","",""
"future-hybrid","online","random","119","19","dcac5c71","partial","SUPPORT: 지지 조건 미달 71.0% / 필요 95.0% / 무게 규칙 위반 / SUPPORT: 지지 조건 미달 50.6% / 필요 95.0% / SUPPORT: 지지 조건 미달 79.5% / 필요 95.0% / SUPPORT: 지지 조건 미달 56.6% / 필요 95.0% / SUPPORT: 지지 조건 미달 80.1% / 필요 95.0% / SUPPORT: 지지 조건 미달 57.0% / 필요 95.0% / SUPPORT: 지지 조건 미달 93.9% / 필요 95.0% / SUPPORT: 지지 조건 미달 66.9% / 필요 95.0% / SUPPORT: 지지 조건 미달 70.0% / 필요 95.0% / SUPPORT: 지지 조건 미달 63.7% / 필요 95.0% / SUPPORT: 지지 조건 미달 50.3% / 필요 95.0% / 누적 무게중심 정적 평형 불가 / SUPPORT: 지지 조건 미달 39.0% / 필요 95.0% / SUPPORT: 지지 조건 미달 25.7% / 필요 95.0% / SUPPORT: 지지 조건 미달 29.4% / 필요 95.0% / SUPPORT: 지지 조건 미달 29.0% / 필요 95.0% / SUPPORT: 지지 조건 미달 20.3% / 필요 95.0% / SUPPORT: 지지 조건 미달 19.9% / 필요 95.0% / SUPPORT: 지지 조건 미달 22.3% / 필요 95.0% / SUPPORT: 지지 조건 미달 2.6% / 필요 95.0% / SUPPORT: 지지 조건 미달 5.7% / 필요 95.0% / SUPPORT: 지지 조건 미달 12.1% / 필요 95.0% / SUPPORT: 지지 조건 미달 17.6% / 필요 95.0% / SUPPORT: 지지 조건 미달 7.2% / 필요 95.0% / SUPPORT: 지지 조건 미달 15.4% / 필요 95.0%","explicit","proxy","{}","{""bounds"":39,""support"":176,""robot-path"":25,""protocol"":2,""load"":118}","adapter-1.0 / planners-f6ec11d4259a","2.0.0","null","{""collision"":{""status"":""PASS"",""violations"":0,""checkedPlacements"":10,""scope"":""직육면체 기하·관측 규격 공통 검사"",""reason"":""확정 배치와 최종 적재 상태 검사""},""bounds"":{""status"":""PASS"",""violations"":0,""checkedPlacements"":10,""scope"":""직육면체 기하·관측 규격 공통 검사"",""reason"":""확정 배치와 최종 적재 상태 검사""},""height"":{""status"":""PASS"",""violations"":0,""checkedPlacements"":10,""scope"":""직육면체 기하·관측 규격 공통 검사"",""reason"":""확정 배치와 최종 적재 상태 검사""},""orientation"":{""status"":""PASS"",""violations"":0,""checkedPlacements"":10,""scope"":""직육면체 기하·관측 규격 공통 검사"",""reason"":""확정 배치와 최종 적재 상태 검사""},""load"":{""status"":""PASS"",""violations"":0,""checkedPlacements"":10,""scope"":""입력된 허용 상부하중 · 누적 정적 반력"",""reason"":""입력값 범위의 정적 검사. 실측 재료 인증 아님""},""support"":{""status"":""PASS"",""violations"":0,""checkedPlacements"":10,""scope"":""접촉·합력 작용점·정적 평형"",""reason"":""설정된 지지율·전도 여유 검사. 동적 붕괴·굽힘 파손 미검증""},""payload"":{""status"":""PASS"",""violations"":0,""checkedPlacements"":10,""scope"":""입력 가반하중 · 박스+그리퍼 질량"",""reason"":""사용자가 설정한 가반하중 한계 검사""},""robotCollision"":{""status"":""NOT VERIFIED"",""violations"":0,""checkedPlacements"":10,""scope"":""TCP·그리퍼 스윕 근사만 수행"",""reason"":""전체 로봇 링크 충돌 미검증""},""approach"":{""status"":""NOT VERIFIED"",""violations"":0,""checkedPlacements"":10,""scope"":""TCP·그리퍼 스윕 근사만 수행"",""reason"":""실제 관절 한계·역기구학·접근 자세 미검증""},""sequence"":{""status"":""NOT VERIFIED"",""violations"":0,""checkedPlacements"":10,""scope"":""TCP·그리퍼 스윕 근사만 수행"",""reason"":""실제 파지·관절 궤적·전 과정 실행 미검증""}}","13.130065535714285","55.55555555555556","10","8","0.170473484","972943266","330","","","","113.05128205128206","27.45852469756405","100","100","9.717855885312215","52.45","0.562992125984252","0","0","","208.16280909090975","606.3405999999959","568.6182499999923","598.7961299999952","2289.7909000000072","90.9090909090909","93.42808845658644","44.47825749678118","385.3230928162278","490","2.21469999999681","13.130065535714285","0","55.55555555555556","","","100","0","0","","","0","","","","","","",""
"hrpal-inferred","online","random","119","19","dcac5c71","partial","세로 박스 주변 높이 부족 · 가까운 눕힌 적재를 먼저 쌓아야 함 / 세로 박스 돌출 높이 초과 · 230 / 89 mm · 이웃 Long-02 / SUPPORT: 지지 조건 미달 72.6% / 필요 95.0% · CoG 지지 검사 / 누적 무게중심 정적 평형 불가 · Tall-02 / SUPPORT: 지지 조건 미달 10.0% / 필요 95.0% · CoG 지지 검사 / SUPPORT: 지지 조건 미달 0.0% / 필요 95.0% · CoG 지지 검사 / SUPPORT: 지지 조건 미달 45.5% / 필요 95.0% · CoG 지지 검사 / SUPPORT: 지지 조건 미달 32.3% / 필요 95.0% · CoG 지지 검사 / SUPPORT: 지지 조건 미달 79.0% / 필요 95.0% · CoG 지지 검사 / SUPPORT: 지지 조건 미달 45.7% / 필요 95.0% · CoG 지지 검사 / SUPPORT: 지지 조건 미달 57.9% / 필요 95.0% · CoG 지지 검사 / SUPPORT: 지지 조건 미달 33.5% / 필요 95.0% · CoG 지지 검사 / SUPPORT: 지지 조건 미달 69.1% / 필요 95.0% · CoG 지지 검사 / SUPPORT: 지지 조건 미달 46.4% / 필요 95.0% · CoG 지지 검사 / SUPPORT: 지지 조건 미달 33.9% / 필요 95.0% · CoG 지지 검사 / SUPPORT: 지지 조건 미달 50.5% / 필요 95.0% · CoG 지지 검사","explicit","proxy","{}","{""support"":65,""protocol"":48}","conventional-pattern/2","2.0.0","null","{""collision"":{""status"":""PASS"",""violations"":0,""checkedPlacements"":3,""scope"":""직육면체 기하·관측 규격 공통 검사"",""reason"":""확정 배치와 최종 적재 상태 검사""},""bounds"":{""status"":""PASS"",""violations"":0,""checkedPlacements"":3,""scope"":""직육면체 기하·관측 규격 공통 검사"",""reason"":""확정 배치와 최종 적재 상태 검사""},""height"":{""status"":""PASS"",""violations"":0,""checkedPlacements"":3,""scope"":""직육면체 기하·관측 규격 공통 검사"",""reason"":""확정 배치와 최종 적재 상태 검사""},""orientation"":{""status"":""PASS"",""violations"":0,""checkedPlacements"":3,""scope"":""직육면체 기하·관측 규격 공통 검사"",""reason"":""확정 배치와 최종 적재 상태 검사""},""load"":{""status"":""PASS"",""violations"":0,""checkedPlacements"":3,""scope"":""입력된 허용 상부하중 · 누적 정적 반력"",""reason"":""입력값 범위의 정적 검사. 실측 재료 인증 아님""},""support"":{""status"":""PASS"",""violations"":0,""checkedPlacements"":3,""scope"":""접촉·합력 작용점·정적 평형"",""reason"":""설정된 지지율·전도 여유 검사. 동적 붕괴·굽힘 파손 미검증""},""payload"":{""status"":""PASS"",""violations"":0,""checkedPlacements"":3,""scope"":""입력 가반하중 · 박스+그리퍼 질량"",""reason"":""사용자가 설정한 가반하중 한계 검사""},""robotCollision"":{""status"":""NOT VERIFIED"",""violations"":0,""checkedPlacements"":3,""scope"":""TCP·그리퍼 스윕 근사만 수행"",""reason"":""전체 로봇 링크 충돌 미검증""},""approach"":{""status"":""NOT VERIFIED"",""violations"":0,""checkedPlacements"":3,""scope"":""TCP·그리퍼 스윕 근사만 수행"",""reason"":""실제 관절 한계·역기구학·접근 자세 미검증""},""sequence"":{""status"":""NOT VERIFIED"",""violations"":0,""checkedPlacements"":3,""scope"":""TCP·그리퍼 스윕 근사만 수행"",""reason"":""실제 파지·관절 궤적·전 과정 실행 미검증""}}","5.035255089285714","16.666666666666668","3","15","0.261135361","1063605143","217","","","","89.375","228.76244843177386","100","100","50.32489740082079","57.2","1.125984251968504","0","0","","2.6247000000039407","5.334100000007311","4.918045000006531","5.250889000007154","10.498800000015763","75","24.50212579401069","11.376381766106949","440.7780814936456","87","0.4285000000090804","5.035255089285714","0","16.666666666666668","","","100","0","0","","","0","","","","","","",""