"algorithm","scope","scenario","seed","episode","fingerprint","outcome","reason","strength","robot","proposalViolations","candidateRejections","algorithmVersion","evaluatorVersion","warmup","hardConstraints","utilization","completion","count","unplaced","unplacedVolume","residualVolume","height","pallets","remainingFit","spaceOpportunity","comZ","comOffset","supportMean","supportMin","imbalance","minMargin","tippingG","loadViolations","unknownStrength","physicsSuccess","meanMs","maxMs","p95Ms","p99Ms","totalMs","deadlineRate","workSeconds","distanceM","throughput","candidates","evaluationMs","orderUtilization","orderSuccess","orderCompletion","regret","futureFit","reachProxy","robotCollisions","payloadViolations","graspSuccess","ikSuccess","executionSuccess","damagedRecovery","missingRecovery","resizeRecovery","exceptionSuccess","replanMs","exceptionRetention","palletRecovery"
"hrpal-inferred","online","identical","100","0","a39988e4","complete","","explicit","proxy","{}","{""support"":123}","conventional-pattern/2","2.0.0","null","{""collision"":{""status"":""PASS"",""violations"":0,""checkedPlacements"":12,""scope"":""직육면체 기하·관측 규격 공통 검사"",""reason"":""확정 배치와 최종 적재 상태 검사""},""bounds"":{""status"":""PASS"",""violations"":0,""checkedPlacements"":12,""scope"":""직육면체 기하·관측 규격 공통 검사"",""reason"":""확정 배치와 최종 적재 상태 검사""},""height"":{""status"":""PASS"",""violations"":0,""checkedPlacements"":12,""scope"":""직육면체 기하·관측 규격 공통 검사"",""reason"":""확정 배치와 최종 적재 상태 검사""},""orientation"":{""status"":""PASS"",""violations"":0,""checkedPlacements"":12,""scope"":""직육면체 기하·관측 규격 공통 검사"",""reason"":""확정 배치와 최종 적재 상태 검사""},""load"":{""status"":""PASS"",""violations"":0,""checkedPlacements"":12,""scope"":""입력된 허용 상부하중 · 누적 정적 반력"",""reason"":""입력값 범위의 정적 검사. 실측 재료 인증 아님""},""support"":{""status"":""PASS"",""violations"":0,""checkedPlacements"":12,""scope"":""접촉·합력 작용점·정적 평형"",""reason"":""설정된 지지율·전도 여유 검사. 동적 붕괴·굽힘 파손 미검증""},""payload"":{""status"":""PASS"",""violations"":0,""checkedPlacements"":12,""scope"":""입력 가반하중 · 박스+그리퍼 질량"",""reason"":""사용자가 설정한 가반하중 한계 검사""},""robotCollision"":{""status"":""NOT VERIFIED"",""violations"":0,""checkedPlacements"":12,""scope"":""TCP·그리퍼 스윕 근사만 수행"",""reason"":""전체 로봇 링크 충돌 미검증""},""approach"":{""status"":""NOT VERIFIED"",""violations"":0,""checkedPlacements"":12,""scope"":""TCP·그리퍼 스윕 근사만 수행"",""reason"":""실제 관절 한계·역기구학·접근 자세 미검증""},""sequence"":{""status"":""NOT VERIFIED"",""violations"":0,""checkedPlacements"":12,""scope"":""TCP·그리퍼 스윕 근사만 수행"",""reason"":""실제 파지·관절 궤적·전 과정 실행 미검증""}}","16.071428571428573","100","12","0","0","940000000","400","","","","150","100.77822185373186","100","100","20.55555555555556","95","0.625","0","0","","4.084141666666255","7.606199999994715","7.580459999996674","7.601051999995106","49.009699999995064","100","100.37583405928804","49.64429213853723","430.38247606972277","284","2.7157999999908498","","","","","","100","0","0","","","100","","","","","","",""
"greedy","online","identical","100","0","a39988e4","complete","","explicit","proxy","{}","{""bounds"":12,""support"":157}","adapter-1.0 / planners-f6ec11d4259a","2.0.0","null","{""collision"":{""status"":""PASS"",""violations"":0,""checkedPlacements"":12,""scope"":""직육면체 기하·관측 규격 공통 검사"",""reason"":""확정 배치와 최종 적재 상태 검사""},""bounds"":{""status"":""PASS"",""violations"":0,""checkedPlacements"":12,""scope"":""직육면체 기하·관측 규격 공통 검사"",""reason"":""확정 배치와 최종 적재 상태 검사""},""height"":{""status"":""PASS"",""violations"":0,""checkedPlacements"":12,""scope"":""직육면체 기하·관측 규격 공통 검사"",""reason"":""확정 배치와 최종 적재 상태 검사""},""orientation"":{""status"":""PASS"",""violations"":0,""checkedPlacements"":12,""scope"":""직육면체 기하·관측 규격 공통 검사"",""reason"":""확정 배치와 최종 적재 상태 검사""},""load"":{""status"":""PASS"",""violations"":0,""checkedPlacements"":12,""scope"":""입력된 허용 상부하중 · 누적 정적 반력"",""reason"":""입력값 범위의 정적 검사. 실측 재료 인증 아님""},""support"":{""status"":""PASS"",""violations"":0,""checkedPlacements"":12,""scope"":""접촉·합력 작용점·정적 평형"",""reason"":""설정된 지지율·전도 여유 검사. 동적 붕괴·굽힘 파손 미검증""},""payload"":{""status"":""PASS"",""violations"":0,""checkedPlacements"":12,""scope"":""입력 가반하중 · 박스+그리퍼 질량"",""reason"":""사용자가 설정한 가반하중 한계 검사""},""robotCollision"":{""status"":""NOT VERIFIED"",""violations"":0,""checkedPlacements"":12,""scope"":""TCP·그리퍼 스윕 근사만 수행"",""reason"":""전체 로봇 링크 충돌 미검증""},""approach"":{""status"":""NOT VERIFIED"",""violations"":0,""checkedPlacements"":12,""scope"":""TCP·그리퍼 스윕 근사만 수행"",""reason"":""실제 관절 한계·역기구학·접근 자세 미검증""},""sequence"":{""status"":""NOT VERIFIED"",""violations"":0,""checkedPlacements"":12,""scope"":""TCP·그리퍼 스윕 근사만 수행"",""reason"":""실제 파지·관절 궤적·전 과정 실행 미검증""}}","16.071428571428573","100","12","0","0","940000000","400","","","","150","50.34602488997738","100","100","12.361111111111118","89.7435897435898","0.6250000000000001","0","0","","20.96311666666831","42.19100000000617","37.888955000000706","41.330591000005086","251.5574000000197","100","107.03781804388689","51.37458172852648","403.5956710392531","538","3.5877000000036787","","","","","","100","0","0","","","100","","","","","","",""
"future-hybrid","online","identical","100","0","a39988e4","complete","","explicit","proxy","{}","{""bounds"":12,""support"":190}","adapter-1.0 / planners-f6ec11d4259a","2.0.0","null","{""collision"":{""status"":""PASS"",""violations"":0,""checkedPlacements"":12,""scope"":""직육면체 기하·관측 규격 공통 검사"",""reason"":""확정 배치와 최종 적재 상태 검사""},""bounds"":{""status"":""PASS"",""violations"":0,""checkedPlacements"":12,""scope"":""직육면체 기하·관측 규격 공통 검사"",""reason"":""확정 배치와 최종 적재 상태 검사""},""height"":{""status"":""PASS"",""violations"":0,""checkedPlacements"":12,""scope"":""직육면체 기하·관측 규격 공통 검사"",""reason"":""확정 배치와 최종 적재 상태 검사""},""orientation"":{""status"":""PASS"",""violations"":0,""checkedPlacements"":12,""scope"":""직육면체 기하·관측 규격 공통 검사"",""reason"":""확정 배치와 최종 적재 상태 검사""},""load"":{""status"":""PASS"",""violations"":0,""checkedPlacements"":12,""scope"":""입력된 허용 상부하중 · 누적 정적 반력"",""reason"":""입력값 범위의 정적 검사. 실측 재료 인증 아님""},""support"":{""status"":""PASS"",""violations"":0,""checkedPlacements"":12,""scope"":""접촉·합력 작용점·정적 평형"",""reason"":""설정된 지지율·전도 여유 검사. 동적 붕괴·굽힘 파손 미검증""},""payload"":{""status"":""PASS"",""violations"":0,""checkedPlacements"":12,""scope"":""입력 가반하중 · 박스+그리퍼 질량"",""reason"":""사용자가 설정한 가반하중 한계 검사""},""robotCollision"":{""status"":""NOT VERIFIED"",""violations"":0,""checkedPlacements"":12,""scope"":""TCP·그리퍼 스윕 근사만 수행"",""reason"":""전체 로봇 링크 충돌 미검증""},""approach"":{""status"":""NOT VERIFIED"",""violations"":0,""checkedPlacements"":12,""scope"":""TCP·그리퍼 스윕 근사만 수행"",""reason"":""실제 관절 한계·역기구학·접근 자세 미검증""},""sequence"":{""status"":""NOT VERIFIED"",""violations"":0,""checkedPlacements"":12,""scope"":""TCP·그리퍼 스윕 근사만 수행"",""reason"":""실제 파지·관절 궤적·전 과정 실행 미검증""}}","16.071428571428573","100","12","0","0","940000000","400","","","","150","0","100","100","1.3888888888888868","95","0.625","0","0","","65.67032500000035","124.91770000000542","117.12205500000854","123.35857100000607","788.0439000000042","100","108.20092680945035","50.83060242614273","399.25720854571165","538","2.4870999999984633","","","","","","100","0","0","","","100","","","","","","",""
"hrpal-inferred","online","random","100","0","3284f371","partial","세로 박스 돌출 높이 초과 · 206 / 89 mm · 이웃 Small-02 / 세로 박스 주변 높이 부족 · 가까운 눕힌 적재를 먼저 쌓아야 함 / 세로 박스 돌출 높이 초과 · 333 / 89 mm · 이웃 Small-02 / SUPPORT: 지지 조건 미달 0.0% / 필요 95.0% · CoG 지지 검사 / SUPPORT: 지지 조건 미달 61.4% / 필요 95.0% · CoG 지지 검사 / SUPPORT: 지지 조건 미달 43.6% / 필요 95.0% · CoG 지지 검사 / SUPPORT: 지지 조건 미달 72.6% / 필요 95.0% · CoG 지지 검사 / 누적 무게중심 정적 평형 불가 · Tall-01 / SUPPORT: 지지 조건 미달 3.9% / 필요 95.0% · CoG 지지 검사 / 무게 규칙 위반 · Small-02 (3 kg) / SUPPORT: 지지 조건 미달 82.1% / 필요 95.0% · CoG 지지 검사 / SUPPORT: 지지 조건 미달 65.9% / 필요 95.0% · CoG 지지 검사","explicit","proxy","{}","{""support"":76,""load"":9,""protocol"":48}","conventional-pattern/2","2.0.0","null","{""collision"":{""status"":""PASS"",""violations"":0,""checkedPlacements"":3,""scope"":""직육면체 기하·관측 규격 공통 검사"",""reason"":""확정 배치와 최종 적재 상태 검사""},""bounds"":{""status"":""PASS"",""violations"":0,""checkedPlacements"":3,""scope"":""직육면체 기하·관측 규격 공통 검사"",""reason"":""확정 배치와 최종 적재 상태 검사""},""height"":{""status"":""PASS"",""violations"":0,""checkedPlacements"":3,""scope"":""직육면체 기하·관측 규격 공통 검사"",""reason"":""확정 배치와 최종 적재 상태 검사""},""orientation"":{""status"":""PASS"",""violations"":0,""checkedPlacements"":3,""scope"":""직육면체 기하·관측 규격 공통 검사"",""reason"":""확정 배치와 최종 적재 상태 검사""},""load"":{""status"":""PASS"",""violations"":0,""checkedPlacements"":3,""scope"":""입력된 허용 상부하중 · 누적 정적 반력"",""reason"":""입력값 범위의 정적 검사. 실측 재료 인증 아님""},""support"":{""status"":""PASS"",""violations"":0,""checkedPlacements"":3,""scope"":""접촉·합력 작용점·정적 평형"",""reason"":""설정된 지지율·전도 여유 검사. 동적 붕괴·굽힘 파손 미검증""},""payload"":{""status"":""PASS"",""violations"":0,""checkedPlacements"":3,""scope"":""입력 가반하중 · 박스+그리퍼 질량"",""reason"":""사용자가 설정한 가반하중 한계 검사""},""robotCollision"":{""status"":""NOT VERIFIED"",""violations"":0,""checkedPlacements"":3,""scope"":""TCP·그리퍼 스윕 근사만 수행"",""reason"":""전체 로봇 링크 충돌 미검증""},""approach"":{""status"":""NOT VERIFIED"",""violations"":0,""checkedPlacements"":3,""scope"":""TCP·그리퍼 스윕 근사만 수행"",""reason"":""실제 관절 한계·역기구학·접근 자세 미검증""},""sequence"":{""status"":""NOT VERIFIED"",""violations"":0,""checkedPlacements"":3,""scope"":""TCP·그리퍼 스윕 근사만 수행"",""reason"":""실제 파지·관절 궤적·전 과정 실행 미검증""}}","3.4947325892857144","16.666666666666668","3","15","0.278389213","1080858995","217","","","","86.79411764705883","201.320575323147","100","100","47.05882352941176","57.2","1.125984251968504","0","0","","3.726299999998446","7.6468000000022585","7.112680000001273","7.539976000002061","14.905199999993783","75","24.478390565045697","10.710953867279702","441.2054775946761","127","0.6572000000014668","3.4947325892857144","0","16.666666666666668","","","100","0","0","","","0","","","","","","",""
"greedy","online","random","100","0","3284f371","partial","세로 박스 주변 높이 부족 / 세로 박스 돌출 높이 초과","explicit","proxy","{}","{""support"":32,""load"":16,""protocol"":48}","adapter-1.0 / planners-f6ec11d4259a","2.0.0","null","{""collision"":{""status"":""PASS"",""violations"":0,""checkedPlacements"":3,""scope"":""직육면체 기하·관측 규격 공통 검사"",""reason"":""확정 배치와 최종 적재 상태 검사""},""bounds"":{""status"":""PASS"",""violations"":0,""checkedPlacements"":3,""scope"":""직육면체 기하·관측 규격 공통 검사"",""reason"":""확정 배치와 최종 적재 상태 검사""},""height"":{""status"":""PASS"",""violations"":0,""checkedPlacements"":3,""scope"":""직육면체 기하·관측 규격 공통 검사"",""reason"":""확정 배치와 최종 적재 상태 검사""},""orientation"":{""status"":""PASS"",""violations"":0,""checkedPlacements"":3,""scope"":""직육면체 기하·관측 규격 공통 검사"",""reason"":""확정 배치와 최종 적재 상태 검사""},""load"":{""status"":""PASS"",""violations"":0,""checkedPlacements"":3,""scope"":""입력된 허용 상부하중 · 누적 정적 반력"",""reason"":""입력값 범위의 정적 검사. 실측 재료 인증 아님""},""support"":{""status"":""PASS"",""violations"":0,""checkedPlacements"":3,""scope"":""접촉·합력 작용점·정적 평형"",""reason"":""설정된 지지율·전도 여유 검사. 동적 붕괴·굽힘 파손 미검증""},""payload"":{""status"":""PASS"",""violations"":0,""checkedPlacements"":3,""scope"":""입력 가반하중 · 박스+그리퍼 질량"",""reason"":""사용자가 설정한 가반하중 한계 검사""},""robotCollision"":{""status"":""NOT VERIFIED"",""violations"":0,""checkedPlacements"":3,""scope"":""TCP·그리퍼 스윕 근사만 수행"",""reason"":""전체 로봇 링크 충돌 미검증""},""approach"":{""status"":""NOT VERIFIED"",""violations"":0,""checkedPlacements"":3,""scope"":""TCP·그리퍼 스윕 근사만 수행"",""reason"":""실제 관절 한계·역기구학·접근 자세 미검증""},""sequence"":{""status"":""NOT VERIFIED"",""violations"":0,""checkedPlacements"":3,""scope"":""TCP·그리퍼 스윕 근사만 수행"",""reason"":""실제 파지·관절 궤적·전 과정 실행 미검증""}}","3.4947325892857144","16.666666666666668","3","15","0.278389213","1080858995","217","","","","86.79411764705883","129.11500734270695","100","100","37.31240296705193","57.2","1.125984251968504","0","0","","31.24054999999862","57.67399999999907","55.28394499999776","57.195988999998804","124.96219999999448","75","25.608226324012456","10.795347110608098","421.7394779064804","154","0.4133999999903608","3.4947325892857144","0","16.666666666666668","","","100","0","0","","","0","","","","","","",""
"future-hybrid","online","random","100","0","3284f371","partial","세로 박스 돌출 높이 초과 / 세로 박스 주변 높이 부족","explicit","proxy","{}","{""support"":32,""load"":16,""protocol"":48}","adapter-1.0 / planners-f6ec11d4259a","2.0.0","null","{""collision"":{""status"":""PASS"",""violations"":0,""checkedPlacements"":3,""scope"":""직육면체 기하·관측 규격 공통 검사"",""reason"":""확정 배치와 최종 적재 상태 검사""},""bounds"":{""status"":""PASS"",""violations"":0,""checkedPlacements"":3,""scope"":""직육면체 기하·관측 규격 공통 검사"",""reason"":""확정 배치와 최종 적재 상태 검사""},""height"":{""status"":""PASS"",""violations"":0,""checkedPlacements"":3,""scope"":""직육면체 기하·관측 규격 공통 검사"",""reason"":""확정 배치와 최종 적재 상태 검사""},""orientation"":{""status"":""PASS"",""violations"":0,""checkedPlacements"":3,""scope"":""직육면체 기하·관측 규격 공통 검사"",""reason"":""확정 배치와 최종 적재 상태 검사""},""load"":{""status"":""PASS"",""violations"":0,""checkedPlacements"":3,""scope"":""입력된 허용 상부하중 · 누적 정적 반력"",""reason"":""입력값 범위의 정적 검사. 실측 재료 인증 아님""},""support"":{""status"":""PASS"",""violations"":0,""checkedPlacements"":3,""scope"":""접촉·합력 작용점·정적 평형"",""reason"":""설정된 지지율·전도 여유 검사. 동적 붕괴·굽힘 파손 미검증""},""payload"":{""status"":""PASS"",""violations"":0,""checkedPlacements"":3,""scope"":""입력 가반하중 · 박스+그리퍼 질량"",""reason"":""사용자가 설정한 가반하중 한계 검사""},""robotCollision"":{""status"":""NOT VERIFIED"",""violations"":0,""checkedPlacements"":3,""scope"":""TCP·그리퍼 스윕 근사만 수행"",""reason"":""전체 로봇 링크 충돌 미검증""},""approach"":{""status"":""NOT VERIFIED"",""violations"":0,""checkedPlacements"":3,""scope"":""TCP·그리퍼 스윕 근사만 수행"",""reason"":""실제 관절 한계·역기구학·접근 자세 미검증""},""sequence"":{""status"":""NOT VERIFIED"",""violations"":0,""checkedPlacements"":3,""scope"":""TCP·그리퍼 스윕 근사만 수행"",""reason"":""실제 파지·관절 궤적·전 과정 실행 미검증""}}","3.4947325892857144","16.666666666666668","3","15","0.278389213","1080858995","217","","","","86.79411764705883","185.5329226793021","100","100","47.05882352941176","57.2","1.125984251968504","0","0","","79.54397500000414","165.92780000000494","159.2255600000055","164.58735200000504","318.17590000001655","75","24.35210480358038","11.27886812232725","443.49349212771637","154","0.24190000000817236","3.4947325892857144","0","16.666666666666668","","","100","0","0","","","0","","","","","","",""
"greedy","online","identical","101","1","0ddf175d","complete","","explicit","proxy","{}","{""bounds"":12,""support"":157}","adapter-1.0 / planners-f6ec11d4259a","2.0.0","null","{""collision"":{""status"":""PASS"",""violations"":0,""checkedPlacements"":12,""scope"":""직육면체 기하·관측 규격 공통 검사"",""reason"":""확정 배치와 최종 적재 상태 검사""},""bounds"":{""status"":""PASS"",""violations"":0,""checkedPlacements"":12,""scope"":""직육면체 기하·관측 규격 공통 검사"",""reason"":""확정 배치와 최종 적재 상태 검사""},""height"":{""status"":""PASS"",""violations"":0,""checkedPlacements"":12,""scope"":""직육면체 기하·관측 규격 공통 검사"",""reason"":""확정 배치와 최종 적재 상태 검사""},""orientation"":{""status"":""PASS"",""violations"":0,""checkedPlacements"":12,""scope"":""직육면체 기하·관측 규격 공통 검사"",""reason"":""확정 배치와 최종 적재 상태 검사""},""load"":{""status"":""PASS"",""violations"":0,""checkedPlacements"":12,""scope"":""입력된 허용 상부하중 · 누적 정적 반력"",""reason"":""입력값 범위의 정적 검사. 실측 재료 인증 아님""},""support"":{""status"":""PASS"",""violations"":0,""checkedPlacements"":12,""scope"":""접촉·합력 작용점·정적 평형"",""reason"":""설정된 지지율·전도 여유 검사. 동적 붕괴·굽힘 파손 미검증""},""payload"":{""status"":""PASS"",""violations"":0,""checkedPlacements"":12,""scope"":""입력 가반하중 · 박스+그리퍼 질량"",""reason"":""사용자가 설정한 가반하중 한계 검사""},""robotCollision"":{""status"":""NOT VERIFIED"",""violations"":0,""checkedPlacements"":12,""scope"":""TCP·그리퍼 스윕 근사만 수행"",""reason"":""전체 로봇 링크 충돌 미검증""},""approach"":{""status"":""NOT VERIFIED"",""violations"":0,""checkedPlacements"":12,""scope"":""TCP·그리퍼 스윕 근사만 수행"",""reason"":""실제 관절 한계·역기구학·접근 자세 미검증""},""sequence"":{""status"":""NOT VERIFIED"",""violations"":0,""checkedPlacements"":12,""scope"":""TCP·그리퍼 스윕 근사만 수행"",""reason"":""실제 파지·관절 궤적·전 과정 실행 미검증""}}","16.071428571428573","100","12","0","0","940000000","400","","","","150","50.34602488997738","100","100","12.361111111111118","89.7435897435898","0.6250000000000001","0","0","","18.245866666666796","28.867899999997462","28.461999999998806","28.786719999997732","218.95040000000154","100","107.03781804388689","51.37458172852648","403.5956710392531","538","2.0348999999987427","","","","","","100","0","0","","","100","","","","","","",""
"future-hybrid","online","identical","101","1","0ddf175d","complete","","explicit","proxy","{}","{""bounds"":12,""support"":190}","adapter-1.0 / planners-f6ec11d4259a","2.0.0","null","{""collision"":{""status"":""PASS"",""violations"":0,""checkedPlacements"":12,""scope"":""직육면체 기하·관측 규격 공통 검사"",""reason"":""확정 배치와 최종 적재 상태 검사""},""bounds"":{""status"":""PASS"",""violations"":0,""checkedPlacements"":12,""scope"":""직육면체 기하·관측 규격 공통 검사"",""reason"":""확정 배치와 최종 적재 상태 검사""},""height"":{""status"":""PASS"",""violations"":0,""checkedPlacements"":12,""scope"":""직육면체 기하·관측 규격 공통 검사"",""reason"":""확정 배치와 최종 적재 상태 검사""},""orientation"":{""status"":""PASS"",""violations"":0,""checkedPlacements"":12,""scope"":""직육면체 기하·관측 규격 공통 검사"",""reason"":""확정 배치와 최종 적재 상태 검사""},""load"":{""status"":""PASS"",""violations"":0,""checkedPlacements"":12,""scope"":""입력된 허용 상부하중 · 누적 정적 반력"",""reason"":""입력값 범위의 정적 검사. 실측 재료 인증 아님""},""support"":{""status"":""PASS"",""violations"":0,""checkedPlacements"":12,""scope"":""접촉·합력 작용점·정적 평형"",""reason"":""설정된 지지율·전도 여유 검사. 동적 붕괴·굽힘 파손 미검증""},""payload"":{""status"":""PASS"",""violations"":0,""checkedPlacements"":12,""scope"":""입력 가반하중 · 박스+그리퍼 질량"",""reason"":""사용자가 설정한 가반하중 한계 검사""},""robotCollision"":{""status"":""NOT VERIFIED"",""violations"":0,""checkedPlacements"":12,""scope"":""TCP·그리퍼 스윕 근사만 수행"",""reason"":""전체 로봇 링크 충돌 미검증""},""approach"":{""status"":""NOT VERIFIED"",""violations"":0,""checkedPlacements"":12,""scope"":""TCP·그리퍼 스윕 근사만 수행"",""reason"":""실제 관절 한계·역기구학·접근 자세 미검증""},""sequence"":{""status"":""NOT VERIFIED"",""violations"":0,""checkedPlacements"":12,""scope"":""TCP·그리퍼 스윕 근사만 수행"",""reason"":""실제 파지·관절 궤적·전 과정 실행 미검증""}}","16.071428571428573","100","12","0","0","940000000","400","","","","150","0","100","100","1.3888888888888868","95","0.625","0","0","","69.19997500000318","153.1582000000053","133.10767500000728","149.14809500000572","830.3997000000381","100","108.20092680945035","50.83060242614273","399.25720854571165","538","3.6719999999913853","","","","","","100","0","0","","","100","","","","","","",""
"hrpal-inferred","online","identical","101","1","0ddf175d","complete","","explicit","proxy","{}","{""support"":123}","conventional-pattern/2","2.0.0","null","{""collision"":{""status"":""PASS"",""violations"":0,""checkedPlacements"":12,""scope"":""직육면체 기하·관측 규격 공통 검사"",""reason"":""확정 배치와 최종 적재 상태 검사""},""bounds"":{""status"":""PASS"",""violations"":0,""checkedPlacements"":12,""scope"":""직육면체 기하·관측 규격 공통 검사"",""reason"":""확정 배치와 최종 적재 상태 검사""},""height"":{""status"":""PASS"",""violations"":0,""checkedPlacements"":12,""scope"":""직육면체 기하·관측 규격 공통 검사"",""reason"":""확정 배치와 최종 적재 상태 검사""},""orientation"":{""status"":""PASS"",""violations"":0,""checkedPlacements"":12,""scope"":""직육면체 기하·관측 규격 공통 검사"",""reason"":""확정 배치와 최종 적재 상태 검사""},""load"":{""status"":""PASS"",""violations"":0,""checkedPlacements"":12,""scope"":""입력된 허용 상부하중 · 누적 정적 반력"",""reason"":""입력값 범위의 정적 검사. 실측 재료 인증 아님""},""support"":{""status"":""PASS"",""violations"":0,""checkedPlacements"":12,""scope"":""접촉·합력 작용점·정적 평형"",""reason"":""설정된 지지율·전도 여유 검사. 동적 붕괴·굽힘 파손 미검증""},""payload"":{""status"":""PASS"",""violations"":0,""checkedPlacements"":12,""scope"":""입력 가반하중 · 박스+그리퍼 질량"",""reason"":""사용자가 설정한 가반하중 한계 검사""},""robotCollision"":{""status"":""NOT VERIFIED"",""violations"":0,""checkedPlacements"":12,""scope"":""TCP·그리퍼 스윕 근사만 수행"",""reason"":""전체 로봇 링크 충돌 미검증""},""approach"":{""status"":""NOT VERIFIED"",""violations"":0,""checkedPlacements"":12,""scope"":""TCP·그리퍼 스윕 근사만 수행"",""reason"":""실제 관절 한계·역기구학·접근 자세 미검증""},""sequence"":{""status"":""NOT VERIFIED"",""violations"":0,""checkedPlacements"":12,""scope"":""TCP·그리퍼 스윕 근사만 수행"",""reason"":""실제 파지·관절 궤적·전 과정 실행 미검증""}}","16.071428571428573","100","12","0","0","940000000","400","","","","150","100.77822185373186","100","100","20.55555555555556","95","0.625","0","0","","11.56634166666845","63.808499999999185","39.91451999999987","59.029703999999356","138.7961000000214","100","100.37583405928804","49.64429213853723","430.38247606972277","284","2.840199999991455","","","","","","100","0","0","","","100","","","","","","",""
"greedy","online","random","101","1","0824ec04","partial","무게 규칙 위반 / SUPPORT: 지지 조건 미달 62.5% / 필요 95.0% / SUPPORT: 지지 조건 미달 58.3% / 필요 95.0% / SUPPORT: 지지 조건 미달 71.0% / 필요 95.0% / SUPPORT: 지지 조건 미달 66.2% / 필요 95.0% / SUPPORT: 지지 조건 미달 90.9% / 필요 95.0% / SUPPORT: 지지 조건 미달 84.8% / 필요 95.0% / SUPPORT: 지지 조건 미달 90.2% / 필요 95.0% / SUPPORT: 지지 조건 미달 93.2% / 필요 95.0% / SUPPORT: 지지 조건 미달 91.9% / 필요 95.0% / SUPPORT: 지지 조건 미달 74.3% / 필요 95.0% / SUPPORT: 지지 조건 미달 69.3% / 필요 95.0% / SUPPORT: 지지 조건 미달 70.7% / 필요 95.0% / 누적 무게중심 정적 평형 불가 / SUPPORT: 지지 조건 미달 3.0% / 필요 95.0% / SUPPORT: 지지 조건 미달 18.1% / 필요 95.0% / SUPPORT: 지지 조건 미달 23.5% / 필요 95.0% / SUPPORT: 지지 조건 미달 24.2% / 필요 95.0% / SUPPORT: 지지 조건 미달 34.7% / 필요 95.0% / SUPPORT: 지지 조건 미달 44.9% / 필요 95.0% / SUPPORT: 지지 조건 미달 46.2% / 필요 95.0% / SUPPORT: 지지 조건 미달 3.9% / 필요 95.0% / SUPPORT: 지지 조건 미달 23.7% / 필요 95.0% / SUPPORT: 지지 조건 미달 30.6% / 필요 95.0% / SUPPORT: 지지 조건 미달 31.5% / 필요 95.0%","explicit","proxy","{}","{""bounds"":6,""load"":134,""support"":247,""protocol"":42,""robot-path"":15}","adapter-1.0 / planners-f6ec11d4259a","2.0.0","null","{""collision"":{""status"":""PASS"",""violations"":0,""checkedPlacements"":11,""scope"":""직육면체 기하·관측 규격 공통 검사"",""reason"":""확정 배치와 최종 적재 상태 검사""},""bounds"":{""status"":""PASS"",""violations"":0,""checkedPlacements"":11,""scope"":""직육면체 기하·관측 규격 공통 검사"",""reason"":""확정 배치와 최종 적재 상태 검사""},""height"":{""status"":""PASS"",""violations"":0,""checkedPlacements"":11,""scope"":""직육면체 기하·관측 규격 공통 검사"",""reason"":""확정 배치와 최종 적재 상태 검사""},""orientation"":{""status"":""PASS"",""violations"":0,""checkedPlacements"":11,""scope"":""직육면체 기하·관측 규격 공통 검사"",""reason"":""확정 배치와 최종 적재 상태 검사""},""load"":{""status"":""PASS"",""violations"":0,""checkedPlacements"":11,""scope"":""입력된 허용 상부하중 · 누적 정적 반력"",""reason"":""입력값 범위의 정적 검사. 실측 재료 인증 아님""},""support"":{""status"":""PASS"",""violations"":0,""checkedPlacements"":11,""scope"":""접촉·합력 작용점·정적 평형"",""reason"":""설정된 지지율·전도 여유 검사. 동적 붕괴·굽힘 파손 미검증""},""payload"":{""status"":""PASS"",""violations"":0,""checkedPlacements"":11,""scope"":""입력 가반하중 · 박스+그리퍼 질량"",""reason"":""사용자가 설정한 가반하중 한계 검사""},""robotCollision"":{""status"":""NOT VERIFIED"",""violations"":0,""checkedPlacements"":11,""scope"":""TCP·그리퍼 스윕 근사만 수행"",""reason"":""전체 로봇 링크 충돌 미검증""},""approach"":{""status"":""NOT VERIFIED"",""violations"":0,""checkedPlacements"":11,""scope"":""TCP·그리퍼 스윕 근사만 수행"",""reason"":""실제 관절 한계·역기구학·접근 자세 미검증""},""sequence"":{""status"":""NOT VERIFIED"",""violations"":0,""checkedPlacements"":11,""scope"":""TCP·그리퍼 스윕 근사만 수행"",""reason"":""실제 파지·관절 궤적·전 과정 실행 미검증""}}","17.741940089285716","61.111111111111114","11","7","0.118820489","921290271","434","","","","167.6860465116279","27.29346269224239","100","100","6.015104564457114","57.2","0.5518207282913166","0","0","","100.29284166666669","212.8570000000036","170.50656000000666","204.38691200000426","1203.5141000000003","91.66666666666667","102.76233859213824","47.94552008488985","385.3551850077259","538","3.1291999999957625","17.741940089285716","0","61.111111111111114","","","100","0","0","","","0","","","","","","",""
"future-hybrid","online","random","101","1","0824ec04","partial","세로 박스 돌출 높이 초과 / 세로 박스 주변 높이 부족","explicit","proxy","{}","{""bounds"":21,""load"":11,""support"":18,""protocol"":48}","adapter-1.0 / planners-f6ec11d4259a","2.0.0","null","{""collision"":{""status"":""PASS"",""violations"":0,""checkedPlacements"":7,""scope"":""직육면체 기하·관측 규격 공통 검사"",""reason"":""확정 배치와 최종 적재 상태 검사""},""bounds"":{""status"":""PASS"",""violations"":0,""checkedPlacements"":7,""scope"":""직육면체 기하·관측 규격 공통 검사"",""reason"":""확정 배치와 최종 적재 상태 검사""},""height"":{""status"":""PASS"",""violations"":0,""checkedPlacements"":7,""scope"":""직육면체 기하·관측 규격 공통 검사"",""reason"":""확정 배치와 최종 적재 상태 검사""},""orientation"":{""status"":""PASS"",""violations"":0,""checkedPlacements"":7,""scope"":""직육면체 기하·관측 규격 공통 검사"",""reason"":""확정 배치와 최종 적재 상태 검사""},""load"":{""status"":""PASS"",""violations"":0,""checkedPlacements"":7,""scope"":""입력된 허용 상부하중 · 누적 정적 반력"",""reason"":""입력값 범위의 정적 검사. 실측 재료 인증 아님""},""support"":{""status"":""PASS"",""violations"":0,""checkedPlacements"":7,""scope"":""접촉·합력 작용점·정적 평형"",""reason"":""설정된 지지율·전도 여유 검사. 동적 붕괴·굽힘 파손 미검증""},""payload"":{""status"":""PASS"",""violations"":0,""checkedPlacements"":7,""scope"":""입력 가반하중 · 박스+그리퍼 질량"",""reason"":""사용자가 설정한 가반하중 한계 검사""},""robotCollision"":{""status"":""NOT VERIFIED"",""violations"":0,""checkedPlacements"":7,""scope"":""TCP·그리퍼 스윕 근사만 수행"",""reason"":""전체 로봇 링크 충돌 미검증""},""approach"":{""status"":""NOT VERIFIED"",""violations"":0,""checkedPlacements"":7,""scope"":""TCP·그리퍼 스윕 근사만 수행"",""reason"":""실제 관절 한계·역기구학·접근 자세 미검증""},""sequence"":{""status"":""NOT VERIFIED"",""violations"":0,""checkedPlacements"":7,""scope"":""TCP·그리퍼 스윕 근사만 수행"",""reason"":""실제 파지·관절 궤적·전 과정 실행 미검증""}}","11.515047053571429","38.888888888888886","7","11","0.188561691","991031473","410","","","","146.7","156.99410197697097","100","100","39.1126747899855","70.8","1.0168067226890756","0","0","","213.70488750000004","441.36149999999907","438.4186299999972","440.7729259999987","1709.6391000000003","87.5","61.9097177830744","29.841316558998358","407.04433653369796","346","1.0951999999961117","11.515047053571429","0","38.888888888888886","","","100","0","0","","","0","","","","","","",""
"hrpal-inferred","online","random","101","1","0824ec04","partial","세로 박스 주변 높이 부족 · 가까운 눕힌 적재를 먼저 쌓아야 함 / SUPPORT: 지지 조건 미달 0.0% / 필요 95.0% · CoG 지지 검사 / 누적 무게중심 정적 평형 불가 · Tall-02 / SUPPORT: 지지 조건 미달 2.6% / 필요 95.0% · CoG 지지 검사 / 무게 규칙 위반 · Small-02 (3 kg) / SUPPORT: 지지 조건 미달 49.2% / 필요 95.0% · CoG 지지 검사 / 무게 규칙 위반 · Small-05 (3 kg) / SUPPORT: 지지 조건 미달 59.4% / 필요 95.0% · CoG 지지 검사 / SUPPORT: 지지 조건 미달 5.1% / 필요 95.0% · CoG 지지 검사 / SUPPORT: 지지 조건 미달 53.1% / 필요 95.0% · CoG 지지 검사 / SUPPORT: 지지 조건 미달 72.1% / 필요 95.0% · CoG 지지 검사 / SUPPORT: 지지 조건 미달 38.1% / 필요 95.0% · CoG 지지 검사 / SUPPORT: 지지 조건 미달 3.9% / 필요 95.0% · CoG 지지 검사 / SUPPORT: 지지 조건 미달 11.7% / 필요 95.0% · CoG 지지 검사 / SUPPORT: 지지 조건 미달 47.2% / 필요 95.0% · CoG 지지 검사 / SUPPORT: 지지 조건 미달 26.3% / 필요 95.0% · CoG 지지 검사","explicit","proxy","{}","{""load"":13,""support"":159,""protocol"":48}","conventional-pattern/2","2.0.0","null","{""collision"":{""status"":""PASS"",""violations"":0,""checkedPlacements"":7,""scope"":""직육면체 기하·관측 규격 공통 검사"",""reason"":""확정 배치와 최종 적재 상태 검사""},""bounds"":{""status"":""PASS"",""violations"":0,""checkedPlacements"":7,""scope"":""직육면체 기하·관측 규격 공통 검사"",""reason"":""확정 배치와 최종 적재 상태 검사""},""height"":{""status"":""PASS"",""violations"":0,""checkedPlacements"":7,""scope"":""직육면체 기하·관측 규격 공통 검사"",""reason"":""확정 배치와 최종 적재 상태 검사""},""orientation"":{""status"":""PASS"",""violations"":0,""checkedPlacements"":7,""scope"":""직육면체 기하·관측 규격 공통 검사"",""reason"":""확정 배치와 최종 적재 상태 검사""},""load"":{""status"":""PASS"",""violations"":0,""checkedPlacements"":7,""scope"":""입력된 허용 상부하중 · 누적 정적 반력"",""reason"":""입력값 범위의 정적 검사. 실측 재료 인증 아님""},""support"":{""status"":""PASS"",""violations"":0,""checkedPlacements"":7,""scope"":""접촉·합력 작용점·정적 평형"",""reason"":""설정된 지지율·전도 여유 검사. 동적 붕괴·굽힘 파손 미검증""},""payload"":{""status"":""PASS"",""violations"":0,""checkedPlacements"":7,""scope"":""입력 가반하중 · 박스+그리퍼 질량"",""reason"":""사용자가 설정한 가반하중 한계 검사""},""robotCollision"":{""status"":""NOT VERIFIED"",""violations"":0,""checkedPlacements"":7,""scope"":""TCP·그리퍼 스윕 근사만 수행"",""reason"":""전체 로봇 링크 충돌 미검증""},""approach"":{""status"":""NOT VERIFIED"",""violations"":0,""checkedPlacements"":7,""scope"":""TCP·그리퍼 스윕 근사만 수행"",""reason"":""실제 관절 한계·역기구학·접근 자세 미검증""},""sequence"":{""status"":""NOT VERIFIED"",""violations"":0,""checkedPlacements"":7,""scope"":""TCP·그리퍼 스윕 근사만 수행"",""reason"":""실제 파지·관절 궤적·전 과정 실행 미검증""}}","11.515047053571429","38.888888888888886","7","11","0.188561691","991031473","613","","","","199.5","184.21599716395727","100","100","53.14575245633091","70.8","0.619815668202765","0","0","","4.29643749999741","10.446500000005472","9.506540000001404","10.258508000004657","34.37149999997928","87.5","67.46891882751169","32.1547972378826","373.50531826996223","213","1.2793999999994412","11.515047053571429","0","38.888888888888886","","","100","0","0","","","0","","","","","","",""
"future-hybrid","online","identical","102","2","f0db14ca","complete","","explicit","proxy","{}","{""bounds"":12,""support"":190}","adapter-1.0 / planners-f6ec11d4259a","2.0.0","null","{""collision"":{""status"":""PASS"",""violations"":0,""checkedPlacements"":12,""scope"":""직육면체 기하·관측 규격 공통 검사"",""reason"":""확정 배치와 최종 적재 상태 검사""},""bounds"":{""status"":""PASS"",""violations"":0,""checkedPlacements"":12,""scope"":""직육면체 기하·관측 규격 공통 검사"",""reason"":""확정 배치와 최종 적재 상태 검사""},""height"":{""status"":""PASS"",""violations"":0,""checkedPlacements"":12,""scope"":""직육면체 기하·관측 규격 공통 검사"",""reason"":""확정 배치와 최종 적재 상태 검사""},""orientation"":{""status"":""PASS"",""violations"":0,""checkedPlacements"":12,""scope"":""직육면체 기하·관측 규격 공통 검사"",""reason"":""확정 배치와 최종 적재 상태 검사""},""load"":{""status"":""PASS"",""violations"":0,""checkedPlacements"":12,""scope"":""입력된 허용 상부하중 · 누적 정적 반력"",""reason"":""입력값 범위의 정적 검사. 실측 재료 인증 아님""},""support"":{""status"":""PASS"",""violations"":0,""checkedPlacements"":12,""scope"":""접촉·합력 작용점·정적 평형"",""reason"":""설정된 지지율·전도 여유 검사. 동적 붕괴·굽힘 파손 미검증""},""payload"":{""status"":""PASS"",""violations"":0,""checkedPlacements"":12,""scope"":""입력 가반하중 · 박스+그리퍼 질량"",""reason"":""사용자가 설정한 가반하중 한계 검사""},""robotCollision"":{""status"":""NOT VERIFIED"",""violations"":0,""checkedPlacements"":12,""scope"":""TCP·그리퍼 스윕 근사만 수행"",""reason"":""전체 로봇 링크 충돌 미검증""},""approach"":{""status"":""NOT VERIFIED"",""violations"":0,""checkedPlacements"":12,""scope"":""TCP·그리퍼 스윕 근사만 수행"",""reason"":""실제 관절 한계·역기구학·접근 자세 미검증""},""sequence"":{""status"":""NOT VERIFIED"",""violations"":0,""checkedPlacements"":12,""scope"":""TCP·그리퍼 스윕 근사만 수행"",""reason"":""실제 파지·관절 궤적·전 과정 실행 미검증""}}","16.071428571428573","100","12","0","0","940000000","400","","","","150","0","100","100","1.3888888888888868","95","0.625","0","0","","71.16490833333471","125.33770000000368","125.30657000000573","125.33147400000409","853.9789000000164","100","108.20092680945035","50.83060242614273","399.25720854571165","538","3.2295999999914784","","","","","","100","0","0","","","100","","","","","","",""
"hrpal-inferred","online","identical","102","2","f0db14ca","complete","","explicit","proxy","{}","{""support"":123}","conventional-pattern/2","2.0.0","null","{""collision"":{""status"":""PASS"",""violations"":0,""checkedPlacements"":12,""scope"":""직육면체 기하·관측 규격 공통 검사"",""reason"":""확정 배치와 최종 적재 상태 검사""},""bounds"":{""status"":""PASS"",""violations"":0,""checkedPlacements"":12,""scope"":""직육면체 기하·관측 규격 공통 검사"",""reason"":""확정 배치와 최종 적재 상태 검사""},""height"":{""status"":""PASS"",""violations"":0,""checkedPlacements"":12,""scope"":""직육면체 기하·관측 규격 공통 검사"",""reason"":""확정 배치와 최종 적재 상태 검사""},""orientation"":{""status"":""PASS"",""violations"":0,""checkedPlacements"":12,""scope"":""직육면체 기하·관측 규격 공통 검사"",""reason"":""확정 배치와 최종 적재 상태 검사""},""load"":{""status"":""PASS"",""violations"":0,""checkedPlacements"":12,""scope"":""입력된 허용 상부하중 · 누적 정적 반력"",""reason"":""입력값 범위의 정적 검사. 실측 재료 인증 아님""},""support"":{""status"":""PASS"",""violations"":0,""checkedPlacements"":12,""scope"":""접촉·합력 작용점·정적 평형"",""reason"":""설정된 지지율·전도 여유 검사. 동적 붕괴·굽힘 파손 미검증""},""payload"":{""status"":""PASS"",""violations"":0,""checkedPlacements"":12,""scope"":""입력 가반하중 · 박스+그리퍼 질량"",""reason"":""사용자가 설정한 가반하중 한계 검사""},""robotCollision"":{""status"":""NOT VERIFIED"",""violations"":0,""checkedPlacements"":12,""scope"":""TCP·그리퍼 스윕 근사만 수행"",""reason"":""전체 로봇 링크 충돌 미검증""},""approach"":{""status"":""NOT VERIFIED"",""violations"":0,""checkedPlacements"":12,""scope"":""TCP·그리퍼 스윕 근사만 수행"",""reason"":""실제 관절 한계·역기구학·접근 자세 미검증""},""sequence"":{""status"":""NOT VERIFIED"",""violations"":0,""checkedPlacements"":12,""scope"":""TCP·그리퍼 스윕 근사만 수행"",""reason"":""실제 파지·관절 궤적·전 과정 실행 미검증""}}","16.071428571428573","100","12","0","0","940000000","400","","","","150","100.77822185373186","100","100","20.55555555555556","95","0.625","0","0","","3.8768666666668046","6.879000000000815","6.601414999998087","6.8234830000002695","46.52240000000165","100","100.37583405928804","49.64429213853723","430.38247606972277","284","2.037799999990966","","","","","","100","0","0","","","100","","","","","","",""
"greedy","online","identical","102","2","f0db14ca","complete","","explicit","proxy","{}","{""bounds"":12,""support"":157}","adapter-1.0 / planners-f6ec11d4259a","2.0.0","null","{""collision"":{""status"":""PASS"",""violations"":0,""checkedPlacements"":12,""scope"":""직육면체 기하·관측 규격 공통 검사"",""reason"":""확정 배치와 최종 적재 상태 검사""},""bounds"":{""status"":""PASS"",""violations"":0,""checkedPlacements"":12,""scope"":""직육면체 기하·관측 규격 공통 검사"",""reason"":""확정 배치와 최종 적재 상태 검사""},""height"":{""status"":""PASS"",""violations"":0,""checkedPlacements"":12,""scope"":""직육면체 기하·관측 규격 공통 검사"",""reason"":""확정 배치와 최종 적재 상태 검사""},""orientation"":{""status"":""PASS"",""violations"":0,""checkedPlacements"":12,""scope"":""직육면체 기하·관측 규격 공통 검사"",""reason"":""확정 배치와 최종 적재 상태 검사""},""load"":{""status"":""PASS"",""violations"":0,""checkedPlacements"":12,""scope"":""입력된 허용 상부하중 · 누적 정적 반력"",""reason"":""입력값 범위의 정적 검사. 실측 재료 인증 아님""},""support"":{""status"":""PASS"",""violations"":0,""checkedPlacements"":12,""scope"":""접촉·합력 작용점·정적 평형"",""reason"":""설정된 지지율·전도 여유 검사. 동적 붕괴·굽힘 파손 미검증""},""payload"":{""status"":""PASS"",""violations"":0,""checkedPlacements"":12,""scope"":""입력 가반하중 · 박스+그리퍼 질량"",""reason"":""사용자가 설정한 가반하중 한계 검사""},""robotCollision"":{""status"":""NOT VERIFIED"",""violations"":0,""checkedPlacements"":12,""scope"":""TCP·그리퍼 스윕 근사만 수행"",""reason"":""전체 로봇 링크 충돌 미검증""},""approach"":{""status"":""NOT VERIFIED"",""violations"":0,""checkedPlacements"":12,""scope"":""TCP·그리퍼 스윕 근사만 수행"",""reason"":""실제 관절 한계·역기구학·접근 자세 미검증""},""sequence"":{""status"":""NOT VERIFIED"",""violations"":0,""checkedPlacements"":12,""scope"":""TCP·그리퍼 스윕 근사만 수행"",""reason"":""실제 파지·관절 궤적·전 과정 실행 미검증""}}","16.071428571428573","100","12","0","0","940000000","400","","","","150","50.34602488997738","100","100","12.361111111111118","89.7435897435898","0.6250000000000001","0","0","","20.73880000000281","40.718900000007125","36.90657500000379","39.956435000006465","248.86560000003374","100","107.03781804388689","51.37458172852648","403.5956710392531","538","3.501300000003539","","","","","","100","0","0","","","100","","","","","","",""
"future-hybrid","online","random","102","2","87adffbb","partial","세로 박스 주변 높이 부족 / 세로 박스 돌출 높이 초과 / SUPPORT: 지지 조건 미달 68.8% / 필요 95.0% / 무게 규칙 위반 / SUPPORT: 지지 조건 미달 86.0% / 필요 95.0%","explicit","proxy","{}","{""support"":30,""load"":30,""protocol"":48}","adapter-1.0 / planners-f6ec11d4259a","2.0.0","null","{""collision"":{""status"":""PASS"",""violations"":0,""checkedPlacements"":3,""scope"":""직육면체 기하·관측 규격 공통 검사"",""reason"":""확정 배치와 최종 적재 상태 검사""},""bounds"":{""status"":""PASS"",""violations"":0,""checkedPlacements"":3,""scope"":""직육면체 기하·관측 규격 공통 검사"",""reason"":""확정 배치와 최종 적재 상태 검사""},""height"":{""status"":""PASS"",""violations"":0,""checkedPlacements"":3,""scope"":""직육면체 기하·관측 규격 공통 검사"",""reason"":""확정 배치와 최종 적재 상태 검사""},""orientation"":{""status"":""PASS"",""violations"":0,""checkedPlacements"":3,""scope"":""직육면체 기하·관측 규격 공통 검사"",""reason"":""확정 배치와 최종 적재 상태 검사""},""load"":{""status"":""PASS"",""violations"":0,""checkedPlacements"":3,""scope"":""입력된 허용 상부하중 · 누적 정적 반력"",""reason"":""입력값 범위의 정적 검사. 실측 재료 인증 아님""},""support"":{""status"":""PASS"",""violations"":0,""checkedPlacements"":3,""scope"":""접촉·합력 작용점·정적 평형"",""reason"":""설정된 지지율·전도 여유 검사. 동적 붕괴·굽힘 파손 미검증""},""payload"":{""status"":""PASS"",""violations"":0,""checkedPlacements"":3,""scope"":""입력 가반하중 · 박스+그리퍼 질량"",""reason"":""사용자가 설정한 가반하중 한계 검사""},""robotCollision"":{""status"":""NOT VERIFIED"",""violations"":0,""checkedPlacements"":3,""scope"":""TCP·그리퍼 스윕 근사만 수행"",""reason"":""전체 로봇 링크 충돌 미검증""},""approach"":{""status"":""NOT VERIFIED"",""violations"":0,""checkedPlacements"":3,""scope"":""TCP·그리퍼 스윕 근사만 수행"",""reason"":""실제 관절 한계·역기구학·접근 자세 미검증""},""sequence"":{""status"":""NOT VERIFIED"",""violations"":0,""checkedPlacements"":3,""scope"":""TCP·그리퍼 스윕 근사만 수행"",""reason"":""실제 파지·관절 궤적·전 과정 실행 미검증""}}","4.382079196428571","16.666666666666668","3","15","0.268450931","1070920713","217","","","","93.29310344827586","216.37937972247823","100","100","36.69064748201439","70.8","1.1721854304635762","0","0","","82.63692500000616","188.60500000001048","174.84608500001048","185.85321700001046","330.54770000002463","75","26.047564337972457","11.730916819682097","414.6260993875588","154","0.4584999999933643","4.382079196428571","0","16.666666666666668","","","100","0","0","","","0","","","","","","",""
"hrpal-inferred","online","random","102","2","87adffbb","partial","세로 박스 주변 높이 부족 · 가까운 눕힌 적재를 먼저 쌓아야 함 / SUPPORT: 지지 조건 미달 78.3% / 필요 95.0% · CoG 지지 검사 / 무게 규칙 위반 · Small-05 (3 kg) / SUPPORT: 지지 조건 미달 0.0% / 필요 95.0% · CoG 지지 검사 / SUPPORT: 지지 조건 미달 55.9% / 필요 95.0% · CoG 지지 검사 / 누적 무게중심 정적 평형 불가 · Tall-02 / SUPPORT: 지지 조건 미달 30.1% / 필요 95.0% · CoG 지지 검사 / SUPPORT: 지지 조건 미달 24.4% / 필요 95.0% · CoG 지지 검사 / SUPPORT: 지지 조건 미달 42.1% / 필요 95.0% · CoG 지지 검사 / SUPPORT: 지지 조건 미달 21.0% / 필요 95.0% · CoG 지지 검사 / SUPPORT: 지지 조건 미달 57.9% / 필요 95.0% · CoG 지지 검사 / SUPPORT: 지지 조건 미달 9.1% / 필요 95.0% · CoG 지지 검사 / SUPPORT: 지지 조건 미달 15.7% / 필요 95.0% · CoG 지지 검사 / SUPPORT: 지지 조건 미달 3.3% / 필요 95.0% · CoG 지지 검사 / SUPPORT: 지지 조건 미달 15.5% / 필요 95.0% · CoG 지지 검사 / SUPPORT: 지지 조건 미달 66.5% / 필요 95.0% · CoG 지지 검사 / SUPPORT: 지지 조건 미달 58.8% / 필요 95.0% · CoG 지지 검사 / SUPPORT: 지지 조건 미달 59.1% / 필요 95.0% · CoG 지지 검사 / SUPPORT: 지지 조건 미달 67.0% / 필요 95.0% · CoG 지지 검사 / SUPPORT: 지지 조건 미달 15.6% / 필요 95.0% · CoG 지지 검사 / SUPPORT: 지지 조건 미달 11.3% / 필요 95.0% · CoG 지지 검사","explicit","proxy","{}","{""support"":71,""load"":9,""protocol"":48}","conventional-pattern/2","2.0.0","null","{""collision"":{""status"":""PASS"",""violations"":0,""checkedPlacements"":3,""scope"":""직육면체 기하·관측 규격 공통 검사"",""reason"":""확정 배치와 최종 적재 상태 검사""},""bounds"":{""status"":""PASS"",""violations"":0,""checkedPlacements"":3,""scope"":""직육면체 기하·관측 규격 공통 검사"",""reason"":""확정 배치와 최종 적재 상태 검사""},""height"":{""status"":""PASS"",""violations"":0,""checkedPlacements"":3,""scope"":""직육면체 기하·관측 규격 공통 검사"",""reason"":""확정 배치와 최종 적재 상태 검사""},""orientation"":{""status"":""PASS"",""violations"":0,""checkedPlacements"":3,""scope"":""직육면체 기하·관측 규격 공통 검사"",""reason"":""확정 배치와 최종 적재 상태 검사""},""load"":{""status"":""PASS"",""violations"":0,""checkedPlacements"":3,""scope"":""입력된 허용 상부하중 · 누적 정적 반력"",""reason"":""입력값 범위의 정적 검사. 실측 재료 인증 아님""},""support"":{""status"":""PASS"",""violations"":0,""checkedPlacements"":3,""scope"":""접촉·합력 작용점·정적 평형"",""reason"":""설정된 지지율·전도 여유 검사. 동적 붕괴·굽힘 파손 미검증""},""payload"":{""status"":""PASS"",""violations"":0,""checkedPlacements"":3,""scope"":""입력 가반하중 · 박스+그리퍼 질량"",""reason"":""사용자가 설정한 가반하중 한계 검사""},""robotCollision"":{""status"":""NOT VERIFIED"",""violations"":0,""checkedPlacements"":3,""scope"":""TCP·그리퍼 스윕 근사만 수행"",""reason"":""전체 로봇 링크 충돌 미검증""},""approach"":{""status"":""NOT VERIFIED"",""violations"":0,""checkedPlacements"":3,""scope"":""TCP·그리퍼 스윕 근사만 수행"",""reason"":""실제 관절 한계·역기구학·접근 자세 미검증""},""sequence"":{""status"":""NOT VERIFIED"",""violations"":0,""checkedPlacements"":3,""scope"":""TCP·그리퍼 스윕 근사만 수행"",""reason"":""실제 파지·관절 궤적·전 과정 실행 미검증""}}","4.382079196428571","16.666666666666668","3","15","0.268450931","1070920713","217","","","","93.29310344827586","56.85430510974948","100","100","26.668878889570465","70.8","1.1721854304635762","0","0","","3.8500499999972817","7.922099999996135","7.423394999996525","7.822358999996212","15.400199999989127","75","25.65807447367245","12.127748407887095","420.9201283238068","118","0.4940000000060536","4.382079196428571","0","16.666666666666668","","","100","0","0","","","0","","","","","","",""
"greedy","online","random","102","2","87adffbb","partial","세로 박스 주변 높이 부족 / 세로 박스 돌출 높이 초과 / SUPPORT: 지지 조건 미달 72.1% / 필요 95.0% / 무게 규칙 위반 / SUPPORT: 지지 조건 미달 86.0% / 필요 95.0% / SUPPORT: 지지 조건 미달 58.9% / 필요 95.0% / SUPPORT: 지지 조건 미달 70.2% / 필요 95.0%","explicit","proxy","{}","{""support"":34,""load"":34,""protocol"":48}","adapter-1.0 / planners-f6ec11d4259a","2.0.0","null","{""collision"":{""status"":""PASS"",""violations"":0,""checkedPlacements"":3,""scope"":""직육면체 기하·관측 규격 공통 검사"",""reason"":""확정 배치와 최종 적재 상태 검사""},""bounds"":{""status"":""PASS"",""violations"":0,""checkedPlacements"":3,""scope"":""직육면체 기하·관측 규격 공통 검사"",""reason"":""확정 배치와 최종 적재 상태 검사""},""height"":{""status"":""PASS"",""violations"":0,""checkedPlacements"":3,""scope"":""직육면체 기하·관측 규격 공통 검사"",""reason"":""확정 배치와 최종 적재 상태 검사""},""orientation"":{""status"":""PASS"",""violations"":0,""checkedPlacements"":3,""scope"":""직육면체 기하·관측 규격 공통 검사"",""reason"":""확정 배치와 최종 적재 상태 검사""},""load"":{""status"":""PASS"",""violations"":0,""checkedPlacements"":3,""scope"":""입력된 허용 상부하중 · 누적 정적 반력"",""reason"":""입력값 범위의 정적 검사. 실측 재료 인증 아님""},""support"":{""status"":""PASS"",""violations"":0,""checkedPlacements"":3,""scope"":""접촉·합력 작용점·정적 평형"",""reason"":""설정된 지지율·전도 여유 검사. 동적 붕괴·굽힘 파손 미검증""},""payload"":{""status"":""PASS"",""violations"":0,""checkedPlacements"":3,""scope"":""입력 가반하중 · 박스+그리퍼 질량"",""reason"":""사용자가 설정한 가반하중 한계 검사""},""robotCollision"":{""status"":""NOT VERIFIED"",""violations"":0,""checkedPlacements"":3,""scope"":""TCP·그리퍼 스윕 근사만 수행"",""reason"":""전체 로봇 링크 충돌 미검증""},""approach"":{""status"":""NOT VERIFIED"",""violations"":0,""checkedPlacements"":3,""scope"":""TCP·그리퍼 스윕 근사만 수행"",""reason"":""실제 관절 한계·역기구학·접근 자세 미검증""},""sequence"":{""status"":""NOT VERIFIED"",""violations"":0,""checkedPlacements"":3,""scope"":""TCP·그리퍼 스윕 근사만 수행"",""reason"":""실제 파지·관절 궤적·전 과정 실행 미검증""}}","4.382079196428571","16.666666666666668","3","15","0.268450931","1070920713","217","","","","93.29310344827586","177.64963714872187","100","100","36.69064748201439","70.8","1.1721854304635762","0","0","","34.45007500000429","56.59810000000289","55.33378000000375","56.345236000003055","137.80030000001716","75","26.454140828915456","11.995191538795048","408.253666972059","154","0.49270000000251457","4.382079196428571","0","16.666666666666668","","","100","0","0","","","0","","","","","","",""
"hrpal-inferred","online","identical","103","3","c4b3a3fb","complete","","explicit","proxy","{}","{""support"":123}","conventional-pattern/2","2.0.0","null","{""collision"":{""status"":""PASS"",""violations"":0,""checkedPlacements"":12,""scope"":""직육면체 기하·관측 규격 공통 검사"",""reason"":""확정 배치와 최종 적재 상태 검사""},""bounds"":{""status"":""PASS"",""violations"":0,""checkedPlacements"":12,""scope"":""직육면체 기하·관측 규격 공통 검사"",""reason"":""확정 배치와 최종 적재 상태 검사""},""height"":{""status"":""PASS"",""violations"":0,""checkedPlacements"":12,""scope"":""직육면체 기하·관측 규격 공통 검사"",""reason"":""확정 배치와 최종 적재 상태 검사""},""orientation"":{""status"":""PASS"",""violations"":0,""checkedPlacements"":12,""scope"":""직육면체 기하·관측 규격 공통 검사"",""reason"":""확정 배치와 최종 적재 상태 검사""},""load"":{""status"":""PASS"",""violations"":0,""checkedPlacements"":12,""scope"":""입력된 허용 상부하중 · 누적 정적 반력"",""reason"":""입력값 범위의 정적 검사. 실측 재료 인증 아님""},""support"":{""status"":""PASS"",""violations"":0,""checkedPlacements"":12,""scope"":""접촉·합력 작용점·정적 평형"",""reason"":""설정된 지지율·전도 여유 검사. 동적 붕괴·굽힘 파손 미검증""},""payload"":{""status"":""PASS"",""violations"":0,""checkedPlacements"":12,""scope"":""입력 가반하중 · 박스+그리퍼 질량"",""reason"":""사용자가 설정한 가반하중 한계 검사""},""robotCollision"":{""status"":""NOT VERIFIED"",""violations"":0,""checkedPlacements"":12,""scope"":""TCP·그리퍼 스윕 근사만 수행"",""reason"":""전체 로봇 링크 충돌 미검증""},""approach"":{""status"":""NOT VERIFIED"",""violations"":0,""checkedPlacements"":12,""scope"":""TCP·그리퍼 스윕 근사만 수행"",""reason"":""실제 관절 한계·역기구학·접근 자세 미검증""},""sequence"":{""status"":""NOT VERIFIED"",""violations"":0,""checkedPlacements"":12,""scope"":""TCP·그리퍼 스윕 근사만 수행"",""reason"":""실제 파지·관절 궤적·전 과정 실행 미검증""}}","16.071428571428573","100","12","0","0","940000000","400","","","","150","100.77822185373186","100","100","20.55555555555556","95","0.625","0","0","","4.668150000002545","9.891400000007707","8.439345000005412","9.60098900000725","56.01780000003055","100","100.37583405928804","49.64429213853723","430.38247606972277","284","2.066099999996368","","","","","","100","0","0","","","100","","","","","","",""
"greedy","online","identical","103","3","c4b3a3fb","complete","","explicit","proxy","{}","{""bounds"":12,""support"":157}","adapter-1.0 / planners-f6ec11d4259a","2.0.0","null","{""collision"":{""status"":""PASS"",""violations"":0,""checkedPlacements"":12,""scope"":""직육면체 기하·관측 규격 공통 검사"",""reason"":""확정 배치와 최종 적재 상태 검사""},""bounds"":{""status"":""PASS"",""violations"":0,""checkedPlacements"":12,""scope"":""직육면체 기하·관측 규격 공통 검사"",""reason"":""확정 배치와 최종 적재 상태 검사""},""height"":{""status"":""PASS"",""violations"":0,""checkedPlacements"":12,""scope"":""직육면체 기하·관측 규격 공통 검사"",""reason"":""확정 배치와 최종 적재 상태 검사""},""orientation"":{""status"":""PASS"",""violations"":0,""checkedPlacements"":12,""scope"":""직육면체 기하·관측 규격 공통 검사"",""reason"":""확정 배치와 최종 적재 상태 검사""},""load"":{""status"":""PASS"",""violations"":0,""checkedPlacements"":12,""scope"":""입력된 허용 상부하중 · 누적 정적 반력"",""reason"":""입력값 범위의 정적 검사. 실측 재료 인증 아님""},""support"":{""status"":""PASS"",""violations"":0,""checkedPlacements"":12,""scope"":""접촉·합력 작용점·정적 평형"",""reason"":""설정된 지지율·전도 여유 검사. 동적 붕괴·굽힘 파손 미검증""},""payload"":{""status"":""PASS"",""violations"":0,""checkedPlacements"":12,""scope"":""입력 가반하중 · 박스+그리퍼 질량"",""reason"":""사용자가 설정한 가반하중 한계 검사""},""robotCollision"":{""status"":""NOT VERIFIED"",""violations"":0,""checkedPlacements"":12,""scope"":""TCP·그리퍼 스윕 근사만 수행"",""reason"":""전체 로봇 링크 충돌 미검증""},""approach"":{""status"":""NOT VERIFIED"",""violations"":0,""checkedPlacements"":12,""scope"":""TCP·그리퍼 스윕 근사만 수행"",""reason"":""실제 관절 한계·역기구학·접근 자세 미검증""},""sequence"":{""status"":""NOT VERIFIED"",""violations"":0,""checkedPlacements"":12,""scope"":""TCP·그리퍼 스윕 근사만 수행"",""reason"":""실제 파지·관절 궤적·전 과정 실행 미검증""}}","16.071428571428573","100","12","0","0","940000000","400","","","","150","50.34602488997738","100","100","12.361111111111118","89.7435897435898","0.6250000000000001","0","0","","20.215125000000018","40.455999999991036","36.78689499999527","39.72217899999189","242.58150000000023","100","107.03781804388689","51.37458172852648","403.5956710392531","538","3.4332000000140397","","","","","","100","0","0","","","100","","","","","","",""
"future-hybrid","online","identical","103","3","c4b3a3fb","complete","","explicit","proxy","{}","{""bounds"":12,""support"":190}","adapter-1.0 / planners-f6ec11d4259a","2.0.0","null","{""collision"":{""status"":""PASS"",""violations"":0,""checkedPlacements"":12,""scope"":""직육면체 기하·관측 규격 공통 검사"",""reason"":""확정 배치와 최종 적재 상태 검사""},""bounds"":{""status"":""PASS"",""violations"":0,""checkedPlacements"":12,""scope"":""직육면체 기하·관측 규격 공통 검사"",""reason"":""확정 배치와 최종 적재 상태 검사""},""height"":{""status"":""PASS"",""violations"":0,""checkedPlacements"":12,""scope"":""직육면체 기하·관측 규격 공통 검사"",""reason"":""확정 배치와 최종 적재 상태 검사""},""orientation"":{""status"":""PASS"",""violations"":0,""checkedPlacements"":12,""scope"":""직육면체 기하·관측 규격 공통 검사"",""reason"":""확정 배치와 최종 적재 상태 검사""},""load"":{""status"":""PASS"",""violations"":0,""checkedPlacements"":12,""scope"":""입력된 허용 상부하중 · 누적 정적 반력"",""reason"":""입력값 범위의 정적 검사. 실측 재료 인증 아님""},""support"":{""status"":""PASS"",""violations"":0,""checkedPlacements"":12,""scope"":""접촉·합력 작용점·정적 평형"",""reason"":""설정된 지지율·전도 여유 검사. 동적 붕괴·굽힘 파손 미검증""},""payload"":{""status"":""PASS"",""violations"":0,""checkedPlacements"":12,""scope"":""입력 가반하중 · 박스+그리퍼 질량"",""reason"":""사용자가 설정한 가반하중 한계 검사""},""robotCollision"":{""status"":""NOT VERIFIED"",""violations"":0,""checkedPlacements"":12,""scope"":""TCP·그리퍼 스윕 근사만 수행"",""reason"":""전체 로봇 링크 충돌 미검증""},""approach"":{""status"":""NOT VERIFIED"",""violations"":0,""checkedPlacements"":12,""scope"":""TCP·그리퍼 스윕 근사만 수행"",""reason"":""실제 관절 한계·역기구학·접근 자세 미검증""},""sequence"":{""status"":""NOT VERIFIED"",""violations"":0,""checkedPlacements"":12,""scope"":""TCP·그리퍼 스윕 근사만 수행"",""reason"":""실제 파지·관절 궤적·전 과정 실행 미검증""}}","16.071428571428573","100","12","0","0","940000000","400","","","","150","0","100","100","1.3888888888888868","95","0.625","0","0","","73.79781666666774","154.20410000000265","139.06661499999387","151.1766030000009","885.5738000000129","100","108.20092680945035","50.83060242614273","399.25720854571165","538","2.206500000000233","","","","","","100","0","0","","","100","","","","","","",""
"hrpal-inferred","online","random","103","3","63184d4e","partial","세로 박스 돌출 높이 초과 · 206 / 89 mm · 이웃 Small-01 / 세로 박스 주변 높이 부족 · 가까운 눕힌 적재를 먼저 쌓아야 함 / SUPPORT: 지지 조건 미달 86.0% / 필요 95.0% · CoG 지지 검사 / 무게 규칙 위반 · Small-01 (3 kg) / SUPPORT: 지지 조건 미달 0.0% / 필요 95.0% · CoG 지지 검사 / SUPPORT: 지지 조건 미달 76.0% / 필요 95.0% · CoG 지지 검사 / 누적 무게중심 정적 평형 불가 · Tall-02 / SUPPORT: 지지 조건 미달 10.0% / 필요 95.0% · CoG 지지 검사","explicit","proxy","{}","{""protocol"":48,""support"":20,""load"":3}","conventional-pattern/2","2.0.0","null","{""collision"":{""status"":""PASS"",""violations"":0,""checkedPlacements"":1,""scope"":""직육면체 기하·관측 규격 공통 검사"",""reason"":""확정 배치와 최종 적재 상태 검사""},""bounds"":{""status"":""PASS"",""violations"":0,""checkedPlacements"":1,""scope"":""직육면체 기하·관측 규격 공통 검사"",""reason"":""확정 배치와 최종 적재 상태 검사""},""height"":{""status"":""PASS"",""violations"":0,""checkedPlacements"":1,""scope"":""직육면체 기하·관측 규격 공통 검사"",""reason"":""확정 배치와 최종 적재 상태 검사""},""orientation"":{""status"":""PASS"",""violations"":0,""checkedPlacements"":1,""scope"":""직육면체 기하·관측 규격 공통 검사"",""reason"":""확정 배치와 최종 적재 상태 검사""},""load"":{""status"":""PASS"",""violations"":0,""checkedPlacements"":1,""scope"":""입력된 허용 상부하중 · 누적 정적 반력"",""reason"":""입력값 범위의 정적 검사. 실측 재료 인증 아님""},""support"":{""status"":""PASS"",""violations"":0,""checkedPlacements"":1,""scope"":""접촉·합력 작용점·정적 평형"",""reason"":""설정된 지지율·전도 여유 검사. 동적 붕괴·굽힘 파손 미검증""},""payload"":{""status"":""PASS"",""violations"":0,""checkedPlacements"":1,""scope"":""입력 가반하중 · 박스+그리퍼 질량"",""reason"":""사용자가 설정한 가반하중 한계 검사""},""robotCollision"":{""status"":""NOT VERIFIED"",""violations"":0,""checkedPlacements"":1,""scope"":""TCP·그리퍼 스윕 근사만 수행"",""reason"":""전체 로봇 링크 충돌 미검증""},""approach"":{""status"":""NOT VERIFIED"",""violations"":0,""checkedPlacements"":1,""scope"":""TCP·그리퍼 스윕 근사만 수행"",""reason"":""실제 관절 한계·역기구학·접근 자세 미검증""},""sequence"":{""status"":""NOT VERIFIED"",""violations"":0,""checkedPlacements"":1,""scope"":""TCP·그리퍼 스윕 근사만 수행"",""reason"":""실제 파지·관절 궤적·전 과정 실행 미검증""}}","0.5321536607142857","5.555555555555555","1","17","0.311570097","1114039879","151","","","","75.5","497.96033978621233","100","100","100","70.8","1.1721854304635762","0","0","","3.554100000001199","4.153200000000652","4.093290000000707","4.141218000000663","7.108200000002398","50","6.9967829099362735","3.2479088914585774","514.5221805992533","79","0.19700000000011642","0.5321536607142857","0","5.555555555555555","","","100","0","0","","","0","","","","","","",""
"greedy","online","random","103","3","63184d4e","partial","세로 박스 주변 높이 부족 / 세로 박스 돌출 높이 초과","explicit","proxy","{}","{""protocol"":48}","adapter-1.0 / planners-f6ec11d4259a","2.0.0","null","{""collision"":{""status"":""PASS"",""violations"":0,""checkedPlacements"":1,""scope"":""직육면체 기하·관측 규격 공통 검사"",""reason"":""확정 배치와 최종 적재 상태 검사""},""bounds"":{""status"":""PASS"",""violations"":0,""checkedPlacements"":1,""scope"":""직육면체 기하·관측 규격 공통 검사"",""reason"":""확정 배치와 최종 적재 상태 검사""},""height"":{""status"":""PASS"",""violations"":0,""checkedPlacements"":1,""scope"":""직육면체 기하·관측 규격 공통 검사"",""reason"":""확정 배치와 최종 적재 상태 검사""},""orientation"":{""status"":""PASS"",""violations"":0,""checkedPlacements"":1,""scope"":""직육면체 기하·관측 규격 공통 검사"",""reason"":""확정 배치와 최종 적재 상태 검사""},""load"":{""status"":""PASS"",""violations"":0,""checkedPlacements"":1,""scope"":""입력된 허용 상부하중 · 누적 정적 반력"",""reason"":""입력값 범위의 정적 검사. 실측 재료 인증 아님""},""support"":{""status"":""PASS"",""violations"":0,""checkedPlacements"":1,""scope"":""접촉·합력 작용점·정적 평형"",""reason"":""설정된 지지율·전도 여유 검사. 동적 붕괴·굽힘 파손 미검증""},""payload"":{""status"":""PASS"",""violations"":0,""checkedPlacements"":1,""scope"":""입력 가반하중 · 박스+그리퍼 질량"",""reason"":""사용자가 설정한 가반하중 한계 검사""},""robotCollision"":{""status"":""NOT VERIFIED"",""violations"":0,""checkedPlacements"":1,""scope"":""TCP·그리퍼 스윕 근사만 수행"",""reason"":""전체 로봇 링크 충돌 미검증""},""approach"":{""status"":""NOT VERIFIED"",""violations"":0,""checkedPlacements"":1,""scope"":""TCP·그리퍼 스윕 근사만 수행"",""reason"":""실제 관절 한계·역기구학·접근 자세 미검증""},""sequence"":{""status"":""NOT VERIFIED"",""violations"":0,""checkedPlacements"":1,""scope"":""TCP·그리퍼 스윕 근사만 수행"",""reason"":""실제 파지·관절 궤적·전 과정 실행 미검증""}}","0.5321536607142857","5.555555555555555","1","17","0.311570097","1114039879","151","","","","75.5","0","100","100","0","70.8","1.1721854304635762","0","0","","14.842600000003586","27.35580000000482","26.104480000004695","27.105536000004793","29.68520000000717","50","8.139431733687227","3.990630626896697","442.2913193190665","58","0.17970000000786968","0.5321536607142857","0","5.555555555555555","","","100","0","0","","","0","","","","","","",""
"future-hybrid","online","random","103","3","63184d4e","partial","세로 박스 주변 높이 부족 / 세로 박스 돌출 높이 초과","explicit","proxy","{}","{""protocol"":48}","adapter-1.0 / planners-f6ec11d4259a","2.0.0","null","{""collision"":{""status"":""PASS"",""violations"":0,""checkedPlacements"":1,""scope"":""직육면체 기하·관측 규격 공통 검사"",""reason"":""확정 배치와 최종 적재 상태 검사""},""bounds"":{""status"":""PASS"",""violations"":0,""checkedPlacements"":1,""scope"":""직육면체 기하·관측 규격 공통 검사"",""reason"":""확정 배치와 최종 적재 상태 검사""},""height"":{""status"":""PASS"",""violations"":0,""checkedPlacements"":1,""scope"":""직육면체 기하·관측 규격 공통 검사"",""reason"":""확정 배치와 최종 적재 상태 검사""},""orientation"":{""status"":""PASS"",""violations"":0,""checkedPlacements"":1,""scope"":""직육면체 기하·관측 규격 공통 검사"",""reason"":""확정 배치와 최종 적재 상태 검사""},""load"":{""status"":""PASS"",""violations"":0,""checkedPlacements"":1,""scope"":""입력된 허용 상부하중 · 누적 정적 반력"",""reason"":""입력값 범위의 정적 검사. 실측 재료 인증 아님""},""support"":{""status"":""PASS"",""violations"":0,""checkedPlacements"":1,""scope"":""접촉·합력 작용점·정적 평형"",""reason"":""설정된 지지율·전도 여유 검사. 동적 붕괴·굽힘 파손 미검증""},""payload"":{""status"":""PASS"",""violations"":0,""checkedPlacements"":1,""scope"":""입력 가반하중 · 박스+그리퍼 질량"",""reason"":""사용자가 설정한 가반하중 한계 검사""},""robotCollision"":{""status"":""NOT VERIFIED"",""violations"":0,""checkedPlacements"":1,""scope"":""TCP·그리퍼 스윕 근사만 수행"",""reason"":""전체 로봇 링크 충돌 미검증""},""approach"":{""status"":""NOT VERIFIED"",""violations"":0,""checkedPlacements"":1,""scope"":""TCP·그리퍼 스윕 근사만 수행"",""reason"":""실제 관절 한계·역기구학·접근 자세 미검증""},""sequence"":{""status"":""NOT VERIFIED"",""violations"":0,""checkedPlacements"":1,""scope"":""TCP·그리퍼 스윕 근사만 수행"",""reason"":""실제 파지·관절 궤적·전 과정 실행 미검증""}}","0.5321536607142857","5.555555555555555","1","17","0.311570097","1114039879","151","","","","75.5","0","100","100","0","70.8","1.1721854304635762","0","0","","16.967400000001362","27.676500000001397","26.605590000001392","27.462318000001396","33.934800000002724","50","9.139431733687227","3.990630626896697","393.8975753525991","58","0.16960000000835862","0.5321536607142857","0","5.555555555555555","","","100","0","0","","","0","","","","","","",""
"greedy","online","identical","104","4","9b3e7a48","complete","","explicit","proxy","{}","{""bounds"":12,""support"":157}","adapter-1.0 / planners-f6ec11d4259a","2.0.0","null","{""collision"":{""status"":""PASS"",""violations"":0,""checkedPlacements"":12,""scope"":""직육면체 기하·관측 규격 공통 검사"",""reason"":""확정 배치와 최종 적재 상태 검사""},""bounds"":{""status"":""PASS"",""violations"":0,""checkedPlacements"":12,""scope"":""직육면체 기하·관측 규격 공통 검사"",""reason"":""확정 배치와 최종 적재 상태 검사""},""height"":{""status"":""PASS"",""violations"":0,""checkedPlacements"":12,""scope"":""직육면체 기하·관측 규격 공통 검사"",""reason"":""확정 배치와 최종 적재 상태 검사""},""orientation"":{""status"":""PASS"",""violations"":0,""checkedPlacements"":12,""scope"":""직육면체 기하·관측 규격 공통 검사"",""reason"":""확정 배치와 최종 적재 상태 검사""},""load"":{""status"":""PASS"",""violations"":0,""checkedPlacements"":12,""scope"":""입력된 허용 상부하중 · 누적 정적 반력"",""reason"":""입력값 범위의 정적 검사. 실측 재료 인증 아님""},""support"":{""status"":""PASS"",""violations"":0,""checkedPlacements"":12,""scope"":""접촉·합력 작용점·정적 평형"",""reason"":""설정된 지지율·전도 여유 검사. 동적 붕괴·굽힘 파손 미검증""},""payload"":{""status"":""PASS"",""violations"":0,""checkedPlacements"":12,""scope"":""입력 가반하중 · 박스+그리퍼 질량"",""reason"":""사용자가 설정한 가반하중 한계 검사""},""robotCollision"":{""status"":""NOT VERIFIED"",""violations"":0,""checkedPlacements"":12,""scope"":""TCP·그리퍼 스윕 근사만 수행"",""reason"":""전체 로봇 링크 충돌 미검증""},""approach"":{""status"":""NOT VERIFIED"",""violations"":0,""checkedPlacements"":12,""scope"":""TCP·그리퍼 스윕 근사만 수행"",""reason"":""실제 관절 한계·역기구학·접근 자세 미검증""},""sequence"":{""status"":""NOT VERIFIED"",""violations"":0,""checkedPlacements"":12,""scope"":""TCP·그리퍼 스윕 근사만 수행"",""reason"":""실제 파지·관절 궤적·전 과정 실행 미검증""}}","16.071428571428573","100","12","0","0","940000000","400","","","","150","50.34602488997738","100","100","12.361111111111118","89.7435897435898","0.6250000000000001","0","0","","23.243483333333035","59.755100000009406","54.57926999999981","58.71993400000749","278.92179999999644","100","107.03781804388689","51.37458172852648","403.5956710392531","538","4.548500000004424","","","","","","100","0","0","","","100","","","","","","",""
"future-hybrid","online","identical","104","4","9b3e7a48","complete","","explicit","proxy","{}","{""bounds"":12,""support"":190}","adapter-1.0 / planners-f6ec11d4259a","2.0.0","null","{""collision"":{""status"":""PASS"",""violations"":0,""checkedPlacements"":12,""scope"":""직육면체 기하·관측 규격 공통 검사"",""reason"":""확정 배치와 최종 적재 상태 검사""},""bounds"":{""status"":""PASS"",""violations"":0,""checkedPlacements"":12,""scope"":""직육면체 기하·관측 규격 공통 검사"",""reason"":""확정 배치와 최종 적재 상태 검사""},""height"":{""status"":""PASS"",""violations"":0,""checkedPlacements"":12,""scope"":""직육면체 기하·관측 규격 공통 검사"",""reason"":""확정 배치와 최종 적재 상태 검사""},""orientation"":{""status"":""PASS"",""violations"":0,""checkedPlacements"":12,""scope"":""직육면체 기하·관측 규격 공통 검사"",""reason"":""확정 배치와 최종 적재 상태 검사""},""load"":{""status"":""PASS"",""violations"":0,""checkedPlacements"":12,""scope"":""입력된 허용 상부하중 · 누적 정적 반력"",""reason"":""입력값 범위의 정적 검사. 실측 재료 인증 아님""},""support"":{""status"":""PASS"",""violations"":0,""checkedPlacements"":12,""scope"":""접촉·합력 작용점·정적 평형"",""reason"":""설정된 지지율·전도 여유 검사. 동적 붕괴·굽힘 파손 미검증""},""payload"":{""status"":""PASS"",""violations"":0,""checkedPlacements"":12,""scope"":""입력 가반하중 · 박스+그리퍼 질량"",""reason"":""사용자가 설정한 가반하중 한계 검사""},""robotCollision"":{""status"":""NOT VERIFIED"",""violations"":0,""checkedPlacements"":12,""scope"":""TCP·그리퍼 스윕 근사만 수행"",""reason"":""전체 로봇 링크 충돌 미검증""},""approach"":{""status"":""NOT VERIFIED"",""violations"":0,""checkedPlacements"":12,""scope"":""TCP·그리퍼 스윕 근사만 수행"",""reason"":""실제 관절 한계·역기구학·접근 자세 미검증""},""sequence"":{""status"":""NOT VERIFIED"",""violations"":0,""checkedPlacements"":12,""scope"":""TCP·그리퍼 스윕 근사만 수행"",""reason"":""실제 파지·관절 궤적·전 과정 실행 미검증""}}","16.071428571428573","100","12","0","0","940000000","400","","","","150","0","100","100","1.3888888888888868","95","0.625","0","0","","77.41675833333163","171.0559999999823","150.54677499999087","166.95415499998404","929.0010999999795","100","108.20092680945035","50.83060242614273","399.25720854571165","538","2.921199999982491","","","","","","100","0","0","","","100","","","","","","",""
"hrpal-inferred","online","identical","104","4","9b3e7a48","complete","","explicit","proxy","{}","{""support"":123}","conventional-pattern/2","2.0.0","null","{""collision"":{""status"":""PASS"",""violations"":0,""checkedPlacements"":12,""scope"":""직육면체 기하·관측 규격 공통 검사"",""reason"":""확정 배치와 최종 적재 상태 검사""},""bounds"":{""status"":""PASS"",""violations"":0,""checkedPlacements"":12,""scope"":""직육면체 기하·관측 규격 공통 검사"",""reason"":""확정 배치와 최종 적재 상태 검사""},""height"":{""status"":""PASS"",""violations"":0,""checkedPlacements"":12,""scope"":""직육면체 기하·관측 규격 공통 검사"",""reason"":""확정 배치와 최종 적재 상태 검사""},""orientation"":{""status"":""PASS"",""violations"":0,""checkedPlacements"":12,""scope"":""직육면체 기하·관측 규격 공통 검사"",""reason"":""확정 배치와 최종 적재 상태 검사""},""load"":{""status"":""PASS"",""violations"":0,""checkedPlacements"":12,""scope"":""입력된 허용 상부하중 · 누적 정적 반력"",""reason"":""입력값 범위의 정적 검사. 실측 재료 인증 아님""},""support"":{""status"":""PASS"",""violations"":0,""checkedPlacements"":12,""scope"":""접촉·합력 작용점·정적 평형"",""reason"":""설정된 지지율·전도 여유 검사. 동적 붕괴·굽힘 파손 미검증""},""payload"":{""status"":""PASS"",""violations"":0,""checkedPlacements"":12,""scope"":""입력 가반하중 · 박스+그리퍼 질량"",""reason"":""사용자가 설정한 가반하중 한계 검사""},""robotCollision"":{""status"":""NOT VERIFIED"",""violations"":0,""checkedPlacements"":12,""scope"":""TCP·그리퍼 스윕 근사만 수행"",""reason"":""전체 로봇 링크 충돌 미검증""},""approach"":{""status"":""NOT VERIFIED"",""violations"":0,""checkedPlacements"":12,""scope"":""TCP·그리퍼 스윕 근사만 수행"",""reason"":""실제 관절 한계·역기구학·접근 자세 미검증""},""sequence"":{""status"":""NOT VERIFIED"",""violations"":0,""checkedPlacements"":12,""scope"":""TCP·그리퍼 스윕 근사만 수행"",""reason"":""실제 파지·관절 궤적·전 과정 실행 미검증""}}","16.071428571428573","100","12","0","0","940000000","400","","","","150","100.77822185373186","100","100","20.55555555555556","95","0.625","0","0","","4.868883333336271","8.963199999998324","8.946810000004188","8.959921999999496","58.42660000003525","100","100.37583405928804","49.64429213853723","430.38247606972277","284","1.8555999999807682","","","","","","100","0","0","","","100","","","","","","",""
"greedy","online","random","104","4","17365425","no-placement","세로 박스 주변 높이 부족","explicit","proxy","{}","{""protocol"":10}","adapter-1.0 / planners-f6ec11d4259a","2.0.0","null","{""collision"":{""status"":""NOT VERIFIED"",""violations"":0,""checkedPlacements"":0,""scope"":""직육면체 기하·관측 규격 공통 검사"",""reason"":""검증할 확정 배치 없음""},""bounds"":{""status"":""NOT VERIFIED"",""violations"":0,""checkedPlacements"":0,""scope"":""직육면체 기하·관측 규격 공통 검사"",""reason"":""검증할 확정 배치 없음""},""height"":{""status"":""NOT VERIFIED"",""violations"":0,""checkedPlacements"":0,""scope"":""직육면체 기하·관측 규격 공통 검사"",""reason"":""검증할 확정 배치 없음""},""orientation"":{""status"":""NOT VERIFIED"",""violations"":0,""checkedPlacements"":0,""scope"":""직육면체 기하·관측 규격 공통 검사"",""reason"":""검증할 확정 배치 없음""},""load"":{""status"":""NOT VERIFIED"",""violations"":0,""checkedPlacements"":0,""scope"":""입력된 허용 상부하중 · 누적 정적 반력"",""reason"":""검증할 확정 배치 없음""},""support"":{""status"":""NOT VERIFIED"",""violations"":0,""checkedPlacements"":0,""scope"":""접촉·합력 작용점·정적 평형"",""reason"":""검증할 확정 배치 없음""},""payload"":{""status"":""NOT VERIFIED"",""violations"":0,""checkedPlacements"":0,""scope"":""입력 가반하중 · 박스+그리퍼 질량"",""reason"":""검증할 확정 배치 없음""},""robotCollision"":{""status"":""NOT VERIFIED"",""violations"":0,""checkedPlacements"":0,""scope"":""TCP·그리퍼 스윕 근사만 수행"",""reason"":""검증할 확정 배치 없음""},""approach"":{""status"":""NOT VERIFIED"",""violations"":0,""checkedPlacements"":0,""scope"":""TCP·그리퍼 스윕 근사만 수행"",""reason"":""검증할 확정 배치 없음""},""sequence"":{""status"":""NOT VERIFIED"",""violations"":0,""checkedPlacements"":0,""scope"":""TCP·그리퍼 스윕 근사만 수행"",""reason"":""검증할 확정 배치 없음""}}","0","0","0","18","0.317530218","1120000000","","","","","","","","","","","","0","0","","0.7678000000014435","0.7678000000014435","0.7678000000014435","0.7678000000014435","0.7678000000014435","0","","","","10","0.056299999996554106","0","0","0","","","","0","0","","","0","","","","","","",""
"future-hybrid","online","random","104","4","17365425","no-placement","세로 박스 주변 높이 부족","explicit","proxy","{}","{""protocol"":10}","adapter-1.0 / planners-f6ec11d4259a","2.0.0","null","{""collision"":{""status"":""NOT VERIFIED"",""violations"":0,""checkedPlacements"":0,""scope"":""직육면체 기하·관측 규격 공통 검사"",""reason"":""검증할 확정 배치 없음""},""bounds"":{""status"":""NOT VERIFIED"",""violations"":0,""checkedPlacements"":0,""scope"":""직육면체 기하·관측 규격 공통 검사"",""reason"":""검증할 확정 배치 없음""},""height"":{""status"":""NOT VERIFIED"",""violations"":0,""checkedPlacements"":0,""scope"":""직육면체 기하·관측 규격 공통 검사"",""reason"":""검증할 확정 배치 없음""},""orientation"":{""status"":""NOT VERIFIED"",""violations"":0,""checkedPlacements"":0,""scope"":""직육면체 기하·관측 규격 공통 검사"",""reason"":""검증할 확정 배치 없음""},""load"":{""status"":""NOT VERIFIED"",""violations"":0,""checkedPlacements"":0,""scope"":""입력된 허용 상부하중 · 누적 정적 반력"",""reason"":""검증할 확정 배치 없음""},""support"":{""status"":""NOT VERIFIED"",""violations"":0,""checkedPlacements"":0,""scope"":""접촉·합력 작용점·정적 평형"",""reason"":""검증할 확정 배치 없음""},""payload"":{""status"":""NOT VERIFIED"",""violations"":0,""checkedPlacements"":0,""scope"":""입력 가반하중 · 박스+그리퍼 질량"",""reason"":""검증할 확정 배치 없음""},""robotCollision"":{""status"":""NOT VERIFIED"",""violations"":0,""checkedPlacements"":0,""scope"":""TCP·그리퍼 스윕 근사만 수행"",""reason"":""검증할 확정 배치 없음""},""approach"":{""status"":""NOT VERIFIED"",""violations"":0,""checkedPlacements"":0,""scope"":""TCP·그리퍼 스윕 근사만 수행"",""reason"":""검증할 확정 배치 없음""},""sequence"":{""status"":""NOT VERIFIED"",""violations"":0,""checkedPlacements"":0,""scope"":""TCP·그리퍼 스윕 근사만 수행"",""reason"":""검증할 확정 배치 없음""}}","0","0","0","18","0.317530218","1120000000","","","","","","","","","","","","0","0","","2.64000000001397","2.64000000001397","2.64000000001397","2.64000000001397","2.64000000001397","0","","","","10","0.061199999996460974","0","0","0","","","","0","0","","","0","","","","","","",""
"hrpal-inferred","online","random","104","4","17365425","no-placement","세로 박스 주변 높이 부족 · 가까운 눕힌 적재를 먼저 쌓아야 함","explicit","proxy","{}","{""protocol"":31}","conventional-pattern/2","2.0.0","null","{""collision"":{""status"":""NOT VERIFIED"",""violations"":0,""checkedPlacements"":0,""scope"":""직육면체 기하·관측 규격 공통 검사"",""reason"":""검증할 확정 배치 없음""},""bounds"":{""status"":""NOT VERIFIED"",""violations"":0,""checkedPlacements"":0,""scope"":""직육면체 기하·관측 규격 공통 검사"",""reason"":""검증할 확정 배치 없음""},""height"":{""status"":""NOT VERIFIED"",""violations"":0,""checkedPlacements"":0,""scope"":""직육면체 기하·관측 규격 공통 검사"",""reason"":""검증할 확정 배치 없음""},""orientation"":{""status"":""NOT VERIFIED"",""violations"":0,""checkedPlacements"":0,""scope"":""직육면체 기하·관측 규격 공통 검사"",""reason"":""검증할 확정 배치 없음""},""load"":{""status"":""NOT VERIFIED"",""violations"":0,""checkedPlacements"":0,""scope"":""입력된 허용 상부하중 · 누적 정적 반력"",""reason"":""검증할 확정 배치 없음""},""support"":{""status"":""NOT VERIFIED"",""violations"":0,""checkedPlacements"":0,""scope"":""접촉·합력 작용점·정적 평형"",""reason"":""검증할 확정 배치 없음""},""payload"":{""status"":""NOT VERIFIED"",""violations"":0,""checkedPlacements"":0,""scope"":""입력 가반하중 · 박스+그리퍼 질량"",""reason"":""검증할 확정 배치 없음""},""robotCollision"":{""status"":""NOT VERIFIED"",""violations"":0,""checkedPlacements"":0,""scope"":""TCP·그리퍼 스윕 근사만 수행"",""reason"":""검증할 확정 배치 없음""},""approach"":{""status"":""NOT VERIFIED"",""violations"":0,""checkedPlacements"":0,""scope"":""TCP·그리퍼 스윕 근사만 수행"",""reason"":""검증할 확정 배치 없음""},""sequence"":{""status"":""NOT VERIFIED"",""violations"":0,""checkedPlacements"":0,""scope"":""TCP·그리퍼 스윕 근사만 수행"",""reason"":""검증할 확정 배치 없음""}}","0","0","0","18","0.317530218","1120000000","","","","","","","","","","","","0","0","","1.9239999999990687","1.9239999999990687","1.9239999999990687","1.9239999999990687","1.9239999999990687","0","","","","31","0.09280000001308508","0","0","0","","","","0","0","","","0","","","","","","",""
"future-hybrid","online","identical","105","5","703183a1","complete","","explicit","proxy","{}","{""bounds"":12,""support"":190}","adapter-1.0 / planners-f6ec11d4259a","2.0.0","null","{""collision"":{""status"":""PASS"",""violations"":0,""checkedPlacements"":12,""scope"":""직육면체 기하·관측 규격 공통 검사"",""reason"":""확정 배치와 최종 적재 상태 검사""},""bounds"":{""status"":""PASS"",""violations"":0,""checkedPlacements"":12,""scope"":""직육면체 기하·관측 규격 공통 검사"",""reason"":""확정 배치와 최종 적재 상태 검사""},""height"":{""status"":""PASS"",""violations"":0,""checkedPlacements"":12,""scope"":""직육면체 기하·관측 규격 공통 검사"",""reason"":""확정 배치와 최종 적재 상태 검사""},""orientation"":{""status"":""PASS"",""violations"":0,""checkedPlacements"":12,""scope"":""직육면체 기하·관측 규격 공통 검사"",""reason"":""확정 배치와 최종 적재 상태 검사""},""load"":{""status"":""PASS"",""violations"":0,""checkedPlacements"":12,""scope"":""입력된 허용 상부하중 · 누적 정적 반력"",""reason"":""입력값 범위의 정적 검사. 실측 재료 인증 아님""},""support"":{""status"":""PASS"",""violations"":0,""checkedPlacements"":12,""scope"":""접촉·합력 작용점·정적 평형"",""reason"":""설정된 지지율·전도 여유 검사. 동적 붕괴·굽힘 파손 미검증""},""payload"":{""status"":""PASS"",""violations"":0,""checkedPlacements"":12,""scope"":""입력 가반하중 · 박스+그리퍼 질량"",""reason"":""사용자가 설정한 가반하중 한계 검사""},""robotCollision"":{""status"":""NOT VERIFIED"",""violations"":0,""checkedPlacements"":12,""scope"":""TCP·그리퍼 스윕 근사만 수행"",""reason"":""전체 로봇 링크 충돌 미검증""},""approach"":{""status"":""NOT VERIFIED"",""violations"":0,""checkedPlacements"":12,""scope"":""TCP·그리퍼 스윕 근사만 수행"",""reason"":""실제 관절 한계·역기구학·접근 자세 미검증""},""sequence"":{""status"":""NOT VERIFIED"",""violations"":0,""checkedPlacements"":12,""scope"":""TCP·그리퍼 스윕 근사만 수행"",""reason"":""실제 파지·관절 궤적·전 과정 실행 미검증""}}","16.071428571428573","100","12","0","0","940000000","400","","","","150","0","100","100","1.3888888888888868","95","0.625","0","0","","65.50348333332659","124.68679999999586","117.92345000000059","123.3341299999968","786.041799999919","100","108.20092680945035","50.83060242614273","399.25720854571165","538","2.083199999993667","","","","","","100","0","0","","","100","","","","","","",""
"hrpal-inferred","online","identical","105","5","703183a1","complete","","explicit","proxy","{}","{""support"":123}","conventional-pattern/2","2.0.0","null","{""collision"":{""status"":""PASS"",""violations"":0,""checkedPlacements"":12,""scope"":""직육면체 기하·관측 규격 공통 검사"",""reason"":""확정 배치와 최종 적재 상태 검사""},""bounds"":{""status"":""PASS"",""violations"":0,""checkedPlacements"":12,""scope"":""직육면체 기하·관측 규격 공통 검사"",""reason"":""확정 배치와 최종 적재 상태 검사""},""height"":{""status"":""PASS"",""violations"":0,""checkedPlacements"":12,""scope"":""직육면체 기하·관측 규격 공통 검사"",""reason"":""확정 배치와 최종 적재 상태 검사""},""orientation"":{""status"":""PASS"",""violations"":0,""checkedPlacements"":12,""scope"":""직육면체 기하·관측 규격 공통 검사"",""reason"":""확정 배치와 최종 적재 상태 검사""},""load"":{""status"":""PASS"",""violations"":0,""checkedPlacements"":12,""scope"":""입력된 허용 상부하중 · 누적 정적 반력"",""reason"":""입력값 범위의 정적 검사. 실측 재료 인증 아님""},""support"":{""status"":""PASS"",""violations"":0,""checkedPlacements"":12,""scope"":""접촉·합력 작용점·정적 평형"",""reason"":""설정된 지지율·전도 여유 검사. 동적 붕괴·굽힘 파손 미검증""},""payload"":{""status"":""PASS"",""violations"":0,""checkedPlacements"":12,""scope"":""입력 가반하중 · 박스+그리퍼 질량"",""reason"":""사용자가 설정한 가반하중 한계 검사""},""robotCollision"":{""status"":""NOT VERIFIED"",""violations"":0,""checkedPlacements"":12,""scope"":""TCP·그리퍼 스윕 근사만 수행"",""reason"":""전체 로봇 링크 충돌 미검증""},""approach"":{""status"":""NOT VERIFIED"",""violations"":0,""checkedPlacements"":12,""scope"":""TCP·그리퍼 스윕 근사만 수행"",""reason"":""실제 관절 한계·역기구학·접근 자세 미검증""},""sequence"":{""status"":""NOT VERIFIED"",""violations"":0,""checkedPlacements"":12,""scope"":""TCP·그리퍼 스윕 근사만 수행"",""reason"":""실제 파지·관절 궤적·전 과정 실행 미검증""}}","16.071428571428573","100","12","0","0","940000000","400","","","","150","100.77822185373186","100","100","20.55555555555556","95","0.625","0","0","","5.251199999998789","10.533300000010058","10.249884999994537","10.476617000006954","63.01439999998547","100","100.37583405928804","49.64429213853723","430.38247606972277","284","2.8176000000094064","","","","","","100","0","0","","","100","","","","","","",""
"greedy","online","identical","105","5","703183a1","complete","","explicit","proxy","{}","{""bounds"":12,""support"":157}","adapter-1.0 / planners-f6ec11d4259a","2.0.0","null","{""collision"":{""status"":""PASS"",""violations"":0,""checkedPlacements"":12,""scope"":""직육면체 기하·관측 규격 공통 검사"",""reason"":""확정 배치와 최종 적재 상태 검사""},""bounds"":{""status"":""PASS"",""violations"":0,""checkedPlacements"":12,""scope"":""직육면체 기하·관측 규격 공통 검사"",""reason"":""확정 배치와 최종 적재 상태 검사""},""height"":{""status"":""PASS"",""violations"":0,""checkedPlacements"":12,""scope"":""직육면체 기하·관측 규격 공통 검사"",""reason"":""확정 배치와 최종 적재 상태 검사""},""orientation"":{""status"":""PASS"",""violations"":0,""checkedPlacements"":12,""scope"":""직육면체 기하·관측 규격 공통 검사"",""reason"":""확정 배치와 최종 적재 상태 검사""},""load"":{""status"":""PASS"",""violations"":0,""checkedPlacements"":12,""scope"":""입력된 허용 상부하중 · 누적 정적 반력"",""reason"":""입력값 범위의 정적 검사. 실측 재료 인증 아님""},""support"":{""status"":""PASS"",""violations"":0,""checkedPlacements"":12,""scope"":""접촉·합력 작용점·정적 평형"",""reason"":""설정된 지지율·전도 여유 검사. 동적 붕괴·굽힘 파손 미검증""},""payload"":{""status"":""PASS"",""violations"":0,""checkedPlacements"":12,""scope"":""입력 가반하중 · 박스+그리퍼 질량"",""reason"":""사용자가 설정한 가반하중 한계 검사""},""robotCollision"":{""status"":""NOT VERIFIED"",""violations"":0,""checkedPlacements"":12,""scope"":""TCP·그리퍼 스윕 근사만 수행"",""reason"":""전체 로봇 링크 충돌 미검증""},""approach"":{""status"":""NOT VERIFIED"",""violations"":0,""checkedPlacements"":12,""scope"":""TCP·그리퍼 스윕 근사만 수행"",""reason"":""실제 관절 한계·역기구학·접근 자세 미검증""},""sequence"":{""status"":""NOT VERIFIED"",""violations"":0,""checkedPlacements"":12,""scope"":""TCP·그리퍼 스윕 근사만 수행"",""reason"":""실제 파지·관절 궤적·전 과정 실행 미검증""}}","16.071428571428573","100","12","0","0","940000000","400","","","","150","50.34602488997738","100","100","12.361111111111118","89.7435897435898","0.6250000000000001","0","0","","19.00527500000074","36.74199999999837","32.31059499999537","35.85571899999778","228.0633000000089","100","107.03781804388689","51.37458172852648","403.5956710392531","538","2.8009000000020023","","","","","","100","0","0","","","100","","","","","","",""
"future-hybrid","online","random","105","5","8054e308","partial","세로 박스 주변 높이 부족 / 세로 박스 돌출 높이 초과 / SUPPORT: 지지 조건 미달 86.0% / 필요 95.0% / 무게 규칙 위반 / SUPPORT: 지지 조건 미달 76.0% / 필요 95.0%","explicit","proxy","{}","{""bounds"":12,""protocol"":48,""support"":3,""load"":3}","adapter-1.0 / planners-f6ec11d4259a","2.0.0","null","{""collision"":{""status"":""PASS"",""violations"":0,""checkedPlacements"":2,""scope"":""직육면체 기하·관측 규격 공통 검사"",""reason"":""확정 배치와 최종 적재 상태 검사""},""bounds"":{""status"":""PASS"",""violations"":0,""checkedPlacements"":2,""scope"":""직육면체 기하·관측 규격 공통 검사"",""reason"":""확정 배치와 최종 적재 상태 검사""},""height"":{""status"":""PASS"",""violations"":0,""checkedPlacements"":2,""scope"":""직육면체 기하·관측 규격 공통 검사"",""reason"":""확정 배치와 최종 적재 상태 검사""},""orientation"":{""status"":""PASS"",""violations"":0,""checkedPlacements"":2,""scope"":""직육면체 기하·관측 규격 공통 검사"",""reason"":""확정 배치와 최종 적재 상태 검사""},""load"":{""status"":""PASS"",""violations"":0,""checkedPlacements"":2,""scope"":""입력된 허용 상부하중 · 누적 정적 반력"",""reason"":""입력값 범위의 정적 검사. 실측 재료 인증 아님""},""support"":{""status"":""PASS"",""violations"":0,""checkedPlacements"":2,""scope"":""접촉·합력 작용점·정적 평형"",""reason"":""설정된 지지율·전도 여유 검사. 동적 붕괴·굽힘 파손 미검증""},""payload"":{""status"":""PASS"",""violations"":0,""checkedPlacements"":2,""scope"":""입력 가반하중 · 박스+그리퍼 질량"",""reason"":""사용자가 설정한 가반하중 한계 검사""},""robotCollision"":{""status"":""NOT VERIFIED"",""violations"":0,""checkedPlacements"":2,""scope"":""TCP·그리퍼 스윕 근사만 수행"",""reason"":""전체 로봇 링크 충돌 미검증""},""approach"":{""status"":""NOT VERIFIED"",""violations"":0,""checkedPlacements"":2,""scope"":""TCP·그리퍼 스윕 근사만 수행"",""reason"":""실제 관절 한계·역기구학·접근 자세 미검증""},""sequence"":{""status"":""NOT VERIFIED"",""violations"":0,""checkedPlacements"":2,""scope"":""TCP·그리퍼 스윕 근사만 수행"",""reason"":""실제 파지·관절 궤적·전 과정 실행 미검증""}}","3.5784691071428574","11.11111111111111","2","16","0.277451364","1079921146","193","","","","92.3","257.91599407559045","100","100","65.70841889117044","70.8","1.1721854304635762","0","0","","47.383533333331194","111.01149999999325","102.35708999999332","109.28061799999327","142.15059999999357","66.66666666666667","17.6466791095305","8.220341421194822","408.00877917655754","106","0.38680000000749715","3.5784691071428574","0","11.11111111111111","","","100","0","0","","","0","","","","","","",""
"hrpal-inferred","online","random","105","5","8054e308","partial","세로 박스 돌출 높이 초과 · 206 / 89 mm · 이웃 Small-02 / 세로 박스 주변 높이 부족 · 가까운 눕힌 적재를 먼저 쌓아야 함 / SUPPORT: 지지 조건 미달 74.4% / 필요 95.0% · CoG 지지 검사 / 무게 규칙 위반 · Small-02 (3 kg) / SUPPORT: 지지 조건 미달 0.0% / 필요 95.0% · CoG 지지 검사 / SUPPORT: 지지 조건 미달 45.9% / 필요 95.0% · CoG 지지 검사 / SUPPORT: 지지 조건 미달 40.1% / 필요 95.0% · CoG 지지 검사 / 누적 무게중심 정적 평형 불가 · Tall-02 / SUPPORT: 지지 조건 미달 9.0% / 필요 95.0% · CoG 지지 검사 / SUPPORT: 지지 조건 미달 7.6% / 필요 95.0% · CoG 지지 검사 / SUPPORT: 지지 조건 미달 84.3% / 필요 95.0% · CoG 지지 검사","explicit","proxy","{}","{""support"":55,""protocol"":48,""load"":3}","conventional-pattern/2","2.0.0","null","{""collision"":{""status"":""PASS"",""violations"":0,""checkedPlacements"":2,""scope"":""직육면체 기하·관측 규격 공통 검사"",""reason"":""확정 배치와 최종 적재 상태 검사""},""bounds"":{""status"":""PASS"",""violations"":0,""checkedPlacements"":2,""scope"":""직육면체 기하·관측 규격 공통 검사"",""reason"":""확정 배치와 최종 적재 상태 검사""},""height"":{""status"":""PASS"",""violations"":0,""checkedPlacements"":2,""scope"":""직육면체 기하·관측 규격 공통 검사"",""reason"":""확정 배치와 최종 적재 상태 검사""},""orientation"":{""status"":""PASS"",""violations"":0,""checkedPlacements"":2,""scope"":""직육면체 기하·관측 규격 공통 검사"",""reason"":""확정 배치와 최종 적재 상태 검사""},""load"":{""status"":""PASS"",""violations"":0,""checkedPlacements"":2,""scope"":""입력된 허용 상부하중 · 누적 정적 반력"",""reason"":""입력값 범위의 정적 검사. 실측 재료 인증 아님""},""support"":{""status"":""PASS"",""violations"":0,""checkedPlacements"":2,""scope"":""접촉·합력 작용점·정적 평형"",""reason"":""설정된 지지율·전도 여유 검사. 동적 붕괴·굽힘 파손 미검증""},""payload"":{""status"":""PASS"",""violations"":0,""checkedPlacements"":2,""scope"":""입력 가반하중 · 박스+그리퍼 질량"",""reason"":""사용자가 설정한 가반하중 한계 검사""},""robotCollision"":{""status"":""NOT VERIFIED"",""violations"":0,""checkedPlacements"":2,""scope"":""TCP·그리퍼 스윕 근사만 수행"",""reason"":""전체 로봇 링크 충돌 미검증""},""approach"":{""status"":""NOT VERIFIED"",""violations"":0,""checkedPlacements"":2,""scope"":""TCP·그리퍼 스윕 근사만 수행"",""reason"":""실제 관절 한계·역기구학·접근 자세 미검증""},""sequence"":{""status"":""NOT VERIFIED"",""violations"":0,""checkedPlacements"":2,""scope"":""TCP·그리퍼 스윕 근사만 수행"",""reason"":""실제 파지·관절 궤적·전 과정 실행 미검증""}}","3.5784691071428574","11.11111111111111","2","16","0.277451364","1079921146","193","","","","92.3","280.0843087357805","100","100","80","70.8","1.1721854304635762","0","0","","3.234133333346108","5.681800000020303","5.476840000020456","5.640808000020334","9.702400000038324","66.66666666666667","16.540461707316624","8.151300109755802","435.29619229523087","101","0.16490000000339933","3.5784691071428574","0","11.11111111111111","","","100","0","0","","","0","","","","","","",""
"greedy","online","random","105","5","8054e308","partial","세로 박스 주변 높이 부족 / 세로 박스 돌출 높이 초과 / 누적 무게중심 정적 평형 불가 / SUPPORT: 지지 조건 미달 29.5% / 필요 95.0% / 무게 규칙 위반 / SUPPORT: 지지 조건 미달 15.6% / 필요 95.0% / SUPPORT: 지지 조건 미달 8.1% / 필요 95.0% / SUPPORT: 지지 조건 미달 9.2% / 필요 95.0% / SUPPORT: 지지 조건 미달 86.0% / 필요 95.0% / SUPPORT: 지지 조건 미달 27.0% / 필요 95.0% / SUPPORT: 지지 조건 미달 76.0% / 필요 95.0% / SUPPORT: 지지 조건 미달 39.3% / 필요 95.0%","explicit","proxy","{}","{""support"":18,""protocol"":48,""load"":12}","adapter-1.0 / planners-f6ec11d4259a","2.0.0","null","{""collision"":{""status"":""PASS"",""violations"":0,""checkedPlacements"":2,""scope"":""직육면체 기하·관측 규격 공통 검사"",""reason"":""확정 배치와 최종 적재 상태 검사""},""bounds"":{""status"":""PASS"",""violations"":0,""checkedPlacements"":2,""scope"":""직육면체 기하·관측 규격 공통 검사"",""reason"":""확정 배치와 최종 적재 상태 검사""},""height"":{""status"":""PASS"",""violations"":0,""checkedPlacements"":2,""scope"":""직육면체 기하·관측 규격 공통 검사"",""reason"":""확정 배치와 최종 적재 상태 검사""},""orientation"":{""status"":""PASS"",""violations"":0,""checkedPlacements"":2,""scope"":""직육면체 기하·관측 규격 공통 검사"",""reason"":""확정 배치와 최종 적재 상태 검사""},""load"":{""status"":""PASS"",""violations"":0,""checkedPlacements"":2,""scope"":""입력된 허용 상부하중 · 누적 정적 반력"",""reason"":""입력값 범위의 정적 검사. 실측 재료 인증 아님""},""support"":{""status"":""PASS"",""violations"":0,""checkedPlacements"":2,""scope"":""접촉·합력 작용점·정적 평형"",""reason"":""설정된 지지율·전도 여유 검사. 동적 붕괴·굽힘 파손 미검증""},""payload"":{""status"":""PASS"",""violations"":0,""checkedPlacements"":2,""scope"":""입력 가반하중 · 박스+그리퍼 질량"",""reason"":""사용자가 설정한 가반하중 한계 검사""},""robotCollision"":{""status"":""NOT VERIFIED"",""violations"":0,""checkedPlacements"":2,""scope"":""TCP·그리퍼 스윕 근사만 수행"",""reason"":""전체 로봇 링크 충돌 미검증""},""approach"":{""status"":""NOT VERIFIED"",""violations"":0,""checkedPlacements"":2,""scope"":""TCP·그리퍼 스윕 근사만 수행"",""reason"":""실제 관절 한계·역기구학·접근 자세 미검증""},""sequence"":{""status"":""NOT VERIFIED"",""violations"":0,""checkedPlacements"":2,""scope"":""TCP·그리퍼 스윕 근사만 수행"",""reason"":""실제 파지·관절 궤적·전 과정 실행 미검증""}}","3.5784691071428574","11.11111111111111","2","16","0.277451364","1079921146","193","","","","92.3","60.107902974567324","100","100","20","70.8","1.1721854304635762","0","0","","24.29476666665869","43.60589999999502","41.841549999994456","43.25302999999491","72.88429999997607","66.66666666666667","19.19163931650256","8.574565555726663","375.1633657375399","106","0.25709999998798594","3.5784691071428574","0","11.11111111111111","","","100","0","0","","","0","","","","","","",""
"hrpal-inferred","online","identical","106","6","ffc80b7e","complete","","explicit","proxy","{}","{""support"":123}","conventional-pattern/2","2.0.0","null","{""collision"":{""status"":""PASS"",""violations"":0,""checkedPlacements"":12,""scope"":""직육면체 기하·관측 규격 공통 검사"",""reason"":""확정 배치와 최종 적재 상태 검사""},""bounds"":{""status"":""PASS"",""violations"":0,""checkedPlacements"":12,""scope"":""직육면체 기하·관측 규격 공통 검사"",""reason"":""확정 배치와 최종 적재 상태 검사""},""height"":{""status"":""PASS"",""violations"":0,""checkedPlacements"":12,""scope"":""직육면체 기하·관측 규격 공통 검사"",""reason"":""확정 배치와 최종 적재 상태 검사""},""orientation"":{""status"":""PASS"",""violations"":0,""checkedPlacements"":12,""scope"":""직육면체 기하·관측 규격 공통 검사"",""reason"":""확정 배치와 최종 적재 상태 검사""},""load"":{""status"":""PASS"",""violations"":0,""checkedPlacements"":12,""scope"":""입력된 허용 상부하중 · 누적 정적 반력"",""reason"":""입력값 범위의 정적 검사. 실측 재료 인증 아님""},""support"":{""status"":""PASS"",""violations"":0,""checkedPlacements"":12,""scope"":""접촉·합력 작용점·정적 평형"",""reason"":""설정된 지지율·전도 여유 검사. 동적 붕괴·굽힘 파손 미검증""},""payload"":{""status"":""PASS"",""violations"":0,""checkedPlacements"":12,""scope"":""입력 가반하중 · 박스+그리퍼 질량"",""reason"":""사용자가 설정한 가반하중 한계 검사""},""robotCollision"":{""status"":""NOT VERIFIED"",""violations"":0,""checkedPlacements"":12,""scope"":""TCP·그리퍼 스윕 근사만 수행"",""reason"":""전체 로봇 링크 충돌 미검증""},""approach"":{""status"":""NOT VERIFIED"",""violations"":0,""checkedPlacements"":12,""scope"":""TCP·그리퍼 스윕 근사만 수행"",""reason"":""실제 관절 한계·역기구학·접근 자세 미검증""},""sequence"":{""status"":""NOT VERIFIED"",""violations"":0,""checkedPlacements"":12,""scope"":""TCP·그리퍼 스윕 근사만 수행"",""reason"":""실제 파지·관절 궤적·전 과정 실행 미검증""}}","16.071428571428573","100","12","0","0","940000000","400","","","","150","100.77822185373186","100","100","20.55555555555556","95","0.625","0","0","","3.8712499999940824","8.859399999986636","7.349099999995085","8.557339999988328","46.45499999992899","100","100.37583405928804","49.64429213853723","430.38247606972277","284","2.7018999999854714","","","","","","100","0","0","","","100","","","","","","",""
"greedy","online","identical","106","6","ffc80b7e","complete","","explicit","proxy","{}","{""bounds"":12,""support"":157}","adapter-1.0 / planners-f6ec11d4259a","2.0.0","null","{""collision"":{""status"":""PASS"",""violations"":0,""checkedPlacements"":12,""scope"":""직육면체 기하·관측 규격 공통 검사"",""reason"":""확정 배치와 최종 적재 상태 검사""},""bounds"":{""status"":""PASS"",""violations"":0,""checkedPlacements"":12,""scope"":""직육면체 기하·관측 규격 공통 검사"",""reason"":""확정 배치와 최종 적재 상태 검사""},""height"":{""status"":""PASS"",""violations"":0,""checkedPlacements"":12,""scope"":""직육면체 기하·관측 규격 공통 검사"",""reason"":""확정 배치와 최종 적재 상태 검사""},""orientation"":{""status"":""PASS"",""violations"":0,""checkedPlacements"":12,""scope"":""직육면체 기하·관측 규격 공통 검사"",""reason"":""확정 배치와 최종 적재 상태 검사""},""load"":{""status"":""PASS"",""violations"":0,""checkedPlacements"":12,""scope"":""입력된 허용 상부하중 · 누적 정적 반력"",""reason"":""입력값 범위의 정적 검사. 실측 재료 인증 아님""},""support"":{""status"":""PASS"",""violations"":0,""checkedPlacements"":12,""scope"":""접촉·합력 작용점·정적 평형"",""reason"":""설정된 지지율·전도 여유 검사. 동적 붕괴·굽힘 파손 미검증""},""payload"":{""status"":""PASS"",""violations"":0,""checkedPlacements"":12,""scope"":""입력 가반하중 · 박스+그리퍼 질량"",""reason"":""사용자가 설정한 가반하중 한계 검사""},""robotCollision"":{""status"":""NOT VERIFIED"",""violations"":0,""checkedPlacements"":12,""scope"":""TCP·그리퍼 스윕 근사만 수행"",""reason"":""전체 로봇 링크 충돌 미검증""},""approach"":{""status"":""NOT VERIFIED"",""violations"":0,""checkedPlacements"":12,""scope"":""TCP·그리퍼 스윕 근사만 수행"",""reason"":""실제 관절 한계·역기구학·접근 자세 미검증""},""sequence"":{""status"":""NOT VERIFIED"",""violations"":0,""checkedPlacements"":12,""scope"":""TCP·그리퍼 스윕 근사만 수행"",""reason"":""실제 파지·관절 궤적·전 과정 실행 미검증""}}","16.071428571428573","100","12","0","0","940000000","400","","","","150","50.34602488997738","100","100","12.361111111111118","89.7435897435898","0.6250000000000001","0","0","","18.41603333332993","34.674299999984214","31.423965000006135","34.0242329999886","220.99239999995916","100","107.03781804388689","51.37458172852648","403.5956710392531","538","2.4391000000177883","","","","","","100","0","0","","","100","","","","","","",""
"future-hybrid","online","identical","106","6","ffc80b7e","complete","","explicit","proxy","{}","{""bounds"":12,""support"":190}","adapter-1.0 / planners-f6ec11d4259a","2.0.0","null","{""collision"":{""status"":""PASS"",""violations"":0,""checkedPlacements"":12,""scope"":""직육면체 기하·관측 규격 공통 검사"",""reason"":""확정 배치와 최종 적재 상태 검사""},""bounds"":{""status"":""PASS"",""violations"":0,""checkedPlacements"":12,""scope"":""직육면체 기하·관측 규격 공통 검사"",""reason"":""확정 배치와 최종 적재 상태 검사""},""height"":{""status"":""PASS"",""violations"":0,""checkedPlacements"":12,""scope"":""직육면체 기하·관측 규격 공통 검사"",""reason"":""확정 배치와 최종 적재 상태 검사""},""orientation"":{""status"":""PASS"",""violations"":0,""checkedPlacements"":12,""scope"":""직육면체 기하·관측 규격 공통 검사"",""reason"":""확정 배치와 최종 적재 상태 검사""},""load"":{""status"":""PASS"",""violations"":0,""checkedPlacements"":12,""scope"":""입력된 허용 상부하중 · 누적 정적 반력"",""reason"":""입력값 범위의 정적 검사. 실측 재료 인증 아님""},""support"":{""status"":""PASS"",""violations"":0,""checkedPlacements"":12,""scope"":""접촉·합력 작용점·정적 평형"",""reason"":""설정된 지지율·전도 여유 검사. 동적 붕괴·굽힘 파손 미검증""},""payload"":{""status"":""PASS"",""violations"":0,""checkedPlacements"":12,""scope"":""입력 가반하중 · 박스+그리퍼 질량"",""reason"":""사용자가 설정한 가반하중 한계 검사""},""robotCollision"":{""status"":""NOT VERIFIED"",""violations"":0,""checkedPlacements"":12,""scope"":""TCP·그리퍼 스윕 근사만 수행"",""reason"":""전체 로봇 링크 충돌 미검증""},""approach"":{""status"":""NOT VERIFIED"",""violations"":0,""checkedPlacements"":12,""scope"":""TCP·그리퍼 스윕 근사만 수행"",""reason"":""실제 관절 한계·역기구학·접근 자세 미검증""},""sequence"":{""status"":""NOT VERIFIED"",""violations"":0,""checkedPlacements"":12,""scope"":""TCP·그리퍼 스윕 근사만 수행"",""reason"":""실제 파지·관절 궤적·전 과정 실행 미검증""}}","16.071428571428573","100","12","0","0","940000000","400","","","","150","0","100","100","1.3888888888888868","95","0.625","0","0","","71.3077666666674","136.22630000000936","130.8187550000148","135.14479100001046","855.6932000000088","100","108.20092680945035","50.83060242614273","399.25720854571165","538","1.696300000010524","","","","","","100","0","0","","","100","","","","","","",""
"hrpal-inferred","online","random","106","6","2372d34f","partial","누적 무게중심 정적 평형 불가 · Heavy-01 / SUPPORT: 지지 조건 미달 12.9% / 필요 95.0% · CoG 지지 검사 / 무게 규칙 위반 · Wide-02 (12 kg) / SUPPORT: 지지 조건 미달 35.5% / 필요 95.0% · CoG 지지 검사 / 무게 규칙 위반 · Medium-03 (8 kg) / SUPPORT: 지지 조건 미달 29.0% / 필요 95.0% · CoG 지지 검사 / SUPPORT: 지지 조건 미달 2.8% / 필요 95.0% · CoG 지지 검사 / SUPPORT: 지지 조건 미달 3.4% / 필요 95.0% · CoG 지지 검사 / SUPPORT: 지지 조건 미달 11.0% / 필요 95.0% · CoG 지지 검사 / SUPPORT: 지지 조건 미달 59.7% / 필요 95.0% · CoG 지지 검사 / SUPPORT: 지지 조건 미달 0.0% / 필요 95.0% · CoG 지지 검사","explicit","proxy","{}","{""support"":26,""load"":17}","conventional-pattern/2","2.0.0","null","{""collision"":{""status"":""PASS"",""violations"":0,""checkedPlacements"":3,""scope"":""직육면체 기하·관측 규격 공통 검사"",""reason"":""확정 배치와 최종 적재 상태 검사""},""bounds"":{""status"":""PASS"",""violations"":0,""checkedPlacements"":3,""scope"":""직육면체 기하·관측 규격 공통 검사"",""reason"":""확정 배치와 최종 적재 상태 검사""},""height"":{""status"":""PASS"",""violations"":0,""checkedPlacements"":3,""scope"":""직육면체 기하·관측 규격 공통 검사"",""reason"":""확정 배치와 최종 적재 상태 검사""},""orientation"":{""status"":""PASS"",""violations"":0,""checkedPlacements"":3,""scope"":""직육면체 기하·관측 규격 공통 검사"",""reason"":""확정 배치와 최종 적재 상태 검사""},""load"":{""status"":""PASS"",""violations"":0,""checkedPlacements"":3,""scope"":""입력된 허용 상부하중 · 누적 정적 반력"",""reason"":""입력값 범위의 정적 검사. 실측 재료 인증 아님""},""support"":{""status"":""PASS"",""violations"":0,""checkedPlacements"":3,""scope"":""접촉·합력 작용점·정적 평형"",""reason"":""설정된 지지율·전도 여유 검사. 동적 붕괴·굽힘 파손 미검증""},""payload"":{""status"":""PASS"",""violations"":0,""checkedPlacements"":3,""scope"":""입력 가반하중 · 박스+그리퍼 질량"",""reason"":""사용자가 설정한 가반하중 한계 검사""},""robotCollision"":{""status"":""NOT VERIFIED"",""violations"":0,""checkedPlacements"":3,""scope"":""TCP·그리퍼 스윕 근사만 수행"",""reason"":""전체 로봇 링크 충돌 미검증""},""approach"":{""status"":""NOT VERIFIED"",""violations"":0,""checkedPlacements"":3,""scope"":""TCP·그리퍼 스윕 근사만 수행"",""reason"":""실제 관절 한계·역기구학·접근 자세 미검증""},""sequence"":{""status"":""NOT VERIFIED"",""violations"":0,""checkedPlacements"":3,""scope"":""TCP·그리퍼 스윕 근사만 수행"",""reason"":""실제 파지·관절 궤적·전 과정 실행 미검증""}}","6.008894375","16.666666666666668","3","15","0.250230601","1052700383","217","","","","92.57692307692308","25.174244845680967","100","100","31.417615681959383","57.2","1.125984251968504","0","0","","1.0708749999976135","1.4052999999839813","1.3459899999870684","1.3934379999845987","4.283499999990454","75","24.851076806373158","10.953199924142552","434.58881416479693","45","0.25239999999757856","6.008894375","0","16.666666666666668","","","100","0","0","","","0","","","","","","",""
"greedy","online","random","106","6","2372d34f","partial","그리퍼 / 운반 접근 경로 간섭 / SUPPORT: 지지 조건 미달 66.6% / 필요 95.0% / SUPPORT: 지지 조건 미달 36.1% / 필요 95.0% / SUPPORT: 지지 조건 미달 61.9% / 필요 95.0% / SUPPORT: 지지 조건 미달 33.5% / 필요 95.0% / SUPPORT: 지지 조건 미달 36.8% / 필요 95.0% / 누적 무게중심 정적 평형 불가 / SUPPORT: 지지 조건 미달 30.8% / 필요 95.0% / SUPPORT: 지지 조건 미달 21.8% / 필요 95.0% / SUPPORT: 지지 조건 미달 6.9% / 필요 95.0% / SUPPORT: 지지 조건 미달 6.6% / 필요 95.0% / SUPPORT: 지지 조건 미달 6.3% / 필요 95.0% / SUPPORT: 지지 조건 미달 6.2% / 필요 95.0%","explicit","proxy","{}","{""support"":270,""load"":124,""robot-path"":9}","adapter-1.0 / planners-f6ec11d4259a","2.0.0","null","{""collision"":{""status"":""PASS"",""violations"":0,""checkedPlacements"":9,""scope"":""직육면체 기하·관측 규격 공통 검사"",""reason"":""확정 배치와 최종 적재 상태 검사""},""bounds"":{""status"":""PASS"",""violations"":0,""checkedPlacements"":9,""scope"":""직육면체 기하·관측 규격 공통 검사"",""reason"":""확정 배치와 최종 적재 상태 검사""},""height"":{""status"":""PASS"",""violations"":0,""checkedPlacements"":9,""scope"":""직육면체 기하·관측 규격 공통 검사"",""reason"":""확정 배치와 최종 적재 상태 검사""},""orientation"":{""status"":""PASS"",""violations"":0,""checkedPlacements"":9,""scope"":""직육면체 기하·관측 규격 공통 검사"",""reason"":""확정 배치와 최종 적재 상태 검사""},""load"":{""status"":""PASS"",""violations"":0,""checkedPlacements"":9,""scope"":""입력된 허용 상부하중 · 누적 정적 반력"",""reason"":""입력값 범위의 정적 검사. 실측 재료 인증 아님""},""support"":{""status"":""PASS"",""violations"":0,""checkedPlacements"":9,""scope"":""접촉·합력 작용점·정적 평형"",""reason"":""설정된 지지율·전도 여유 검사. 동적 붕괴·굽힘 파손 미검증""},""payload"":{""status"":""PASS"",""violations"":0,""checkedPlacements"":9,""scope"":""입력 가반하중 · 박스+그리퍼 질량"",""reason"":""사용자가 설정한 가반하중 한계 검사""},""robotCollision"":{""status"":""NOT VERIFIED"",""violations"":0,""checkedPlacements"":9,""scope"":""TCP·그리퍼 스윕 근사만 수행"",""reason"":""전체 로봇 링크 충돌 미검증""},""approach"":{""status"":""NOT VERIFIED"",""violations"":0,""checkedPlacements"":9,""scope"":""TCP·그리퍼 스윕 근사만 수행"",""reason"":""실제 관절 한계·역기구학·접근 자세 미검증""},""sequence"":{""status"":""NOT VERIFIED"",""violations"":0,""checkedPlacements"":9,""scope"":""TCP·그리퍼 스윕 근사만 수행"",""reason"":""실제 파지·관절 궤적·전 과정 실행 미검증""}}","17.287214553571427","50","9","9","0.123913415","926383197","575","","","","203.09139784946237","72.75220901949206","100","100","30.953656628251085","57.2","0.619815668202765","0","0","","61.09488000000128","111.15229999998701","111.12183499999374","111.14620699998835","610.9488000000129","90","85.77841582795247","38.205970288169105","377.71739763748195","442","2.502299999992829","17.287214553571427","0","50","","","100","0","0","","","0","","","","","","",""
"future-hybrid","online","random","106","6","2372d34f","partial","세로 박스 돌출 높이 초과 / SUPPORT: 지지 조건 미달 23.6% / 필요 95.0% / 누적 무게중심 정적 평형 불가 / SUPPORT: 지지 조건 미달 10.7% / 필요 95.0% / SUPPORT: 지지 조건 미달 10.1% / 필요 95.0% / SUPPORT: 지지 조건 미달 23.2% / 필요 95.0% / SUPPORT: 지지 조건 미달 22.2% / 필요 95.0% / SUPPORT: 지지 조건 미달 9.6% / 필요 95.0% / SUPPORT: 지지 조건 미달 9.2% / 필요 95.0% / 세로 박스 주변 높이 부족 / SUPPORT: 지지 조건 미달 10.2% / 필요 95.0% / SUPPORT: 지지 조건 미달 9.7% / 필요 95.0%","explicit","proxy","{}","{""support"":219,""load"":101,""robot-path"":6,""protocol"":48}","adapter-1.0 / planners-f6ec11d4259a","2.0.0","null","{""collision"":{""status"":""PASS"",""violations"":0,""checkedPlacements"":11,""scope"":""직육면체 기하·관측 규격 공통 검사"",""reason"":""확정 배치와 최종 적재 상태 검사""},""bounds"":{""status"":""PASS"",""violations"":0,""checkedPlacements"":11,""scope"":""직육면체 기하·관측 규격 공통 검사"",""reason"":""확정 배치와 최종 적재 상태 검사""},""height"":{""status"":""PASS"",""violations"":0,""checkedPlacements"":11,""scope"":""직육면체 기하·관측 규격 공통 검사"",""reason"":""확정 배치와 최종 적재 상태 검사""},""orientation"":{""status"":""PASS"",""violations"":0,""checkedPlacements"":11,""scope"":""직육면체 기하·관측 규격 공통 검사"",""reason"":""확정 배치와 최종 적재 상태 검사""},""load"":{""status"":""PASS"",""violations"":0,""checkedPlacements"":11,""scope"":""입력된 허용 상부하중 · 누적 정적 반력"",""reason"":""입력값 범위의 정적 검사. 실측 재료 인증 아님""},""support"":{""status"":""PASS"",""violations"":0,""checkedPlacements"":11,""scope"":""접촉·합력 작용점·정적 평형"",""reason"":""설정된 지지율·전도 여유 검사. 동적 붕괴·굽힘 파손 미검증""},""payload"":{""status"":""PASS"",""violations"":0,""checkedPlacements"":11,""scope"":""입력 가반하중 · 박스+그리퍼 질량"",""reason"":""사용자가 설정한 가반하중 한계 검사""},""robotCollision"":{""status"":""NOT VERIFIED"",""violations"":0,""checkedPlacements"":11,""scope"":""TCP·그리퍼 스윕 근사만 수행"",""reason"":""전체 로봇 링크 충돌 미검증""},""approach"":{""status"":""NOT VERIFIED"",""violations"":0,""checkedPlacements"":11,""scope"":""TCP·그리퍼 스윕 근사만 수행"",""reason"":""실제 관절 한계·역기구학·접근 자세 미검증""},""sequence"":{""status"":""NOT VERIFIED"",""violations"":0,""checkedPlacements"":11,""scope"":""TCP·그리퍼 스윕 근사만 수행"",""reason"":""실제 파지·관절 궤적·전 과정 실행 미검증""}}","19.00469776785714","61.111111111111114","11","7","0.104677603","907147385","434","","","","158.23529411764707","18.506360804721314","100","100","7.626470349389885","52.45","0.562992125984252","0","0","","265.069524999999","873.4759999999951","710.7088350000017","840.9225669999967","3180.8342999999877","91.66666666666667","101.3348628892362","48.31766087800354","390.7835750790394","538","4.203099999984261","19.00469776785714","0","61.111111111111114","","","100","0","0","","","0","","","","","","",""
"greedy","online","identical","107","7","d3e69a7f","complete","","explicit","proxy","{}","{""bounds"":12,""support"":157}","adapter-1.0 / planners-f6ec11d4259a","2.0.0","null","{""collision"":{""status"":""PASS"",""violations"":0,""checkedPlacements"":12,""scope"":""직육면체 기하·관측 규격 공통 검사"",""reason"":""확정 배치와 최종 적재 상태 검사""},""bounds"":{""status"":""PASS"",""violations"":0,""checkedPlacements"":12,""scope"":""직육면체 기하·관측 규격 공통 검사"",""reason"":""확정 배치와 최종 적재 상태 검사""},""height"":{""status"":""PASS"",""violations"":0,""checkedPlacements"":12,""scope"":""직육면체 기하·관측 규격 공통 검사"",""reason"":""확정 배치와 최종 적재 상태 검사""},""orientation"":{""status"":""PASS"",""violations"":0,""checkedPlacements"":12,""scope"":""직육면체 기하·관측 규격 공통 검사"",""reason"":""확정 배치와 최종 적재 상태 검사""},""load"":{""status"":""PASS"",""violations"":0,""checkedPlacements"":12,""scope"":""입력된 허용 상부하중 · 누적 정적 반력"",""reason"":""입력값 범위의 정적 검사. 실측 재료 인증 아님""},""support"":{""status"":""PASS"",""violations"":0,""checkedPlacements"":12,""scope"":""접촉·합력 작용점·정적 평형"",""reason"":""설정된 지지율·전도 여유 검사. 동적 붕괴·굽힘 파손 미검증""},""payload"":{""status"":""PASS"",""violations"":0,""checkedPlacements"":12,""scope"":""입력 가반하중 · 박스+그리퍼 질량"",""reason"":""사용자가 설정한 가반하중 한계 검사""},""robotCollision"":{""status"":""NOT VERIFIED"",""violations"":0,""checkedPlacements"":12,""scope"":""TCP·그리퍼 스윕 근사만 수행"",""reason"":""전체 로봇 링크 충돌 미검증""},""approach"":{""status"":""NOT VERIFIED"",""violations"":0,""checkedPlacements"":12,""scope"":""TCP·그리퍼 스윕 근사만 수행"",""reason"":""실제 관절 한계·역기구학·접근 자세 미검증""},""sequence"":{""status"":""NOT VERIFIED"",""violations"":0,""checkedPlacements"":12,""scope"":""TCP·그리퍼 스윕 근사만 수행"",""reason"":""실제 파지·관절 궤적·전 과정 실행 미검증""}}","16.071428571428573","100","12","0","0","940000000","400","","","","150","50.34602488997738","100","100","12.361111111111118","89.7435897435898","0.6250000000000001","0","0","","21.176866666666076","36.529899999994086","33.58025000000343","35.93996999999596","254.12239999999292","100","107.03781804388689","51.37458172852648","403.5956710392531","538","2.408100000000559","","","","","","100","0","0","","","100","","","","","","",""
"future-hybrid","online","identical","107","7","d3e69a7f","complete","","explicit","proxy","{}","{""bounds"":12,""support"":190}","adapter-1.0 / planners-f6ec11d4259a","2.0.0","null","{""collision"":{""status"":""PASS"",""violations"":0,""checkedPlacements"":12,""scope"":""직육면체 기하·관측 규격 공통 검사"",""reason"":""확정 배치와 최종 적재 상태 검사""},""bounds"":{""status"":""PASS"",""violations"":0,""checkedPlacements"":12,""scope"":""직육면체 기하·관측 규격 공통 검사"",""reason"":""확정 배치와 최종 적재 상태 검사""},""height"":{""status"":""PASS"",""violations"":0,""checkedPlacements"":12,""scope"":""직육면체 기하·관측 규격 공통 검사"",""reason"":""확정 배치와 최종 적재 상태 검사""},""orientation"":{""status"":""PASS"",""violations"":0,""checkedPlacements"":12,""scope"":""직육면체 기하·관측 규격 공통 검사"",""reason"":""확정 배치와 최종 적재 상태 검사""},""load"":{""status"":""PASS"",""violations"":0,""checkedPlacements"":12,""scope"":""입력된 허용 상부하중 · 누적 정적 반력"",""reason"":""입력값 범위의 정적 검사. 실측 재료 인증 아님""},""support"":{""status"":""PASS"",""violations"":0,""checkedPlacements"":12,""scope"":""접촉·합력 작용점·정적 평형"",""reason"":""설정된 지지율·전도 여유 검사. 동적 붕괴·굽힘 파손 미검증""},""payload"":{""status"":""PASS"",""violations"":0,""checkedPlacements"":12,""scope"":""입력 가반하중 · 박스+그리퍼 질량"",""reason"":""사용자가 설정한 가반하중 한계 검사""},""robotCollision"":{""status"":""NOT VERIFIED"",""violations"":0,""checkedPlacements"":12,""scope"":""TCP·그리퍼 스윕 근사만 수행"",""reason"":""전체 로봇 링크 충돌 미검증""},""approach"":{""status"":""NOT VERIFIED"",""violations"":0,""checkedPlacements"":12,""scope"":""TCP·그리퍼 스윕 근사만 수행"",""reason"":""실제 관절 한계·역기구학·접근 자세 미검증""},""sequence"":{""status"":""NOT VERIFIED"",""violations"":0,""checkedPlacements"":12,""scope"":""TCP·그리퍼 스윕 근사만 수행"",""reason"":""실제 파지·관절 궤적·전 과정 실행 미검증""}}","16.071428571428573","100","12","0","0","940000000","400","","","","150","0","100","100","1.3888888888888868","95","0.625","0","0","","68.90591666667508","123.67679999998654","117.45492500000255","122.43242499998975","826.871000000101","100","108.20092680945035","50.83060242614273","399.25720854571165","538","2.567799999989802","","","","","","100","0","0","","","100","","","","","","",""
"hrpal-inferred","online","identical","107","7","d3e69a7f","complete","","explicit","proxy","{}","{""support"":123}","conventional-pattern/2","2.0.0","null","{""collision"":{""status"":""PASS"",""violations"":0,""checkedPlacements"":12,""scope"":""직육면체 기하·관측 규격 공통 검사"",""reason"":""확정 배치와 최종 적재 상태 검사""},""bounds"":{""status"":""PASS"",""violations"":0,""checkedPlacements"":12,""scope"":""직육면체 기하·관측 규격 공통 검사"",""reason"":""확정 배치와 최종 적재 상태 검사""},""height"":{""status"":""PASS"",""violations"":0,""checkedPlacements"":12,""scope"":""직육면체 기하·관측 규격 공통 검사"",""reason"":""확정 배치와 최종 적재 상태 검사""},""orientation"":{""status"":""PASS"",""violations"":0,""checkedPlacements"":12,""scope"":""직육면체 기하·관측 규격 공통 검사"",""reason"":""확정 배치와 최종 적재 상태 검사""},""load"":{""status"":""PASS"",""violations"":0,""checkedPlacements"":12,""scope"":""입력된 허용 상부하중 · 누적 정적 반력"",""reason"":""입력값 범위의 정적 검사. 실측 재료 인증 아님""},""support"":{""status"":""PASS"",""violations"":0,""checkedPlacements"":12,""scope"":""접촉·합력 작용점·정적 평형"",""reason"":""설정된 지지율·전도 여유 검사. 동적 붕괴·굽힘 파손 미검증""},""payload"":{""status"":""PASS"",""violations"":0,""checkedPlacements"":12,""scope"":""입력 가반하중 · 박스+그리퍼 질량"",""reason"":""사용자가 설정한 가반하중 한계 검사""},""robotCollision"":{""status"":""NOT VERIFIED"",""violations"":0,""checkedPlacements"":12,""scope"":""TCP·그리퍼 스윕 근사만 수행"",""reason"":""전체 로봇 링크 충돌 미검증""},""approach"":{""status"":""NOT VERIFIED"",""violations"":0,""checkedPlacements"":12,""scope"":""TCP·그리퍼 스윕 근사만 수행"",""reason"":""실제 관절 한계·역기구학·접근 자세 미검증""},""sequence"":{""status"":""NOT VERIFIED"",""violations"":0,""checkedPlacements"":12,""scope"":""TCP·그리퍼 스윕 근사만 수행"",""reason"":""실제 파지·관절 궤적·전 과정 실행 미검증""}}","16.071428571428573","100","12","0","0","940000000","400","","","","150","100.77822185373186","100","100","20.55555555555556","95","0.625","0","0","","4.051474999995359","7.57239999997546","7.194549999988521","7.496829999978073","48.61769999994431","100","100.37583405928804","49.64429213853723","430.38247606972277","284","3.026300000026822","","","","","","100","0","0","","","100","","","","","","",""
"greedy","online","random","107","7","062a1042","no-placement","세로 박스 주변 높이 부족","explicit","proxy","{}","{""protocol"":10}","adapter-1.0 / planners-f6ec11d4259a","2.0.0","null","{""collision"":{""status"":""NOT VERIFIED"",""violations"":0,""checkedPlacements"":0,""scope"":""직육면체 기하·관측 규격 공통 검사"",""reason"":""검증할 확정 배치 없음""},""bounds"":{""status"":""NOT VERIFIED"",""violations"":0,""checkedPlacements"":0,""scope"":""직육면체 기하·관측 규격 공통 검사"",""reason"":""검증할 확정 배치 없음""},""height"":{""status"":""NOT VERIFIED"",""violations"":0,""checkedPlacements"":0,""scope"":""직육면체 기하·관측 규격 공통 검사"",""reason"":""검증할 확정 배치 없음""},""orientation"":{""status"":""NOT VERIFIED"",""violations"":0,""checkedPlacements"":0,""scope"":""직육면체 기하·관측 규격 공통 검사"",""reason"":""검증할 확정 배치 없음""},""load"":{""status"":""NOT VERIFIED"",""violations"":0,""checkedPlacements"":0,""scope"":""입력된 허용 상부하중 · 누적 정적 반력"",""reason"":""검증할 확정 배치 없음""},""support"":{""status"":""NOT VERIFIED"",""violations"":0,""checkedPlacements"":0,""scope"":""접촉·합력 작용점·정적 평형"",""reason"":""검증할 확정 배치 없음""},""payload"":{""status"":""NOT VERIFIED"",""violations"":0,""checkedPlacements"":0,""scope"":""입력 가반하중 · 박스+그리퍼 질량"",""reason"":""검증할 확정 배치 없음""},""robotCollision"":{""status"":""NOT VERIFIED"",""violations"":0,""checkedPlacements"":0,""scope"":""TCP·그리퍼 스윕 근사만 수행"",""reason"":""검증할 확정 배치 없음""},""approach"":{""status"":""NOT VERIFIED"",""violations"":0,""checkedPlacements"":0,""scope"":""TCP·그리퍼 스윕 근사만 수행"",""reason"":""검증할 확정 배치 없음""},""sequence"":{""status"":""NOT VERIFIED"",""violations"":0,""checkedPlacements"":0,""scope"":""TCP·그리퍼 스윕 근사만 수행"",""reason"":""검증할 확정 배치 없음""}}","0","0","0","18","0.317530218","1120000000","","","","","","","","","","","","0","0","","0.47469999999157153","0.47469999999157153","0.47469999999157153","0.47469999999157153","0.47469999999157153","0","","","","10","0.053899999998975545","0","0","0","","","","0","0","","","0","","","","","","",""
"future-hybrid","online","random","107","7","062a1042","no-placement","세로 박스 주변 높이 부족","explicit","proxy","{}","{""protocol"":10}","adapter-1.0 / planners-f6ec11d4259a","2.0.0","null","{""collision"":{""status"":""NOT VERIFIED"",""violations"":0,""checkedPlacements"":0,""scope"":""직육면체 기하·관측 규격 공통 검사"",""reason"":""검증할 확정 배치 없음""},""bounds"":{""status"":""NOT VERIFIED"",""violations"":0,""checkedPlacements"":0,""scope"":""직육면체 기하·관측 규격 공통 검사"",""reason"":""검증할 확정 배치 없음""},""height"":{""status"":""NOT VERIFIED"",""violations"":0,""checkedPlacements"":0,""scope"":""직육면체 기하·관측 규격 공통 검사"",""reason"":""검증할 확정 배치 없음""},""orientation"":{""status"":""NOT VERIFIED"",""violations"":0,""checkedPlacements"":0,""scope"":""직육면체 기하·관측 규격 공통 검사"",""reason"":""검증할 확정 배치 없음""},""load"":{""status"":""NOT VERIFIED"",""violations"":0,""checkedPlacements"":0,""scope"":""입력된 허용 상부하중 · 누적 정적 반력"",""reason"":""검증할 확정 배치 없음""},""support"":{""status"":""NOT VERIFIED"",""violations"":0,""checkedPlacements"":0,""scope"":""접촉·합력 작용점·정적 평형"",""reason"":""검증할 확정 배치 없음""},""payload"":{""status"":""NOT VERIFIED"",""violations"":0,""checkedPlacements"":0,""scope"":""입력 가반하중 · 박스+그리퍼 질량"",""reason"":""검증할 확정 배치 없음""},""robotCollision"":{""status"":""NOT VERIFIED"",""violations"":0,""checkedPlacements"":0,""scope"":""TCP·그리퍼 스윕 근사만 수행"",""reason"":""검증할 확정 배치 없음""},""approach"":{""status"":""NOT VERIFIED"",""violations"":0,""checkedPlacements"":0,""scope"":""TCP·그리퍼 스윕 근사만 수행"",""reason"":""검증할 확정 배치 없음""},""sequence"":{""status"":""NOT VERIFIED"",""violations"":0,""checkedPlacements"":0,""scope"":""TCP·그리퍼 스윕 근사만 수행"",""reason"":""검증할 확정 배치 없음""}}","0","0","0","18","0.317530218","1120000000","","","","","","","","","","","","0","0","","1.4703000000154134","1.4703000000154134","1.4703000000154134","1.4703000000154134","1.4703000000154134","0","","","","10","0.025600000022677705","0","0","0","","","","0","0","","","0","","","","","","",""
"hrpal-inferred","online","random","107","7","062a1042","no-placement","세로 박스 주변 높이 부족 · 가까운 눕힌 적재를 먼저 쌓아야 함","explicit","proxy","{}","{""protocol"":31}","conventional-pattern/2","2.0.0","null","{""collision"":{""status"":""NOT VERIFIED"",""violations"":0,""checkedPlacements"":0,""scope"":""직육면체 기하·관측 규격 공통 검사"",""reason"":""검증할 확정 배치 없음""},""bounds"":{""status"":""NOT VERIFIED"",""violations"":0,""checkedPlacements"":0,""scope"":""직육면체 기하·관측 규격 공통 검사"",""reason"":""검증할 확정 배치 없음""},""height"":{""status"":""NOT VERIFIED"",""violations"":0,""checkedPlacements"":0,""scope"":""직육면체 기하·관측 규격 공통 검사"",""reason"":""검증할 확정 배치 없음""},""orientation"":{""status"":""NOT VERIFIED"",""violations"":0,""checkedPlacements"":0,""scope"":""직육면체 기하·관측 규격 공통 검사"",""reason"":""검증할 확정 배치 없음""},""load"":{""status"":""NOT VERIFIED"",""violations"":0,""checkedPlacements"":0,""scope"":""입력된 허용 상부하중 · 누적 정적 반력"",""reason"":""검증할 확정 배치 없음""},""support"":{""status"":""NOT VERIFIED"",""violations"":0,""checkedPlacements"":0,""scope"":""접촉·합력 작용점·정적 평형"",""reason"":""검증할 확정 배치 없음""},""payload"":{""status"":""NOT VERIFIED"",""violations"":0,""checkedPlacements"":0,""scope"":""입력 가반하중 · 박스+그리퍼 질량"",""reason"":""검증할 확정 배치 없음""},""robotCollision"":{""status"":""NOT VERIFIED"",""violations"":0,""checkedPlacements"":0,""scope"":""TCP·그리퍼 스윕 근사만 수행"",""reason"":""검증할 확정 배치 없음""},""approach"":{""status"":""NOT VERIFIED"",""violations"":0,""checkedPlacements"":0,""scope"":""TCP·그리퍼 스윕 근사만 수행"",""reason"":""검증할 확정 배치 없음""},""sequence"":{""status"":""NOT VERIFIED"",""violations"":0,""checkedPlacements"":0,""scope"":""TCP·그리퍼 스윕 근사만 수행"",""reason"":""검증할 확정 배치 없음""}}","0","0","0","18","0.317530218","1120000000","","","","","","","","","","","","0","0","","2.4178000000247266","2.4178000000247266","2.4178000000247266","2.4178000000247266","2.4178000000247266","0","","","","31","0.06750000000465661","0","0","0","","","","0","0","","","0","","","","","","",""
"future-hybrid","online","identical","108","8","bc92ae4c","complete","","explicit","proxy","{}","{""bounds"":12,""support"":190}","adapter-1.0 / planners-f6ec11d4259a","2.0.0","null","{""collision"":{""status"":""PASS"",""violations"":0,""checkedPlacements"":12,""scope"":""직육면체 기하·관측 규격 공통 검사"",""reason"":""확정 배치와 최종 적재 상태 검사""},""bounds"":{""status"":""PASS"",""violations"":0,""checkedPlacements"":12,""scope"":""직육면체 기하·관측 규격 공통 검사"",""reason"":""확정 배치와 최종 적재 상태 검사""},""height"":{""status"":""PASS"",""violations"":0,""checkedPlacements"":12,""scope"":""직육면체 기하·관측 규격 공통 검사"",""reason"":""확정 배치와 최종 적재 상태 검사""},""orientation"":{""status"":""PASS"",""violations"":0,""checkedPlacements"":12,""scope"":""직육면체 기하·관측 규격 공통 검사"",""reason"":""확정 배치와 최종 적재 상태 검사""},""load"":{""status"":""PASS"",""violations"":0,""checkedPlacements"":12,""scope"":""입력된 허용 상부하중 · 누적 정적 반력"",""reason"":""입력값 범위의 정적 검사. 실측 재료 인증 아님""},""support"":{""status"":""PASS"",""violations"":0,""checkedPlacements"":12,""scope"":""접촉·합력 작용점·정적 평형"",""reason"":""설정된 지지율·전도 여유 검사. 동적 붕괴·굽힘 파손 미검증""},""payload"":{""status"":""PASS"",""violations"":0,""checkedPlacements"":12,""scope"":""입력 가반하중 · 박스+그리퍼 질량"",""reason"":""사용자가 설정한 가반하중 한계 검사""},""robotCollision"":{""status"":""NOT VERIFIED"",""violations"":0,""checkedPlacements"":12,""scope"":""TCP·그리퍼 스윕 근사만 수행"",""reason"":""전체 로봇 링크 충돌 미검증""},""approach"":{""status"":""NOT VERIFIED"",""violations"":0,""checkedPlacements"":12,""scope"":""TCP·그리퍼 스윕 근사만 수행"",""reason"":""실제 관절 한계·역기구학·접근 자세 미검증""},""sequence"":{""status"":""NOT VERIFIED"",""violations"":0,""checkedPlacements"":12,""scope"":""TCP·그리퍼 스윕 근사만 수행"",""reason"":""실제 파지·관절 궤적·전 과정 실행 미검증""}}","16.071428571428573","100","12","0","0","940000000","400","","","","150","0","100","100","1.3888888888888868","95","0.625","0","0","","83.13252500000333","192.2109000000055","168.21682000000578","187.4120840000056","997.5903000000399","100","108.20092680945035","50.83060242614273","399.25720854571165","538","3.690100000007078","","","","","","100","0","0","","","100","","","","","","",""
"hrpal-inferred","online","identical","108","8","bc92ae4c","complete","","explicit","proxy","{}","{""support"":123}","conventional-pattern/2","2.0.0","null","{""collision"":{""status"":""PASS"",""violations"":0,""checkedPlacements"":12,""scope"":""직육면체 기하·관측 규격 공통 검사"",""reason"":""확정 배치와 최종 적재 상태 검사""},""bounds"":{""status"":""PASS"",""violations"":0,""checkedPlacements"":12,""scope"":""직육면체 기하·관측 규격 공통 검사"",""reason"":""확정 배치와 최종 적재 상태 검사""},""height"":{""status"":""PASS"",""violations"":0,""checkedPlacements"":12,""scope"":""직육면체 기하·관측 규격 공통 검사"",""reason"":""확정 배치와 최종 적재 상태 검사""},""orientation"":{""status"":""PASS"",""violations"":0,""checkedPlacements"":12,""scope"":""직육면체 기하·관측 규격 공통 검사"",""reason"":""확정 배치와 최종 적재 상태 검사""},""load"":{""status"":""PASS"",""violations"":0,""checkedPlacements"":12,""scope"":""입력된 허용 상부하중 · 누적 정적 반력"",""reason"":""입력값 범위의 정적 검사. 실측 재료 인증 아님""},""support"":{""status"":""PASS"",""violations"":0,""checkedPlacements"":12,""scope"":""접촉·합력 작용점·정적 평형"",""reason"":""설정된 지지율·전도 여유 검사. 동적 붕괴·굽힘 파손 미검증""},""payload"":{""status"":""PASS"",""violations"":0,""checkedPlacements"":12,""scope"":""입력 가반하중 · 박스+그리퍼 질량"",""reason"":""사용자가 설정한 가반하중 한계 검사""},""robotCollision"":{""status"":""NOT VERIFIED"",""violations"":0,""checkedPlacements"":12,""scope"":""TCP·그리퍼 스윕 근사만 수행"",""reason"":""전체 로봇 링크 충돌 미검증""},""approach"":{""status"":""NOT VERIFIED"",""violations"":0,""checkedPlacements"":12,""scope"":""TCP·그리퍼 스윕 근사만 수행"",""reason"":""실제 관절 한계·역기구학·접근 자세 미검증""},""sequence"":{""status"":""NOT VERIFIED"",""violations"":0,""checkedPlacements"":12,""scope"":""TCP·그리퍼 스윕 근사만 수행"",""reason"":""실제 파지·관절 궤적·전 과정 실행 미검증""}}","16.071428571428573","100","12","0","0","940000000","400","","","","150","100.77822185373186","100","100","20.55555555555556","95","0.625","0","0","","7.302691666664032","29.07750000001397","18.171495000012495","26.896299000013688","87.63229999996838","100","100.37583405928804","49.64429213853723","430.38247606972277","284","2.6956999999820255","","","","","","100","0","0","","","100","","","","","","",""
"greedy","online","identical","108","8","bc92ae4c","complete","","explicit","proxy","{}","{""bounds"":12,""support"":157}","adapter-1.0 / planners-f6ec11d4259a","2.0.0","null","{""collision"":{""status"":""PASS"",""violations"":0,""checkedPlacements"":12,""scope"":""직육면체 기하·관측 규격 공통 검사"",""reason"":""확정 배치와 최종 적재 상태 검사""},""bounds"":{""status"":""PASS"",""violations"":0,""checkedPlacements"":12,""scope"":""직육면체 기하·관측 규격 공통 검사"",""reason"":""확정 배치와 최종 적재 상태 검사""},""height"":{""status"":""PASS"",""violations"":0,""checkedPlacements"":12,""scope"":""직육면체 기하·관측 규격 공통 검사"",""reason"":""확정 배치와 최종 적재 상태 검사""},""orientation"":{""status"":""PASS"",""violations"":0,""checkedPlacements"":12,""scope"":""직육면체 기하·관측 규격 공통 검사"",""reason"":""확정 배치와 최종 적재 상태 검사""},""load"":{""status"":""PASS"",""violations"":0,""checkedPlacements"":12,""scope"":""입력된 허용 상부하중 · 누적 정적 반력"",""reason"":""입력값 범위의 정적 검사. 실측 재료 인증 아님""},""support"":{""status"":""PASS"",""violations"":0,""checkedPlacements"":12,""scope"":""접촉·합력 작용점·정적 평형"",""reason"":""설정된 지지율·전도 여유 검사. 동적 붕괴·굽힘 파손 미검증""},""payload"":{""status"":""PASS"",""violations"":0,""checkedPlacements"":12,""scope"":""입력 가반하중 · 박스+그리퍼 질량"",""reason"":""사용자가 설정한 가반하중 한계 검사""},""robotCollision"":{""status"":""NOT VERIFIED"",""violations"":0,""checkedPlacements"":12,""scope"":""TCP·그리퍼 스윕 근사만 수행"",""reason"":""전체 로봇 링크 충돌 미검증""},""approach"":{""status"":""NOT VERIFIED"",""violations"":0,""checkedPlacements"":12,""scope"":""TCP·그리퍼 스윕 근사만 수행"",""reason"":""실제 관절 한계·역기구학·접근 자세 미검증""},""sequence"":{""status"":""NOT VERIFIED"",""violations"":0,""checkedPlacements"":12,""scope"":""TCP·그리퍼 스윕 근사만 수행"",""reason"":""실제 파지·관절 궤적·전 과정 실행 미검증""}}","16.071428571428573","100","12","0","0","940000000","400","","","","150","50.34602488997738","100","100","12.361111111111118","89.7435897435898","0.6250000000000001","0","0","","21.787066666661605","37.659499999979744","34.60001499999052","37.047602999981905","261.4447999999393","100","107.03781804388689","51.37458172852648","403.5956710392531","538","4.750700000004144","","","","","","100","0","0","","","100","","","","","","",""
"future-hybrid","online","random","108","8","3d8288f9","partial","누적 무게중심 정적 평형 불가 / SUPPORT: 지지 조건 미달 30.5% / 필요 95.0% / 무게 규칙 위반 / SUPPORT: 지지 조건 미달 18.2% / 필요 95.0% / SUPPORT: 지지 조건 미달 24.1% / 필요 95.0% / SUPPORT: 지지 조건 미달 17.0% / 필요 95.0% / SUPPORT: 지지 조건 미달 57.0% / 필요 95.0% / SUPPORT: 지지 조건 미달 5.7% / 필요 95.0% / SUPPORT: 지지 조건 미달 30.0% / 필요 95.0% / SUPPORT: 지지 조건 미달 37.8% / 필요 95.0% / SUPPORT: 지지 조건 미달 39.6% / 필요 95.0% / SUPPORT: 지지 조건 미달 42.5% / 필요 95.0%","explicit","proxy","{}","{""support"":94,""load"":58}","adapter-1.0 / planners-f6ec11d4259a","2.0.0","null","{""collision"":{""status"":""PASS"",""violations"":0,""checkedPlacements"":5,""scope"":""직육면체 기하·관측 규격 공통 검사"",""reason"":""확정 배치와 최종 적재 상태 검사""},""bounds"":{""status"":""PASS"",""violations"":0,""checkedPlacements"":5,""scope"":""직육면체 기하·관측 규격 공통 검사"",""reason"":""확정 배치와 최종 적재 상태 검사""},""height"":{""status"":""PASS"",""violations"":0,""checkedPlacements"":5,""scope"":""직육면체 기하·관측 규격 공통 검사"",""reason"":""확정 배치와 최종 적재 상태 검사""},""orientation"":{""status"":""PASS"",""violations"":0,""checkedPlacements"":5,""scope"":""직육면체 기하·관측 규격 공통 검사"",""reason"":""확정 배치와 최종 적재 상태 검사""},""load"":{""status"":""PASS"",""violations"":0,""checkedPlacements"":5,""scope"":""입력된 허용 상부하중 · 누적 정적 반력"",""reason"":""입력값 범위의 정적 검사. 실측 재료 인증 아님""},""support"":{""status"":""PASS"",""violations"":0,""checkedPlacements"":5,""scope"":""접촉·합력 작용점·정적 평형"",""reason"":""설정된 지지율·전도 여유 검사. 동적 붕괴·굽힘 파손 미검증""},""payload"":{""status"":""PASS"",""violations"":0,""checkedPlacements"":5,""scope"":""입력 가반하중 · 박스+그리퍼 질량"",""reason"":""사용자가 설정한 가반하중 한계 검사""},""robotCollision"":{""status"":""NOT VERIFIED"",""violations"":0,""checkedPlacements"":5,""scope"":""TCP·그리퍼 스윕 근사만 수행"",""reason"":""전체 로봇 링크 충돌 미검증""},""approach"":{""status"":""NOT VERIFIED"",""violations"":0,""checkedPlacements"":5,""scope"":""TCP·그리퍼 스윕 근사만 수행"",""reason"":""실제 관절 한계·역기구학·접근 자세 미검증""},""sequence"":{""status"":""NOT VERIFIED"",""violations"":0,""checkedPlacements"":5,""scope"":""TCP·그리퍼 스윕 근사만 수행"",""reason"":""실제 파지·관절 궤적·전 과정 실행 미검증""}}","5.4463865178571425","27.77777777777778","5","13","0.256530689","1059000471","217","","","","90.24285714285715","108.47446892316762","100","100","24.820143884892087","70.8","1.1721854304635762","0","0","","133.2922499999986","330.61060000001453","294.6596000000136","323.42040000001435","799.7534999999916","83.33333333333333","44.61290475283217","19.898388089340916","403.4707020250077","250","0.8913999999931548","5.4463865178571425","0","27.77777777777778","","","100","0","0","","","0","","","","","","",""
"hrpal-inferred","online","random","108","8","3d8288f9","partial","SUPPORT: 지지 조건 미달 42.5% / 필요 95.0% · CoG 지지 검사 / SUPPORT: 지지 조건 미달 39.0% / 필요 95.0% · CoG 지지 검사 / SUPPORT: 지지 조건 미달 57.0% / 필요 95.0% · CoG 지지 검사 / 누적 무게중심 정적 평형 불가 · Long-01 / SUPPORT: 지지 조건 미달 19.9% / 필요 95.0% · CoG 지지 검사 / SUPPORT: 지지 조건 미달 0.0% / 필요 95.0% · CoG 지지 검사 / SUPPORT: 지지 조건 미달 11.1% / 필요 95.0% · CoG 지지 검사 / SUPPORT: 지지 조건 미달 46.6% / 필요 95.0% · CoG 지지 검사 / SUPPORT: 지지 조건 미달 30.0% / 필요 95.0% · CoG 지지 검사 / SUPPORT: 지지 조건 미달 26.4% / 필요 95.0% · CoG 지지 검사 / SUPPORT: 지지 조건 미달 10.2% / 필요 95.0% · CoG 지지 검사","explicit","proxy","{}","{""support"":91,""load"":10}","conventional-pattern/2","2.0.0","null","{""collision"":{""status"":""PASS"",""violations"":0,""checkedPlacements"":5,""scope"":""직육면체 기하·관측 규격 공통 검사"",""reason"":""확정 배치와 최종 적재 상태 검사""},""bounds"":{""status"":""PASS"",""violations"":0,""checkedPlacements"":5,""scope"":""직육면체 기하·관측 규격 공통 검사"",""reason"":""확정 배치와 최종 적재 상태 검사""},""height"":{""status"":""PASS"",""violations"":0,""checkedPlacements"":5,""scope"":""직육면체 기하·관측 규격 공통 검사"",""reason"":""확정 배치와 최종 적재 상태 검사""},""orientation"":{""status"":""PASS"",""violations"":0,""checkedPlacements"":5,""scope"":""직육면체 기하·관측 규격 공통 검사"",""reason"":""확정 배치와 최종 적재 상태 검사""},""load"":{""status"":""PASS"",""violations"":0,""checkedPlacements"":5,""scope"":""입력된 허용 상부하중 · 누적 정적 반력"",""reason"":""입력값 범위의 정적 검사. 실측 재료 인증 아님""},""support"":{""status"":""PASS"",""violations"":0,""checkedPlacements"":5,""scope"":""접촉·합력 작용점·정적 평형"",""reason"":""설정된 지지율·전도 여유 검사. 동적 붕괴·굽힘 파손 미검증""},""payload"":{""status"":""PASS"",""violations"":0,""checkedPlacements"":5,""scope"":""입력 가반하중 · 박스+그리퍼 질량"",""reason"":""사용자가 설정한 가반하중 한계 검사""},""robotCollision"":{""status"":""NOT VERIFIED"",""violations"":0,""checkedPlacements"":5,""scope"":""TCP·그리퍼 스윕 근사만 수행"",""reason"":""전체 로봇 링크 충돌 미검증""},""approach"":{""status"":""NOT VERIFIED"",""violations"":0,""checkedPlacements"":5,""scope"":""TCP·그리퍼 스윕 근사만 수행"",""reason"":""실제 관절 한계·역기구학·접근 자세 미검증""},""sequence"":{""status"":""NOT VERIFIED"",""violations"":0,""checkedPlacements"":5,""scope"":""TCP·그리퍼 스윕 근사만 수행"",""reason"":""실제 파지·관절 궤적·전 과정 실행 미검증""}}","5.4463865178571425","27.77777777777778","5","13","0.256530689","1059000471","217","","","","90.24285714285715","167.47554801723584","100","100","33.43959067673194","70.8","1.1721854304635762","0","0","","2.994283333328591","7.267499999987194","6.626974999991944","7.139394999988145","17.965699999971548","83.33333333333333","40.66702957913701","19.28356922643906","442.61900085356507","170","0.40029999997932464","5.4463865178571425","0","27.77777777777778","","","100","0","0","","","0","","","","","","",""
"greedy","online","random","108","8","3d8288f9","partial","누적 무게중심 정적 평형 불가 / SUPPORT: 지지 조건 미달 39.9% / 필요 95.0% / 무게 규칙 위반 / SUPPORT: 지지 조건 미달 34.2% / 필요 95.0% / SUPPORT: 지지 조건 미달 40.0% / 필요 95.0% / SUPPORT: 지지 조건 미달 34.3% / 필요 95.0% / SUPPORT: 지지 조건 미달 44.2% / 필요 95.0% / SUPPORT: 지지 조건 미달 37.8% / 필요 95.0% / SUPPORT: 지지 조건 미달 44.7% / 필요 95.0% / SUPPORT: 지지 조건 미달 38.2% / 필요 95.0% / SUPPORT: 지지 조건 미달 35.6% / 필요 95.0% / SUPPORT: 지지 조건 미달 30.5% / 필요 95.0% / SUPPORT: 지지 조건 미달 31.5% / 필요 95.0% / SUPPORT: 지지 조건 미달 27.0% / 필요 95.0% / SUPPORT: 지지 조건 미달 29.3% / 필요 95.0% / SUPPORT: 지지 조건 미달 25.1% / 필요 95.0% / SUPPORT: 지지 조건 미달 29.1% / 필요 95.0% / SUPPORT: 지지 조건 미달 24.9% / 필요 95.0% / SUPPORT: 지지 조건 미달 67.0% / 필요 95.0% / SUPPORT: 지지 조건 미달 62.3% / 필요 95.0% / SUPPORT: 지지 조건 미달 59.6% / 필요 95.0% / SUPPORT: 지지 조건 미달 45.9% / 필요 95.0% / SUPPORT: 지지 조건 미달 42.1% / 필요 95.0% / SUPPORT: 지지 조건 미달 22.3% / 필요 95.0% / SUPPORT: 지지 조건 미달 19.1% / 필요 95.0% / SUPPORT: 지지 조건 미달 62.0% / 필요 95.0% / SUPPORT: 지지 조건 미달 59.3% / 필요 95.0% / SUPPORT: 지지 조건 미달 45.6% / 필요 95.0% / SUPPORT: 지지 조건 미달 22.2% / 필요 95.0% / SUPPORT: 지지 조건 미달 19.0% / 필요 95.0% / SUPPORT: 지지 조건 미달 54.8% / 필요 95.0% / SUPPORT: 지지 조건 미달 33.6% / 필요 95.0% / SUPPORT: 지지 조건 미달 54.2% / 필요 95.0% / SUPPORT: 지지 조건 미달 33.2% / 필요 95.0% / SUPPORT: 지지 조건 미달 38.6% / 필요 95.0% / SUPPORT: 지지 조건 미달 22.5% / 필요 95.0% / SUPPORT: 지지 조건 미달 63.9% / 필요 95.0% / SUPPORT: 지지 조건 미달 67.3% / 필요 95.0% / SUPPORT: 지지 조건 미달 73.4% / 필요 95.0% / SUPPORT: 지지 조건 미달 33.0% / 필요 95.0% / SUPPORT: 지지 조건 미달 24.2% / 필요 95.0% / SUPPORT: 지지 조건 미달 27.8% / 필요 95.0% / SUPPORT: 지지 조건 미달 17.9% / 필요 95.0%","explicit","proxy","{}","{""support"":122,""load"":68,""robot-path"":3}","adapter-1.0 / planners-f6ec11d4259a","2.0.0","null","{""collision"":{""status"":""PASS"",""violations"":0,""checkedPlacements"":8,""scope"":""직육면체 기하·관측 규격 공통 검사"",""reason"":""확정 배치와 최종 적재 상태 검사""},""bounds"":{""status"":""PASS"",""violations"":0,""checkedPlacements"":8,""scope"":""직육면체 기하·관측 규격 공통 검사"",""reason"":""확정 배치와 최종 적재 상태 검사""},""height"":{""status"":""PASS"",""violations"":0,""checkedPlacements"":8,""scope"":""직육면체 기하·관측 규격 공통 검사"",""reason"":""확정 배치와 최종 적재 상태 검사""},""orientation"":{""status"":""PASS"",""violations"":0,""checkedPlacements"":8,""scope"":""직육면체 기하·관측 규격 공통 검사"",""reason"":""확정 배치와 최종 적재 상태 검사""},""load"":{""status"":""PASS"",""violations"":0,""checkedPlacements"":8,""scope"":""입력된 허용 상부하중 · 누적 정적 반력"",""reason"":""입력값 범위의 정적 검사. 실측 재료 인증 아님""},""support"":{""status"":""PASS"",""violations"":0,""checkedPlacements"":8,""scope"":""접촉·합력 작용점·정적 평형"",""reason"":""설정된 지지율·전도 여유 검사. 동적 붕괴·굽힘 파손 미검증""},""payload"":{""status"":""PASS"",""violations"":0,""checkedPlacements"":8,""scope"":""입력 가반하중 · 박스+그리퍼 질량"",""reason"":""사용자가 설정한 가반하중 한계 검사""},""robotCollision"":{""status"":""NOT VERIFIED"",""violations"":0,""checkedPlacements"":8,""scope"":""TCP·그리퍼 스윕 근사만 수행"",""reason"":""전체 로봇 링크 충돌 미검증""},""approach"":{""status"":""NOT VERIFIED"",""violations"":0,""checkedPlacements"":8,""scope"":""TCP·그리퍼 스윕 근사만 수행"",""reason"":""실제 관절 한계·역기구학·접근 자세 미검증""},""sequence"":{""status"":""NOT VERIFIED"",""violations"":0,""checkedPlacements"":8,""scope"":""TCP·그리퍼 스윕 근사만 수행"",""reason"":""실제 파지·관절 궤적·전 과정 실행 미검증""}}","7.696023392857143","44.44444444444444","8","10","0.231334756","1033804538","217","","","","84.94680851063829","55.514972552058985","100","100","20.539601722041045","57.2","1.125984251968504","0","0","","65.75711111111256","133.76190000001225","132.18622000000323","133.44676400001043","591.814000000013","88.88888888888889","70.93538216337477","33.107998406193595","406.00331064220256","394","1.5702999999921303","7.696023392857143","0","44.44444444444444","","","100","0","0","","","0","","","","","","",""
"hrpal-inferred","online","identical","109","9","91c3bc25","complete","","explicit","proxy","{}","{""support"":123}","conventional-pattern/2","2.0.0","null","{""collision"":{""status"":""PASS"",""violations"":0,""checkedPlacements"":12,""scope"":""직육면체 기하·관측 규격 공통 검사"",""reason"":""확정 배치와 최종 적재 상태 검사""},""bounds"":{""status"":""PASS"",""violations"":0,""checkedPlacements"":12,""scope"":""직육면체 기하·관측 규격 공통 검사"",""reason"":""확정 배치와 최종 적재 상태 검사""},""height"":{""status"":""PASS"",""violations"":0,""checkedPlacements"":12,""scope"":""직육면체 기하·관측 규격 공통 검사"",""reason"":""확정 배치와 최종 적재 상태 검사""},""orientation"":{""status"":""PASS"",""violations"":0,""checkedPlacements"":12,""scope"":""직육면체 기하·관측 규격 공통 검사"",""reason"":""확정 배치와 최종 적재 상태 검사""},""load"":{""status"":""PASS"",""violations"":0,""checkedPlacements"":12,""scope"":""입력된 허용 상부하중 · 누적 정적 반력"",""reason"":""입력값 범위의 정적 검사. 실측 재료 인증 아님""},""support"":{""status"":""PASS"",""violations"":0,""checkedPlacements"":12,""scope"":""접촉·합력 작용점·정적 평형"",""reason"":""설정된 지지율·전도 여유 검사. 동적 붕괴·굽힘 파손 미검증""},""payload"":{""status"":""PASS"",""violations"":0,""checkedPlacements"":12,""scope"":""입력 가반하중 · 박스+그리퍼 질량"",""reason"":""사용자가 설정한 가반하중 한계 검사""},""robotCollision"":{""status"":""NOT VERIFIED"",""violations"":0,""checkedPlacements"":12,""scope"":""TCP·그리퍼 스윕 근사만 수행"",""reason"":""전체 로봇 링크 충돌 미검증""},""approach"":{""status"":""NOT VERIFIED"",""violations"":0,""checkedPlacements"":12,""scope"":""TCP·그리퍼 스윕 근사만 수행"",""reason"":""실제 관절 한계·역기구학·접근 자세 미검증""},""sequence"":{""status"":""NOT VERIFIED"",""violations"":0,""checkedPlacements"":12,""scope"":""TCP·그리퍼 스윕 근사만 수행"",""reason"":""실제 파지·관절 궤적·전 과정 실행 미검증""}}","16.071428571428573","100","12","0","0","940000000","400","","","","150","100.77822185373186","100","100","20.55555555555556","95","0.625","0","0","","4.636483333328215","9.203100000013364","8.656509999999251","9.093782000010542","55.63779999993858","100","100.37583405928804","49.64429213853723","430.38247606972277","284","2.2691000000049826","","","","","","100","0","0","","","100","","","","","","",""
"greedy","online","identical","109","9","91c3bc25","complete","","explicit","proxy","{}","{""bounds"":12,""support"":157}","adapter-1.0 / planners-f6ec11d4259a","2.0.0","null","{""collision"":{""status"":""PASS"",""violations"":0,""checkedPlacements"":12,""scope"":""직육면체 기하·관측 규격 공통 검사"",""reason"":""확정 배치와 최종 적재 상태 검사""},""bounds"":{""status"":""PASS"",""violations"":0,""checkedPlacements"":12,""scope"":""직육면체 기하·관측 규격 공통 검사"",""reason"":""확정 배치와 최종 적재 상태 검사""},""height"":{""status"":""PASS"",""violations"":0,""checkedPlacements"":12,""scope"":""직육면체 기하·관측 규격 공통 검사"",""reason"":""확정 배치와 최종 적재 상태 검사""},""orientation"":{""status"":""PASS"",""violations"":0,""checkedPlacements"":12,""scope"":""직육면체 기하·관측 규격 공통 검사"",""reason"":""확정 배치와 최종 적재 상태 검사""},""load"":{""status"":""PASS"",""violations"":0,""checkedPlacements"":12,""scope"":""입력된 허용 상부하중 · 누적 정적 반력"",""reason"":""입력값 범위의 정적 검사. 실측 재료 인증 아님""},""support"":{""status"":""PASS"",""violations"":0,""checkedPlacements"":12,""scope"":""접촉·합력 작용점·정적 평형"",""reason"":""설정된 지지율·전도 여유 검사. 동적 붕괴·굽힘 파손 미검증""},""payload"":{""status"":""PASS"",""violations"":0,""checkedPlacements"":12,""scope"":""입력 가반하중 · 박스+그리퍼 질량"",""reason"":""사용자가 설정한 가반하중 한계 검사""},""robotCollision"":{""status"":""NOT VERIFIED"",""violations"":0,""checkedPlacements"":12,""scope"":""TCP·그리퍼 스윕 근사만 수행"",""reason"":""전체 로봇 링크 충돌 미검증""},""approach"":{""status"":""NOT VERIFIED"",""violations"":0,""checkedPlacements"":12,""scope"":""TCP·그리퍼 스윕 근사만 수행"",""reason"":""실제 관절 한계·역기구학·접근 자세 미검증""},""sequence"":{""status"":""NOT VERIFIED"",""violations"":0,""checkedPlacements"":12,""scope"":""TCP·그리퍼 스윕 근사만 수행"",""reason"":""실제 파지·관절 궤적·전 과정 실행 미검증""}}","16.071428571428573","100","12","0","0","940000000","400","","","","150","50.34602488997738","100","100","12.361111111111118","89.7435897435898","0.6250000000000001","0","0","","21.212416666664165","38.3637999999919","37.26875000000291","38.1447899999941","254.54899999996996","100","107.03781804388689","51.37458172852648","403.5956710392531","538","2.5068000000028405","","","","","","100","0","0","","","100","","","","","","",""
"future-hybrid","online","identical","109","9","91c3bc25","complete","","explicit","proxy","{}","{""bounds"":12,""support"":190}","adapter-1.0 / planners-f6ec11d4259a","2.0.0","null","{""collision"":{""status"":""PASS"",""violations"":0,""checkedPlacements"":12,""scope"":""직육면체 기하·관측 규격 공통 검사"",""reason"":""확정 배치와 최종 적재 상태 검사""},""bounds"":{""status"":""PASS"",""violations"":0,""checkedPlacements"":12,""scope"":""직육면체 기하·관측 규격 공통 검사"",""reason"":""확정 배치와 최종 적재 상태 검사""},""height"":{""status"":""PASS"",""violations"":0,""checkedPlacements"":12,""scope"":""직육면체 기하·관측 규격 공통 검사"",""reason"":""확정 배치와 최종 적재 상태 검사""},""orientation"":{""status"":""PASS"",""violations"":0,""checkedPlacements"":12,""scope"":""직육면체 기하·관측 규격 공통 검사"",""reason"":""확정 배치와 최종 적재 상태 검사""},""load"":{""status"":""PASS"",""violations"":0,""checkedPlacements"":12,""scope"":""입력된 허용 상부하중 · 누적 정적 반력"",""reason"":""입력값 범위의 정적 검사. 실측 재료 인증 아님""},""support"":{""status"":""PASS"",""violations"":0,""checkedPlacements"":12,""scope"":""접촉·합력 작용점·정적 평형"",""reason"":""설정된 지지율·전도 여유 검사. 동적 붕괴·굽힘 파손 미검증""},""payload"":{""status"":""PASS"",""violations"":0,""checkedPlacements"":12,""scope"":""입력 가반하중 · 박스+그리퍼 질량"",""reason"":""사용자가 설정한 가반하중 한계 검사""},""robotCollision"":{""status"":""NOT VERIFIED"",""violations"":0,""checkedPlacements"":12,""scope"":""TCP·그리퍼 스윕 근사만 수행"",""reason"":""전체 로봇 링크 충돌 미검증""},""approach"":{""status"":""NOT VERIFIED"",""violations"":0,""checkedPlacements"":12,""scope"":""TCP·그리퍼 스윕 근사만 수행"",""reason"":""실제 관절 한계·역기구학·접근 자세 미검증""},""sequence"":{""status"":""NOT VERIFIED"",""violations"":0,""checkedPlacements"":12,""scope"":""TCP·그리퍼 스윕 근사만 수행"",""reason"":""실제 파지·관절 궤적·전 과정 실행 미검증""}}","16.071428571428573","100","12","0","0","940000000","400","","","","150","0","100","100","1.3888888888888868","95","0.625","0","0","","70.10727499999241","149.2312999999849","135.77461499999043","146.53996299998605","841.287299999909","100","108.20092680945035","50.83060242614273","399.25720854571165","538","1.654899999994086","","","","","","100","0","0","","","100","","","","","","",""
"hrpal-inferred","online","random","109","9","0307304c","no-placement","세로 박스 주변 높이 부족 · 가까운 눕힌 적재를 먼저 쌓아야 함","explicit","proxy","{}","{""protocol"":31}","conventional-pattern/2","2.0.0","null","{""collision"":{""status"":""NOT VERIFIED"",""violations"":0,""checkedPlacements"":0,""scope"":""직육면체 기하·관측 규격 공통 검사"",""reason"":""검증할 확정 배치 없음""},""bounds"":{""status"":""NOT VERIFIED"",""violations"":0,""checkedPlacements"":0,""scope"":""직육면체 기하·관측 규격 공통 검사"",""reason"":""검증할 확정 배치 없음""},""height"":{""status"":""NOT VERIFIED"",""violations"":0,""checkedPlacements"":0,""scope"":""직육면체 기하·관측 규격 공통 검사"",""reason"":""검증할 확정 배치 없음""},""orientation"":{""status"":""NOT VERIFIED"",""violations"":0,""checkedPlacements"":0,""scope"":""직육면체 기하·관측 규격 공통 검사"",""reason"":""검증할 확정 배치 없음""},""load"":{""status"":""NOT VERIFIED"",""violations"":0,""checkedPlacements"":0,""scope"":""입력된 허용 상부하중 · 누적 정적 반력"",""reason"":""검증할 확정 배치 없음""},""support"":{""status"":""NOT VERIFIED"",""violations"":0,""checkedPlacements"":0,""scope"":""접촉·합력 작용점·정적 평형"",""reason"":""검증할 확정 배치 없음""},""payload"":{""status"":""NOT VERIFIED"",""violations"":0,""checkedPlacements"":0,""scope"":""입력 가반하중 · 박스+그리퍼 질량"",""reason"":""검증할 확정 배치 없음""},""robotCollision"":{""status"":""NOT VERIFIED"",""violations"":0,""checkedPlacements"":0,""scope"":""TCP·그리퍼 스윕 근사만 수행"",""reason"":""검증할 확정 배치 없음""},""approach"":{""status"":""NOT VERIFIED"",""violations"":0,""checkedPlacements"":0,""scope"":""TCP·그리퍼 스윕 근사만 수행"",""reason"":""검증할 확정 배치 없음""},""sequence"":{""status"":""NOT VERIFIED"",""violations"":0,""checkedPlacements"":0,""scope"":""TCP·그리퍼 스윕 근사만 수행"",""reason"":""검증할 확정 배치 없음""}}","0","0","0","18","0.317530218","1120000000","","","","","","","","","","","","0","0","","2.1921999999904074","2.1921999999904074","2.1921999999904074","2.1921999999904074","2.1921999999904074","0","","","","31","0.06309999999939464","0","0","0","","","","0","0","","","0","","","","","","",""
"greedy","online","random","109","9","0307304c","no-placement","세로 박스 주변 높이 부족","explicit","proxy","{}","{""protocol"":10}","adapter-1.0 / planners-f6ec11d4259a","2.0.0","null","{""collision"":{""status"":""NOT VERIFIED"",""violations"":0,""checkedPlacements"":0,""scope"":""직육면체 기하·관측 규격 공통 검사"",""reason"":""검증할 확정 배치 없음""},""bounds"":{""status"":""NOT VERIFIED"",""violations"":0,""checkedPlacements"":0,""scope"":""직육면체 기하·관측 규격 공통 검사"",""reason"":""검증할 확정 배치 없음""},""height"":{""status"":""NOT VERIFIED"",""violations"":0,""checkedPlacements"":0,""scope"":""직육면체 기하·관측 규격 공통 검사"",""reason"":""검증할 확정 배치 없음""},""orientation"":{""status"":""NOT VERIFIED"",""violations"":0,""checkedPlacements"":0,""scope"":""직육면체 기하·관측 규격 공통 검사"",""reason"":""검증할 확정 배치 없음""},""load"":{""status"":""NOT VERIFIED"",""violations"":0,""checkedPlacements"":0,""scope"":""입력된 허용 상부하중 · 누적 정적 반력"",""reason"":""검증할 확정 배치 없음""},""support"":{""status"":""NOT VERIFIED"",""violations"":0,""checkedPlacements"":0,""scope"":""접촉·합력 작용점·정적 평형"",""reason"":""검증할 확정 배치 없음""},""payload"":{""status"":""NOT VERIFIED"",""violations"":0,""checkedPlacements"":0,""scope"":""입력 가반하중 · 박스+그리퍼 질량"",""reason"":""검증할 확정 배치 없음""},""robotCollision"":{""status"":""NOT VERIFIED"",""violations"":0,""checkedPlacements"":0,""scope"":""TCP·그리퍼 스윕 근사만 수행"",""reason"":""검증할 확정 배치 없음""},""approach"":{""status"":""NOT VERIFIED"",""violations"":0,""checkedPlacements"":0,""scope"":""TCP·그리퍼 스윕 근사만 수행"",""reason"":""검증할 확정 배치 없음""},""sequence"":{""status"":""NOT VERIFIED"",""violations"":0,""checkedPlacements"":0,""scope"":""TCP·그리퍼 스윕 근사만 수행"",""reason"":""검증할 확정 배치 없음""}}","0","0","0","18","0.317530218","1120000000","","","","","","","","","","","","0","0","","0.30610000001615845","0.30610000001615845","0.30610000001615845","0.30610000001615845","0.30610000001615845","0","","","","10","0.028199999971548095","0","0","0","","","","0","0","","","0","","","","","","",""
"future-hybrid","online","random","109","9","0307304c","no-placement","세로 박스 주변 높이 부족","explicit","proxy","{}","{""protocol"":10}","adapter-1.0 / planners-f6ec11d4259a","2.0.0","null","{""collision"":{""status"":""NOT VERIFIED"",""violations"":0,""checkedPlacements"":0,""scope"":""직육면체 기하·관측 규격 공통 검사"",""reason"":""검증할 확정 배치 없음""},""bounds"":{""status"":""NOT VERIFIED"",""violations"":0,""checkedPlacements"":0,""scope"":""직육면체 기하·관측 규격 공통 검사"",""reason"":""검증할 확정 배치 없음""},""height"":{""status"":""NOT VERIFIED"",""violations"":0,""checkedPlacements"":0,""scope"":""직육면체 기하·관측 규격 공통 검사"",""reason"":""검증할 확정 배치 없음""},""orientation"":{""status"":""NOT VERIFIED"",""violations"":0,""checkedPlacements"":0,""scope"":""직육면체 기하·관측 규격 공통 검사"",""reason"":""검증할 확정 배치 없음""},""load"":{""status"":""NOT VERIFIED"",""violations"":0,""checkedPlacements"":0,""scope"":""입력된 허용 상부하중 · 누적 정적 반력"",""reason"":""검증할 확정 배치 없음""},""support"":{""status"":""NOT VERIFIED"",""violations"":0,""checkedPlacements"":0,""scope"":""접촉·합력 작용점·정적 평형"",""reason"":""검증할 확정 배치 없음""},""payload"":{""status"":""NOT VERIFIED"",""violations"":0,""checkedPlacements"":0,""scope"":""입력 가반하중 · 박스+그리퍼 질량"",""reason"":""검증할 확정 배치 없음""},""robotCollision"":{""status"":""NOT VERIFIED"",""violations"":0,""checkedPlacements"":0,""scope"":""TCP·그리퍼 스윕 근사만 수행"",""reason"":""검증할 확정 배치 없음""},""approach"":{""status"":""NOT VERIFIED"",""violations"":0,""checkedPlacements"":0,""scope"":""TCP·그리퍼 스윕 근사만 수행"",""reason"":""검증할 확정 배치 없음""},""sequence"":{""status"":""NOT VERIFIED"",""violations"":0,""checkedPlacements"":0,""scope"":""TCP·그리퍼 스윕 근사만 수행"",""reason"":""검증할 확정 배치 없음""}}","0","0","0","18","0.317530218","1120000000","","","","","","","","","","","","0","0","","1.4516999999759719","1.4516999999759719","1.4516999999759719","1.4516999999759719","1.4516999999759719","0","","","","10","0.023300000000745058","0","0","0","","","","0","0","","","0","","","","","","",""
"greedy","online","identical","110","10","4585992f","complete","","explicit","proxy","{}","{""bounds"":12,""support"":157}","adapter-1.0 / planners-f6ec11d4259a","2.0.0","null","{""collision"":{""status"":""PASS"",""violations"":0,""checkedPlacements"":12,""scope"":""직육면체 기하·관측 규격 공통 검사"",""reason"":""확정 배치와 최종 적재 상태 검사""},""bounds"":{""status"":""PASS"",""violations"":0,""checkedPlacements"":12,""scope"":""직육면체 기하·관측 규격 공통 검사"",""reason"":""확정 배치와 최종 적재 상태 검사""},""height"":{""status"":""PASS"",""violations"":0,""checkedPlacements"":12,""scope"":""직육면체 기하·관측 규격 공통 검사"",""reason"":""확정 배치와 최종 적재 상태 검사""},""orientation"":{""status"":""PASS"",""violations"":0,""checkedPlacements"":12,""scope"":""직육면체 기하·관측 규격 공통 검사"",""reason"":""확정 배치와 최종 적재 상태 검사""},""load"":{""status"":""PASS"",""violations"":0,""checkedPlacements"":12,""scope"":""입력된 허용 상부하중 · 누적 정적 반력"",""reason"":""입력값 범위의 정적 검사. 실측 재료 인증 아님""},""support"":{""status"":""PASS"",""violations"":0,""checkedPlacements"":12,""scope"":""접촉·합력 작용점·정적 평형"",""reason"":""설정된 지지율·전도 여유 검사. 동적 붕괴·굽힘 파손 미검증""},""payload"":{""status"":""PASS"",""violations"":0,""checkedPlacements"":12,""scope"":""입력 가반하중 · 박스+그리퍼 질량"",""reason"":""사용자가 설정한 가반하중 한계 검사""},""robotCollision"":{""status"":""NOT VERIFIED"",""violations"":0,""checkedPlacements"":12,""scope"":""TCP·그리퍼 스윕 근사만 수행"",""reason"":""전체 로봇 링크 충돌 미검증""},""approach"":{""status"":""NOT VERIFIED"",""violations"":0,""checkedPlacements"":12,""scope"":""TCP·그리퍼 스윕 근사만 수행"",""reason"":""실제 관절 한계·역기구학·접근 자세 미검증""},""sequence"":{""status"":""NOT VERIFIED"",""violations"":0,""checkedPlacements"":12,""scope"":""TCP·그리퍼 스윕 근사만 수행"",""reason"":""실제 파지·관절 궤적·전 과정 실행 미검증""}}","16.071428571428573","100","12","0","0","940000000","400","","","","150","50.34602488997738","100","100","12.361111111111118","89.7435897435898","0.6250000000000001","0","0","","20.550650000002253","52.1646999999939","39.876655000010196","49.70709099999718","246.60780000002705","100","107.03781804388689","51.37458172852648","403.5956710392531","538","3.3219000000099186","","","","","","100","0","0","","","100","","","","","","",""
"future-hybrid","online","identical","110","10","4585992f","complete","","explicit","proxy","{}","{""bounds"":12,""support"":190}","adapter-1.0 / planners-f6ec11d4259a","2.0.0","null","{""collision"":{""status"":""PASS"",""violations"":0,""checkedPlacements"":12,""scope"":""직육면체 기하·관측 규격 공통 검사"",""reason"":""확정 배치와 최종 적재 상태 검사""},""bounds"":{""status"":""PASS"",""violations"":0,""checkedPlacements"":12,""scope"":""직육면체 기하·관측 규격 공통 검사"",""reason"":""확정 배치와 최종 적재 상태 검사""},""height"":{""status"":""PASS"",""violations"":0,""checkedPlacements"":12,""scope"":""직육면체 기하·관측 규격 공통 검사"",""reason"":""확정 배치와 최종 적재 상태 검사""},""orientation"":{""status"":""PASS"",""violations"":0,""checkedPlacements"":12,""scope"":""직육면체 기하·관측 규격 공통 검사"",""reason"":""확정 배치와 최종 적재 상태 검사""},""load"":{""status"":""PASS"",""violations"":0,""checkedPlacements"":12,""scope"":""입력된 허용 상부하중 · 누적 정적 반력"",""reason"":""입력값 범위의 정적 검사. 실측 재료 인증 아님""},""support"":{""status"":""PASS"",""violations"":0,""checkedPlacements"":12,""scope"":""접촉·합력 작용점·정적 평형"",""reason"":""설정된 지지율·전도 여유 검사. 동적 붕괴·굽힘 파손 미검증""},""payload"":{""status"":""PASS"",""violations"":0,""checkedPlacements"":12,""scope"":""입력 가반하중 · 박스+그리퍼 질량"",""reason"":""사용자가 설정한 가반하중 한계 검사""},""robotCollision"":{""status"":""NOT VERIFIED"",""violations"":0,""checkedPlacements"":12,""scope"":""TCP·그리퍼 스윕 근사만 수행"",""reason"":""전체 로봇 링크 충돌 미검증""},""approach"":{""status"":""NOT VERIFIED"",""violations"":0,""checkedPlacements"":12,""scope"":""TCP·그리퍼 스윕 근사만 수행"",""reason"":""실제 관절 한계·역기구학·접근 자세 미검증""},""sequence"":{""status"":""NOT VERIFIED"",""violations"":0,""checkedPlacements"":12,""scope"":""TCP·그리퍼 스윕 근사만 수행"",""reason"":""실제 파지·관절 궤적·전 과정 실행 미검증""}}","16.071428571428573","100","12","0","0","940000000","400","","","","150","0","100","100","1.3888888888888868","95","0.625","0","0","","69.21300833333953","143.39850000001024","135.1099450000038","141.74078900000896","830.5561000000744","100","108.20092680945035","50.83060242614273","399.25720854571165","538","2.190099999977974","","","","","","100","0","0","","","100","","","","","","",""
"hrpal-inferred","online","identical","110","10","4585992f","complete","","explicit","proxy","{}","{""support"":123}","conventional-pattern/2","2.0.0","null","{""collision"":{""status"":""PASS"",""violations"":0,""checkedPlacements"":12,""scope"":""직육면체 기하·관측 규격 공통 검사"",""reason"":""확정 배치와 최종 적재 상태 검사""},""bounds"":{""status"":""PASS"",""violations"":0,""checkedPlacements"":12,""scope"":""직육면체 기하·관측 규격 공통 검사"",""reason"":""확정 배치와 최종 적재 상태 검사""},""height"":{""status"":""PASS"",""violations"":0,""checkedPlacements"":12,""scope"":""직육면체 기하·관측 규격 공통 검사"",""reason"":""확정 배치와 최종 적재 상태 검사""},""orientation"":{""status"":""PASS"",""violations"":0,""checkedPlacements"":12,""scope"":""직육면체 기하·관측 규격 공통 검사"",""reason"":""확정 배치와 최종 적재 상태 검사""},""load"":{""status"":""PASS"",""violations"":0,""checkedPlacements"":12,""scope"":""입력된 허용 상부하중 · 누적 정적 반력"",""reason"":""입력값 범위의 정적 검사. 실측 재료 인증 아님""},""support"":{""status"":""PASS"",""violations"":0,""checkedPlacements"":12,""scope"":""접촉·합력 작용점·정적 평형"",""reason"":""설정된 지지율·전도 여유 검사. 동적 붕괴·굽힘 파손 미검증""},""payload"":{""status"":""PASS"",""violations"":0,""checkedPlacements"":12,""scope"":""입력 가반하중 · 박스+그리퍼 질량"",""reason"":""사용자가 설정한 가반하중 한계 검사""},""robotCollision"":{""status"":""NOT VERIFIED"",""violations"":0,""checkedPlacements"":12,""scope"":""TCP·그리퍼 스윕 근사만 수행"",""reason"":""전체 로봇 링크 충돌 미검증""},""approach"":{""status"":""NOT VERIFIED"",""violations"":0,""checkedPlacements"":12,""scope"":""TCP·그리퍼 스윕 근사만 수행"",""reason"":""실제 관절 한계·역기구학·접근 자세 미검증""},""sequence"":{""status"":""NOT VERIFIED"",""violations"":0,""checkedPlacements"":12,""scope"":""TCP·그리퍼 스윕 근사만 수행"",""reason"":""실제 파지·관절 궤적·전 과정 실행 미검증""}}","16.071428571428573","100","12","0","0","940000000","400","","","","150","100.77822185373186","100","100","20.55555555555556","95","0.625","0","0","","4.470791666676329","8.298500000004424","8.285630000001401","8.295926000003819","53.64950000011595","100","100.37583405928804","49.64429213853723","430.38247606972277","284","3.666799999977229","","","","","","100","0","0","","","100","","","","","","",""
"greedy","online","random","110","10","2bc7931e","partial","세로 박스 돌출 높이 초과 / SUPPORT: 지지 조건 미달 57.6% / 필요 95.0% / SUPPORT: 지지 조건 미달 55.8% / 필요 95.0% / 세로 박스 주변 높이 부족 / SUPPORT: 지지 조건 미달 72.6% / 필요 95.0% / SUPPORT: 지지 조건 미달 70.3% / 필요 95.0% / SUPPORT: 지지 조건 미달 86.0% / 필요 95.0% / 무게 규칙 위반 / SUPPORT: 지지 조건 미달 77.9% / 필요 95.0% / SUPPORT: 지지 조건 미달 64.0% / 필요 95.0% / SUPPORT: 지지 조건 미달 55.9% / 필요 95.0% / SUPPORT: 지지 조건 미달 71.7% / 필요 95.0% / SUPPORT: 지지 조건 미달 64.9% / 필요 95.0% / SUPPORT: 지지 조건 미달 53.3% / 필요 95.0% / SUPPORT: 지지 조건 미달 46.6% / 필요 95.0% / 누적 무게중심 정적 평형 불가 / SUPPORT: 지지 조건 미달 15.7% / 필요 95.0% / SUPPORT: 지지 조건 미달 18.7% / 필요 95.0% / SUPPORT: 지지 조건 미달 16.3% / 필요 95.0% / SUPPORT: 지지 조건 미달 19.3% / 필요 95.0% / SUPPORT: 지지 조건 미달 9.8% / 필요 95.0% / SUPPORT: 지지 조건 미달 10.2% / 필요 95.0%","explicit","proxy","{}","{""bounds"":6,""load"":92,""support"":211,""robot-path"":16,""protocol"":48}","adapter-1.0 / planners-f6ec11d4259a","2.0.0","null","{""collision"":{""status"":""PASS"",""violations"":0,""checkedPlacements"":8,""scope"":""직육면체 기하·관측 규격 공통 검사"",""reason"":""확정 배치와 최종 적재 상태 검사""},""bounds"":{""status"":""PASS"",""violations"":0,""checkedPlacements"":8,""scope"":""직육면체 기하·관측 규격 공통 검사"",""reason"":""확정 배치와 최종 적재 상태 검사""},""height"":{""status"":""PASS"",""violations"":0,""checkedPlacements"":8,""scope"":""직육면체 기하·관측 규격 공통 검사"",""reason"":""확정 배치와 최종 적재 상태 검사""},""orientation"":{""status"":""PASS"",""violations"":0,""checkedPlacements"":8,""scope"":""직육면체 기하·관측 규격 공통 검사"",""reason"":""확정 배치와 최종 적재 상태 검사""},""load"":{""status"":""PASS"",""violations"":0,""checkedPlacements"":8,""scope"":""입력된 허용 상부하중 · 누적 정적 반력"",""reason"":""입력값 범위의 정적 검사. 실측 재료 인증 아님""},""support"":{""status"":""PASS"",""violations"":0,""checkedPlacements"":8,""scope"":""접촉·합력 작용점·정적 평형"",""reason"":""설정된 지지율·전도 여유 검사. 동적 붕괴·굽힘 파손 미검증""},""payload"":{""status"":""PASS"",""violations"":0,""checkedPlacements"":8,""scope"":""입력 가반하중 · 박스+그리퍼 질량"",""reason"":""사용자가 설정한 가반하중 한계 검사""},""robotCollision"":{""status"":""NOT VERIFIED"",""violations"":0,""checkedPlacements"":8,""scope"":""TCP·그리퍼 스윕 근사만 수행"",""reason"":""전체 로봇 링크 충돌 미검증""},""approach"":{""status"":""NOT VERIFIED"",""violations"":0,""checkedPlacements"":8,""scope"":""TCP·그리퍼 스윕 근사만 수행"",""reason"":""실제 관절 한계·역기구학·접근 자세 미검증""},""sequence"":{""status"":""NOT VERIFIED"",""violations"":0,""checkedPlacements"":8,""scope"":""TCP·그리퍼 스윕 근사만 수행"",""reason"":""실제 파지·관절 궤적·전 과정 실행 미검증""}}","15.509965178571427","44.44444444444444","8","10","0.143818608","946288390","396","","","","153.66470588235293","11.899986915174091","100","100","1.0766878570853782","57.2","0.9404145077720207","0","0","","65.04235555555594","127.54360000000452","124.60076000000699","126.95503200000502","585.3812000000034","88.88888888888889","74.7776084206632","34.30544547343108","385.14203126134925","394","2.9945000000006985","15.509965178571427","0","44.44444444444444","","","100","0","0","","","0","","","","","","",""
"future-hybrid","online","random","110","10","2bc7931e","partial","세로 박스 돌출 높이 초과 / SUPPORT: 지지 조건 미달 42.9% / 필요 95.0% / 세로 박스 주변 높이 부족 / SUPPORT: 지지 조건 미달 51.1% / 필요 95.0% / SUPPORT: 지지 조건 미달 48.4% / 필요 95.0% / SUPPORT: 지지 조건 미달 57.6% / 필요 95.0% / SUPPORT: 지지 조건 미달 57.8% / 필요 95.0% / SUPPORT: 지지 조건 미달 68.9% / 필요 95.0% / SUPPORT: 지지 조건 미달 60.9% / 필요 95.0% / SUPPORT: 지지 조건 미달 72.6% / 필요 95.0% / 누적 무게중심 정적 평형 불가 / SUPPORT: 지지 조건 미달 19.3% / 필요 95.0% / SUPPORT: 지지 조건 미달 16.3% / 필요 95.0% / SUPPORT: 지지 조건 미달 5.6% / 필요 95.0% / SUPPORT: 지지 조건 미달 19.1% / 필요 95.0%","explicit","proxy","{}","{""bounds"":31,""load"":37,""support"":156,""robot-path"":8,""protocol"":48}","adapter-1.0 / planners-f6ec11d4259a","2.0.0","null","{""collision"":{""status"":""PASS"",""violations"":0,""checkedPlacements"":8,""scope"":""직육면체 기하·관측 규격 공통 검사"",""reason"":""확정 배치와 최종 적재 상태 검사""},""bounds"":{""status"":""PASS"",""violations"":0,""checkedPlacements"":8,""scope"":""직육면체 기하·관측 규격 공통 검사"",""reason"":""확정 배치와 최종 적재 상태 검사""},""height"":{""status"":""PASS"",""violations"":0,""checkedPlacements"":8,""scope"":""직육면체 기하·관측 규격 공통 검사"",""reason"":""확정 배치와 최종 적재 상태 검사""},""orientation"":{""status"":""PASS"",""violations"":0,""checkedPlacements"":8,""scope"":""직육면체 기하·관측 규격 공통 검사"",""reason"":""확정 배치와 최종 적재 상태 검사""},""load"":{""status"":""PASS"",""violations"":0,""checkedPlacements"":8,""scope"":""입력된 허용 상부하중 · 누적 정적 반력"",""reason"":""입력값 범위의 정적 검사. 실측 재료 인증 아님""},""support"":{""status"":""PASS"",""violations"":0,""checkedPlacements"":8,""scope"":""접촉·합력 작용점·정적 평형"",""reason"":""설정된 지지율·전도 여유 검사. 동적 붕괴·굽힘 파손 미검증""},""payload"":{""status"":""PASS"",""violations"":0,""checkedPlacements"":8,""scope"":""입력 가반하중 · 박스+그리퍼 질량"",""reason"":""사용자가 설정한 가반하중 한계 검사""},""robotCollision"":{""status"":""NOT VERIFIED"",""violations"":0,""checkedPlacements"":8,""scope"":""TCP·그리퍼 스윕 근사만 수행"",""reason"":""전체 로봇 링크 충돌 미검증""},""approach"":{""status"":""NOT VERIFIED"",""violations"":0,""checkedPlacements"":8,""scope"":""TCP·그리퍼 스윕 근사만 수행"",""reason"":""실제 관절 한계·역기구학·접근 자세 미검증""},""sequence"":{""status"":""NOT VERIFIED"",""violations"":0,""checkedPlacements"":8,""scope"":""TCP·그리퍼 스윕 근사만 수행"",""reason"":""실제 파지·관절 궤적·전 과정 실행 미검증""}}","15.509965178571427","44.44444444444444","8","10","0.143818608","946288390","410","","","","134.0529411764706","88.72050316392993","100","100","18.753800491747604","57.2","0.9742296918767507","0","0","","219.0424777777775","785.4614000000001","690.3060799999919","766.4303359999985","1971.3822999999975","88.88888888888889","73.02922828242579","33.81899838357677","394.36265009705176","394","1.5822999999800231","15.509965178571427","0","44.44444444444444","","","100","0","0","","","0","","","","","","",""
"hrpal-inferred","online","random","110","10","2bc7931e","partial","SUPPORT: 지지 조건 미달 39.4% / 필요 95.0% · CoG 지지 검사 / 무게 규칙 위반 · Long-02 (6 kg) / SUPPORT: 지지 조건 미달 0.0% / 필요 95.0% · CoG 지지 검사 / 누적 무게중심 정적 평형 불가 · Wide-01 / SUPPORT: 지지 조건 미달 9.5% / 필요 95.0% · CoG 지지 검사 / SUPPORT: 지지 조건 미달 22.3% / 필요 95.0% · CoG 지지 검사 / 무게 규칙 위반 · Small-02 (3 kg) / SUPPORT: 지지 조건 미달 5.7% / 필요 95.0% · CoG 지지 검사 / SUPPORT: 지지 조건 미달 51.9% / 필요 95.0% · CoG 지지 검사 / 무게 규칙 위반 · Medium-02 (8 kg)","explicit","proxy","{}","{""load"":19,""support"":136}","conventional-pattern/2","2.0.0","null","{""collision"":{""status"":""PASS"",""violations"":0,""checkedPlacements"":7,""scope"":""직육면체 기하·관측 규격 공통 검사"",""reason"":""확정 배치와 최종 적재 상태 검사""},""bounds"":{""status"":""PASS"",""violations"":0,""checkedPlacements"":7,""scope"":""직육면체 기하·관측 규격 공통 검사"",""reason"":""확정 배치와 최종 적재 상태 검사""},""height"":{""status"":""PASS"",""violations"":0,""checkedPlacements"":7,""scope"":""직육면체 기하·관측 규격 공통 검사"",""reason"":""확정 배치와 최종 적재 상태 검사""},""orientation"":{""status"":""PASS"",""violations"":0,""checkedPlacements"":7,""scope"":""직육면체 기하·관측 규격 공통 검사"",""reason"":""확정 배치와 최종 적재 상태 검사""},""load"":{""status"":""PASS"",""violations"":0,""checkedPlacements"":7,""scope"":""입력된 허용 상부하중 · 누적 정적 반력"",""reason"":""입력값 범위의 정적 검사. 실측 재료 인증 아님""},""support"":{""status"":""PASS"",""violations"":0,""checkedPlacements"":7,""scope"":""접촉·합력 작용점·정적 평형"",""reason"":""설정된 지지율·전도 여유 검사. 동적 붕괴·굽힘 파손 미검증""},""payload"":{""status"":""PASS"",""violations"":0,""checkedPlacements"":7,""scope"":""입력 가반하중 · 박스+그리퍼 질량"",""reason"":""사용자가 설정한 가반하중 한계 검사""},""robotCollision"":{""status"":""NOT VERIFIED"",""violations"":0,""checkedPlacements"":7,""scope"":""TCP·그리퍼 스윕 근사만 수행"",""reason"":""전체 로봇 링크 충돌 미검증""},""approach"":{""status"":""NOT VERIFIED"",""violations"":0,""checkedPlacements"":7,""scope"":""TCP·그리퍼 스윕 근사만 수행"",""reason"":""실제 관절 한계·역기구학·접근 자세 미검증""},""sequence"":{""status"":""NOT VERIFIED"",""violations"":0,""checkedPlacements"":7,""scope"":""TCP·그리퍼 스윕 근사만 수행"",""reason"":""실제 파지·관절 궤적·전 과정 실행 미검증""}}","12.463649732142859","38.888888888888886","7","11","0.177937341","980407123","627","","","","217.03424657534248","185.80896980372978","100","100","46.47138500432156","57.2","0.619815668202765","0","0","","3.66603749999922","8.59309999999823","7.420669999999516","8.358613999998488","29.32829999999376","87.5","64.78109110232018","30.407709216508106","389.0024013364827","155","0.8584000000264496","12.463649732142859","0","38.888888888888886","","","100","0","0","","","0","","","","","","",""
"future-hybrid","online","identical","111","11","076ed4ae","complete","","explicit","proxy","{}","{""bounds"":12,""support"":190}","adapter-1.0 / planners-f6ec11d4259a","2.0.0","null","{""collision"":{""status"":""PASS"",""violations"":0,""checkedPlacements"":12,""scope"":""직육면체 기하·관측 규격 공통 검사"",""reason"":""확정 배치와 최종 적재 상태 검사""},""bounds"":{""status"":""PASS"",""violations"":0,""checkedPlacements"":12,""scope"":""직육면체 기하·관측 규격 공통 검사"",""reason"":""확정 배치와 최종 적재 상태 검사""},""height"":{""status"":""PASS"",""violations"":0,""checkedPlacements"":12,""scope"":""직육면체 기하·관측 규격 공통 검사"",""reason"":""확정 배치와 최종 적재 상태 검사""},""orientation"":{""status"":""PASS"",""violations"":0,""checkedPlacements"":12,""scope"":""직육면체 기하·관측 규격 공통 검사"",""reason"":""확정 배치와 최종 적재 상태 검사""},""load"":{""status"":""PASS"",""violations"":0,""checkedPlacements"":12,""scope"":""입력된 허용 상부하중 · 누적 정적 반력"",""reason"":""입력값 범위의 정적 검사. 실측 재료 인증 아님""},""support"":{""status"":""PASS"",""violations"":0,""checkedPlacements"":12,""scope"":""접촉·합력 작용점·정적 평형"",""reason"":""설정된 지지율·전도 여유 검사. 동적 붕괴·굽힘 파손 미검증""},""payload"":{""status"":""PASS"",""violations"":0,""checkedPlacements"":12,""scope"":""입력 가반하중 · 박스+그리퍼 질량"",""reason"":""사용자가 설정한 가반하중 한계 검사""},""robotCollision"":{""status"":""NOT VERIFIED"",""violations"":0,""checkedPlacements"":12,""scope"":""TCP·그리퍼 스윕 근사만 수행"",""reason"":""전체 로봇 링크 충돌 미검증""},""approach"":{""status"":""NOT VERIFIED"",""violations"":0,""checkedPlacements"":12,""scope"":""TCP·그리퍼 스윕 근사만 수행"",""reason"":""실제 관절 한계·역기구학·접근 자세 미검증""},""sequence"":{""status"":""NOT VERIFIED"",""violations"":0,""checkedPlacements"":12,""scope"":""TCP·그리퍼 스윕 근사만 수행"",""reason"":""실제 파지·관절 궤적·전 과정 실행 미검증""}}","16.071428571428573","100","12","0","0","940000000","400","","","","150","0","100","100","1.3888888888888868","95","0.625","0","0","","77.44659166666194","143.22690000000875","136.5804799999969","141.8976160000064","929.3590999999433","100","108.20092680945035","50.83060242614273","399.25720854571165","538","4.0625","","","","","","100","0","0","","","100","","","","","","",""
"hrpal-inferred","online","identical","111","11","076ed4ae","complete","","explicit","proxy","{}","{""support"":123}","conventional-pattern/2","2.0.0","null","{""collision"":{""status"":""PASS"",""violations"":0,""checkedPlacements"":12,""scope"":""직육면체 기하·관측 규격 공통 검사"",""reason"":""확정 배치와 최종 적재 상태 검사""},""bounds"":{""status"":""PASS"",""violations"":0,""checkedPlacements"":12,""scope"":""직육면체 기하·관측 규격 공통 검사"",""reason"":""확정 배치와 최종 적재 상태 검사""},""height"":{""status"":""PASS"",""violations"":0,""checkedPlacements"":12,""scope"":""직육면체 기하·관측 규격 공통 검사"",""reason"":""확정 배치와 최종 적재 상태 검사""},""orientation"":{""status"":""PASS"",""violations"":0,""checkedPlacements"":12,""scope"":""직육면체 기하·관측 규격 공통 검사"",""reason"":""확정 배치와 최종 적재 상태 검사""},""load"":{""status"":""PASS"",""violations"":0,""checkedPlacements"":12,""scope"":""입력된 허용 상부하중 · 누적 정적 반력"",""reason"":""입력값 범위의 정적 검사. 실측 재료 인증 아님""},""support"":{""status"":""PASS"",""violations"":0,""checkedPlacements"":12,""scope"":""접촉·합력 작용점·정적 평형"",""reason"":""설정된 지지율·전도 여유 검사. 동적 붕괴·굽힘 파손 미검증""},""payload"":{""status"":""PASS"",""violations"":0,""checkedPlacements"":12,""scope"":""입력 가반하중 · 박스+그리퍼 질량"",""reason"":""사용자가 설정한 가반하중 한계 검사""},""robotCollision"":{""status"":""NOT VERIFIED"",""violations"":0,""checkedPlacements"":12,""scope"":""TCP·그리퍼 스윕 근사만 수행"",""reason"":""전체 로봇 링크 충돌 미검증""},""approach"":{""status"":""NOT VERIFIED"",""violations"":0,""checkedPlacements"":12,""scope"":""TCP·그리퍼 스윕 근사만 수행"",""reason"":""실제 관절 한계·역기구학·접근 자세 미검증""},""sequence"":{""status"":""NOT VERIFIED"",""violations"":0,""checkedPlacements"":12,""scope"":""TCP·그리퍼 스윕 근사만 수행"",""reason"":""실제 파지·관절 궤적·전 과정 실행 미검증""}}","16.071428571428573","100","12","0","0","940000000","400","","","","150","100.77822185373186","100","100","20.55555555555556","95","0.625","0","0","","14.095241666664757","38.84279999998398","38.56895499999082","38.78803099998535","169.1428999999771","100","100.37583405928804","49.64429213853723","430.38247606972277","284","3.398400000005495","","","","","","100","0","0","","","100","","","","","","",""
"greedy","online","identical","111","11","076ed4ae","complete","","explicit","proxy","{}","{""bounds"":12,""support"":157}","adapter-1.0 / planners-f6ec11d4259a","2.0.0","null","{""collision"":{""status"":""PASS"",""violations"":0,""checkedPlacements"":12,""scope"":""직육면체 기하·관측 규격 공통 검사"",""reason"":""확정 배치와 최종 적재 상태 검사""},""bounds"":{""status"":""PASS"",""violations"":0,""checkedPlacements"":12,""scope"":""직육면체 기하·관측 규격 공통 검사"",""reason"":""확정 배치와 최종 적재 상태 검사""},""height"":{""status"":""PASS"",""violations"":0,""checkedPlacements"":12,""scope"":""직육면체 기하·관측 규격 공통 검사"",""reason"":""확정 배치와 최종 적재 상태 검사""},""orientation"":{""status"":""PASS"",""violations"":0,""checkedPlacements"":12,""scope"":""직육면체 기하·관측 규격 공통 검사"",""reason"":""확정 배치와 최종 적재 상태 검사""},""load"":{""status"":""PASS"",""violations"":0,""checkedPlacements"":12,""scope"":""입력된 허용 상부하중 · 누적 정적 반력"",""reason"":""입력값 범위의 정적 검사. 실측 재료 인증 아님""},""support"":{""status"":""PASS"",""violations"":0,""checkedPlacements"":12,""scope"":""접촉·합력 작용점·정적 평형"",""reason"":""설정된 지지율·전도 여유 검사. 동적 붕괴·굽힘 파손 미검증""},""payload"":{""status"":""PASS"",""violations"":0,""checkedPlacements"":12,""scope"":""입력 가반하중 · 박스+그리퍼 질량"",""reason"":""사용자가 설정한 가반하중 한계 검사""},""robotCollision"":{""status"":""NOT VERIFIED"",""violations"":0,""checkedPlacements"":12,""scope"":""TCP·그리퍼 스윕 근사만 수행"",""reason"":""전체 로봇 링크 충돌 미검증""},""approach"":{""status"":""NOT VERIFIED"",""violations"":0,""checkedPlacements"":12,""scope"":""TCP·그리퍼 스윕 근사만 수행"",""reason"":""실제 관절 한계·역기구학·접근 자세 미검증""},""sequence"":{""status"":""NOT VERIFIED"",""violations"":0,""checkedPlacements"":12,""scope"":""TCP·그리퍼 스윕 근사만 수행"",""reason"":""실제 파지·관절 궤적·전 과정 실행 미검증""}}","16.071428571428573","100","12","0","0","940000000","400","","","","150","50.34602488997738","100","100","12.361111111111118","89.7435897435898","0.6250000000000001","0","0","","25.22217499999776","43.04430000000866","39.37008000000205","42.309456000007344","302.6660999999731","100","107.03781804388689","51.37458172852648","403.5956710392531","538","3.6410999999789055","","","","","","100","0","0","","","100","","","","","","",""
"future-hybrid","online","random","111","11","b1d2624b","no-placement","세로 박스 주변 높이 부족","explicit","proxy","{}","{""protocol"":10}","adapter-1.0 / planners-f6ec11d4259a","2.0.0","null","{""collision"":{""status"":""NOT VERIFIED"",""violations"":0,""checkedPlacements"":0,""scope"":""직육면체 기하·관측 규격 공통 검사"",""reason"":""검증할 확정 배치 없음""},""bounds"":{""status"":""NOT VERIFIED"",""violations"":0,""checkedPlacements"":0,""scope"":""직육면체 기하·관측 규격 공통 검사"",""reason"":""검증할 확정 배치 없음""},""height"":{""status"":""NOT VERIFIED"",""violations"":0,""checkedPlacements"":0,""scope"":""직육면체 기하·관측 규격 공통 검사"",""reason"":""검증할 확정 배치 없음""},""orientation"":{""status"":""NOT VERIFIED"",""violations"":0,""checkedPlacements"":0,""scope"":""직육면체 기하·관측 규격 공통 검사"",""reason"":""검증할 확정 배치 없음""},""load"":{""status"":""NOT VERIFIED"",""violations"":0,""checkedPlacements"":0,""scope"":""입력된 허용 상부하중 · 누적 정적 반력"",""reason"":""검증할 확정 배치 없음""},""support"":{""status"":""NOT VERIFIED"",""violations"":0,""checkedPlacements"":0,""scope"":""접촉·합력 작용점·정적 평형"",""reason"":""검증할 확정 배치 없음""},""payload"":{""status"":""NOT VERIFIED"",""violations"":0,""checkedPlacements"":0,""scope"":""입력 가반하중 · 박스+그리퍼 질량"",""reason"":""검증할 확정 배치 없음""},""robotCollision"":{""status"":""NOT VERIFIED"",""violations"":0,""checkedPlacements"":0,""scope"":""TCP·그리퍼 스윕 근사만 수행"",""reason"":""검증할 확정 배치 없음""},""approach"":{""status"":""NOT VERIFIED"",""violations"":0,""checkedPlacements"":0,""scope"":""TCP·그리퍼 스윕 근사만 수행"",""reason"":""검증할 확정 배치 없음""},""sequence"":{""status"":""NOT VERIFIED"",""violations"":0,""checkedPlacements"":0,""scope"":""TCP·그리퍼 스윕 근사만 수행"",""reason"":""검증할 확정 배치 없음""}}","0","0","0","18","0.317530218","1120000000","","","","","","","","","","","","0","0","","2.6344999999855645","2.6344999999855645","2.6344999999855645","2.6344999999855645","2.6344999999855645","0","","","","10","0.07430000000749715","0","0","0","","","","0","0","","","0","","","","","","",""
"hrpal-inferred","online","random","111","11","b1d2624b","no-placement","세로 박스 주변 높이 부족 · 가까운 눕힌 적재를 먼저 쌓아야 함","explicit","proxy","{}","{""protocol"":31}","conventional-pattern/2","2.0.0","null","{""collision"":{""status"":""NOT VERIFIED"",""violations"":0,""checkedPlacements"":0,""scope"":""직육면체 기하·관측 규격 공통 검사"",""reason"":""검증할 확정 배치 없음""},""bounds"":{""status"":""NOT VERIFIED"",""violations"":0,""checkedPlacements"":0,""scope"":""직육면체 기하·관측 규격 공통 검사"",""reason"":""검증할 확정 배치 없음""},""height"":{""status"":""NOT VERIFIED"",""violations"":0,""checkedPlacements"":0,""scope"":""직육면체 기하·관측 규격 공통 검사"",""reason"":""검증할 확정 배치 없음""},""orientation"":{""status"":""NOT VERIFIED"",""violations"":0,""checkedPlacements"":0,""scope"":""직육면체 기하·관측 규격 공통 검사"",""reason"":""검증할 확정 배치 없음""},""load"":{""status"":""NOT VERIFIED"",""violations"":0,""checkedPlacements"":0,""scope"":""입력된 허용 상부하중 · 누적 정적 반력"",""reason"":""검증할 확정 배치 없음""},""support"":{""status"":""NOT VERIFIED"",""violations"":0,""checkedPlacements"":0,""scope"":""접촉·합력 작용점·정적 평형"",""reason"":""검증할 확정 배치 없음""},""payload"":{""status"":""NOT VERIFIED"",""violations"":0,""checkedPlacements"":0,""scope"":""입력 가반하중 · 박스+그리퍼 질량"",""reason"":""검증할 확정 배치 없음""},""robotCollision"":{""status"":""NOT VERIFIED"",""violations"":0,""checkedPlacements"":0,""scope"":""TCP·그리퍼 스윕 근사만 수행"",""reason"":""검증할 확정 배치 없음""},""approach"":{""status"":""NOT VERIFIED"",""violations"":0,""checkedPlacements"":0,""scope"":""TCP·그리퍼 스윕 근사만 수행"",""reason"":""검증할 확정 배치 없음""},""sequence"":{""status"":""NOT VERIFIED"",""violations"":0,""checkedPlacements"":0,""scope"":""TCP·그리퍼 스윕 근사만 수행"",""reason"":""검증할 확정 배치 없음""}}","0","0","0","18","0.317530218","1120000000","","","","","","","","","","","","0","0","","2.1264000000082888","2.1264000000082888","2.1264000000082888","2.1264000000082888","2.1264000000082888","0","","","","31","0.0503000000026077","0","0","0","","","","0","0","","","0","","","","","","",""
"greedy","online","random","111","11","b1d2624b","no-placement","세로 박스 주변 높이 부족","explicit","proxy","{}","{""protocol"":10}","adapter-1.0 / planners-f6ec11d4259a","2.0.0","null","{""collision"":{""status"":""NOT VERIFIED"",""violations"":0,""checkedPlacements"":0,""scope"":""직육면체 기하·관측 규격 공통 검사"",""reason"":""검증할 확정 배치 없음""},""bounds"":{""status"":""NOT VERIFIED"",""violations"":0,""checkedPlacements"":0,""scope"":""직육면체 기하·관측 규격 공통 검사"",""reason"":""검증할 확정 배치 없음""},""height"":{""status"":""NOT VERIFIED"",""violations"":0,""checkedPlacements"":0,""scope"":""직육면체 기하·관측 규격 공통 검사"",""reason"":""검증할 확정 배치 없음""},""orientation"":{""status"":""NOT VERIFIED"",""violations"":0,""checkedPlacements"":0,""scope"":""직육면체 기하·관측 규격 공통 검사"",""reason"":""검증할 확정 배치 없음""},""load"":{""status"":""NOT VERIFIED"",""violations"":0,""checkedPlacements"":0,""scope"":""입력된 허용 상부하중 · 누적 정적 반력"",""reason"":""검증할 확정 배치 없음""},""support"":{""status"":""NOT VERIFIED"",""violations"":0,""checkedPlacements"":0,""scope"":""접촉·합력 작용점·정적 평형"",""reason"":""검증할 확정 배치 없음""},""payload"":{""status"":""NOT VERIFIED"",""violations"":0,""checkedPlacements"":0,""scope"":""입력 가반하중 · 박스+그리퍼 질량"",""reason"":""검증할 확정 배치 없음""},""robotCollision"":{""status"":""NOT VERIFIED"",""violations"":0,""checkedPlacements"":0,""scope"":""TCP·그리퍼 스윕 근사만 수행"",""reason"":""검증할 확정 배치 없음""},""approach"":{""status"":""NOT VERIFIED"",""violations"":0,""checkedPlacements"":0,""scope"":""TCP·그리퍼 스윕 근사만 수행"",""reason"":""검증할 확정 배치 없음""},""sequence"":{""status"":""NOT VERIFIED"",""violations"":0,""checkedPlacements"":0,""scope"":""TCP·그리퍼 스윕 근사만 수행"",""reason"":""검증할 확정 배치 없음""}}","0","0","0","18","0.317530218","1120000000","","","","","","","","","","","","0","0","","0.3570999999938067","0.3570999999938067","0.3570999999938067","0.3570999999938067","0.3570999999938067","0","","","","10","0.04309999998076819","0","0","0","","","","0","0","","","0","","","","","","",""
"hrpal-inferred","online","identical","112","12","9f4d1311","complete","","explicit","proxy","{}","{""support"":123}","conventional-pattern/2","2.0.0","null","{""collision"":{""status"":""PASS"",""violations"":0,""checkedPlacements"":12,""scope"":""직육면체 기하·관측 규격 공통 검사"",""reason"":""확정 배치와 최종 적재 상태 검사""},""bounds"":{""status"":""PASS"",""violations"":0,""checkedPlacements"":12,""scope"":""직육면체 기하·관측 규격 공통 검사"",""reason"":""확정 배치와 최종 적재 상태 검사""},""height"":{""status"":""PASS"",""violations"":0,""checkedPlacements"":12,""scope"":""직육면체 기하·관측 규격 공통 검사"",""reason"":""확정 배치와 최종 적재 상태 검사""},""orientation"":{""status"":""PASS"",""violations"":0,""checkedPlacements"":12,""scope"":""직육면체 기하·관측 규격 공통 검사"",""reason"":""확정 배치와 최종 적재 상태 검사""},""load"":{""status"":""PASS"",""violations"":0,""checkedPlacements"":12,""scope"":""입력된 허용 상부하중 · 누적 정적 반력"",""reason"":""입력값 범위의 정적 검사. 실측 재료 인증 아님""},""support"":{""status"":""PASS"",""violations"":0,""checkedPlacements"":12,""scope"":""접촉·합력 작용점·정적 평형"",""reason"":""설정된 지지율·전도 여유 검사. 동적 붕괴·굽힘 파손 미검증""},""payload"":{""status"":""PASS"",""violations"":0,""checkedPlacements"":12,""scope"":""입력 가반하중 · 박스+그리퍼 질량"",""reason"":""사용자가 설정한 가반하중 한계 검사""},""robotCollision"":{""status"":""NOT VERIFIED"",""violations"":0,""checkedPlacements"":12,""scope"":""TCP·그리퍼 스윕 근사만 수행"",""reason"":""전체 로봇 링크 충돌 미검증""},""approach"":{""status"":""NOT VERIFIED"",""violations"":0,""checkedPlacements"":12,""scope"":""TCP·그리퍼 스윕 근사만 수행"",""reason"":""실제 관절 한계·역기구학·접근 자세 미검증""},""sequence"":{""status"":""NOT VERIFIED"",""violations"":0,""checkedPlacements"":12,""scope"":""TCP·그리퍼 스윕 근사만 수행"",""reason"":""실제 파지·관절 궤적·전 과정 실행 미검증""}}","16.071428571428573","100","12","0","0","940000000","400","","","","150","100.77822185373186","100","100","20.55555555555556","95","0.625","0","0","","4.9760750000010985","7.705099999991944","7.375539999993634","7.6391879999922825","59.71290000001318","100","100.37583405928804","49.64429213853723","430.38247606972277","284","3.5090999999956694","","","","","","100","0","0","","","100","","","","","","",""
"greedy","online","identical","112","12","9f4d1311","complete","","explicit","proxy","{}","{""bounds"":12,""support"":157}","adapter-1.0 / planners-f6ec11d4259a","2.0.0","null","{""collision"":{""status"":""PASS"",""violations"":0,""checkedPlacements"":12,""scope"":""직육면체 기하·관측 규격 공통 검사"",""reason"":""확정 배치와 최종 적재 상태 검사""},""bounds"":{""status"":""PASS"",""violations"":0,""checkedPlacements"":12,""scope"":""직육면체 기하·관측 규격 공통 검사"",""reason"":""확정 배치와 최종 적재 상태 검사""},""height"":{""status"":""PASS"",""violations"":0,""checkedPlacements"":12,""scope"":""직육면체 기하·관측 규격 공통 검사"",""reason"":""확정 배치와 최종 적재 상태 검사""},""orientation"":{""status"":""PASS"",""violations"":0,""checkedPlacements"":12,""scope"":""직육면체 기하·관측 규격 공통 검사"",""reason"":""확정 배치와 최종 적재 상태 검사""},""load"":{""status"":""PASS"",""violations"":0,""checkedPlacements"":12,""scope"":""입력된 허용 상부하중 · 누적 정적 반력"",""reason"":""입력값 범위의 정적 검사. 실측 재료 인증 아님""},""support"":{""status"":""PASS"",""violations"":0,""checkedPlacements"":12,""scope"":""접촉·합력 작용점·정적 평형"",""reason"":""설정된 지지율·전도 여유 검사. 동적 붕괴·굽힘 파손 미검증""},""payload"":{""status"":""PASS"",""violations"":0,""checkedPlacements"":12,""scope"":""입력 가반하중 · 박스+그리퍼 질량"",""reason"":""사용자가 설정한 가반하중 한계 검사""},""robotCollision"":{""status"":""NOT VERIFIED"",""violations"":0,""checkedPlacements"":12,""scope"":""TCP·그리퍼 스윕 근사만 수행"",""reason"":""전체 로봇 링크 충돌 미검증""},""approach"":{""status"":""NOT VERIFIED"",""violations"":0,""checkedPlacements"":12,""scope"":""TCP·그리퍼 스윕 근사만 수행"",""reason"":""실제 관절 한계·역기구학·접근 자세 미검증""},""sequence"":{""status"":""NOT VERIFIED"",""violations"":0,""checkedPlacements"":12,""scope"":""TCP·그리퍼 스윕 근사만 수행"",""reason"":""실제 파지·관절 궤적·전 과정 실행 미검증""}}","16.071428571428573","100","12","0","0","940000000","400","","","","150","50.34602488997738","100","100","12.361111111111118","89.7435897435898","0.6250000000000001","0","0","","18.528291666671674","34.779899999994086","32.30215000000753","34.28434999999678","222.33950000006007","100","107.03781804388689","51.37458172852648","403.5956710392531","538","3.6318000000028405","","","","","","100","0","0","","","100","","","","","","",""
"future-hybrid","online","identical","112","12","9f4d1311","complete","","explicit","proxy","{}","{""bounds"":12,""support"":190}","adapter-1.0 / planners-f6ec11d4259a","2.0.0","null","{""collision"":{""status"":""PASS"",""violations"":0,""checkedPlacements"":12,""scope"":""직육면체 기하·관측 규격 공통 검사"",""reason"":""확정 배치와 최종 적재 상태 검사""},""bounds"":{""status"":""PASS"",""violations"":0,""checkedPlacements"":12,""scope"":""직육면체 기하·관측 규격 공통 검사"",""reason"":""확정 배치와 최종 적재 상태 검사""},""height"":{""status"":""PASS"",""violations"":0,""checkedPlacements"":12,""scope"":""직육면체 기하·관측 규격 공통 검사"",""reason"":""확정 배치와 최종 적재 상태 검사""},""orientation"":{""status"":""PASS"",""violations"":0,""checkedPlacements"":12,""scope"":""직육면체 기하·관측 규격 공통 검사"",""reason"":""확정 배치와 최종 적재 상태 검사""},""load"":{""status"":""PASS"",""violations"":0,""checkedPlacements"":12,""scope"":""입력된 허용 상부하중 · 누적 정적 반력"",""reason"":""입력값 범위의 정적 검사. 실측 재료 인증 아님""},""support"":{""status"":""PASS"",""violations"":0,""checkedPlacements"":12,""scope"":""접촉·합력 작용점·정적 평형"",""reason"":""설정된 지지율·전도 여유 검사. 동적 붕괴·굽힘 파손 미검증""},""payload"":{""status"":""PASS"",""violations"":0,""checkedPlacements"":12,""scope"":""입력 가반하중 · 박스+그리퍼 질량"",""reason"":""사용자가 설정한 가반하중 한계 검사""},""robotCollision"":{""status"":""NOT VERIFIED"",""violations"":0,""checkedPlacements"":12,""scope"":""TCP·그리퍼 스윕 근사만 수행"",""reason"":""전체 로봇 링크 충돌 미검증""},""approach"":{""status"":""NOT VERIFIED"",""violations"":0,""checkedPlacements"":12,""scope"":""TCP·그리퍼 스윕 근사만 수행"",""reason"":""실제 관절 한계·역기구학·접근 자세 미검증""},""sequence"":{""status"":""NOT VERIFIED"",""violations"":0,""checkedPlacements"":12,""scope"":""TCP·그리퍼 스윕 근사만 수행"",""reason"":""실제 파지·관절 궤적·전 과정 실행 미검증""}}","16.071428571428573","100","12","0","0","940000000","400","","","","150","0","100","100","1.3888888888888868","95","0.625","0","0","","66.08141666667264","132.3746000000101","117.21132000000068","129.34194400000825","792.9770000000717","100","108.20092680945035","50.83060242614273","399.25720854571165","538","2.9627000000036787","","","","","","100","0","0","","","100","","","","","","",""
"hrpal-inferred","online","random","112","12","21b4e614","partial","SUPPORT: 지지 조건 미달 19.7% / 필요 95.0% · CoG 지지 검사 / 무게 규칙 위반 · Long-02 (6 kg) / SUPPORT: 지지 조건 미달 39.4% / 필요 95.0% · CoG 지지 검사 / SUPPORT: 지지 조건 미달 0.0% / 필요 95.0% · CoG 지지 검사 / SUPPORT: 지지 조건 미달 93.9% / 필요 95.0% · CoG 지지 검사 / 무게 규칙 위반 · Medium-02 (8 kg) / 누적 무게중심 정적 평형 불가 · Wide-03 / SUPPORT: 지지 조건 미달 9.8% / 필요 95.0% · CoG 지지 검사 / 무게 규칙 위반 · Medium-03 (8 kg) / SUPPORT: 지지 조건 미달 70.0% / 필요 95.0% · CoG 지지 검사 / SUPPORT: 지지 조건 미달 33.8% / 필요 95.0% · CoG 지지 검사","explicit","proxy","{}","{""support"":60,""load"":8}","conventional-pattern/2","2.0.0","null","{""collision"":{""status"":""PASS"",""violations"":0,""checkedPlacements"":4,""scope"":""직육면체 기하·관측 규격 공통 검사"",""reason"":""확정 배치와 최종 적재 상태 검사""},""bounds"":{""status"":""PASS"",""violations"":0,""checkedPlacements"":4,""scope"":""직육면체 기하·관측 규격 공통 검사"",""reason"":""확정 배치와 최종 적재 상태 검사""},""height"":{""status"":""PASS"",""violations"":0,""checkedPlacements"":4,""scope"":""직육면체 기하·관측 규격 공통 검사"",""reason"":""확정 배치와 최종 적재 상태 검사""},""orientation"":{""status"":""PASS"",""violations"":0,""checkedPlacements"":4,""scope"":""직육면체 기하·관측 규격 공통 검사"",""reason"":""확정 배치와 최종 적재 상태 검사""},""load"":{""status"":""PASS"",""violations"":0,""checkedPlacements"":4,""scope"":""입력된 허용 상부하중 · 누적 정적 반력"",""reason"":""입력값 범위의 정적 검사. 실측 재료 인증 아님""},""support"":{""status"":""PASS"",""violations"":0,""checkedPlacements"":4,""scope"":""접촉·합력 작용점·정적 평형"",""reason"":""설정된 지지율·전도 여유 검사. 동적 붕괴·굽힘 파손 미검증""},""payload"":{""status"":""PASS"",""violations"":0,""checkedPlacements"":4,""scope"":""입력 가반하중 · 박스+그리퍼 질량"",""reason"":""사용자가 설정한 가반하중 한계 검사""},""robotCollision"":{""status"":""NOT VERIFIED"",""violations"":0,""checkedPlacements"":4,""scope"":""TCP·그리퍼 스윕 근사만 수행"",""reason"":""전체 로봇 링크 충돌 미검증""},""approach"":{""status"":""NOT VERIFIED"",""violations"":0,""checkedPlacements"":4,""scope"":""TCP·그리퍼 스윕 근사만 수행"",""reason"":""실제 관절 한계·역기구학·접근 자세 미검증""},""sequence"":{""status"":""NOT VERIFIED"",""violations"":0,""checkedPlacements"":4,""scope"":""TCP·그리퍼 스윕 근사만 수행"",""reason"":""실제 파지·관절 궤적·전 과정 실행 미검증""}}","5.271981964285715","22.22222222222222","4","14","0.25848402","1060953802","217","","","","93.74","217.0146336079666","100","100","51.89542257639634","57.2","1.125984251968504","0","0","","2.246780000004219","5.318999999988591","4.642399999988265","5.1836799999885255","11.233900000021094","80","34.2172540169058","15.741215110988767","420.8403162008663","102","0.5589000000036322","5.271981964285715","0","22.22222222222222","","","100","0","0","","","0","","","","","","",""
"greedy","online","random","112","12","21b4e614","partial","무게 규칙 위반 / SUPPORT: 지지 조건 미달 65.2% / 필요 95.0% / SUPPORT: 지지 조건 미달 65.7% / 필요 95.0% / SUPPORT: 지지 조건 미달 84.6% / 필요 95.0% / SUPPORT: 지지 조건 미달 85.3% / 필요 95.0% / SUPPORT: 지지 조건 미달 88.4% / 필요 95.0% / SUPPORT: 지지 조건 미달 89.1% / 필요 95.0% / SUPPORT: 지지 조건 미달 58.8% / 필요 95.0% / SUPPORT: 지지 조건 미달 59.2% / 필요 95.0% / SUPPORT: 지지 조건 미달 75.1% / 필요 95.0% / SUPPORT: 지지 조건 미달 79.0% / 필요 95.0% / 누적 무게중심 정적 평형 불가 / SUPPORT: 지지 조건 미달 3.2% / 필요 95.0% / SUPPORT: 지지 조건 미달 3.4% / 필요 95.0% / SUPPORT: 지지 조건 미달 16.9% / 필요 95.0% / SUPPORT: 지지 조건 미달 23.0% / 필요 95.0% / SUPPORT: 지지 조건 미달 38.9% / 필요 95.0% / SUPPORT: 지지 조건 미달 26.2% / 필요 95.0% / SUPPORT: 지지 조건 미달 45.0% / 필요 95.0% / SUPPORT: 지지 조건 미달 24.7% / 필요 95.0% / SUPPORT: 지지 조건 미달 41.4% / 필요 95.0% / SUPPORT: 지지 조건 미달 55.8% / 필요 95.0% / SUPPORT: 지지 조건 미달 64.5% / 필요 95.0%","explicit","proxy","{}","{""bounds"":8,""support"":121,""robot-path"":6,""load"":96}","adapter-1.0 / planners-f6ec11d4259a","2.0.0","null","{""collision"":{""status"":""PASS"",""violations"":0,""checkedPlacements"":5,""scope"":""직육면체 기하·관측 규격 공통 검사"",""reason"":""확정 배치와 최종 적재 상태 검사""},""bounds"":{""status"":""PASS"",""violations"":0,""checkedPlacements"":5,""scope"":""직육면체 기하·관측 규격 공통 검사"",""reason"":""확정 배치와 최종 적재 상태 검사""},""height"":{""status"":""PASS"",""violations"":0,""checkedPlacements"":5,""scope"":""직육면체 기하·관측 규격 공통 검사"",""reason"":""확정 배치와 최종 적재 상태 검사""},""orientation"":{""status"":""PASS"",""violations"":0,""checkedPlacements"":5,""scope"":""직육면체 기하·관측 규격 공통 검사"",""reason"":""확정 배치와 최종 적재 상태 검사""},""load"":{""status"":""PASS"",""violations"":0,""checkedPlacements"":5,""scope"":""입력된 허용 상부하중 · 누적 정적 반력"",""reason"":""입력값 범위의 정적 검사. 실측 재료 인증 아님""},""support"":{""status"":""PASS"",""violations"":0,""checkedPlacements"":5,""scope"":""접촉·합력 작용점·정적 평형"",""reason"":""설정된 지지율·전도 여유 검사. 동적 붕괴·굽힘 파손 미검증""},""payload"":{""status"":""PASS"",""violations"":0,""checkedPlacements"":5,""scope"":""입력 가반하중 · 박스+그리퍼 질량"",""reason"":""사용자가 설정한 가반하중 한계 검사""},""robotCollision"":{""status"":""NOT VERIFIED"",""violations"":0,""checkedPlacements"":5,""scope"":""TCP·그리퍼 스윕 근사만 수행"",""reason"":""전체 로봇 링크 충돌 미검증""},""approach"":{""status"":""NOT VERIFIED"",""violations"":0,""checkedPlacements"":5,""scope"":""TCP·그리퍼 스윕 근사만 수행"",""reason"":""실제 관절 한계·역기구학·접근 자세 미검증""},""sequence"":{""status"":""NOT VERIFIED"",""violations"":0,""checkedPlacements"":5,""scope"":""TCP·그리퍼 스윕 근사만 수행"",""reason"":""실제 파지·관절 궤적·전 과정 실행 미검증""}}","8.318297410714285","27.77777777777778","5","13","0.224365287","1026835069","217","","","","94.63513513513513","63.26195726816837","100","100","12.88990516090744","57.2","1.125984251968504","0","0","","48.12375000000369","85.95309999998426","81.77679999999236","85.11783999998589","288.7425000000221","83.33333333333333","43.574645364822814","20.523519487134827","413.0842568952068","250","0.595499999995809","8.318297410714285","0","27.77777777777778","","","100","0","0","","","0","","","","","","",""
"future-hybrid","online","random","112","12","21b4e614","partial","무게 규칙 위반 / SUPPORT: 지지 조건 미달 59.2% / 필요 95.0% / SUPPORT: 지지 조건 미달 58.8% / 필요 95.0% / SUPPORT: 지지 조건 미달 65.7% / 필요 95.0% / SUPPORT: 지지 조건 미달 65.2% / 필요 95.0% / SUPPORT: 지지 조건 미달 70.7% / 필요 95.0% / SUPPORT: 지지 조건 미달 64.5% / 필요 95.0% / 누적 무게중심 정적 평형 불가 / SUPPORT: 지지 조건 미달 20.1% / 필요 95.0% / SUPPORT: 지지 조건 미달 38.9% / 필요 95.0% / SUPPORT: 지지 조건 미달 31.0% / 필요 95.0% / SUPPORT: 지지 조건 미달 16.9% / 필요 95.0% / SUPPORT: 지지 조건 미달 11.1% / 필요 95.0% / SUPPORT: 지지 조건 미달 25.6% / 필요 95.0% / SUPPORT: 지지 조건 미달 3.4% / 필요 95.0% / SUPPORT: 지지 조건 미달 3.2% / 필요 95.0% / SUPPORT: 지지 조건 미달 56.4% / 필요 95.0% / SUPPORT: 지지 조건 미달 46.5% / 필요 95.0% / SUPPORT: 지지 조건 미달 62.2% / 필요 95.0%","explicit","proxy","{}","{""bounds"":18,""support"":115,""protocol"":10,""robot-path"":4,""load"":96}","adapter-1.0 / planners-f6ec11d4259a","2.0.0","null","{""collision"":{""status"":""PASS"",""violations"":0,""checkedPlacements"":5,""scope"":""직육면체 기하·관측 규격 공통 검사"",""reason"":""확정 배치와 최종 적재 상태 검사""},""bounds"":{""status"":""PASS"",""violations"":0,""checkedPlacements"":5,""scope"":""직육면체 기하·관측 규격 공통 검사"",""reason"":""확정 배치와 최종 적재 상태 검사""},""height"":{""status"":""PASS"",""violations"":0,""checkedPlacements"":5,""scope"":""직육면체 기하·관측 규격 공통 검사"",""reason"":""확정 배치와 최종 적재 상태 검사""},""orientation"":{""status"":""PASS"",""violations"":0,""checkedPlacements"":5,""scope"":""직육면체 기하·관측 규격 공통 검사"",""reason"":""확정 배치와 최종 적재 상태 검사""},""load"":{""status"":""PASS"",""violations"":0,""checkedPlacements"":5,""scope"":""입력된 허용 상부하중 · 누적 정적 반력"",""reason"":""입력값 범위의 정적 검사. 실측 재료 인증 아님""},""support"":{""status"":""PASS"",""violations"":0,""checkedPlacements"":5,""scope"":""접촉·합력 작용점·정적 평형"",""reason"":""설정된 지지율·전도 여유 검사. 동적 붕괴·굽힘 파손 미검증""},""payload"":{""status"":""PASS"",""violations"":0,""checkedPlacements"":5,""scope"":""입력 가반하중 · 박스+그리퍼 질량"",""reason"":""사용자가 설정한 가반하중 한계 검사""},""robotCollision"":{""status"":""NOT VERIFIED"",""violations"":0,""checkedPlacements"":5,""scope"":""TCP·그리퍼 스윕 근사만 수행"",""reason"":""전체 로봇 링크 충돌 미검증""},""approach"":{""status"":""NOT VERIFIED"",""violations"":0,""checkedPlacements"":5,""scope"":""TCP·그리퍼 스윕 근사만 수행"",""reason"":""실제 관절 한계·역기구학·접근 자세 미검증""},""sequence"":{""status"":""NOT VERIFIED"",""violations"":0,""checkedPlacements"":5,""scope"":""TCP·그리퍼 스윕 근사만 수행"",""reason"":""실제 파지·관절 궤적·전 과정 실행 미검증""}}","8.318297410714285","27.77777777777778","5","13","0.224365287","1026835069","217","","","","94.63513513513513","59.787334641139516","100","100","15.449397448238797","57.2","1.125984251968504","0","0","","75.83960000000661","218.42660000000615","191.41565000000264","213.02441000000545","455.0376000000397","83.33333333333333","45.821263623067544","20.683821354993906","392.8307204286344","250","0.5872999999846797","8.318297410714285","0","27.77777777777778","","","100","0","0","","","0","","","","","","",""
"greedy","online","identical","113","13","4d7950f8","complete","","explicit","proxy","{}","{""bounds"":12,""support"":157}","adapter-1.0 / planners-f6ec11d4259a","2.0.0","null","{""collision"":{""status"":""PASS"",""violations"":0,""checkedPlacements"":12,""scope"":""직육면체 기하·관측 규격 공통 검사"",""reason"":""확정 배치와 최종 적재 상태 검사""},""bounds"":{""status"":""PASS"",""violations"":0,""checkedPlacements"":12,""scope"":""직육면체 기하·관측 규격 공통 검사"",""reason"":""확정 배치와 최종 적재 상태 검사""},""height"":{""status"":""PASS"",""violations"":0,""checkedPlacements"":12,""scope"":""직육면체 기하·관측 규격 공통 검사"",""reason"":""확정 배치와 최종 적재 상태 검사""},""orientation"":{""status"":""PASS"",""violations"":0,""checkedPlacements"":12,""scope"":""직육면체 기하·관측 규격 공통 검사"",""reason"":""확정 배치와 최종 적재 상태 검사""},""load"":{""status"":""PASS"",""violations"":0,""checkedPlacements"":12,""scope"":""입력된 허용 상부하중 · 누적 정적 반력"",""reason"":""입력값 범위의 정적 검사. 실측 재료 인증 아님""},""support"":{""status"":""PASS"",""violations"":0,""checkedPlacements"":12,""scope"":""접촉·합력 작용점·정적 평형"",""reason"":""설정된 지지율·전도 여유 검사. 동적 붕괴·굽힘 파손 미검증""},""payload"":{""status"":""PASS"",""violations"":0,""checkedPlacements"":12,""scope"":""입력 가반하중 · 박스+그리퍼 질량"",""reason"":""사용자가 설정한 가반하중 한계 검사""},""robotCollision"":{""status"":""NOT VERIFIED"",""violations"":0,""checkedPlacements"":12,""scope"":""TCP·그리퍼 스윕 근사만 수행"",""reason"":""전체 로봇 링크 충돌 미검증""},""approach"":{""status"":""NOT VERIFIED"",""violations"":0,""checkedPlacements"":12,""scope"":""TCP·그리퍼 스윕 근사만 수행"",""reason"":""실제 관절 한계·역기구학·접근 자세 미검증""},""sequence"":{""status"":""NOT VERIFIED"",""violations"":0,""checkedPlacements"":12,""scope"":""TCP·그리퍼 스윕 근사만 수행"",""reason"":""실제 파지·관절 궤적·전 과정 실행 미검증""}}","16.071428571428573","100","12","0","0","940000000","400","","","","150","50.34602488997738","100","100","12.361111111111118","89.7435897435898","0.6250000000000001","0","0","","18.983183333337365","41.14059999998426","35.443865000004","40.00125299998822","227.79820000004838","100","107.03781804388689","51.37458172852648","403.5956710392531","538","4.229200000001583","","","","","","100","0","0","","","100","","","","","","",""
"future-hybrid","online","identical","113","13","4d7950f8","complete","","explicit","proxy","{}","{""bounds"":12,""support"":190}","adapter-1.0 / planners-f6ec11d4259a","2.0.0","null","{""collision"":{""status"":""PASS"",""violations"":0,""checkedPlacements"":12,""scope"":""직육면체 기하·관측 규격 공통 검사"",""reason"":""확정 배치와 최종 적재 상태 검사""},""bounds"":{""status"":""PASS"",""violations"":0,""checkedPlacements"":12,""scope"":""직육면체 기하·관측 규격 공통 검사"",""reason"":""확정 배치와 최종 적재 상태 검사""},""height"":{""status"":""PASS"",""violations"":0,""checkedPlacements"":12,""scope"":""직육면체 기하·관측 규격 공통 검사"",""reason"":""확정 배치와 최종 적재 상태 검사""},""orientation"":{""status"":""PASS"",""violations"":0,""checkedPlacements"":12,""scope"":""직육면체 기하·관측 규격 공통 검사"",""reason"":""확정 배치와 최종 적재 상태 검사""},""load"":{""status"":""PASS"",""violations"":0,""checkedPlacements"":12,""scope"":""입력된 허용 상부하중 · 누적 정적 반력"",""reason"":""입력값 범위의 정적 검사. 실측 재료 인증 아님""},""support"":{""status"":""PASS"",""violations"":0,""checkedPlacements"":12,""scope"":""접촉·합력 작용점·정적 평형"",""reason"":""설정된 지지율·전도 여유 검사. 동적 붕괴·굽힘 파손 미검증""},""payload"":{""status"":""PASS"",""violations"":0,""checkedPlacements"":12,""scope"":""입력 가반하중 · 박스+그리퍼 질량"",""reason"":""사용자가 설정한 가반하중 한계 검사""},""robotCollision"":{""status"":""NOT VERIFIED"",""violations"":0,""checkedPlacements"":12,""scope"":""TCP·그리퍼 스윕 근사만 수행"",""reason"":""전체 로봇 링크 충돌 미검증""},""approach"":{""status"":""NOT VERIFIED"",""violations"":0,""checkedPlacements"":12,""scope"":""TCP·그리퍼 스윕 근사만 수행"",""reason"":""실제 관절 한계·역기구학·접근 자세 미검증""},""sequence"":{""status"":""NOT VERIFIED"",""violations"":0,""checkedPlacements"":12,""scope"":""TCP·그리퍼 스윕 근사만 수행"",""reason"":""실제 파지·관절 궤적·전 과정 실행 미검증""}}","16.071428571428573","100","12","0","0","940000000","400","","","","150","0","100","100","1.3888888888888868","95","0.625","0","0","","69.38288333333185","142.2441000000108","126.4930900000021","139.0938980000091","832.5945999999822","100","108.20092680945035","50.83060242614273","399.25720854571165","538","2.3545000000158325","","","","","","100","0","0","","","100","","","","","","",""
"hrpal-inferred","online","identical","113","13","4d7950f8","complete","","explicit","proxy","{}","{""support"":123}","conventional-pattern/2","2.0.0","null","{""collision"":{""status"":""PASS"",""violations"":0,""checkedPlacements"":12,""scope"":""직육면체 기하·관측 규격 공통 검사"",""reason"":""확정 배치와 최종 적재 상태 검사""},""bounds"":{""status"":""PASS"",""violations"":0,""checkedPlacements"":12,""scope"":""직육면체 기하·관측 규격 공통 검사"",""reason"":""확정 배치와 최종 적재 상태 검사""},""height"":{""status"":""PASS"",""violations"":0,""checkedPlacements"":12,""scope"":""직육면체 기하·관측 규격 공통 검사"",""reason"":""확정 배치와 최종 적재 상태 검사""},""orientation"":{""status"":""PASS"",""violations"":0,""checkedPlacements"":12,""scope"":""직육면체 기하·관측 규격 공통 검사"",""reason"":""확정 배치와 최종 적재 상태 검사""},""load"":{""status"":""PASS"",""violations"":0,""checkedPlacements"":12,""scope"":""입력된 허용 상부하중 · 누적 정적 반력"",""reason"":""입력값 범위의 정적 검사. 실측 재료 인증 아님""},""support"":{""status"":""PASS"",""violations"":0,""checkedPlacements"":12,""scope"":""접촉·합력 작용점·정적 평형"",""reason"":""설정된 지지율·전도 여유 검사. 동적 붕괴·굽힘 파손 미검증""},""payload"":{""status"":""PASS"",""violations"":0,""checkedPlacements"":12,""scope"":""입력 가반하중 · 박스+그리퍼 질량"",""reason"":""사용자가 설정한 가반하중 한계 검사""},""robotCollision"":{""status"":""NOT VERIFIED"",""violations"":0,""checkedPlacements"":12,""scope"":""TCP·그리퍼 스윕 근사만 수행"",""reason"":""전체 로봇 링크 충돌 미검증""},""approach"":{""status"":""NOT VERIFIED"",""violations"":0,""checkedPlacements"":12,""scope"":""TCP·그리퍼 스윕 근사만 수행"",""reason"":""실제 관절 한계·역기구학·접근 자세 미검증""},""sequence"":{""status"":""NOT VERIFIED"",""violations"":0,""checkedPlacements"":12,""scope"":""TCP·그리퍼 스윕 근사만 수행"",""reason"":""실제 파지·관절 궤적·전 과정 실행 미검증""}}","16.071428571428573","100","12","0","0","940000000","400","","","","150","100.77822185373186","100","100","20.55555555555556","95","0.625","0","0","","5.322141666666236","19.71809999999823","14.090775000001297","18.59263499999885","63.86569999999483","100","100.37583405928804","49.64429213853723","430.38247606972277","284","2.6943000000028405","","","","","","100","0","0","","","100","","","","","","",""
"greedy","online","random","113","13","48ae4401","partial","무게 규칙 위반 / SUPPORT: 지지 조건 미달 57.1% / 필요 95.0% / SUPPORT: 지지 조건 미달 57.6% / 필요 95.0% / SUPPORT: 지지 조건 미달 76.5% / 필요 95.0% / SUPPORT: 지지 조건 미달 77.1% / 필요 95.0% / SUPPORT: 지지 조건 미달 93.6% / 필요 95.0% / SUPPORT: 지지 조건 미달 94.4% / 필요 95.0% / SUPPORT: 지지 조건 미달 79.3% / 필요 95.0% / SUPPORT: 지지 조건 미달 80.0% / 필요 95.0% / SUPPORT: 지지 조건 미달 66.8% / 필요 95.0% / SUPPORT: 지지 조건 미달 67.4% / 필요 95.0% / 누적 무게중심 정적 평형 불가 / SUPPORT: 지지 조건 미달 3.2% / 필요 95.0% / SUPPORT: 지지 조건 미달 3.4% / 필요 95.0% / SUPPORT: 지지 조건 미달 6.7% / 필요 95.0% / SUPPORT: 지지 조건 미달 16.9% / 필요 95.0% / SUPPORT: 지지 조건 미달 17.3% / 필요 95.0% / SUPPORT: 지지 조건 미달 24.4% / 필요 95.0% / SUPPORT: 지지 조건 미달 38.9% / 필요 95.0% / SUPPORT: 지지 조건 미달 26.2% / 필요 95.0% / SUPPORT: 지지 조건 미달 45.0% / 필요 95.0% / SUPPORT: 지지 조건 미달 24.7% / 필요 95.0% / SUPPORT: 지지 조건 미달 41.4% / 필요 95.0% / SUPPORT: 지지 조건 미달 9.5% / 필요 95.0% / SUPPORT: 지지 조건 미달 35.0% / 필요 95.0%","explicit","proxy","{}","{""bounds"":8,""support"":84,""load"":86}","adapter-1.0 / planners-f6ec11d4259a","2.0.0","null","{""collision"":{""status"":""PASS"",""violations"":0,""checkedPlacements"":7,""scope"":""직육면체 기하·관측 규격 공통 검사"",""reason"":""확정 배치와 최종 적재 상태 검사""},""bounds"":{""status"":""PASS"",""violations"":0,""checkedPlacements"":7,""scope"":""직육면체 기하·관측 규격 공통 검사"",""reason"":""확정 배치와 최종 적재 상태 검사""},""height"":{""status"":""PASS"",""violations"":0,""checkedPlacements"":7,""scope"":""직육면체 기하·관측 규격 공통 검사"",""reason"":""확정 배치와 최종 적재 상태 검사""},""orientation"":{""status"":""PASS"",""violations"":0,""checkedPlacements"":7,""scope"":""직육면체 기하·관측 규격 공통 검사"",""reason"":""확정 배치와 최종 적재 상태 검사""},""load"":{""status"":""PASS"",""violations"":0,""checkedPlacements"":7,""scope"":""입력된 허용 상부하중 · 누적 정적 반력"",""reason"":""입력값 범위의 정적 검사. 실측 재료 인증 아님""},""support"":{""status"":""PASS"",""violations"":0,""checkedPlacements"":7,""scope"":""접촉·합력 작용점·정적 평형"",""reason"":""설정된 지지율·전도 여유 검사. 동적 붕괴·굽힘 파손 미검증""},""payload"":{""status"":""PASS"",""violations"":0,""checkedPlacements"":7,""scope"":""입력 가반하중 · 박스+그리퍼 질량"",""reason"":""사용자가 설정한 가반하중 한계 검사""},""robotCollision"":{""status"":""NOT VERIFIED"",""violations"":0,""checkedPlacements"":7,""scope"":""TCP·그리퍼 스윕 근사만 수행"",""reason"":""전체 로봇 링크 충돌 미검증""},""approach"":{""status"":""NOT VERIFIED"",""violations"":0,""checkedPlacements"":7,""scope"":""TCP·그리퍼 스윕 근사만 수행"",""reason"":""실제 관절 한계·역기구학·접근 자세 미검증""},""sequence"":{""status"":""NOT VERIFIED"",""violations"":0,""checkedPlacements"":7,""scope"":""TCP·그리퍼 스윕 근사만 수행"",""reason"":""실제 파지·관절 궤적·전 과정 실행 미검증""}}","8.729428839285715","38.888888888888886","7","11","0.219760615","1022230397","302","","","","106.325","33.5108424618063","100","100","14.170382749595746","65.85","0.5860927152317881","0","0","","69.84171249999417","137.5905999999959","128.53483999999878","135.77944799999648","558.7336999999534","87.5","61.77151223554612","29.751482953104976","407.9550441295297","346","1.2678000000014435","8.729428839285715","0","38.888888888888886","","","100","0","0","","","0","","","","","","",""
"future-hybrid","online","random","113","13","48ae4401","partial","무게 규칙 위반 / 누적 무게중심 정적 평형 불가 / SUPPORT: 지지 조건 미달 46.5% / 필요 95.0% / SUPPORT: 지지 조건 미달 46.1% / 필요 95.0% / SUPPORT: 지지 조건 미달 83.3% / 필요 95.0% / SUPPORT: 지지 조건 미달 82.7% / 필요 95.0% / SUPPORT: 지지 조건 미달 80.0% / 필요 95.0% / SUPPORT: 지지 조건 미달 79.3% / 필요 95.0% / SUPPORT: 지지 조건 미달 78.4% / 필요 95.0% / SUPPORT: 지지 조건 미달 77.8% / 필요 95.0% / SUPPORT: 지지 조건 미달 70.7% / 필요 95.0% / SUPPORT: 지지 조건 미달 64.5% / 필요 95.0% / SUPPORT: 지지 조건 미달 20.1% / 필요 95.0% / SUPPORT: 지지 조건 미달 38.9% / 필요 95.0% / SUPPORT: 지지 조건 미달 31.0% / 필요 95.0% / SUPPORT: 지지 조건 미달 16.9% / 필요 95.0% / SUPPORT: 지지 조건 미달 15.1% / 필요 95.0% / SUPPORT: 지지 조건 미달 11.1% / 필요 95.0% / SUPPORT: 지지 조건 미달 25.6% / 필요 95.0% / SUPPORT: 지지 조건 미달 19.4% / 필요 95.0% / SUPPORT: 지지 조건 미달 3.4% / 필요 95.0% / SUPPORT: 지지 조건 미달 3.2% / 필요 95.0% / SUPPORT: 지지 조건 미달 56.4% / 필요 95.0%","explicit","proxy","{}","{""bounds"":8,""support"":89,""load"":88}","adapter-1.0 / planners-f6ec11d4259a","2.0.0","null","{""collision"":{""status"":""PASS"",""violations"":0,""checkedPlacements"":7,""scope"":""직육면체 기하·관측 규격 공통 검사"",""reason"":""확정 배치와 최종 적재 상태 검사""},""bounds"":{""status"":""PASS"",""violations"":0,""checkedPlacements"":7,""scope"":""직육면체 기하·관측 규격 공통 검사"",""reason"":""확정 배치와 최종 적재 상태 검사""},""height"":{""status"":""PASS"",""violations"":0,""checkedPlacements"":7,""scope"":""직육면체 기하·관측 규격 공통 검사"",""reason"":""확정 배치와 최종 적재 상태 검사""},""orientation"":{""status"":""PASS"",""violations"":0,""checkedPlacements"":7,""scope"":""직육면체 기하·관측 규격 공통 검사"",""reason"":""확정 배치와 최종 적재 상태 검사""},""load"":{""status"":""PASS"",""violations"":0,""checkedPlacements"":7,""scope"":""입력된 허용 상부하중 · 누적 정적 반력"",""reason"":""입력값 범위의 정적 검사. 실측 재료 인증 아님""},""support"":{""status"":""PASS"",""violations"":0,""checkedPlacements"":7,""scope"":""접촉·합력 작용점·정적 평형"",""reason"":""설정된 지지율·전도 여유 검사. 동적 붕괴·굽힘 파손 미검증""},""payload"":{""status"":""PASS"",""violations"":0,""checkedPlacements"":7,""scope"":""입력 가반하중 · 박스+그리퍼 질량"",""reason"":""사용자가 설정한 가반하중 한계 검사""},""robotCollision"":{""status"":""NOT VERIFIED"",""violations"":0,""checkedPlacements"":7,""scope"":""TCP·그리퍼 스윕 근사만 수행"",""reason"":""전체 로봇 링크 충돌 미검증""},""approach"":{""status"":""NOT VERIFIED"",""violations"":0,""checkedPlacements"":7,""scope"":""TCP·그리퍼 스윕 근사만 수행"",""reason"":""실제 관절 한계·역기구학·접근 자세 미검증""},""sequence"":{""status"":""NOT VERIFIED"",""violations"":0,""checkedPlacements"":7,""scope"":""TCP·그리퍼 스윕 근사만 수행"",""reason"":""실제 파지·관절 궤적·전 과정 실행 미검증""}}","8.729428839285715","38.888888888888886","7","11","0.219760615","1022230397","217","","","","95","27.86034928890877","100","100","12.994814324992172","70.8","1.1721854304635762","0","0","","200.32507499999338","478.36699999999837","429.50818999999166","468.59523799999704","1602.600599999947","87.5","65.81439504044641","29.129356776290177","382.8949576230743","346","1.1639999999897555","8.729428839285715","0","38.888888888888886","","","100","0","0","","","0","","","","","","",""
"hrpal-inferred","online","random","113","13","48ae4401","partial","누적 무게중심 정적 평형 불가 · Heavy-02 / SUPPORT: 지지 조건 미달 12.9% / 필요 95.0% · CoG 지지 검사 / 무게 규칙 위반 · Wide-02 (12 kg) / 무게 규칙 위반 · Medium-03 (8 kg) / SUPPORT: 지지 조건 미달 29.0% / 필요 95.0% · CoG 지지 검사 / 무게 규칙 위반 · Medium-04 (8 kg) / SUPPORT: 지지 조건 미달 2.8% / 필요 95.0% · CoG 지지 검사 / SUPPORT: 지지 조건 미달 9.6% / 필요 95.0% · CoG 지지 검사 / SUPPORT: 지지 조건 미달 81.8% / 필요 95.0% · CoG 지지 검사 / SUPPORT: 지지 조건 미달 59.7% / 필요 95.0% · CoG 지지 검사 / SUPPORT: 지지 조건 미달 0.0% / 필요 95.0% · CoG 지지 검사","explicit","proxy","{}","{""support"":138,""load"":13}","conventional-pattern/2","2.0.0","null","{""collision"":{""status"":""PASS"",""violations"":0,""checkedPlacements"":7,""scope"":""직육면체 기하·관측 규격 공통 검사"",""reason"":""확정 배치와 최종 적재 상태 검사""},""bounds"":{""status"":""PASS"",""violations"":0,""checkedPlacements"":7,""scope"":""직육면체 기하·관측 규격 공통 검사"",""reason"":""확정 배치와 최종 적재 상태 검사""},""height"":{""status"":""PASS"",""violations"":0,""checkedPlacements"":7,""scope"":""직육면체 기하·관측 규격 공통 검사"",""reason"":""확정 배치와 최종 적재 상태 검사""},""orientation"":{""status"":""PASS"",""violations"":0,""checkedPlacements"":7,""scope"":""직육면체 기하·관측 규격 공통 검사"",""reason"":""확정 배치와 최종 적재 상태 검사""},""load"":{""status"":""PASS"",""violations"":0,""checkedPlacements"":7,""scope"":""입력된 허용 상부하중 · 누적 정적 반력"",""reason"":""입력값 범위의 정적 검사. 실측 재료 인증 아님""},""support"":{""status"":""PASS"",""violations"":0,""checkedPlacements"":7,""scope"":""접촉·합력 작용점·정적 평형"",""reason"":""설정된 지지율·전도 여유 검사. 동적 붕괴·굽힘 파손 미검증""},""payload"":{""status"":""PASS"",""violations"":0,""checkedPlacements"":7,""scope"":""입력 가반하중 · 박스+그리퍼 질량"",""reason"":""사용자가 설정한 가반하중 한계 검사""},""robotCollision"":{""status"":""NOT VERIFIED"",""violations"":0,""checkedPlacements"":7,""scope"":""TCP·그리퍼 스윕 근사만 수행"",""reason"":""전체 로봇 링크 충돌 미검증""},""approach"":{""status"":""NOT VERIFIED"",""violations"":0,""checkedPlacements"":7,""scope"":""TCP·그리퍼 스윕 근사만 수행"",""reason"":""실제 관절 한계·역기구학·접근 자세 미검증""},""sequence"":{""status"":""NOT VERIFIED"",""violations"":0,""checkedPlacements"":7,""scope"":""TCP·그리퍼 스윕 근사만 수행"",""reason"":""실제 파지·관절 궤적·전 과정 실행 미검증""}}","8.729428839285715","38.888888888888886","7","11","0.219760615","1022230397","217","","","","95","78.8698373904752","100","100","29.333762842103972","70.8","1.1721854304635762","0","0","","3.932650000002468","9.4377000000095","8.236150000002816","9.197390000008163","31.461200000019744","87.5","60.48072205308472","28.91246933450507","416.6616922642165","237","0.7024000000092201","8.729428839285715","0","38.888888888888886","","","100","0","0","","","0","","","","","","",""
"future-hybrid","online","identical","114","14","ea994d2b","complete","","explicit","proxy","{}","{""bounds"":12,""support"":190}","adapter-1.0 / planners-f6ec11d4259a","2.0.0","null","{""collision"":{""status"":""PASS"",""violations"":0,""checkedPlacements"":12,""scope"":""직육면체 기하·관측 규격 공통 검사"",""reason"":""확정 배치와 최종 적재 상태 검사""},""bounds"":{""status"":""PASS"",""violations"":0,""checkedPlacements"":12,""scope"":""직육면체 기하·관측 규격 공통 검사"",""reason"":""확정 배치와 최종 적재 상태 검사""},""height"":{""status"":""PASS"",""violations"":0,""checkedPlacements"":12,""scope"":""직육면체 기하·관측 규격 공통 검사"",""reason"":""확정 배치와 최종 적재 상태 검사""},""orientation"":{""status"":""PASS"",""violations"":0,""checkedPlacements"":12,""scope"":""직육면체 기하·관측 규격 공통 검사"",""reason"":""확정 배치와 최종 적재 상태 검사""},""load"":{""status"":""PASS"",""violations"":0,""checkedPlacements"":12,""scope"":""입력된 허용 상부하중 · 누적 정적 반력"",""reason"":""입력값 범위의 정적 검사. 실측 재료 인증 아님""},""support"":{""status"":""PASS"",""violations"":0,""checkedPlacements"":12,""scope"":""접촉·합력 작용점·정적 평형"",""reason"":""설정된 지지율·전도 여유 검사. 동적 붕괴·굽힘 파손 미검증""},""payload"":{""status"":""PASS"",""violations"":0,""checkedPlacements"":12,""scope"":""입력 가반하중 · 박스+그리퍼 질량"",""reason"":""사용자가 설정한 가반하중 한계 검사""},""robotCollision"":{""status"":""NOT VERIFIED"",""violations"":0,""checkedPlacements"":12,""scope"":""TCP·그리퍼 스윕 근사만 수행"",""reason"":""전체 로봇 링크 충돌 미검증""},""approach"":{""status"":""NOT VERIFIED"",""violations"":0,""checkedPlacements"":12,""scope"":""TCP·그리퍼 스윕 근사만 수행"",""reason"":""실제 관절 한계·역기구학·접근 자세 미검증""},""sequence"":{""status"":""NOT VERIFIED"",""violations"":0,""checkedPlacements"":12,""scope"":""TCP·그리퍼 스윕 근사만 수행"",""reason"":""실제 파지·관절 궤적·전 과정 실행 미검증""}}","16.071428571428573","100","12","0","0","940000000","400","","","","150","0","100","100","1.3888888888888868","95","0.625","0","0","","66.54485000000325","119.32529999999679","109.4376750000083","117.3477749999991","798.5382000000391","100","108.20092680945035","50.83060242614273","399.25720854571165","538","3.496400000003632","","","","","","100","0","0","","","100","","","","","","",""
"hrpal-inferred","online","identical","114","14","ea994d2b","complete","","explicit","proxy","{}","{""support"":123}","conventional-pattern/2","2.0.0","null","{""collision"":{""status"":""PASS"",""violations"":0,""checkedPlacements"":12,""scope"":""직육면체 기하·관측 규격 공통 검사"",""reason"":""확정 배치와 최종 적재 상태 검사""},""bounds"":{""status"":""PASS"",""violations"":0,""checkedPlacements"":12,""scope"":""직육면체 기하·관측 규격 공통 검사"",""reason"":""확정 배치와 최종 적재 상태 검사""},""height"":{""status"":""PASS"",""violations"":0,""checkedPlacements"":12,""scope"":""직육면체 기하·관측 규격 공통 검사"",""reason"":""확정 배치와 최종 적재 상태 검사""},""orientation"":{""status"":""PASS"",""violations"":0,""checkedPlacements"":12,""scope"":""직육면체 기하·관측 규격 공통 검사"",""reason"":""확정 배치와 최종 적재 상태 검사""},""load"":{""status"":""PASS"",""violations"":0,""checkedPlacements"":12,""scope"":""입력된 허용 상부하중 · 누적 정적 반력"",""reason"":""입력값 범위의 정적 검사. 실측 재료 인증 아님""},""support"":{""status"":""PASS"",""violations"":0,""checkedPlacements"":12,""scope"":""접촉·합력 작용점·정적 평형"",""reason"":""설정된 지지율·전도 여유 검사. 동적 붕괴·굽힘 파손 미검증""},""payload"":{""status"":""PASS"",""violations"":0,""checkedPlacements"":12,""scope"":""입력 가반하중 · 박스+그리퍼 질량"",""reason"":""사용자가 설정한 가반하중 한계 검사""},""robotCollision"":{""status"":""NOT VERIFIED"",""violations"":0,""checkedPlacements"":12,""scope"":""TCP·그리퍼 스윕 근사만 수행"",""reason"":""전체 로봇 링크 충돌 미검증""},""approach"":{""status"":""NOT VERIFIED"",""violations"":0,""checkedPlacements"":12,""scope"":""TCP·그리퍼 스윕 근사만 수행"",""reason"":""실제 관절 한계·역기구학·접근 자세 미검증""},""sequence"":{""status"":""NOT VERIFIED"",""violations"":0,""checkedPlacements"":12,""scope"":""TCP·그리퍼 스윕 근사만 수행"",""reason"":""실제 파지·관절 궤적·전 과정 실행 미검증""}}","16.071428571428573","100","12","0","0","940000000","400","","","","150","100.77822185373186","100","100","20.55555555555556","95","0.625","0","0","","3.6340166666680793","8.141900000016904","7.823670000012498","8.078254000016022","43.60820000001695","100","100.37583405928804","49.64429213853723","430.38247606972277","284","2.4994000000006054","","","","","","100","0","0","","","100","","","","","","",""
"greedy","online","identical","114","14","ea994d2b","complete","","explicit","proxy","{}","{""bounds"":12,""support"":157}","adapter-1.0 / planners-f6ec11d4259a","2.0.0","null","{""collision"":{""status"":""PASS"",""violations"":0,""checkedPlacements"":12,""scope"":""직육면체 기하·관측 규격 공통 검사"",""reason"":""확정 배치와 최종 적재 상태 검사""},""bounds"":{""status"":""PASS"",""violations"":0,""checkedPlacements"":12,""scope"":""직육면체 기하·관측 규격 공통 검사"",""reason"":""확정 배치와 최종 적재 상태 검사""},""height"":{""status"":""PASS"",""violations"":0,""checkedPlacements"":12,""scope"":""직육면체 기하·관측 규격 공통 검사"",""reason"":""확정 배치와 최종 적재 상태 검사""},""orientation"":{""status"":""PASS"",""violations"":0,""checkedPlacements"":12,""scope"":""직육면체 기하·관측 규격 공통 검사"",""reason"":""확정 배치와 최종 적재 상태 검사""},""load"":{""status"":""PASS"",""violations"":0,""checkedPlacements"":12,""scope"":""입력된 허용 상부하중 · 누적 정적 반력"",""reason"":""입력값 범위의 정적 검사. 실측 재료 인증 아님""},""support"":{""status"":""PASS"",""violations"":0,""checkedPlacements"":12,""scope"":""접촉·합력 작용점·정적 평형"",""reason"":""설정된 지지율·전도 여유 검사. 동적 붕괴·굽힘 파손 미검증""},""payload"":{""status"":""PASS"",""violations"":0,""checkedPlacements"":12,""scope"":""입력 가반하중 · 박스+그리퍼 질량"",""reason"":""사용자가 설정한 가반하중 한계 검사""},""robotCollision"":{""status"":""NOT VERIFIED"",""violations"":0,""checkedPlacements"":12,""scope"":""TCP·그리퍼 스윕 근사만 수행"",""reason"":""전체 로봇 링크 충돌 미검증""},""approach"":{""status"":""NOT VERIFIED"",""violations"":0,""checkedPlacements"":12,""scope"":""TCP·그리퍼 스윕 근사만 수행"",""reason"":""실제 관절 한계·역기구학·접근 자세 미검증""},""sequence"":{""status"":""NOT VERIFIED"",""violations"":0,""checkedPlacements"":12,""scope"":""TCP·그리퍼 스윕 근사만 수행"",""reason"":""실제 파지·관절 궤적·전 과정 실행 미검증""}}","16.071428571428573","100","12","0","0","940000000","400","","","","150","50.34602488997738","100","100","12.361111111111118","89.7435897435898","0.6250000000000001","0","0","","19.58829166666692","39.98060000000987","36.471269999991634","39.27873400000623","235.05950000000303","100","107.03781804388689","51.37458172852648","403.5956710392531","538","2.4715000000142027","","","","","","100","0","0","","","100","","","","","","",""
"future-hybrid","online","random","114","14","66e886d2","partial","누적 무게중심 정적 평형 불가 / SUPPORT: 지지 조건 미달 13.9% / 필요 95.0% / 무게 규칙 위반 / SUPPORT: 지지 조건 미달 9.4% / 필요 95.0% / SUPPORT: 지지 조건 미달 12.9% / 필요 95.0% / SUPPORT: 지지 조건 미달 17.7% / 필요 95.0% / SUPPORT: 지지 조건 미달 22.3% / 필요 95.0% / SUPPORT: 지지 조건 미달 13.2% / 필요 95.0% / SUPPORT: 지지 조건 미달 11.9% / 필요 95.0% / SUPPORT: 지지 조건 미달 21.3% / 필요 95.0%","explicit","proxy","{}","{""support"":154,""load"":148,""protocol"":35}","adapter-1.0 / planners-f6ec11d4259a","2.0.0","null","{""collision"":{""status"":""PASS"",""violations"":0,""checkedPlacements"":9,""scope"":""직육면체 기하·관측 규격 공통 검사"",""reason"":""확정 배치와 최종 적재 상태 검사""},""bounds"":{""status"":""PASS"",""violations"":0,""checkedPlacements"":9,""scope"":""직육면체 기하·관측 규격 공통 검사"",""reason"":""확정 배치와 최종 적재 상태 검사""},""height"":{""status"":""PASS"",""violations"":0,""checkedPlacements"":9,""scope"":""직육면체 기하·관측 규격 공통 검사"",""reason"":""확정 배치와 최종 적재 상태 검사""},""orientation"":{""status"":""PASS"",""violations"":0,""checkedPlacements"":9,""scope"":""직육면체 기하·관측 규격 공통 검사"",""reason"":""확정 배치와 최종 적재 상태 검사""},""load"":{""status"":""PASS"",""violations"":0,""checkedPlacements"":9,""scope"":""입력된 허용 상부하중 · 누적 정적 반력"",""reason"":""입력값 범위의 정적 검사. 실측 재료 인증 아님""},""support"":{""status"":""PASS"",""violations"":0,""checkedPlacements"":9,""scope"":""접촉·합력 작용점·정적 평형"",""reason"":""설정된 지지율·전도 여유 검사. 동적 붕괴·굽힘 파손 미검증""},""payload"":{""status"":""PASS"",""violations"":0,""checkedPlacements"":9,""scope"":""입력 가반하중 · 박스+그리퍼 질량"",""reason"":""사용자가 설정한 가반하중 한계 검사""},""robotCollision"":{""status"":""NOT VERIFIED"",""violations"":0,""checkedPlacements"":9,""scope"":""TCP·그리퍼 스윕 근사만 수행"",""reason"":""전체 로봇 링크 충돌 미검증""},""approach"":{""status"":""NOT VERIFIED"",""violations"":0,""checkedPlacements"":9,""scope"":""TCP·그리퍼 스윕 근사만 수행"",""reason"":""실제 관절 한계·역기구학·접근 자세 미검증""},""sequence"":{""status"":""NOT VERIFIED"",""violations"":0,""checkedPlacements"":9,""scope"":""TCP·그리퍼 스윕 근사만 수행"",""reason"":""실제 파지·관절 궤적·전 과정 실행 미검증""}}","11.291560089285714","50","9","9","0.191064745","993534527","358","","","","151.18115942028984","167.3285489993532","100","100","38.33813403071135","59.59925650557618","0.5518207282913166","0","0","","182.16801000000268","383.08640000000014","376.17786500000074","381.70469300000025","1821.6801000000269","90","84.34593163063872","39.87485555991516","384.1323389714114","442","1.7381999999925029","11.291560089285714","0","50","","","100","0","0","","","0","","","","","","",""
"hrpal-inferred","online","random","114","14","66e886d2","partial","세로 박스 주변 높이 부족 · 가까운 눕힌 적재를 먼저 쌓아야 함 / SUPPORT: 지지 조건 미달 89.8% / 필요 95.0% · CoG 지지 검사 / 무게 규칙 위반 · Small-03 (3 kg) / 무게 규칙 위반 · Small-05 (3 kg) / 무게 규칙 위반 · Small-02 (3 kg) / SUPPORT: 지지 조건 미달 74.4% / 필요 95.0% · CoG 지지 검사 / 무게 규칙 위반 · Small-04 (3 kg) / SUPPORT: 지지 조건 미달 76.0% / 필요 95.0% · CoG 지지 검사 / SUPPORT: 지지 조건 미달 40.1% / 필요 95.0% · CoG 지지 검사 / SUPPORT: 지지 조건 미달 0.0% / 필요 95.0% · CoG 지지 검사 / 누적 무게중심 정적 평형 불가 · Tall-02 / SUPPORT: 지지 조건 미달 24.4% / 필요 95.0% · CoG 지지 검사 / SUPPORT: 지지 조건 미달 42.1% / 필요 95.0% · CoG 지지 검사 / SUPPORT: 지지 조건 미달 57.9% / 필요 95.0% · CoG 지지 검사 / SUPPORT: 지지 조건 미달 9.1% / 필요 95.0% · CoG 지지 검사 / SUPPORT: 지지 조건 미달 15.7% / 필요 95.0% · CoG 지지 검사 / 세로 박스 돌출 높이 초과 · 140 / 89 mm · 이웃 Medium-04 / SUPPORT: 지지 조건 미달 15.5% / 필요 95.0% · CoG 지지 검사 / SUPPORT: 지지 조건 미달 66.5% / 필요 95.0% · CoG 지지 검사 / SUPPORT: 지지 조건 미달 67.0% / 필요 95.0% · CoG 지지 검사 / SUPPORT: 지지 조건 미달 15.6% / 필요 95.0% · CoG 지지 검사 / SUPPORT: 지지 조건 미달 19.5% / 필요 95.0% · CoG 지지 검사 / SUPPORT: 지지 조건 미달 94.4% / 필요 95.0% · CoG 지지 검사 / SUPPORT: 지지 조건 미달 43.8% / 필요 95.0% · CoG 지지 검사","explicit","proxy","{}","{""support"":161,""load"":18,""protocol"":48}","conventional-pattern/2","2.0.0","null","{""collision"":{""status"":""PASS"",""violations"":0,""checkedPlacements"":7,""scope"":""직육면체 기하·관측 규격 공통 검사"",""reason"":""확정 배치와 최종 적재 상태 검사""},""bounds"":{""status"":""PASS"",""violations"":0,""checkedPlacements"":7,""scope"":""직육면체 기하·관측 규격 공통 검사"",""reason"":""확정 배치와 최종 적재 상태 검사""},""height"":{""status"":""PASS"",""violations"":0,""checkedPlacements"":7,""scope"":""직육면체 기하·관측 규격 공통 검사"",""reason"":""확정 배치와 최종 적재 상태 검사""},""orientation"":{""status"":""PASS"",""violations"":0,""checkedPlacements"":7,""scope"":""직육면체 기하·관측 규격 공통 검사"",""reason"":""확정 배치와 최종 적재 상태 검사""},""load"":{""status"":""PASS"",""violations"":0,""checkedPlacements"":7,""scope"":""입력된 허용 상부하중 · 누적 정적 반력"",""reason"":""입력값 범위의 정적 검사. 실측 재료 인증 아님""},""support"":{""status"":""PASS"",""violations"":0,""checkedPlacements"":7,""scope"":""접촉·합력 작용점·정적 평형"",""reason"":""설정된 지지율·전도 여유 검사. 동적 붕괴·굽힘 파손 미검증""},""payload"":{""status"":""PASS"",""violations"":0,""checkedPlacements"":7,""scope"":""입력 가반하중 · 박스+그리퍼 질량"",""reason"":""사용자가 설정한 가반하중 한계 검사""},""robotCollision"":{""status"":""NOT VERIFIED"",""violations"":0,""checkedPlacements"":7,""scope"":""TCP·그리퍼 스윕 근사만 수행"",""reason"":""전체 로봇 링크 충돌 미검증""},""approach"":{""status"":""NOT VERIFIED"",""violations"":0,""checkedPlacements"":7,""scope"":""TCP·그리퍼 스윕 근사만 수행"",""reason"":""실제 관절 한계·역기구학·접근 자세 미검증""},""sequence"":{""status"":""NOT VERIFIED"",""violations"":0,""checkedPlacements"":7,""scope"":""TCP·그리퍼 스윕 근사만 수행"",""reason"":""실제 파지·관절 궤적·전 과정 실행 미검증""}}","8.051216339285714","38.888888888888886","7","11","0.227356595","1029826377","396","","","","114.78571428571429","113.35894318491152","100","100","20.924198822625257","70.8","0.990795193045257","0","0","","4.121174999992945","9.467799999983981","8.645684999990042","9.303376999985193","32.96939999994356","87.5","55.81355668210978","27.178811843371353","451.5032099374791","259","1.1754999999830034","8.051216339285714","0","38.888888888888886","","","100","0","0","","","0","","","","","","",""
"greedy","online","random","114","14","66e886d2","partial","세로 박스 돌출 높이 초과 / 세로 박스 주변 높이 부족 / SUPPORT: 지지 조건 미달 73.5% / 필요 95.0% / 무게 규칙 위반 / SUPPORT: 지지 조건 미달 75.4% / 필요 95.0% / SUPPORT: 지지 조건 미달 80.0% / 필요 95.0% / SUPPORT: 지지 조건 미달 89.7% / 필요 95.0% / SUPPORT: 지지 조건 미달 90.2% / 필요 95.0% / SUPPORT: 지지 조건 미달 91.2% / 필요 95.0% / SUPPORT: 지지 조건 미달 92.6% / 필요 95.0% / SUPPORT: 지지 조건 미달 78.9% / 필요 95.0% / SUPPORT: 지지 조건 미달 86.0% / 필요 95.0% / SUPPORT: 지지 조건 미달 93.6% / 필요 95.0% / SUPPORT: 지지 조건 미달 83.5% / 필요 95.0% / SUPPORT: 지지 조건 미달 85.2% / 필요 95.0%","explicit","proxy","{}","{""support"":79,""load"":72,""protocol"":48}","adapter-1.0 / planners-f6ec11d4259a","2.0.0","null","{""collision"":{""status"":""PASS"",""violations"":0,""checkedPlacements"":7,""scope"":""직육면체 기하·관측 규격 공통 검사"",""reason"":""확정 배치와 최종 적재 상태 검사""},""bounds"":{""status"":""PASS"",""violations"":0,""checkedPlacements"":7,""scope"":""직육면체 기하·관측 규격 공통 검사"",""reason"":""확정 배치와 최종 적재 상태 검사""},""height"":{""status"":""PASS"",""violations"":0,""checkedPlacements"":7,""scope"":""직육면체 기하·관측 규격 공통 검사"",""reason"":""확정 배치와 최종 적재 상태 검사""},""orientation"":{""status"":""PASS"",""violations"":0,""checkedPlacements"":7,""scope"":""직육면체 기하·관측 규격 공통 검사"",""reason"":""확정 배치와 최종 적재 상태 검사""},""load"":{""status"":""PASS"",""violations"":0,""checkedPlacements"":7,""scope"":""입력된 허용 상부하중 · 누적 정적 반력"",""reason"":""입력값 범위의 정적 검사. 실측 재료 인증 아님""},""support"":{""status"":""PASS"",""violations"":0,""checkedPlacements"":7,""scope"":""접촉·합력 작용점·정적 평형"",""reason"":""설정된 지지율·전도 여유 검사. 동적 붕괴·굽힘 파손 미검증""},""payload"":{""status"":""PASS"",""violations"":0,""checkedPlacements"":7,""scope"":""입력 가반하중 · 박스+그리퍼 질량"",""reason"":""사용자가 설정한 가반하중 한계 검사""},""robotCollision"":{""status"":""NOT VERIFIED"",""violations"":0,""checkedPlacements"":7,""scope"":""TCP·그리퍼 스윕 근사만 수행"",""reason"":""전체 로봇 링크 충돌 미검증""},""approach"":{""status"":""NOT VERIFIED"",""violations"":0,""checkedPlacements"":7,""scope"":""TCP·그리퍼 스윕 근사만 수행"",""reason"":""실제 관절 한계·역기구학·접근 자세 미검증""},""sequence"":{""status"":""NOT VERIFIED"",""violations"":0,""checkedPlacements"":7,""scope"":""TCP·그리퍼 스윕 근사만 수행"",""reason"":""실제 파지·관절 궤적·전 과정 실행 미검증""}}","8.051216339285714","38.888888888888886","7","11","0.227356595","1029826377","396","","","","114.78571428571429","135.7387140256295","100","100","32.12786913326482","70.8","1.0337509588340577","0","0","","64.09349999999904","128.58689999999478","119.6844399999958","126.80640799999497","512.7479999999923","87.5","59.037007746126","27.324055034981907","426.8509018676276","346","2.4470999999903142","8.051216339285714","0","38.888888888888886","","","100","0","0","","","0","","","","","","",""
"hrpal-inferred","online","identical","115","15","c48878fa","complete","","explicit","proxy","{}","{""support"":123}","conventional-pattern/2","2.0.0","null","{""collision"":{""status"":""PASS"",""violations"":0,""checkedPlacements"":12,""scope"":""직육면체 기하·관측 규격 공통 검사"",""reason"":""확정 배치와 최종 적재 상태 검사""},""bounds"":{""status"":""PASS"",""violations"":0,""checkedPlacements"":12,""scope"":""직육면체 기하·관측 규격 공통 검사"",""reason"":""확정 배치와 최종 적재 상태 검사""},""height"":{""status"":""PASS"",""violations"":0,""checkedPlacements"":12,""scope"":""직육면체 기하·관측 규격 공통 검사"",""reason"":""확정 배치와 최종 적재 상태 검사""},""orientation"":{""status"":""PASS"",""violations"":0,""checkedPlacements"":12,""scope"":""직육면체 기하·관측 규격 공통 검사"",""reason"":""확정 배치와 최종 적재 상태 검사""},""load"":{""status"":""PASS"",""violations"":0,""checkedPlacements"":12,""scope"":""입력된 허용 상부하중 · 누적 정적 반력"",""reason"":""입력값 범위의 정적 검사. 실측 재료 인증 아님""},""support"":{""status"":""PASS"",""violations"":0,""checkedPlacements"":12,""scope"":""접촉·합력 작용점·정적 평형"",""reason"":""설정된 지지율·전도 여유 검사. 동적 붕괴·굽힘 파손 미검증""},""payload"":{""status"":""PASS"",""violations"":0,""checkedPlacements"":12,""scope"":""입력 가반하중 · 박스+그리퍼 질량"",""reason"":""사용자가 설정한 가반하중 한계 검사""},""robotCollision"":{""status"":""NOT VERIFIED"",""violations"":0,""checkedPlacements"":12,""scope"":""TCP·그리퍼 스윕 근사만 수행"",""reason"":""전체 로봇 링크 충돌 미검증""},""approach"":{""status"":""NOT VERIFIED"",""violations"":0,""checkedPlacements"":12,""scope"":""TCP·그리퍼 스윕 근사만 수행"",""reason"":""실제 관절 한계·역기구학·접근 자세 미검증""},""sequence"":{""status"":""NOT VERIFIED"",""violations"":0,""checkedPlacements"":12,""scope"":""TCP·그리퍼 스윕 근사만 수행"",""reason"":""실제 파지·관절 궤적·전 과정 실행 미검증""}}","16.071428571428573","100","12","0","0","940000000","400","","","","150","100.77822185373186","100","100","20.55555555555556","95","0.625","0","0","","6.031766666669379","9.608500000002095","9.604650000011315","9.60773000000394","72.38120000003255","100","100.37583405928804","49.64429213853723","430.38247606972277","284","3.728300000017043","","","","","","100","0","0","","","100","","","","","","",""
"greedy","online","identical","115","15","c48878fa","complete","","explicit","proxy","{}","{""bounds"":12,""support"":157}","adapter-1.0 / planners-f6ec11d4259a","2.0.0","null","{""collision"":{""status"":""PASS"",""violations"":0,""checkedPlacements"":12,""scope"":""직육면체 기하·관측 규격 공통 검사"",""reason"":""확정 배치와 최종 적재 상태 검사""},""bounds"":{""status"":""PASS"",""violations"":0,""checkedPlacements"":12,""scope"":""직육면체 기하·관측 규격 공통 검사"",""reason"":""확정 배치와 최종 적재 상태 검사""},""height"":{""status"":""PASS"",""violations"":0,""checkedPlacements"":12,""scope"":""직육면체 기하·관측 규격 공통 검사"",""reason"":""확정 배치와 최종 적재 상태 검사""},""orientation"":{""status"":""PASS"",""violations"":0,""checkedPlacements"":12,""scope"":""직육면체 기하·관측 규격 공통 검사"",""reason"":""확정 배치와 최종 적재 상태 검사""},""load"":{""status"":""PASS"",""violations"":0,""checkedPlacements"":12,""scope"":""입력된 허용 상부하중 · 누적 정적 반력"",""reason"":""입력값 범위의 정적 검사. 실측 재료 인증 아님""},""support"":{""status"":""PASS"",""violations"":0,""checkedPlacements"":12,""scope"":""접촉·합력 작용점·정적 평형"",""reason"":""설정된 지지율·전도 여유 검사. 동적 붕괴·굽힘 파손 미검증""},""payload"":{""status"":""PASS"",""violations"":0,""checkedPlacements"":12,""scope"":""입력 가반하중 · 박스+그리퍼 질량"",""reason"":""사용자가 설정한 가반하중 한계 검사""},""robotCollision"":{""status"":""NOT VERIFIED"",""violations"":0,""checkedPlacements"":12,""scope"":""TCP·그리퍼 스윕 근사만 수행"",""reason"":""전체 로봇 링크 충돌 미검증""},""approach"":{""status"":""NOT VERIFIED"",""violations"":0,""checkedPlacements"":12,""scope"":""TCP·그리퍼 스윕 근사만 수행"",""reason"":""실제 관절 한계·역기구학·접근 자세 미검증""},""sequence"":{""status"":""NOT VERIFIED"",""violations"":0,""checkedPlacements"":12,""scope"":""TCP·그리퍼 스윕 근사만 수행"",""reason"":""실제 파지·관절 궤적·전 과정 실행 미검증""}}","16.071428571428573","100","12","0","0","940000000","400","","","","150","50.34602488997738","100","100","12.361111111111118","89.7435897435898","0.6250000000000001","0","0","","30.666966666668788","55.72419999999693","54.00341499999631","55.3800429999968","368.0036000000255","100","107.03781804388689","51.37458172852648","403.5956710392531","538","2.4733000000123866","","","","","","100","0","0","","","100","","","","","","",""
"future-hybrid","online","identical","115","15","c48878fa","complete","","explicit","proxy","{}","{""bounds"":12,""support"":190}","adapter-1.0 / planners-f6ec11d4259a","2.0.0","null","{""collision"":{""status"":""PASS"",""violations"":0,""checkedPlacements"":12,""scope"":""직육면체 기하·관측 규격 공통 검사"",""reason"":""확정 배치와 최종 적재 상태 검사""},""bounds"":{""status"":""PASS"",""violations"":0,""checkedPlacements"":12,""scope"":""직육면체 기하·관측 규격 공통 검사"",""reason"":""확정 배치와 최종 적재 상태 검사""},""height"":{""status"":""PASS"",""violations"":0,""checkedPlacements"":12,""scope"":""직육면체 기하·관측 규격 공통 검사"",""reason"":""확정 배치와 최종 적재 상태 검사""},""orientation"":{""status"":""PASS"",""violations"":0,""checkedPlacements"":12,""scope"":""직육면체 기하·관측 규격 공통 검사"",""reason"":""확정 배치와 최종 적재 상태 검사""},""load"":{""status"":""PASS"",""violations"":0,""checkedPlacements"":12,""scope"":""입력된 허용 상부하중 · 누적 정적 반력"",""reason"":""입력값 범위의 정적 검사. 실측 재료 인증 아님""},""support"":{""status"":""PASS"",""violations"":0,""checkedPlacements"":12,""scope"":""접촉·합력 작용점·정적 평형"",""reason"":""설정된 지지율·전도 여유 검사. 동적 붕괴·굽힘 파손 미검증""},""payload"":{""status"":""PASS"",""violations"":0,""checkedPlacements"":12,""scope"":""입력 가반하중 · 박스+그리퍼 질량"",""reason"":""사용자가 설정한 가반하중 한계 검사""},""robotCollision"":{""status"":""NOT VERIFIED"",""violations"":0,""checkedPlacements"":12,""scope"":""TCP·그리퍼 스윕 근사만 수행"",""reason"":""전체 로봇 링크 충돌 미검증""},""approach"":{""status"":""NOT VERIFIED"",""violations"":0,""checkedPlacements"":12,""scope"":""TCP·그리퍼 스윕 근사만 수행"",""reason"":""실제 관절 한계·역기구학·접근 자세 미검증""},""sequence"":{""status"":""NOT VERIFIED"",""violations"":0,""checkedPlacements"":12,""scope"":""TCP·그리퍼 스윕 근사만 수행"",""reason"":""실제 파지·관절 궤적·전 과정 실행 미검증""}}","16.071428571428573","100","12","0","0","940000000","400","","","","150","0","100","100","1.3888888888888868","95","0.625","0","0","","81.11470833333442","185.94209999998566","163.67562499999036","181.48880499998663","973.376500000013","100","108.20092680945035","50.83060242614273","399.25720854571165","538","3.409700000018347","","","","","","100","0","0","","","100","","","","","","",""
"hrpal-inferred","online","random","115","15","6dab75df","partial","세로 박스 주변 높이 부족 · 가까운 눕힌 적재를 먼저 쌓아야 함 / SUPPORT: 지지 조건 미달 61.4% / 필요 95.0% · CoG 지지 검사 / SUPPORT: 지지 조건 미달 0.0% / 필요 95.0% · CoG 지지 검사 / SUPPORT: 지지 조건 미달 43.6% / 필요 95.0% · CoG 지지 검사 / SUPPORT: 지지 조건 미달 72.6% / 필요 95.0% · CoG 지지 검사","explicit","proxy","{}","{""protocol"":48,""support"":24}","conventional-pattern/2","2.0.0","null","{""collision"":{""status"":""PASS"",""violations"":0,""checkedPlacements"":1,""scope"":""직육면체 기하·관측 규격 공통 검사"",""reason"":""확정 배치와 최종 적재 상태 검사""},""bounds"":{""status"":""PASS"",""violations"":0,""checkedPlacements"":1,""scope"":""직육면체 기하·관측 규격 공통 검사"",""reason"":""확정 배치와 최종 적재 상태 검사""},""height"":{""status"":""PASS"",""violations"":0,""checkedPlacements"":1,""scope"":""직육면체 기하·관측 규격 공통 검사"",""reason"":""확정 배치와 최종 적재 상태 검사""},""orientation"":{""status"":""PASS"",""violations"":0,""checkedPlacements"":1,""scope"":""직육면체 기하·관측 규격 공통 검사"",""reason"":""확정 배치와 최종 적재 상태 검사""},""load"":{""status"":""PASS"",""violations"":0,""checkedPlacements"":1,""scope"":""입력된 허용 상부하중 · 누적 정적 반력"",""reason"":""입력값 범위의 정적 검사. 실측 재료 인증 아님""},""support"":{""status"":""PASS"",""violations"":0,""checkedPlacements"":1,""scope"":""접촉·합력 작용점·정적 평형"",""reason"":""설정된 지지율·전도 여유 검사. 동적 붕괴·굽힘 파손 미검증""},""payload"":{""status"":""PASS"",""violations"":0,""checkedPlacements"":1,""scope"":""입력 가반하중 · 박스+그리퍼 질량"",""reason"":""사용자가 설정한 가반하중 한계 검사""},""robotCollision"":{""status"":""NOT VERIFIED"",""violations"":0,""checkedPlacements"":1,""scope"":""TCP·그리퍼 스윕 근사만 수행"",""reason"":""전체 로봇 링크 충돌 미검증""},""approach"":{""status"":""NOT VERIFIED"",""violations"":0,""checkedPlacements"":1,""scope"":""TCP·그리퍼 스윕 근사만 수행"",""reason"":""실제 관절 한계·역기구학·접근 자세 미검증""},""sequence"":{""status"":""NOT VERIFIED"",""violations"":0,""checkedPlacements"":1,""scope"":""TCP·그리퍼 스윕 근사만 수행"",""reason"":""실제 파지·관절 궤적·전 과정 실행 미검증""}}","1.1853295535714286","5.555555555555555","1","17","0.304254527","1106724309","127","","","","63.5","429.88661295741696","100","100","54.719562243502054","57.2","1.125984251968504","0","0","","1.904450000001816","2.7184999999881256","2.6370949999894946","2.7022189999883994","3.808900000003632","50","6.899221831958514","2.5344941907730343","521.7979777551305","59","0.20280000002821907","1.1853295535714286","0","5.555555555555555","","","100","0","0","","","0","","","","","","",""
"greedy","online","random","115","15","6dab75df","partial","세로 박스 주변 높이 부족 / 세로 박스 돌출 높이 초과 / SUPPORT: 지지 조건 미달 72.6% / 필요 95.0% / SUPPORT: 지지 조건 미달 61.4% / 필요 95.0% / SUPPORT: 지지 조건 미달 50.6% / 필요 95.0% / SUPPORT: 지지 조건 미달 61.8% / 필요 95.0%","explicit","proxy","{}","{""protocol"":48,""support"":16}","adapter-1.0 / planners-f6ec11d4259a","2.0.0","null","{""collision"":{""status"":""PASS"",""violations"":0,""checkedPlacements"":1,""scope"":""직육면체 기하·관측 규격 공통 검사"",""reason"":""확정 배치와 최종 적재 상태 검사""},""bounds"":{""status"":""PASS"",""violations"":0,""checkedPlacements"":1,""scope"":""직육면체 기하·관측 규격 공통 검사"",""reason"":""확정 배치와 최종 적재 상태 검사""},""height"":{""status"":""PASS"",""violations"":0,""checkedPlacements"":1,""scope"":""직육면체 기하·관측 규격 공통 검사"",""reason"":""확정 배치와 최종 적재 상태 검사""},""orientation"":{""status"":""PASS"",""violations"":0,""checkedPlacements"":1,""scope"":""직육면체 기하·관측 규격 공통 검사"",""reason"":""확정 배치와 최종 적재 상태 검사""},""load"":{""status"":""PASS"",""violations"":0,""checkedPlacements"":1,""scope"":""입력된 허용 상부하중 · 누적 정적 반력"",""reason"":""입력값 범위의 정적 검사. 실측 재료 인증 아님""},""support"":{""status"":""PASS"",""violations"":0,""checkedPlacements"":1,""scope"":""접촉·합력 작용점·정적 평형"",""reason"":""설정된 지지율·전도 여유 검사. 동적 붕괴·굽힘 파손 미검증""},""payload"":{""status"":""PASS"",""violations"":0,""checkedPlacements"":1,""scope"":""입력 가반하중 · 박스+그리퍼 질량"",""reason"":""사용자가 설정한 가반하중 한계 검사""},""robotCollision"":{""status"":""NOT VERIFIED"",""violations"":0,""checkedPlacements"":1,""scope"":""TCP·그리퍼 스윕 근사만 수행"",""reason"":""전체 로봇 링크 충돌 미검증""},""approach"":{""status"":""NOT VERIFIED"",""violations"":0,""checkedPlacements"":1,""scope"":""TCP·그리퍼 스윕 근사만 수행"",""reason"":""실제 관절 한계·역기구학·접근 자세 미검증""},""sequence"":{""status"":""NOT VERIFIED"",""violations"":0,""checkedPlacements"":1,""scope"":""TCP·그리퍼 스윕 근사만 수행"",""reason"":""실제 파지·관절 궤적·전 과정 실행 미검증""}}","1.1853295535714286","5.555555555555555","1","17","0.304254527","1106724309","127","","","","63.5","0","100","100","0","57.2","1.125984251968504","0","0","","14.364450000008219","25.337300000013784","24.240015000013226","25.11784300001367","28.728900000016438","50","8.21984688806317","3.392900477241061","437.9643622350078","58","0.18540000001667067","1.1853295535714286","0","5.555555555555555","","","100","0","0","","","0","","","","","","",""
"future-hybrid","online","random","115","15","6dab75df","partial","세로 박스 주변 높이 부족 / 세로 박스 돌출 높이 초과 / SUPPORT: 지지 조건 미달 72.6% / 필요 95.0% / SUPPORT: 지지 조건 미달 61.4% / 필요 95.0% / SUPPORT: 지지 조건 미달 50.6% / 필요 95.0% / SUPPORT: 지지 조건 미달 61.8% / 필요 95.0%","explicit","proxy","{}","{""protocol"":48,""support"":16}","adapter-1.0 / planners-f6ec11d4259a","2.0.0","null","{""collision"":{""status"":""PASS"",""violations"":0,""checkedPlacements"":1,""scope"":""직육면체 기하·관측 규격 공통 검사"",""reason"":""확정 배치와 최종 적재 상태 검사""},""bounds"":{""status"":""PASS"",""violations"":0,""checkedPlacements"":1,""scope"":""직육면체 기하·관측 규격 공통 검사"",""reason"":""확정 배치와 최종 적재 상태 검사""},""height"":{""status"":""PASS"",""violations"":0,""checkedPlacements"":1,""scope"":""직육면체 기하·관측 규격 공통 검사"",""reason"":""확정 배치와 최종 적재 상태 검사""},""orientation"":{""status"":""PASS"",""violations"":0,""checkedPlacements"":1,""scope"":""직육면체 기하·관측 규격 공통 검사"",""reason"":""확정 배치와 최종 적재 상태 검사""},""load"":{""status"":""PASS"",""violations"":0,""checkedPlacements"":1,""scope"":""입력된 허용 상부하중 · 누적 정적 반력"",""reason"":""입력값 범위의 정적 검사. 실측 재료 인증 아님""},""support"":{""status"":""PASS"",""violations"":0,""checkedPlacements"":1,""scope"":""접촉·합력 작용점·정적 평형"",""reason"":""설정된 지지율·전도 여유 검사. 동적 붕괴·굽힘 파손 미검증""},""payload"":{""status"":""PASS"",""violations"":0,""checkedPlacements"":1,""scope"":""입력 가반하중 · 박스+그리퍼 질량"",""reason"":""사용자가 설정한 가반하중 한계 검사""},""robotCollision"":{""status"":""NOT VERIFIED"",""violations"":0,""checkedPlacements"":1,""scope"":""TCP·그리퍼 스윕 근사만 수행"",""reason"":""전체 로봇 링크 충돌 미검증""},""approach"":{""status"":""NOT VERIFIED"",""violations"":0,""checkedPlacements"":1,""scope"":""TCP·그리퍼 스윕 근사만 수행"",""reason"":""실제 관절 한계·역기구학·접근 자세 미검증""},""sequence"":{""status"":""NOT VERIFIED"",""violations"":0,""checkedPlacements"":1,""scope"":""TCP·그리퍼 스윕 근사만 수행"",""reason"":""실제 파지·관절 궤적·전 과정 실행 미검증""}}","1.1853295535714286","5.555555555555555","1","17","0.304254527","1106724309","127","","","","63.5","0","100","100","0","57.2","1.125984251968504","0","0","","18.102100000003702","28.63190000000759","27.5789200000072","28.421304000007513","36.204200000007404","50","8.21984688806317","3.392900477241061","437.9643622350078","58","0.15370000002440065","1.1853295535714286","0","5.555555555555555","","","100","0","0","","","0","","","","","","",""
"greedy","online","identical","116","16","1787950d","complete","","explicit","proxy","{}","{""bounds"":12,""support"":157}","adapter-1.0 / planners-f6ec11d4259a","2.0.0","null","{""collision"":{""status"":""PASS"",""violations"":0,""checkedPlacements"":12,""scope"":""직육면체 기하·관측 규격 공통 검사"",""reason"":""확정 배치와 최종 적재 상태 검사""},""bounds"":{""status"":""PASS"",""violations"":0,""checkedPlacements"":12,""scope"":""직육면체 기하·관측 규격 공통 검사"",""reason"":""확정 배치와 최종 적재 상태 검사""},""height"":{""status"":""PASS"",""violations"":0,""checkedPlacements"":12,""scope"":""직육면체 기하·관측 규격 공통 검사"",""reason"":""확정 배치와 최종 적재 상태 검사""},""orientation"":{""status"":""PASS"",""violations"":0,""checkedPlacements"":12,""scope"":""직육면체 기하·관측 규격 공통 검사"",""reason"":""확정 배치와 최종 적재 상태 검사""},""load"":{""status"":""PASS"",""violations"":0,""checkedPlacements"":12,""scope"":""입력된 허용 상부하중 · 누적 정적 반력"",""reason"":""입력값 범위의 정적 검사. 실측 재료 인증 아님""},""support"":{""status"":""PASS"",""violations"":0,""checkedPlacements"":12,""scope"":""접촉·합력 작용점·정적 평형"",""reason"":""설정된 지지율·전도 여유 검사. 동적 붕괴·굽힘 파손 미검증""},""payload"":{""status"":""PASS"",""violations"":0,""checkedPlacements"":12,""scope"":""입력 가반하중 · 박스+그리퍼 질량"",""reason"":""사용자가 설정한 가반하중 한계 검사""},""robotCollision"":{""status"":""NOT VERIFIED"",""violations"":0,""checkedPlacements"":12,""scope"":""TCP·그리퍼 스윕 근사만 수행"",""reason"":""전체 로봇 링크 충돌 미검증""},""approach"":{""status"":""NOT VERIFIED"",""violations"":0,""checkedPlacements"":12,""scope"":""TCP·그리퍼 스윕 근사만 수행"",""reason"":""실제 관절 한계·역기구학·접근 자세 미검증""},""sequence"":{""status"":""NOT VERIFIED"",""violations"":0,""checkedPlacements"":12,""scope"":""TCP·그리퍼 스윕 근사만 수행"",""reason"":""실제 파지·관절 궤적·전 과정 실행 미검증""}}","16.071428571428573","100","12","0","0","940000000","400","","","","150","50.34602488997738","100","100","12.361111111111118","89.7435897435898","0.6250000000000001","0","0","","21.073858333329554","39.33369999998831","35.361050000005335","38.53916999999172","252.88629999995464","100","107.03781804388689","51.37458172852648","403.5956710392531","538","4.216099999990547","","","","","","100","0","0","","","100","","","","","","",""
"future-hybrid","online","identical","116","16","1787950d","complete","","explicit","proxy","{}","{""bounds"":12,""support"":190}","adapter-1.0 / planners-f6ec11d4259a","2.0.0","null","{""collision"":{""status"":""PASS"",""violations"":0,""checkedPlacements"":12,""scope"":""직육면체 기하·관측 규격 공통 검사"",""reason"":""확정 배치와 최종 적재 상태 검사""},""bounds"":{""status"":""PASS"",""violations"":0,""checkedPlacements"":12,""scope"":""직육면체 기하·관측 규격 공통 검사"",""reason"":""확정 배치와 최종 적재 상태 검사""},""height"":{""status"":""PASS"",""violations"":0,""checkedPlacements"":12,""scope"":""직육면체 기하·관측 규격 공통 검사"",""reason"":""확정 배치와 최종 적재 상태 검사""},""orientation"":{""status"":""PASS"",""violations"":0,""checkedPlacements"":12,""scope"":""직육면체 기하·관측 규격 공통 검사"",""reason"":""확정 배치와 최종 적재 상태 검사""},""load"":{""status"":""PASS"",""violations"":0,""checkedPlacements"":12,""scope"":""입력된 허용 상부하중 · 누적 정적 반력"",""reason"":""입력값 범위의 정적 검사. 실측 재료 인증 아님""},""support"":{""status"":""PASS"",""violations"":0,""checkedPlacements"":12,""scope"":""접촉·합력 작용점·정적 평형"",""reason"":""설정된 지지율·전도 여유 검사. 동적 붕괴·굽힘 파손 미검증""},""payload"":{""status"":""PASS"",""violations"":0,""checkedPlacements"":12,""scope"":""입력 가반하중 · 박스+그리퍼 질량"",""reason"":""사용자가 설정한 가반하중 한계 검사""},""robotCollision"":{""status"":""NOT VERIFIED"",""violations"":0,""checkedPlacements"":12,""scope"":""TCP·그리퍼 스윕 근사만 수행"",""reason"":""전체 로봇 링크 충돌 미검증""},""approach"":{""status"":""NOT VERIFIED"",""violations"":0,""checkedPlacements"":12,""scope"":""TCP·그리퍼 스윕 근사만 수행"",""reason"":""실제 관절 한계·역기구학·접근 자세 미검증""},""sequence"":{""status"":""NOT VERIFIED"",""violations"":0,""checkedPlacements"":12,""scope"":""TCP·그리퍼 스윕 근사만 수행"",""reason"":""실제 파지·관절 궤적·전 과정 실행 미검증""}}","16.071428571428573","100","12","0","0","940000000","400","","","","150","0","100","100","1.3888888888888868","95","0.625","0","0","","101.09664166666334","298.657200000016","219.80859500001088","282.8874790000151","1213.1596999999601","100","108.20092680945035","50.83060242614273","399.25720854571165","538","3.450799999991432","","","","","","100","0","0","","","100","","","","","","",""
"hrpal-inferred","online","identical","116","16","1787950d","complete","","explicit","proxy","{}","{""support"":123}","conventional-pattern/2","2.0.0","null","{""collision"":{""status"":""PASS"",""violations"":0,""checkedPlacements"":12,""scope"":""직육면체 기하·관측 규격 공통 검사"",""reason"":""확정 배치와 최종 적재 상태 검사""},""bounds"":{""status"":""PASS"",""violations"":0,""checkedPlacements"":12,""scope"":""직육면체 기하·관측 규격 공통 검사"",""reason"":""확정 배치와 최종 적재 상태 검사""},""height"":{""status"":""PASS"",""violations"":0,""checkedPlacements"":12,""scope"":""직육면체 기하·관측 규격 공통 검사"",""reason"":""확정 배치와 최종 적재 상태 검사""},""orientation"":{""status"":""PASS"",""violations"":0,""checkedPlacements"":12,""scope"":""직육면체 기하·관측 규격 공통 검사"",""reason"":""확정 배치와 최종 적재 상태 검사""},""load"":{""status"":""PASS"",""violations"":0,""checkedPlacements"":12,""scope"":""입력된 허용 상부하중 · 누적 정적 반력"",""reason"":""입력값 범위의 정적 검사. 실측 재료 인증 아님""},""support"":{""status"":""PASS"",""violations"":0,""checkedPlacements"":12,""scope"":""접촉·합력 작용점·정적 평형"",""reason"":""설정된 지지율·전도 여유 검사. 동적 붕괴·굽힘 파손 미검증""},""payload"":{""status"":""PASS"",""violations"":0,""checkedPlacements"":12,""scope"":""입력 가반하중 · 박스+그리퍼 질량"",""reason"":""사용자가 설정한 가반하중 한계 검사""},""robotCollision"":{""status"":""NOT VERIFIED"",""violations"":0,""checkedPlacements"":12,""scope"":""TCP·그리퍼 스윕 근사만 수행"",""reason"":""전체 로봇 링크 충돌 미검증""},""approach"":{""status"":""NOT VERIFIED"",""violations"":0,""checkedPlacements"":12,""scope"":""TCP·그리퍼 스윕 근사만 수행"",""reason"":""실제 관절 한계·역기구학·접근 자세 미검증""},""sequence"":{""status"":""NOT VERIFIED"",""violations"":0,""checkedPlacements"":12,""scope"":""TCP·그리퍼 스윕 근사만 수행"",""reason"":""실제 파지·관절 궤적·전 과정 실행 미검증""}}","16.071428571428573","100","12","0","0","940000000","400","","","","150","100.77822185373186","100","100","20.55555555555556","95","0.625","0","0","","4.09163333332981","10.736499999999069","8.56278999999922","10.3017579999991","49.09959999995772","100","100.37583405928804","49.64429213853723","430.38247606972277","284","1.9556000000156928","","","","","","100","0","0","","","100","","","","","","",""
"greedy","online","random","116","16","a6e7df58","no-placement","세로 박스 주변 높이 부족","explicit","proxy","{}","{""protocol"":10}","adapter-1.0 / planners-f6ec11d4259a","2.0.0","null","{""collision"":{""status"":""NOT VERIFIED"",""violations"":0,""checkedPlacements"":0,""scope"":""직육면체 기하·관측 규격 공통 검사"",""reason"":""검증할 확정 배치 없음""},""bounds"":{""status"":""NOT VERIFIED"",""violations"":0,""checkedPlacements"":0,""scope"":""직육면체 기하·관측 규격 공통 검사"",""reason"":""검증할 확정 배치 없음""},""height"":{""status"":""NOT VERIFIED"",""violations"":0,""checkedPlacements"":0,""scope"":""직육면체 기하·관측 규격 공통 검사"",""reason"":""검증할 확정 배치 없음""},""orientation"":{""status"":""NOT VERIFIED"",""violations"":0,""checkedPlacements"":0,""scope"":""직육면체 기하·관측 규격 공통 검사"",""reason"":""검증할 확정 배치 없음""},""load"":{""status"":""NOT VERIFIED"",""violations"":0,""checkedPlacements"":0,""scope"":""입력된 허용 상부하중 · 누적 정적 반력"",""reason"":""검증할 확정 배치 없음""},""support"":{""status"":""NOT VERIFIED"",""violations"":0,""checkedPlacements"":0,""scope"":""접촉·합력 작용점·정적 평형"",""reason"":""검증할 확정 배치 없음""},""payload"":{""status"":""NOT VERIFIED"",""violations"":0,""checkedPlacements"":0,""scope"":""입력 가반하중 · 박스+그리퍼 질량"",""reason"":""검증할 확정 배치 없음""},""robotCollision"":{""status"":""NOT VERIFIED"",""violations"":0,""checkedPlacements"":0,""scope"":""TCP·그리퍼 스윕 근사만 수행"",""reason"":""검증할 확정 배치 없음""},""approach"":{""status"":""NOT VERIFIED"",""violations"":0,""checkedPlacements"":0,""scope"":""TCP·그리퍼 스윕 근사만 수행"",""reason"":""검증할 확정 배치 없음""},""sequence"":{""status"":""NOT VERIFIED"",""violations"":0,""checkedPlacements"":0,""scope"":""TCP·그리퍼 스윕 근사만 수행"",""reason"":""검증할 확정 배치 없음""}}","0","0","0","18","0.317530218","1120000000","","","","","","","","","","","","0","0","","0.4835000000020955","0.4835000000020955","0.4835000000020955","0.4835000000020955","0.4835000000020955","0","","","","10","0.05119999998714775","0","0","0","","","","0","0","","","0","","","","","","",""
"future-hybrid","online","random","116","16","a6e7df58","no-placement","세로 박스 주변 높이 부족","explicit","proxy","{}","{""protocol"":10}","adapter-1.0 / planners-f6ec11d4259a","2.0.0","null","{""collision"":{""status"":""NOT VERIFIED"",""violations"":0,""checkedPlacements"":0,""scope"":""직육면체 기하·관측 규격 공통 검사"",""reason"":""검증할 확정 배치 없음""},""bounds"":{""status"":""NOT VERIFIED"",""violations"":0,""checkedPlacements"":0,""scope"":""직육면체 기하·관측 규격 공통 검사"",""reason"":""검증할 확정 배치 없음""},""height"":{""status"":""NOT VERIFIED"",""violations"":0,""checkedPlacements"":0,""scope"":""직육면체 기하·관측 규격 공통 검사"",""reason"":""검증할 확정 배치 없음""},""orientation"":{""status"":""NOT VERIFIED"",""violations"":0,""checkedPlacements"":0,""scope"":""직육면체 기하·관측 규격 공통 검사"",""reason"":""검증할 확정 배치 없음""},""load"":{""status"":""NOT VERIFIED"",""violations"":0,""checkedPlacements"":0,""scope"":""입력된 허용 상부하중 · 누적 정적 반력"",""reason"":""검증할 확정 배치 없음""},""support"":{""status"":""NOT VERIFIED"",""violations"":0,""checkedPlacements"":0,""scope"":""접촉·합력 작용점·정적 평형"",""reason"":""검증할 확정 배치 없음""},""payload"":{""status"":""NOT VERIFIED"",""violations"":0,""checkedPlacements"":0,""scope"":""입력 가반하중 · 박스+그리퍼 질량"",""reason"":""검증할 확정 배치 없음""},""robotCollision"":{""status"":""NOT VERIFIED"",""violations"":0,""checkedPlacements"":0,""scope"":""TCP·그리퍼 스윕 근사만 수행"",""reason"":""검증할 확정 배치 없음""},""approach"":{""status"":""NOT VERIFIED"",""violations"":0,""checkedPlacements"":0,""scope"":""TCP·그리퍼 스윕 근사만 수행"",""reason"":""검증할 확정 배치 없음""},""sequence"":{""status"":""NOT VERIFIED"",""violations"":0,""checkedPlacements"":0,""scope"":""TCP·그리퍼 스윕 근사만 수행"",""reason"":""검증할 확정 배치 없음""}}","0","0","0","18","0.317530218","1120000000","","","","","","","","","","","","0","0","","1.8932999999960884","1.8932999999960884","1.8932999999960884","1.8932999999960884","1.8932999999960884","0","","","","10","0.03640000001178123","0","0","0","","","","0","0","","","0","","","","","","",""
"hrpal-inferred","online","random","116","16","a6e7df58","no-placement","세로 박스 주변 높이 부족 · 가까운 눕힌 적재를 먼저 쌓아야 함","explicit","proxy","{}","{""protocol"":31}","conventional-pattern/2","2.0.0","null","{""collision"":{""status"":""NOT VERIFIED"",""violations"":0,""checkedPlacements"":0,""scope"":""직육면체 기하·관측 규격 공통 검사"",""reason"":""검증할 확정 배치 없음""},""bounds"":{""status"":""NOT VERIFIED"",""violations"":0,""checkedPlacements"":0,""scope"":""직육면체 기하·관측 규격 공통 검사"",""reason"":""검증할 확정 배치 없음""},""height"":{""status"":""NOT VERIFIED"",""violations"":0,""checkedPlacements"":0,""scope"":""직육면체 기하·관측 규격 공통 검사"",""reason"":""검증할 확정 배치 없음""},""orientation"":{""status"":""NOT VERIFIED"",""violations"":0,""checkedPlacements"":0,""scope"":""직육면체 기하·관측 규격 공통 검사"",""reason"":""검증할 확정 배치 없음""},""load"":{""status"":""NOT VERIFIED"",""violations"":0,""checkedPlacements"":0,""scope"":""입력된 허용 상부하중 · 누적 정적 반력"",""reason"":""검증할 확정 배치 없음""},""support"":{""status"":""NOT VERIFIED"",""violations"":0,""checkedPlacements"":0,""scope"":""접촉·합력 작용점·정적 평형"",""reason"":""검증할 확정 배치 없음""},""payload"":{""status"":""NOT VERIFIED"",""violations"":0,""checkedPlacements"":0,""scope"":""입력 가반하중 · 박스+그리퍼 질량"",""reason"":""검증할 확정 배치 없음""},""robotCollision"":{""status"":""NOT VERIFIED"",""violations"":0,""checkedPlacements"":0,""scope"":""TCP·그리퍼 스윕 근사만 수행"",""reason"":""검증할 확정 배치 없음""},""approach"":{""status"":""NOT VERIFIED"",""violations"":0,""checkedPlacements"":0,""scope"":""TCP·그리퍼 스윕 근사만 수행"",""reason"":""검증할 확정 배치 없음""},""sequence"":{""status"":""NOT VERIFIED"",""violations"":0,""checkedPlacements"":0,""scope"":""TCP·그리퍼 스윕 근사만 수행"",""reason"":""검증할 확정 배치 없음""}}","0","0","0","18","0.317530218","1120000000","","","","","","","","","","","","0","0","","1.1203000000095926","1.1203000000095926","1.1203000000095926","1.1203000000095926","1.1203000000095926","0","","","","31","0.03159999998752028","0","0","0","","","","0","0","","","0","","","","","","",""
"future-hybrid","online","identical","117","17","943e0f94","complete","","explicit","proxy","{}","{""bounds"":12,""support"":190}","adapter-1.0 / planners-f6ec11d4259a","2.0.0","null","{""collision"":{""status"":""PASS"",""violations"":0,""checkedPlacements"":12,""scope"":""직육면체 기하·관측 규격 공통 검사"",""reason"":""확정 배치와 최종 적재 상태 검사""},""bounds"":{""status"":""PASS"",""violations"":0,""checkedPlacements"":12,""scope"":""직육면체 기하·관측 규격 공통 검사"",""reason"":""확정 배치와 최종 적재 상태 검사""},""height"":{""status"":""PASS"",""violations"":0,""checkedPlacements"":12,""scope"":""직육면체 기하·관측 규격 공통 검사"",""reason"":""확정 배치와 최종 적재 상태 검사""},""orientation"":{""status"":""PASS"",""violations"":0,""checkedPlacements"":12,""scope"":""직육면체 기하·관측 규격 공통 검사"",""reason"":""확정 배치와 최종 적재 상태 검사""},""load"":{""status"":""PASS"",""violations"":0,""checkedPlacements"":12,""scope"":""입력된 허용 상부하중 · 누적 정적 반력"",""reason"":""입력값 범위의 정적 검사. 실측 재료 인증 아님""},""support"":{""status"":""PASS"",""violations"":0,""checkedPlacements"":12,""scope"":""접촉·합력 작용점·정적 평형"",""reason"":""설정된 지지율·전도 여유 검사. 동적 붕괴·굽힘 파손 미검증""},""payload"":{""status"":""PASS"",""violations"":0,""checkedPlacements"":12,""scope"":""입력 가반하중 · 박스+그리퍼 질량"",""reason"":""사용자가 설정한 가반하중 한계 검사""},""robotCollision"":{""status"":""NOT VERIFIED"",""violations"":0,""checkedPlacements"":12,""scope"":""TCP·그리퍼 스윕 근사만 수행"",""reason"":""전체 로봇 링크 충돌 미검증""},""approach"":{""status"":""NOT VERIFIED"",""violations"":0,""checkedPlacements"":12,""scope"":""TCP·그리퍼 스윕 근사만 수행"",""reason"":""실제 관절 한계·역기구학·접근 자세 미검증""},""sequence"":{""status"":""NOT VERIFIED"",""violations"":0,""checkedPlacements"":12,""scope"":""TCP·그리퍼 스윕 근사만 수행"",""reason"":""실제 파지·관절 궤적·전 과정 실행 미검증""}}","16.071428571428573","100","12","0","0","940000000","400","","","","150","0","100","100","1.3888888888888868","95","0.625","0","0","","75.53764166666708","141.11759999999776","137.556570000005","140.4053939999992","906.4517000000051","100","108.20092680945035","50.83060242614273","399.25720854571165","538","3.2603999999992084","","","","","","100","0","0","","","100","","","","","","",""
"hrpal-inferred","online","identical","117","17","943e0f94","complete","","explicit","proxy","{}","{""support"":123}","conventional-pattern/2","2.0.0","null","{""collision"":{""status"":""PASS"",""violations"":0,""checkedPlacements"":12,""scope"":""직육면체 기하·관측 규격 공통 검사"",""reason"":""확정 배치와 최종 적재 상태 검사""},""bounds"":{""status"":""PASS"",""violations"":0,""checkedPlacements"":12,""scope"":""직육면체 기하·관측 규격 공통 검사"",""reason"":""확정 배치와 최종 적재 상태 검사""},""height"":{""status"":""PASS"",""violations"":0,""checkedPlacements"":12,""scope"":""직육면체 기하·관측 규격 공통 검사"",""reason"":""확정 배치와 최종 적재 상태 검사""},""orientation"":{""status"":""PASS"",""violations"":0,""checkedPlacements"":12,""scope"":""직육면체 기하·관측 규격 공통 검사"",""reason"":""확정 배치와 최종 적재 상태 검사""},""load"":{""status"":""PASS"",""violations"":0,""checkedPlacements"":12,""scope"":""입력된 허용 상부하중 · 누적 정적 반력"",""reason"":""입력값 범위의 정적 검사. 실측 재료 인증 아님""},""support"":{""status"":""PASS"",""violations"":0,""checkedPlacements"":12,""scope"":""접촉·합력 작용점·정적 평형"",""reason"":""설정된 지지율·전도 여유 검사. 동적 붕괴·굽힘 파손 미검증""},""payload"":{""status"":""PASS"",""violations"":0,""checkedPlacements"":12,""scope"":""입력 가반하중 · 박스+그리퍼 질량"",""reason"":""사용자가 설정한 가반하중 한계 검사""},""robotCollision"":{""status"":""NOT VERIFIED"",""violations"":0,""checkedPlacements"":12,""scope"":""TCP·그리퍼 스윕 근사만 수행"",""reason"":""전체 로봇 링크 충돌 미검증""},""approach"":{""status"":""NOT VERIFIED"",""violations"":0,""checkedPlacements"":12,""scope"":""TCP·그리퍼 스윕 근사만 수행"",""reason"":""실제 관절 한계·역기구학·접근 자세 미검증""},""sequence"":{""status"":""NOT VERIFIED"",""violations"":0,""checkedPlacements"":12,""scope"":""TCP·그리퍼 스윕 근사만 수행"",""reason"":""실제 파지·관절 궤적·전 과정 실행 미검증""}}","16.071428571428573","100","12","0","0","940000000","400","","","","150","100.77822185373186","100","100","20.55555555555556","95","0.625","0","0","","4.218883333337241","9.075100000016391","7.664240000009884","8.792928000015092","50.62660000004689","100","100.37583405928804","49.64429213853723","430.38247606972277","284","2.660200000012992","","","","","","100","0","0","","","100","","","","","","",""
"greedy","online","identical","117","17","943e0f94","complete","","explicit","proxy","{}","{""bounds"":12,""support"":157}","adapter-1.0 / planners-f6ec11d4259a","2.0.0","null","{""collision"":{""status"":""PASS"",""violations"":0,""checkedPlacements"":12,""scope"":""직육면체 기하·관측 규격 공통 검사"",""reason"":""확정 배치와 최종 적재 상태 검사""},""bounds"":{""status"":""PASS"",""violations"":0,""checkedPlacements"":12,""scope"":""직육면체 기하·관측 규격 공통 검사"",""reason"":""확정 배치와 최종 적재 상태 검사""},""height"":{""status"":""PASS"",""violations"":0,""checkedPlacements"":12,""scope"":""직육면체 기하·관측 규격 공통 검사"",""reason"":""확정 배치와 최종 적재 상태 검사""},""orientation"":{""status"":""PASS"",""violations"":0,""checkedPlacements"":12,""scope"":""직육면체 기하·관측 규격 공통 검사"",""reason"":""확정 배치와 최종 적재 상태 검사""},""load"":{""status"":""PASS"",""violations"":0,""checkedPlacements"":12,""scope"":""입력된 허용 상부하중 · 누적 정적 반력"",""reason"":""입력값 범위의 정적 검사. 실측 재료 인증 아님""},""support"":{""status"":""PASS"",""violations"":0,""checkedPlacements"":12,""scope"":""접촉·합력 작용점·정적 평형"",""reason"":""설정된 지지율·전도 여유 검사. 동적 붕괴·굽힘 파손 미검증""},""payload"":{""status"":""PASS"",""violations"":0,""checkedPlacements"":12,""scope"":""입력 가반하중 · 박스+그리퍼 질량"",""reason"":""사용자가 설정한 가반하중 한계 검사""},""robotCollision"":{""status"":""NOT VERIFIED"",""violations"":0,""checkedPlacements"":12,""scope"":""TCP·그리퍼 스윕 근사만 수행"",""reason"":""전체 로봇 링크 충돌 미검증""},""approach"":{""status"":""NOT VERIFIED"",""violations"":0,""checkedPlacements"":12,""scope"":""TCP·그리퍼 스윕 근사만 수행"",""reason"":""실제 관절 한계·역기구학·접근 자세 미검증""},""sequence"":{""status"":""NOT VERIFIED"",""violations"":0,""checkedPlacements"":12,""scope"":""TCP·그리퍼 스윕 근사만 수행"",""reason"":""실제 파지·관절 궤적·전 과정 실행 미검증""}}","16.071428571428573","100","12","0","0","940000000","400","","","","150","50.34602488997738","100","100","12.361111111111118","89.7435897435898","0.6250000000000001","0","0","","19.777266666671494","34.30350000000908","33.62672500000626","34.168145000008515","237.32720000005793","100","107.03781804388689","51.37458172852648","403.5956710392531","538","1.908499999990454","","","","","","100","0","0","","","100","","","","","","",""
"future-hybrid","online","random","117","17","45c071f5","partial","세로 박스 돌출 높이 초과 / 세로 박스 주변 높이 부족","explicit","proxy","{}","{""protocol"":48}","adapter-1.0 / planners-f6ec11d4259a","2.0.0","null","{""collision"":{""status"":""PASS"",""violations"":0,""checkedPlacements"":2,""scope"":""직육면체 기하·관측 규격 공통 검사"",""reason"":""확정 배치와 최종 적재 상태 검사""},""bounds"":{""status"":""PASS"",""violations"":0,""checkedPlacements"":2,""scope"":""직육면체 기하·관측 규격 공통 검사"",""reason"":""확정 배치와 최종 적재 상태 검사""},""height"":{""status"":""PASS"",""violations"":0,""checkedPlacements"":2,""scope"":""직육면체 기하·관측 규격 공통 검사"",""reason"":""확정 배치와 최종 적재 상태 검사""},""orientation"":{""status"":""PASS"",""violations"":0,""checkedPlacements"":2,""scope"":""직육면체 기하·관측 규격 공통 검사"",""reason"":""확정 배치와 최종 적재 상태 검사""},""load"":{""status"":""PASS"",""violations"":0,""checkedPlacements"":2,""scope"":""입력된 허용 상부하중 · 누적 정적 반력"",""reason"":""입력값 범위의 정적 검사. 실측 재료 인증 아님""},""support"":{""status"":""PASS"",""violations"":0,""checkedPlacements"":2,""scope"":""접촉·합력 작용점·정적 평형"",""reason"":""설정된 지지율·전도 여유 검사. 동적 붕괴·굽힘 파손 미검증""},""payload"":{""status"":""PASS"",""violations"":0,""checkedPlacements"":2,""scope"":""입력 가반하중 · 박스+그리퍼 질량"",""reason"":""사용자가 설정한 가반하중 한계 검사""},""robotCollision"":{""status"":""NOT VERIFIED"",""violations"":0,""checkedPlacements"":2,""scope"":""TCP·그리퍼 스윕 근사만 수행"",""reason"":""전체 로봇 링크 충돌 미검증""},""approach"":{""status"":""NOT VERIFIED"",""violations"":0,""checkedPlacements"":2,""scope"":""TCP·그리퍼 스윕 근사만 수행"",""reason"":""실제 관절 한계·역기구학·접근 자세 미검증""},""sequence"":{""status"":""NOT VERIFIED"",""violations"":0,""checkedPlacements"":2,""scope"":""TCP·그리퍼 스윕 근사만 수행"",""reason"":""실제 파지·관절 궤적·전 과정 실행 미검증""}}","2.309403035714286","11.11111111111111","2","16","0.291664904","1094134686","217","","","","99.5","240.21945889072362","100","100","42.58195336262251","70.8","1.1721854304635762","0","0","","70.29276666666071","172.08230000000913","157.86143000000737","169.23812600000878","210.87829999998212","66.66666666666667","16.477902236532803","7.460636453746322","436.948823742687","106","0.23290000000270084","2.309403035714286","0","11.11111111111111","","","100","0","0","","","0","","","","","","",""
"hrpal-inferred","online","random","117","17","45c071f5","partial","세로 박스 주변 높이 부족 · 가까운 눕힌 적재를 먼저 쌓아야 함 / 세로 박스 돌출 높이 초과 · 206 / 89 mm · 이웃 Small-01 / SUPPORT: 지지 조건 미달 86.0% / 필요 95.0% · CoG 지지 검사 / 무게 규칙 위반 · Small-01 (3 kg) / SUPPORT: 지지 조건 미달 0.0% / 필요 95.0% · CoG 지지 검사 / SUPPORT: 지지 조건 미달 76.0% / 필요 95.0% · CoG 지지 검사 / SUPPORT: 지지 조건 미달 84.5% / 필요 95.0% · CoG 지지 검사 / 누적 무게중심 정적 평형 불가 · Tall-01 / SUPPORT: 지지 조건 미달 30.9% / 필요 95.0% · CoG 지지 검사","explicit","proxy","{}","{""support"":37,""load"":4,""protocol"":48}","conventional-pattern/2","2.0.0","null","{""collision"":{""status"":""PASS"",""violations"":0,""checkedPlacements"":2,""scope"":""직육면체 기하·관측 규격 공통 검사"",""reason"":""확정 배치와 최종 적재 상태 검사""},""bounds"":{""status"":""PASS"",""violations"":0,""checkedPlacements"":2,""scope"":""직육면체 기하·관측 규격 공통 검사"",""reason"":""확정 배치와 최종 적재 상태 검사""},""height"":{""status"":""PASS"",""violations"":0,""checkedPlacements"":2,""scope"":""직육면체 기하·관측 규격 공통 검사"",""reason"":""확정 배치와 최종 적재 상태 검사""},""orientation"":{""status"":""PASS"",""violations"":0,""checkedPlacements"":2,""scope"":""직육면체 기하·관측 규격 공통 검사"",""reason"":""확정 배치와 최종 적재 상태 검사""},""load"":{""status"":""PASS"",""violations"":0,""checkedPlacements"":2,""scope"":""입력된 허용 상부하중 · 누적 정적 반력"",""reason"":""입력값 범위의 정적 검사. 실측 재료 인증 아님""},""support"":{""status"":""PASS"",""violations"":0,""checkedPlacements"":2,""scope"":""접촉·합력 작용점·정적 평형"",""reason"":""설정된 지지율·전도 여유 검사. 동적 붕괴·굽힘 파손 미검증""},""payload"":{""status"":""PASS"",""violations"":0,""checkedPlacements"":2,""scope"":""입력 가반하중 · 박스+그리퍼 질량"",""reason"":""사용자가 설정한 가반하중 한계 검사""},""robotCollision"":{""status"":""NOT VERIFIED"",""violations"":0,""checkedPlacements"":2,""scope"":""TCP·그리퍼 스윕 근사만 수행"",""reason"":""전체 로봇 링크 충돌 미검증""},""approach"":{""status"":""NOT VERIFIED"",""violations"":0,""checkedPlacements"":2,""scope"":""TCP·그리퍼 스윕 근사만 수행"",""reason"":""실제 관절 한계·역기구학·접근 자세 미검증""},""sequence"":{""status"":""NOT VERIFIED"",""violations"":0,""checkedPlacements"":2,""scope"":""TCP·그리퍼 스윕 근사만 수행"",""reason"":""실제 파지·관절 궤적·전 과정 실행 미검증""}}","2.309403035714286","11.11111111111111","2","16","0.291664904","1094134686","217","","","","99.5","307.34233342863035","100","100","89.72625887124028","70.8","1.1721854304635762","0","0","","3.5011333333483585","6.207699999999022","5.834530000001541","6.133065999999526","10.503400000045076","66.66666666666667","16.085422430361028","7.205524579734669","447.6102527721058","97","0.32559999998193234","2.309403035714286","0","11.11111111111111","","","100","0","0","","","0","","","","","","",""
"greedy","online","random","117","17","45c071f5","partial","세로 박스 주변 높이 부족 / 세로 박스 돌출 높이 초과","explicit","proxy","{}","{""protocol"":48}","adapter-1.0 / planners-f6ec11d4259a","2.0.0","null","{""collision"":{""status"":""PASS"",""violations"":0,""checkedPlacements"":2,""scope"":""직육면체 기하·관측 규격 공통 검사"",""reason"":""확정 배치와 최종 적재 상태 검사""},""bounds"":{""status"":""PASS"",""violations"":0,""checkedPlacements"":2,""scope"":""직육면체 기하·관측 규격 공통 검사"",""reason"":""확정 배치와 최종 적재 상태 검사""},""height"":{""status"":""PASS"",""violations"":0,""checkedPlacements"":2,""scope"":""직육면체 기하·관측 규격 공통 검사"",""reason"":""확정 배치와 최종 적재 상태 검사""},""orientation"":{""status"":""PASS"",""violations"":0,""checkedPlacements"":2,""scope"":""직육면체 기하·관측 규격 공통 검사"",""reason"":""확정 배치와 최종 적재 상태 검사""},""load"":{""status"":""PASS"",""violations"":0,""checkedPlacements"":2,""scope"":""입력된 허용 상부하중 · 누적 정적 반력"",""reason"":""입력값 범위의 정적 검사. 실측 재료 인증 아님""},""support"":{""status"":""PASS"",""violations"":0,""checkedPlacements"":2,""scope"":""접촉·합력 작용점·정적 평형"",""reason"":""설정된 지지율·전도 여유 검사. 동적 붕괴·굽힘 파손 미검증""},""payload"":{""status"":""PASS"",""violations"":0,""checkedPlacements"":2,""scope"":""입력 가반하중 · 박스+그리퍼 질량"",""reason"":""사용자가 설정한 가반하중 한계 검사""},""robotCollision"":{""status"":""NOT VERIFIED"",""violations"":0,""checkedPlacements"":2,""scope"":""TCP·그리퍼 스윕 근사만 수행"",""reason"":""전체 로봇 링크 충돌 미검증""},""approach"":{""status"":""NOT VERIFIED"",""violations"":0,""checkedPlacements"":2,""scope"":""TCP·그리퍼 스윕 근사만 수행"",""reason"":""실제 관절 한계·역기구학·접근 자세 미검증""},""sequence"":{""status"":""NOT VERIFIED"",""violations"":0,""checkedPlacements"":2,""scope"":""TCP·그리퍼 스윕 근사만 수행"",""reason"":""실제 파지·관절 궤적·전 과정 실행 미검증""}}","2.309403035714286","11.11111111111111","2","16","0.291664904","1094134686","217","","","","99.5","167.76212990840617","100","100","48.94694748067182","70.8","1.1721854304635762","0","0","","28.217899999998433","52.506400000012945","50.08192000001145","52.02150400001264","84.6536999999953","66.66666666666667","16.414908553521975","8.069690559789283","438.6256540220062","106","0.26489999998011626","2.309403035714286","0","11.11111111111111","","","100","0","0","","","0","","","","","","",""
"hrpal-inferred","online","identical","118","18","08c1b917","complete","","explicit","proxy","{}","{""support"":123}","conventional-pattern/2","2.0.0","null","{""collision"":{""status"":""PASS"",""violations"":0,""checkedPlacements"":12,""scope"":""직육면체 기하·관측 규격 공통 검사"",""reason"":""확정 배치와 최종 적재 상태 검사""},""bounds"":{""status"":""PASS"",""violations"":0,""checkedPlacements"":12,""scope"":""직육면체 기하·관측 규격 공통 검사"",""reason"":""확정 배치와 최종 적재 상태 검사""},""height"":{""status"":""PASS"",""violations"":0,""checkedPlacements"":12,""scope"":""직육면체 기하·관측 규격 공통 검사"",""reason"":""확정 배치와 최종 적재 상태 검사""},""orientation"":{""status"":""PASS"",""violations"":0,""checkedPlacements"":12,""scope"":""직육면체 기하·관측 규격 공통 검사"",""reason"":""확정 배치와 최종 적재 상태 검사""},""load"":{""status"":""PASS"",""violations"":0,""checkedPlacements"":12,""scope"":""입력된 허용 상부하중 · 누적 정적 반력"",""reason"":""입력값 범위의 정적 검사. 실측 재료 인증 아님""},""support"":{""status"":""PASS"",""violations"":0,""checkedPlacements"":12,""scope"":""접촉·합력 작용점·정적 평형"",""reason"":""설정된 지지율·전도 여유 검사. 동적 붕괴·굽힘 파손 미검증""},""payload"":{""status"":""PASS"",""violations"":0,""checkedPlacements"":12,""scope"":""입력 가반하중 · 박스+그리퍼 질량"",""reason"":""사용자가 설정한 가반하중 한계 검사""},""robotCollision"":{""status"":""NOT VERIFIED"",""violations"":0,""checkedPlacements"":12,""scope"":""TCP·그리퍼 스윕 근사만 수행"",""reason"":""전체 로봇 링크 충돌 미검증""},""approach"":{""status"":""NOT VERIFIED"",""violations"":0,""checkedPlacements"":12,""scope"":""TCP·그리퍼 스윕 근사만 수행"",""reason"":""실제 관절 한계·역기구학·접근 자세 미검증""},""sequence"":{""status"":""NOT VERIFIED"",""violations"":0,""checkedPlacements"":12,""scope"":""TCP·그리퍼 스윕 근사만 수행"",""reason"":""실제 파지·관절 궤적·전 과정 실행 미검증""}}","16.071428571428573","100","12","0","0","940000000","400","","","","150","100.77822185373186","100","100","20.55555555555556","95","0.625","0","0","","4.731899999998859","9.125","8.081649999985528","8.916329999997107","56.78279999998631","100","100.37583405928804","49.64429213853723","430.38247606972277","284","4.216300000000047","","","","","","100","0","0","","","100","","","","","","",""
"greedy","online","identical","118","18","08c1b917","complete","","explicit","proxy","{}","{""bounds"":12,""support"":157}","adapter-1.0 / planners-f6ec11d4259a","2.0.0","null","{""collision"":{""status"":""PASS"",""violations"":0,""checkedPlacements"":12,""scope"":""직육면체 기하·관측 규격 공통 검사"",""reason"":""확정 배치와 최종 적재 상태 검사""},""bounds"":{""status"":""PASS"",""violations"":0,""checkedPlacements"":12,""scope"":""직육면체 기하·관측 규격 공통 검사"",""reason"":""확정 배치와 최종 적재 상태 검사""},""height"":{""status"":""PASS"",""violations"":0,""checkedPlacements"":12,""scope"":""직육면체 기하·관측 규격 공통 검사"",""reason"":""확정 배치와 최종 적재 상태 검사""},""orientation"":{""status"":""PASS"",""violations"":0,""checkedPlacements"":12,""scope"":""직육면체 기하·관측 규격 공통 검사"",""reason"":""확정 배치와 최종 적재 상태 검사""},""load"":{""status"":""PASS"",""violations"":0,""checkedPlacements"":12,""scope"":""입력된 허용 상부하중 · 누적 정적 반력"",""reason"":""입력값 범위의 정적 검사. 실측 재료 인증 아님""},""support"":{""status"":""PASS"",""violations"":0,""checkedPlacements"":12,""scope"":""접촉·합력 작용점·정적 평형"",""reason"":""설정된 지지율·전도 여유 검사. 동적 붕괴·굽힘 파손 미검증""},""payload"":{""status"":""PASS"",""violations"":0,""checkedPlacements"":12,""scope"":""입력 가반하중 · 박스+그리퍼 질량"",""reason"":""사용자가 설정한 가반하중 한계 검사""},""robotCollision"":{""status"":""NOT VERIFIED"",""violations"":0,""checkedPlacements"":12,""scope"":""TCP·그리퍼 스윕 근사만 수행"",""reason"":""전체 로봇 링크 충돌 미검증""},""approach"":{""status"":""NOT VERIFIED"",""violations"":0,""checkedPlacements"":12,""scope"":""TCP·그리퍼 스윕 근사만 수행"",""reason"":""실제 관절 한계·역기구학·접근 자세 미검증""},""sequence"":{""status"":""NOT VERIFIED"",""violations"":0,""checkedPlacements"":12,""scope"":""TCP·그리퍼 스윕 근사만 수행"",""reason"":""실제 파지·관절 궤적·전 과정 실행 미검증""}}","16.071428571428573","100","12","0","0","940000000","400","","","","150","50.34602488997738","100","100","12.361111111111118","89.7435897435898","0.6250000000000001","0","0","","22.862883333327773","35.783499999990454","35.23558999999368","35.6739179999911","274.35459999993327","100","107.03781804388689","51.37458172852648","403.5956710392531","538","2.879799999995157","","","","","","100","0","0","","","100","","","","","","",""
"future-hybrid","online","identical","118","18","08c1b917","complete","","explicit","proxy","{}","{""bounds"":12,""support"":190}","adapter-1.0 / planners-f6ec11d4259a","2.0.0","null","{""collision"":{""status"":""PASS"",""violations"":0,""checkedPlacements"":12,""scope"":""직육면체 기하·관측 규격 공통 검사"",""reason"":""확정 배치와 최종 적재 상태 검사""},""bounds"":{""status"":""PASS"",""violations"":0,""checkedPlacements"":12,""scope"":""직육면체 기하·관측 규격 공통 검사"",""reason"":""확정 배치와 최종 적재 상태 검사""},""height"":{""status"":""PASS"",""violations"":0,""checkedPlacements"":12,""scope"":""직육면체 기하·관측 규격 공통 검사"",""reason"":""확정 배치와 최종 적재 상태 검사""},""orientation"":{""status"":""PASS"",""violations"":0,""checkedPlacements"":12,""scope"":""직육면체 기하·관측 규격 공통 검사"",""reason"":""확정 배치와 최종 적재 상태 검사""},""load"":{""status"":""PASS"",""violations"":0,""checkedPlacements"":12,""scope"":""입력된 허용 상부하중 · 누적 정적 반력"",""reason"":""입력값 범위의 정적 검사. 실측 재료 인증 아님""},""support"":{""status"":""PASS"",""violations"":0,""checkedPlacements"":12,""scope"":""접촉·합력 작용점·정적 평형"",""reason"":""설정된 지지율·전도 여유 검사. 동적 붕괴·굽힘 파손 미검증""},""payload"":{""status"":""PASS"",""violations"":0,""checkedPlacements"":12,""scope"":""입력 가반하중 · 박스+그리퍼 질량"",""reason"":""사용자가 설정한 가반하중 한계 검사""},""robotCollision"":{""status"":""NOT VERIFIED"",""violations"":0,""checkedPlacements"":12,""scope"":""TCP·그리퍼 스윕 근사만 수행"",""reason"":""전체 로봇 링크 충돌 미검증""},""approach"":{""status"":""NOT VERIFIED"",""violations"":0,""checkedPlacements"":12,""scope"":""TCP·그리퍼 스윕 근사만 수행"",""reason"":""실제 관절 한계·역기구학·접근 자세 미검증""},""sequence"":{""status"":""NOT VERIFIED"",""violations"":0,""checkedPlacements"":12,""scope"":""TCP·그리퍼 스윕 근사만 수행"",""reason"":""실제 파지·관절 궤적·전 과정 실행 미검증""}}","16.071428571428573","100","12","0","0","940000000","400","","","","150","0","100","100","1.3888888888888868","95","0.625","0","0","","74.74508333333263","148.1191000000108","138.20793500000872","146.1368670000104","896.9409999999916","100","108.20092680945035","50.83060242614273","399.25720854571165","538","2.689199999993434","","","","","","100","0","0","","","100","","","","","","",""
"hrpal-inferred","online","random","118","18","4994afa6","partial","세로 박스 주변 높이 부족 · 가까운 눕힌 적재를 먼저 쌓아야 함 / SUPPORT: 지지 조건 미달 74.4% / 필요 95.0% · CoG 지지 검사 / 무게 규칙 위반 · Small-02 (3 kg) / SUPPORT: 지지 조건 미달 0.0% / 필요 95.0% · CoG 지지 검사 / SUPPORT: 지지 조건 미달 45.9% / 필요 95.0% · CoG 지지 검사 / SUPPORT: 지지 조건 미달 40.1% / 필요 95.0% · CoG 지지 검사 / 누적 무게중심 정적 평형 불가 · Tall-01 / SUPPORT: 지지 조건 미달 9.0% / 필요 95.0% · CoG 지지 검사 / SUPPORT: 지지 조건 미달 15.7% / 필요 95.0% · CoG 지지 검사 / SUPPORT: 지지 조건 미달 21.9% / 필요 95.0% · CoG 지지 검사 / SUPPORT: 지지 조건 미달 84.3% / 필요 95.0% · CoG 지지 검사 / SUPPORT: 지지 조건 미달 91.0% / 필요 95.0% · CoG 지지 검사 / SUPPORT: 지지 조건 미달 68.5% / 필요 95.0% · CoG 지지 검사 / SUPPORT: 지지 조건 미달 62.4% / 필요 95.0% · CoG 지지 검사 / SUPPORT: 지지 조건 미달 47.2% / 필요 95.0% · CoG 지지 검사 / SUPPORT: 지지 조건 미달 41.7% / 필요 95.0% · CoG 지지 검사 / SUPPORT: 지지 조건 미달 44.2% / 필요 95.0% · CoG 지지 검사 / SUPPORT: 지지 조건 미달 49.7% / 필요 95.0% · CoG 지지 검사 / SUPPORT: 지지 조건 미달 55.8% / 필요 95.0% · CoG 지지 검사 / SUPPORT: 지지 조건 미달 52.8% / 필요 95.0% · CoG 지지 검사 / SUPPORT: 지지 조건 미달 94.4% / 필요 95.0% · CoG 지지 검사","explicit","proxy","{}","{""support"":67,""load"":4,""protocol"":48}","conventional-pattern/2","2.0.0","null","{""collision"":{""status"":""PASS"",""violations"":0,""checkedPlacements"":3,""scope"":""직육면체 기하·관측 규격 공통 검사"",""reason"":""확정 배치와 최종 적재 상태 검사""},""bounds"":{""status"":""PASS"",""violations"":0,""checkedPlacements"":3,""scope"":""직육면체 기하·관측 규격 공통 검사"",""reason"":""확정 배치와 최종 적재 상태 검사""},""height"":{""status"":""PASS"",""violations"":0,""checkedPlacements"":3,""scope"":""직육면체 기하·관측 규격 공통 검사"",""reason"":""확정 배치와 최종 적재 상태 검사""},""orientation"":{""status"":""PASS"",""violations"":0,""checkedPlacements"":3,""scope"":""직육면체 기하·관측 규격 공통 검사"",""reason"":""확정 배치와 최종 적재 상태 검사""},""load"":{""status"":""PASS"",""violations"":0,""checkedPlacements"":3,""scope"":""입력된 허용 상부하중 · 누적 정적 반력"",""reason"":""입력값 범위의 정적 검사. 실측 재료 인증 아님""},""support"":{""status"":""PASS"",""violations"":0,""checkedPlacements"":3,""scope"":""접촉·합력 작용점·정적 평형"",""reason"":""설정된 지지율·전도 여유 검사. 동적 붕괴·굽힘 파손 미검증""},""payload"":{""status"":""PASS"",""violations"":0,""checkedPlacements"":3,""scope"":""입력 가반하중 · 박스+그리퍼 질량"",""reason"":""사용자가 설정한 가반하중 한계 검사""},""robotCollision"":{""status"":""NOT VERIFIED"",""violations"":0,""checkedPlacements"":3,""scope"":""TCP·그리퍼 스윕 근사만 수행"",""reason"":""전체 로봇 링크 충돌 미검증""},""approach"":{""status"":""NOT VERIFIED"",""violations"":0,""checkedPlacements"":3,""scope"":""TCP·그리퍼 스윕 근사만 수행"",""reason"":""실제 관절 한계·역기구학·접근 자세 미검증""},""sequence"":{""status"":""NOT VERIFIED"",""violations"":0,""checkedPlacements"":3,""scope"":""TCP·그리퍼 스윕 근사만 수행"",""reason"":""실제 파지·관절 궤적·전 과정 실행 미검증""}}","6.62478455357143","16.666666666666668","3","15","0.243332631","1045802413","193","","","","94.16666666666667","70.29114936471265","100","100","43.49989849336499","70.8","1.1721854304635762","0","0","","3.711300000002666","7.700400000001537","7.228275000002758","7.605975000001781","14.845200000010664","75","25.255984853614205","12.516390154849228","427.62141577917873","112","0.38060000000405125","6.62478455357143","0","16.666666666666668","","","100","0","0","","","0","","","","","","",""
"greedy","online","random","118","18","4994afa6","partial","SUPPORT: 지지 조건 미달 51.9% / 필요 95.0% / 무게 규칙 위반 / 누적 무게중심 정적 평형 불가 / SUPPORT: 지지 조건 미달 8.7% / 필요 95.0% / SUPPORT: 지지 조건 미달 4.2% / 필요 95.0% / SUPPORT: 지지 조건 미달 15.7% / 필요 95.0% / SUPPORT: 지지 조건 미달 20.2% / 필요 95.0% / SUPPORT: 지지 조건 미달 16.8% / 필요 95.0% / SUPPORT: 지지 조건 미달 22.7% / 필요 95.0% / SUPPORT: 지지 조건 미달 18.8% / 필요 95.0% / SUPPORT: 지지 조건 미달 42.7% / 필요 95.0% / SUPPORT: 지지 조건 미달 16.5% / 필요 95.0% / SUPPORT: 지지 조건 미달 15.4% / 필요 95.0% / SUPPORT: 지지 조건 미달 21.9% / 필요 95.0% / SUPPORT: 지지 조건 미달 19.4% / 필요 95.0% / SUPPORT: 지지 조건 미달 10.2% / 필요 95.0% / SUPPORT: 지지 조건 미달 18.4% / 필요 95.0% / SUPPORT: 지지 조건 미달 19.7% / 필요 95.0% / SUPPORT: 지지 조건 미달 22.0% / 필요 95.0% / SUPPORT: 지지 조건 미달 19.3% / 필요 95.0% / SUPPORT: 지지 조건 미달 18.0% / 필요 95.0% / SUPPORT: 지지 조건 미달 5.1% / 필요 95.0% / SUPPORT: 지지 조건 미달 24.5% / 필요 95.0% / SUPPORT: 지지 조건 미달 27.5% / 필요 95.0% / SUPPORT: 지지 조건 미달 26.6% / 필요 95.0% / SUPPORT: 지지 조건 미달 23.6% / 필요 95.0%","explicit","proxy","{}","{""support"":188,""bounds"":5,""protocol"":36,""load"":94,""robot-path"":20}","adapter-1.0 / planners-f6ec11d4259a","2.0.0","null","{""collision"":{""status"":""PASS"",""violations"":0,""checkedPlacements"":9,""scope"":""직육면체 기하·관측 규격 공통 검사"",""reason"":""확정 배치와 최종 적재 상태 검사""},""bounds"":{""status"":""PASS"",""violations"":0,""checkedPlacements"":9,""scope"":""직육면체 기하·관측 규격 공통 검사"",""reason"":""확정 배치와 최종 적재 상태 검사""},""height"":{""status"":""PASS"",""violations"":0,""checkedPlacements"":9,""scope"":""직육면체 기하·관측 규격 공통 검사"",""reason"":""확정 배치와 최종 적재 상태 검사""},""orientation"":{""status"":""PASS"",""violations"":0,""checkedPlacements"":9,""scope"":""직육면체 기하·관측 규격 공통 검사"",""reason"":""확정 배치와 최종 적재 상태 검사""},""load"":{""status"":""PASS"",""violations"":0,""checkedPlacements"":9,""scope"":""입력된 허용 상부하중 · 누적 정적 반력"",""reason"":""입력값 범위의 정적 검사. 실측 재료 인증 아님""},""support"":{""status"":""PASS"",""violations"":0,""checkedPlacements"":9,""scope"":""접촉·합력 작용점·정적 평형"",""reason"":""설정된 지지율·전도 여유 검사. 동적 붕괴·굽힘 파손 미검증""},""payload"":{""status"":""PASS"",""violations"":0,""checkedPlacements"":9,""scope"":""입력 가반하중 · 박스+그리퍼 질량"",""reason"":""사용자가 설정한 가반하중 한계 검사""},""robotCollision"":{""status"":""NOT VERIFIED"",""violations"":0,""checkedPlacements"":9,""scope"":""TCP·그리퍼 스윕 근사만 수행"",""reason"":""전체 로봇 링크 충돌 미검증""},""approach"":{""status"":""NOT VERIFIED"",""violations"":0,""checkedPlacements"":9,""scope"":""TCP·그리퍼 스윕 근사만 수행"",""reason"":""실제 관절 한계·역기구학·접근 자세 미검증""},""sequence"":{""status"":""NOT VERIFIED"",""violations"":0,""checkedPlacements"":9,""scope"":""TCP·그리퍼 스윕 근사만 수행"",""reason"":""실제 파지·관절 궤적·전 과정 실행 미검증""}}","13.300094732142856","50","9","9","0.168569157","971038939","603","","","","211.74137931034483","67.76370955708508","100","100","16.360623739843593","54.525","0.39072847682119205","0","0","","69.6865300000034","149.98120000000927","142.75667499999687","148.5362950000068","696.865300000034","90","90.83917307402787","44.0954624981181","356.6743168566293","442","2.8919999999925494","13.300094732142856","0","50","","","100","0","0","","","0","","","","","","",""
"future-hybrid","online","random","118","18","4994afa6","partial","누적 무게중심 정적 평형 불가 / SUPPORT: 지지 조건 미달 2.7% / 필요 95.0% / 무게 규칙 위반 / 재질 허용 지지하중 초과 / SUPPORT: 지지 조건 미달 0.3% / 필요 95.0% / SUPPORT: 지지 조건 미달 4.4% / 필요 95.0% / SUPPORT: 지지 조건 미달 7.3% / 필요 95.0% / SUPPORT: 지지 조건 미달 11.3% / 필요 95.0% / SUPPORT: 지지 조건 미달 5.6% / 필요 95.0% / SUPPORT: 지지 조건 미달 22.6% / 필요 95.0% / SUPPORT: 지지 조건 미달 23.8% / 필요 95.0% / SUPPORT: 지지 조건 미달 21.9% / 필요 95.0% / SUPPORT: 지지 조건 미달 0.4% / 필요 95.0% / SUPPORT: 지지 조건 미달 9.0% / 필요 95.0% / SUPPORT: 지지 조건 미달 9.2% / 필요 95.0% / SUPPORT: 지지 조건 미달 14.2% / 필요 95.0% / SUPPORT: 지지 조건 미달 11.5% / 필요 95.0% / SUPPORT: 지지 조건 미달 28.2% / 필요 95.0% / SUPPORT: 지지 조건 미달 29.7% / 필요 95.0% / SUPPORT: 지지 조건 미달 27.3% / 필요 95.0% / SUPPORT: 지지 조건 미달 9.4% / 필요 95.0% / SUPPORT: 지지 조건 미달 14.5% / 필요 95.0% / SUPPORT: 지지 조건 미달 28.9% / 필요 95.0% / SUPPORT: 지지 조건 미달 30.4% / 필요 95.0% / SUPPORT: 지지 조건 미달 28.0% / 필요 95.0%","explicit","proxy","{}","{""bounds"":32,""support"":209,""load"":128,""protocol"":40,""robot-path"":5}","adapter-1.0 / planners-f6ec11d4259a","2.0.0","null","{""collision"":{""status"":""PASS"",""violations"":0,""checkedPlacements"":12,""scope"":""직육면체 기하·관측 규격 공통 검사"",""reason"":""확정 배치와 최종 적재 상태 검사""},""bounds"":{""status"":""PASS"",""violations"":0,""checkedPlacements"":12,""scope"":""직육면체 기하·관측 규격 공통 검사"",""reason"":""확정 배치와 최종 적재 상태 검사""},""height"":{""status"":""PASS"",""violations"":0,""checkedPlacements"":12,""scope"":""직육면체 기하·관측 규격 공통 검사"",""reason"":""확정 배치와 최종 적재 상태 검사""},""orientation"":{""status"":""PASS"",""violations"":0,""checkedPlacements"":12,""scope"":""직육면체 기하·관측 규격 공통 검사"",""reason"":""확정 배치와 최종 적재 상태 검사""},""load"":{""status"":""PASS"",""violations"":0,""checkedPlacements"":12,""scope"":""입력된 허용 상부하중 · 누적 정적 반력"",""reason"":""입력값 범위의 정적 검사. 실측 재료 인증 아님""},""support"":{""status"":""PASS"",""violations"":0,""checkedPlacements"":12,""scope"":""접촉·합력 작용점·정적 평형"",""reason"":""설정된 지지율·전도 여유 검사. 동적 붕괴·굽힘 파손 미검증""},""payload"":{""status"":""PASS"",""violations"":0,""checkedPlacements"":12,""scope"":""입력 가반하중 · 박스+그리퍼 질량"",""reason"":""사용자가 설정한 가반하중 한계 검사""},""robotCollision"":{""status"":""NOT VERIFIED"",""violations"":0,""checkedPlacements"":12,""scope"":""TCP·그리퍼 스윕 근사만 수행"",""reason"":""전체 로봇 링크 충돌 미검증""},""approach"":{""status"":""NOT VERIFIED"",""violations"":0,""checkedPlacements"":12,""scope"":""TCP·그리퍼 스윕 근사만 수행"",""reason"":""실제 관절 한계·역기구학·접근 자세 미검증""},""sequence"":{""status"":""NOT VERIFIED"",""violations"":0,""checkedPlacements"":12,""scope"":""TCP·그리퍼 스윕 근사만 수행"",""reason"":""실제 파지·관절 궤적·전 과정 실행 미검증""}}","18.655813214285715","66.66666666666667","12","6","0.10858511","911054892","603","","","","217.08024691358025","75.30267128729626","100","100","17.957005602453926","52.45","0.3598173515981735","0","0","","274.52136923076785","1069.7637000000104","755.5644599999935","1006.9238520000067","3568.7777999999817","92.3076923076923","118.47566965049285","57.50918527282035","364.6318280153337","586","4.715799999976298","18.655813214285715","0","66.66666666666667","","","100","0","0","","","0","","","","","","",""
"greedy","online","identical","119","19","f93d7fb6","complete","","explicit","proxy","{}","{""bounds"":12,""support"":157}","adapter-1.0 / planners-f6ec11d4259a","2.0.0","null","{""collision"":{""status"":""PASS"",""violations"":0,""checkedPlacements"":12,""scope"":""직육면체 기하·관측 규격 공통 검사"",""reason"":""확정 배치와 최종 적재 상태 검사""},""bounds"":{""status"":""PASS"",""violations"":0,""checkedPlacements"":12,""scope"":""직육면체 기하·관측 규격 공통 검사"",""reason"":""확정 배치와 최종 적재 상태 검사""},""height"":{""status"":""PASS"",""violations"":0,""checkedPlacements"":12,""scope"":""직육면체 기하·관측 규격 공통 검사"",""reason"":""확정 배치와 최종 적재 상태 검사""},""orientation"":{""status"":""PASS"",""violations"":0,""checkedPlacements"":12,""scope"":""직육면체 기하·관측 규격 공통 검사"",""reason"":""확정 배치와 최종 적재 상태 검사""},""load"":{""status"":""PASS"",""violations"":0,""checkedPlacements"":12,""scope"":""입력된 허용 상부하중 · 누적 정적 반력"",""reason"":""입력값 범위의 정적 검사. 실측 재료 인증 아님""},""support"":{""status"":""PASS"",""violations"":0,""checkedPlacements"":12,""scope"":""접촉·합력 작용점·정적 평형"",""reason"":""설정된 지지율·전도 여유 검사. 동적 붕괴·굽힘 파손 미검증""},""payload"":{""status"":""PASS"",""violations"":0,""checkedPlacements"":12,""scope"":""입력 가반하중 · 박스+그리퍼 질량"",""reason"":""사용자가 설정한 가반하중 한계 검사""},""robotCollision"":{""status"":""NOT VERIFIED"",""violations"":0,""checkedPlacements"":12,""scope"":""TCP·그리퍼 스윕 근사만 수행"",""reason"":""전체 로봇 링크 충돌 미검증""},""approach"":{""status"":""NOT VERIFIED"",""violations"":0,""checkedPlacements"":12,""scope"":""TCP·그리퍼 스윕 근사만 수행"",""reason"":""실제 관절 한계·역기구학·접근 자세 미검증""},""sequence"":{""status"":""NOT VERIFIED"",""violations"":0,""checkedPlacements"":12,""scope"":""TCP·그리퍼 스윕 근사만 수행"",""reason"":""실제 파지·관절 궤적·전 과정 실행 미검증""}}","16.071428571428573","100","12","0","0","940000000","400","","","","150","50.34602488997738","100","100","12.361111111111118","89.7435897435898","0.6250000000000001","0","0","","18.41899999999684","32.07279999999446","31.743624999998428","32.006964999995255","221.02799999996205","100","107.03781804388689","51.37458172852648","403.5956710392531","538","3.281600000016624","","","","","","100","0","0","","","100","","","","","","",""
"future-hybrid","online","identical","119","19","f93d7fb6","complete","","explicit","proxy","{}","{""bounds"":12,""support"":190}","adapter-1.0 / planners-f6ec11d4259a","2.0.0","null","{""collision"":{""status"":""PASS"",""violations"":0,""checkedPlacements"":12,""scope"":""직육면체 기하·관측 규격 공통 검사"",""reason"":""확정 배치와 최종 적재 상태 검사""},""bounds"":{""status"":""PASS"",""violations"":0,""checkedPlacements"":12,""scope"":""직육면체 기하·관측 규격 공통 검사"",""reason"":""확정 배치와 최종 적재 상태 검사""},""height"":{""status"":""PASS"",""violations"":0,""checkedPlacements"":12,""scope"":""직육면체 기하·관측 규격 공통 검사"",""reason"":""확정 배치와 최종 적재 상태 검사""},""orientation"":{""status"":""PASS"",""violations"":0,""checkedPlacements"":12,""scope"":""직육면체 기하·관측 규격 공통 검사"",""reason"":""확정 배치와 최종 적재 상태 검사""},""load"":{""status"":""PASS"",""violations"":0,""checkedPlacements"":12,""scope"":""입력된 허용 상부하중 · 누적 정적 반력"",""reason"":""입력값 범위의 정적 검사. 실측 재료 인증 아님""},""support"":{""status"":""PASS"",""violations"":0,""checkedPlacements"":12,""scope"":""접촉·합력 작용점·정적 평형"",""reason"":""설정된 지지율·전도 여유 검사. 동적 붕괴·굽힘 파손 미검증""},""payload"":{""status"":""PASS"",""violations"":0,""checkedPlacements"":12,""scope"":""입력 가반하중 · 박스+그리퍼 질량"",""reason"":""사용자가 설정한 가반하중 한계 검사""},""robotCollision"":{""status"":""NOT VERIFIED"",""violations"":0,""checkedPlacements"":12,""scope"":""TCP·그리퍼 스윕 근사만 수행"",""reason"":""전체 로봇 링크 충돌 미검증""},""approach"":{""status"":""NOT VERIFIED"",""violations"":0,""checkedPlacements"":12,""scope"":""TCP·그리퍼 스윕 근사만 수행"",""reason"":""실제 관절 한계·역기구학·접근 자세 미검증""},""sequence"":{""status"":""NOT VERIFIED"",""violations"":0,""checkedPlacements"":12,""scope"":""TCP·그리퍼 스윕 근사만 수행"",""reason"":""실제 파지·관절 궤적·전 과정 실행 미검증""}}","16.071428571428573","100","12","0","0","940000000","400","","","","150","0","100","100","1.3888888888888868","95","0.625","0","0","","65.10186666666898","124.41120000000228","111.07238000000359","121.74343600000256","781.2224000000278","100","108.20092680945035","50.83060242614273","399.25720854571165","538","3.6621999999915715","","","","","","100","0","0","","","100","","","","","","",""
"hrpal-inferred","online","identical","119","19","f93d7fb6","complete","","explicit","proxy","{}","{""support"":123}","conventional-pattern/2","2.0.0","null","{""collision"":{""status"":""PASS"",""violations"":0,""checkedPlacements"":12,""scope"":""직육면체 기하·관측 규격 공통 검사"",""reason"":""확정 배치와 최종 적재 상태 검사""},""bounds"":{""status"":""PASS"",""violations"":0,""checkedPlacements"":12,""scope"":""직육면체 기하·관측 규격 공통 검사"",""reason"":""확정 배치와 최종 적재 상태 검사""},""height"":{""status"":""PASS"",""violations"":0,""checkedPlacements"":12,""scope"":""직육면체 기하·관측 규격 공통 검사"",""reason"":""확정 배치와 최종 적재 상태 검사""},""orientation"":{""status"":""PASS"",""violations"":0,""checkedPlacements"":12,""scope"":""직육면체 기하·관측 규격 공통 검사"",""reason"":""확정 배치와 최종 적재 상태 검사""},""load"":{""status"":""PASS"",""violations"":0,""checkedPlacements"":12,""scope"":""입력된 허용 상부하중 · 누적 정적 반력"",""reason"":""입력값 범위의 정적 검사. 실측 재료 인증 아님""},""support"":{""status"":""PASS"",""violations"":0,""checkedPlacements"":12,""scope"":""접촉·합력 작용점·정적 평형"",""reason"":""설정된 지지율·전도 여유 검사. 동적 붕괴·굽힘 파손 미검증""},""payload"":{""status"":""PASS"",""violations"":0,""checkedPlacements"":12,""scope"":""입력 가반하중 · 박스+그리퍼 질량"",""reason"":""사용자가 설정한 가반하중 한계 검사""},""robotCollision"":{""status"":""NOT VERIFIED"",""violations"":0,""checkedPlacements"":12,""scope"":""TCP·그리퍼 스윕 근사만 수행"",""reason"":""전체 로봇 링크 충돌 미검증""},""approach"":{""status"":""NOT VERIFIED"",""violations"":0,""checkedPlacements"":12,""scope"":""TCP·그리퍼 스윕 근사만 수행"",""reason"":""실제 관절 한계·역기구학·접근 자세 미검증""},""sequence"":{""status"":""NOT VERIFIED"",""violations"":0,""checkedPlacements"":12,""scope"":""TCP·그리퍼 스윕 근사만 수행"",""reason"":""실제 파지·관절 궤적·전 과정 실행 미검증""}}","16.071428571428573","100","12","0","0","940000000","400","","","","150","100.77822185373186","100","100","20.55555555555556","95","0.625","0","0","","3.659441666667893","7.28070000000298","6.9734700000088194","7.219254000004148","43.913300000014715","100","100.37583405928804","49.64429213853723","430.38247606972277","284","3.2727000000013504","","","","","","100","0","0","","","100","","","","","","",""
"greedy","online","random","119","19","387b24d3","partial","세로 박스 주변 높이 부족 / 세로 박스 돌출 높이 초과 / SUPPORT: 지지 조건 미달 53.0% / 필요 95.0% / SUPPORT: 지지 조건 미달 64.2% / 필요 95.0% / SUPPORT: 지지 조건 미달 61.4% / 필요 95.0% / SUPPORT: 지지 조건 미달 72.6% / 필요 95.0% / SUPPORT: 지지 조건 미달 59.5% / 필요 95.0% / SUPPORT: 지지 조건 미달 48.3% / 필요 95.0%","explicit","proxy","{}","{""bounds"":35,""support"":34,""protocol"":53,""robot-path"":10}","adapter-1.0 / planners-f6ec11d4259a","2.0.0","null","{""collision"":{""status"":""PASS"",""violations"":0,""checkedPlacements"":3,""scope"":""직육면체 기하·관측 규격 공통 검사"",""reason"":""확정 배치와 최종 적재 상태 검사""},""bounds"":{""status"":""PASS"",""violations"":0,""checkedPlacements"":3,""scope"":""직육면체 기하·관측 규격 공통 검사"",""reason"":""확정 배치와 최종 적재 상태 검사""},""height"":{""status"":""PASS"",""violations"":0,""checkedPlacements"":3,""scope"":""직육면체 기하·관측 규격 공통 검사"",""reason"":""확정 배치와 최종 적재 상태 검사""},""orientation"":{""status"":""PASS"",""violations"":0,""checkedPlacements"":3,""scope"":""직육면체 기하·관측 규격 공통 검사"",""reason"":""확정 배치와 최종 적재 상태 검사""},""load"":{""status"":""PASS"",""violations"":0,""checkedPlacements"":3,""scope"":""입력된 허용 상부하중 · 누적 정적 반력"",""reason"":""입력값 범위의 정적 검사. 실측 재료 인증 아님""},""support"":{""status"":""PASS"",""violations"":0,""checkedPlacements"":3,""scope"":""접촉·합력 작용점·정적 평형"",""reason"":""설정된 지지율·전도 여유 검사. 동적 붕괴·굽힘 파손 미검증""},""payload"":{""status"":""PASS"",""violations"":0,""checkedPlacements"":3,""scope"":""입력 가반하중 · 박스+그리퍼 질량"",""reason"":""사용자가 설정한 가반하중 한계 검사""},""robotCollision"":{""status"":""NOT VERIFIED"",""violations"":0,""checkedPlacements"":3,""scope"":""TCP·그리퍼 스윕 근사만 수행"",""reason"":""전체 로봇 링크 충돌 미검증""},""approach"":{""status"":""NOT VERIFIED"",""violations"":0,""checkedPlacements"":3,""scope"":""TCP·그리퍼 스윕 근사만 수행"",""reason"":""실제 관절 한계·역기구학·접근 자세 미검증""},""sequence"":{""status"":""NOT VERIFIED"",""violations"":0,""checkedPlacements"":3,""scope"":""TCP·그리퍼 스윕 근사만 수행"",""reason"":""실제 파지·관절 궤적·전 과정 실행 미검증""}}","5.035255089285714","16.666666666666668","3","15","0.261135361","1063605143","217","","","","89.375","214.0635948877109","100","100","44.77420799338641","57.2","1.125984251968504","0","0","","29.449650000002293","58.458600000012666","54.993735000009465","57.76562700001202","117.79860000000917","75","26.39673016847391","11.307874609508042","409.1415842443484","154","0.28200000000651926","5.035255089285714","0","16.666666666666668","","","100","0","0","","","0","","","","","","",""
"future-hybrid","online","random","119","19","387b24d3","partial","세로 박스 주변 높이 부족 / 세로 박스 돌출 높이 초과","explicit","proxy","{}","{""bounds"":41,""support"":17,""protocol"":59,""robot-path"":13}","adapter-1.0 / planners-f6ec11d4259a","2.0.0","null","{""collision"":{""status"":""PASS"",""violations"":0,""checkedPlacements"":3,""scope"":""직육면체 기하·관측 규격 공통 검사"",""reason"":""확정 배치와 최종 적재 상태 검사""},""bounds"":{""status"":""PASS"",""violations"":0,""checkedPlacements"":3,""scope"":""직육면체 기하·관측 규격 공통 검사"",""reason"":""확정 배치와 최종 적재 상태 검사""},""height"":{""status"":""PASS"",""violations"":0,""checkedPlacements"":3,""scope"":""직육면체 기하·관측 규격 공통 검사"",""reason"":""확정 배치와 최종 적재 상태 검사""},""orientation"":{""status"":""PASS"",""violations"":0,""checkedPlacements"":3,""scope"":""직육면체 기하·관측 규격 공통 검사"",""reason"":""확정 배치와 최종 적재 상태 검사""},""load"":{""status"":""PASS"",""violations"":0,""checkedPlacements"":3,""scope"":""입력된 허용 상부하중 · 누적 정적 반력"",""reason"":""입력값 범위의 정적 검사. 실측 재료 인증 아님""},""support"":{""status"":""PASS"",""violations"":0,""checkedPlacements"":3,""scope"":""접촉·합력 작용점·정적 평형"",""reason"":""설정된 지지율·전도 여유 검사. 동적 붕괴·굽힘 파손 미검증""},""payload"":{""status"":""PASS"",""violations"":0,""checkedPlacements"":3,""scope"":""입력 가반하중 · 박스+그리퍼 질량"",""reason"":""사용자가 설정한 가반하중 한계 검사""},""robotCollision"":{""status"":""NOT VERIFIED"",""violations"":0,""checkedPlacements"":3,""scope"":""TCP·그리퍼 스윕 근사만 수행"",""reason"":""전체 로봇 링크 충돌 미검증""},""approach"":{""status"":""NOT VERIFIED"",""violations"":0,""checkedPlacements"":3,""scope"":""TCP·그리퍼 스윕 근사만 수행"",""reason"":""실제 관절 한계·역기구학·접근 자세 미검증""},""sequence"":{""status"":""NOT VERIFIED"",""violations"":0,""checkedPlacements"":3,""scope"":""TCP·그리퍼 스윕 근사만 수행"",""reason"":""실제 파지·관절 궤적·전 과정 실행 미검증""}}","5.035255089285714","16.666666666666668","3","15","0.261135361","1063605143","217","","","","89.375","114.447193745631","100","100","45.738566465568994","57.2","1.125984251968504","0","0","","57.11367500000051","138.2276000000129","122.18829500001007","135.0197390000123","228.45470000000205","75","26.88689440005676","12.276481360036893","401.68268745746997","154","0.8516999999992549","5.035255089285714","0","16.666666666666668","","","100","0","0","","","0","","","","","","",""
"hrpal-inferred","online","random","119","19","387b24d3","partial","세로 박스 주변 높이 부족 · 가까운 눕힌 적재를 먼저 쌓아야 함 / 세로 박스 돌출 높이 초과 · 230 / 89 mm · 이웃 Long-02 / SUPPORT: 지지 조건 미달 72.6% / 필요 95.0% · CoG 지지 검사 / 누적 무게중심 정적 평형 불가 · Tall-02 / SUPPORT: 지지 조건 미달 10.0% / 필요 95.0% · CoG 지지 검사 / SUPPORT: 지지 조건 미달 0.0% / 필요 95.0% · CoG 지지 검사 / SUPPORT: 지지 조건 미달 45.5% / 필요 95.0% · CoG 지지 검사 / SUPPORT: 지지 조건 미달 32.3% / 필요 95.0% · CoG 지지 검사 / SUPPORT: 지지 조건 미달 79.0% / 필요 95.0% · CoG 지지 검사 / SUPPORT: 지지 조건 미달 45.7% / 필요 95.0% · CoG 지지 검사 / SUPPORT: 지지 조건 미달 57.9% / 필요 95.0% · CoG 지지 검사 / SUPPORT: 지지 조건 미달 33.5% / 필요 95.0% · CoG 지지 검사 / SUPPORT: 지지 조건 미달 69.1% / 필요 95.0% · CoG 지지 검사 / SUPPORT: 지지 조건 미달 46.4% / 필요 95.0% · CoG 지지 검사 / SUPPORT: 지지 조건 미달 33.9% / 필요 95.0% · CoG 지지 검사 / SUPPORT: 지지 조건 미달 50.5% / 필요 95.0% · CoG 지지 검사","explicit","proxy","{}","{""support"":65,""protocol"":48}","conventional-pattern/2","2.0.0","null","{""collision"":{""status"":""PASS"",""violations"":0,""checkedPlacements"":3,""scope"":""직육면체 기하·관측 규격 공통 검사"",""reason"":""확정 배치와 최종 적재 상태 검사""},""bounds"":{""status"":""PASS"",""violations"":0,""checkedPlacements"":3,""scope"":""직육면체 기하·관측 규격 공통 검사"",""reason"":""확정 배치와 최종 적재 상태 검사""},""height"":{""status"":""PASS"",""violations"":0,""checkedPlacements"":3,""scope"":""직육면체 기하·관측 규격 공통 검사"",""reason"":""확정 배치와 최종 적재 상태 검사""},""orientation"":{""status"":""PASS"",""violations"":0,""checkedPlacements"":3,""scope"":""직육면체 기하·관측 규격 공통 검사"",""reason"":""확정 배치와 최종 적재 상태 검사""},""load"":{""status"":""PASS"",""violations"":0,""checkedPlacements"":3,""scope"":""입력된 허용 상부하중 · 누적 정적 반력"",""reason"":""입력값 범위의 정적 검사. 실측 재료 인증 아님""},""support"":{""status"":""PASS"",""violations"":0,""checkedPlacements"":3,""scope"":""접촉·합력 작용점·정적 평형"",""reason"":""설정된 지지율·전도 여유 검사. 동적 붕괴·굽힘 파손 미검증""},""payload"":{""status"":""PASS"",""violations"":0,""checkedPlacements"":3,""scope"":""입력 가반하중 · 박스+그리퍼 질량"",""reason"":""사용자가 설정한 가반하중 한계 검사""},""robotCollision"":{""status"":""NOT VERIFIED"",""violations"":0,""checkedPlacements"":3,""scope"":""TCP·그리퍼 스윕 근사만 수행"",""reason"":""전체 로봇 링크 충돌 미검증""},""approach"":{""status"":""NOT VERIFIED"",""violations"":0,""checkedPlacements"":3,""scope"":""TCP·그리퍼 스윕 근사만 수행"",""reason"":""실제 관절 한계·역기구학·접근 자세 미검증""},""sequence"":{""status"":""NOT VERIFIED"",""violations"":0,""checkedPlacements"":3,""scope"":""TCP·그리퍼 스윕 근사만 수행"",""reason"":""실제 파지·관절 궤적·전 과정 실행 미검증""}}","5.035255089285714","16.666666666666668","3","15","0.261135361","1063605143","217","","","","89.375","228.76244843177386","100","100","50.32489740082079","57.2","1.125984251968504","0","0","","5.994125000004715","10.307700000004843","9.872805000006338","10.220721000005142","23.97650000001886","75","24.50212579401069","11.376381766106949","440.7780814936456","87","0.4501999999920372","5.035255089285714","0","16.666666666666668","","","100","0","0","","","0","","","","","","",""