"algorithm","scope","scenario","seed","episode","fingerprint","outcome","reason","strength","robot","proposalViolations","candidateRejections","algorithmVersion","evaluatorVersion","warmup","hardConstraints","utilization","completion","count","unplaced","unplacedVolume","residualVolume","height","pallets","remainingFit","spaceOpportunity","comZ","comOffset","supportMean","supportMin","imbalance","minMargin","tippingG","loadViolations","unknownStrength","physicsSuccess","meanMs","maxMs","p95Ms","p99Ms","totalMs","deadlineRate","workSeconds","distanceM","throughput","candidates","evaluationMs","orderUtilization","orderSuccess","orderCompletion","regret","futureFit","reachProxy","robotCollisions","payloadViolations","graspSuccess","ikSuccess","executionSuccess","damagedRecovery","missingRecovery","resizeRecovery","exceptionSuccess","replanMs","exceptionRetention","palletRecovery"
"hrpal-inferred","online","identical","42","0","9424dcab","complete","","explicit","proxy","{}","{""support"":123}","conventional-pattern/2","2.0.0","{""requested"":1,""completed"":1,""outcomes"":[""complete""],""sameWorker"":false}","{""collision"":{""status"":""PASS"",""violations"":0,""checkedPlacements"":12,""scope"":""직육면체 기하·관측 규격 공통 검사"",""reason"":""확정 배치와 최종 적재 상태 검사""},""bounds"":{""status"":""PASS"",""violations"":0,""checkedPlacements"":12,""scope"":""직육면체 기하·관측 규격 공통 검사"",""reason"":""확정 배치와 최종 적재 상태 검사""},""height"":{""status"":""PASS"",""violations"":0,""checkedPlacements"":12,""scope"":""직육면체 기하·관측 규격 공통 검사"",""reason"":""확정 배치와 최종 적재 상태 검사""},""orientation"":{""status"":""PASS"",""violations"":0,""checkedPlacements"":12,""scope"":""직육면체 기하·관측 규격 공통 검사"",""reason"":""확정 배치와 최종 적재 상태 검사""},""load"":{""status"":""PASS"",""violations"":0,""checkedPlacements"":12,""scope"":""입력된 허용 상부하중 · 누적 정적 반력"",""reason"":""입력값 범위의 정적 검사. 실측 재료 인증 아님""},""support"":{""status"":""PASS"",""violations"":0,""checkedPlacements"":12,""scope"":""접촉·합력 작용점·정적 평형"",""reason"":""설정된 지지율·전도 여유 검사. 동적 붕괴·굽힘 파손 미검증""},""payload"":{""status"":""PASS"",""violations"":0,""checkedPlacements"":12,""scope"":""입력 가반하중 · 박스+그리퍼 질량"",""reason"":""사용자가 설정한 가반하중 한계 검사""},""robotCollision"":{""status"":""NOT VERIFIED"",""violations"":0,""checkedPlacements"":12,""scope"":""TCP·그리퍼 스윕 근사만 수행"",""reason"":""전체 로봇 링크 충돌 미검증""},""approach"":{""status"":""NOT VERIFIED"",""violations"":0,""checkedPlacements"":12,""scope"":""TCP·그리퍼 스윕 근사만 수행"",""reason"":""실제 관절 한계·역기구학·접근 자세 미검증""},""sequence"":{""status"":""NOT VERIFIED"",""violations"":0,""checkedPlacements"":12,""scope"":""TCP·그리퍼 스윕 근사만 수행"",""reason"":""실제 파지·관절 궤적·전 과정 실행 미검증""}}","16.071428571428573","100","12","0","0","940000000","400","","","","150","100.77822185373186","100","100","20.55555555555556","95","0.625","0","0","","3.2678333333333662","8.361200000000053","6.401990000000009","7.969358000000048","39.2140000000004","100","100.37583405928804","49.64429213853723","430.38247606972277","284","1.9963999999999942","","","","","","100","0","0","","","100","","","","","","",""
"hrpal-grid-v1","online","identical","42","0","9424dcab","complete","","explicit","proxy","{}","{""collision"":141,""robot-path"":141,""support"":117}","inferred-grid-layer/1","2.0.0","{""requested"":1,""completed"":1,""outcomes"":[""complete""],""sameWorker"":false}","{""collision"":{""status"":""PASS"",""violations"":0,""checkedPlacements"":12,""scope"":""직육면체 기하·관측 규격 공통 검사"",""reason"":""확정 배치와 최종 적재 상태 검사""},""bounds"":{""status"":""PASS"",""violations"":0,""checkedPlacements"":12,""scope"":""직육면체 기하·관측 규격 공통 검사"",""reason"":""확정 배치와 최종 적재 상태 검사""},""height"":{""status"":""PASS"",""violations"":0,""checkedPlacements"":12,""scope"":""직육면체 기하·관측 규격 공통 검사"",""reason"":""확정 배치와 최종 적재 상태 검사""},""orientation"":{""status"":""PASS"",""violations"":0,""checkedPlacements"":12,""scope"":""직육면체 기하·관측 규격 공통 검사"",""reason"":""확정 배치와 최종 적재 상태 검사""},""load"":{""status"":""PASS"",""violations"":0,""checkedPlacements"":12,""scope"":""입력된 허용 상부하중 · 누적 정적 반력"",""reason"":""입력값 범위의 정적 검사. 실측 재료 인증 아님""},""support"":{""status"":""PASS"",""violations"":0,""checkedPlacements"":12,""scope"":""접촉·합력 작용점·정적 평형"",""reason"":""설정된 지지율·전도 여유 검사. 동적 붕괴·굽힘 파손 미검증""},""payload"":{""status"":""PASS"",""violations"":0,""checkedPlacements"":12,""scope"":""입력 가반하중 · 박스+그리퍼 질량"",""reason"":""사용자가 설정한 가반하중 한계 검사""},""robotCollision"":{""status"":""NOT VERIFIED"",""violations"":0,""checkedPlacements"":12,""scope"":""TCP·그리퍼 스윕 근사만 수행"",""reason"":""전체 로봇 링크 충돌 미검증""},""approach"":{""status"":""NOT VERIFIED"",""violations"":0,""checkedPlacements"":12,""scope"":""TCP·그리퍼 스윕 근사만 수행"",""reason"":""실제 관절 한계·역기구학·접근 자세 미검증""},""sequence"":{""status"":""NOT VERIFIED"",""violations"":0,""checkedPlacements"":12,""scope"":""TCP·그리퍼 스윕 근사만 수행"",""reason"":""실제 파지·관절 궤적·전 과정 실행 미검증""}}","16.071428571428573","100","12","0","0","940000000","400","","","","150","100.77822185373186","100","100","20.55555555555556","95","0.625","0","0","","4.060224999999984","7.203099999999949","7.026329999999928","7.167745999999945","48.722699999999804","100","100.37583405928804","49.64429213853723","430.38247606972277","419","2.203899999999976","","","","","","100","0","0","","","100","","","","","","",""
"random","online","identical","42","0","9424dcab","complete","","explicit","proxy","{}","{""bounds"":32,""support"":286}","adapter-1.0 / planners-f6ec11d4259a","2.0.0","{""requested"":1,""completed"":1,""outcomes"":[""complete""],""sameWorker"":false}","{""collision"":{""status"":""PASS"",""violations"":0,""checkedPlacements"":12,""scope"":""직육면체 기하·관측 규격 공통 검사"",""reason"":""확정 배치와 최종 적재 상태 검사""},""bounds"":{""status"":""PASS"",""violations"":0,""checkedPlacements"":12,""scope"":""직육면체 기하·관측 규격 공통 검사"",""reason"":""확정 배치와 최종 적재 상태 검사""},""height"":{""status"":""PASS"",""violations"":0,""checkedPlacements"":12,""scope"":""직육면체 기하·관측 규격 공통 검사"",""reason"":""확정 배치와 최종 적재 상태 검사""},""orientation"":{""status"":""PASS"",""violations"":0,""checkedPlacements"":12,""scope"":""직육면체 기하·관측 규격 공통 검사"",""reason"":""확정 배치와 최종 적재 상태 검사""},""load"":{""status"":""PASS"",""violations"":0,""checkedPlacements"":12,""scope"":""입력된 허용 상부하중 · 누적 정적 반력"",""reason"":""입력값 범위의 정적 검사. 실측 재료 인증 아님""},""support"":{""status"":""PASS"",""violations"":0,""checkedPlacements"":12,""scope"":""접촉·합력 작용점·정적 평형"",""reason"":""설정된 지지율·전도 여유 검사. 동적 붕괴·굽힘 파손 미검증""},""payload"":{""status"":""PASS"",""violations"":0,""checkedPlacements"":12,""scope"":""입력 가반하중 · 박스+그리퍼 질량"",""reason"":""사용자가 설정한 가반하중 한계 검사""},""robotCollision"":{""status"":""NOT VERIFIED"",""violations"":0,""checkedPlacements"":12,""scope"":""TCP·그리퍼 스윕 근사만 수행"",""reason"":""전체 로봇 링크 충돌 미검증""},""approach"":{""status"":""NOT VERIFIED"",""violations"":0,""checkedPlacements"":12,""scope"":""TCP·그리퍼 스윕 근사만 수행"",""reason"":""실제 관절 한계·역기구학·접근 자세 미검증""},""sequence"":{""status"":""NOT VERIFIED"",""violations"":0,""checkedPlacements"":12,""scope"":""TCP·그리퍼 스윕 근사만 수행"",""reason"":""실제 파지·관절 궤적·전 과정 실행 미검증""}}","16.071428571428573","100","12","0","0","940000000","600","","","","200","124.61747023948483","99.44444444444444","96.66666666666667","28.904249518701814","75.52340281728749","0.4197395608011792","0","0","","5.318816666666653","7.231099999999969","6.997514999999953","7.184382999999967","63.825799999999845","100","107.48338853642021","49.71420254867314","401.9225722992711","529","2.6147000000000844","","","","","","100","0","0","","","100","","","","","","",""
"bl","online","identical","42","0","9424dcab","complete","","explicit","proxy","{}","{""bounds"":55,""support"":131}","adapter-1.0 / planners-f6ec11d4259a","2.0.0","{""requested"":1,""completed"":1,""outcomes"":[""complete""],""sameWorker"":false}","{""collision"":{""status"":""PASS"",""violations"":0,""checkedPlacements"":12,""scope"":""직육면체 기하·관측 규격 공통 검사"",""reason"":""확정 배치와 최종 적재 상태 검사""},""bounds"":{""status"":""PASS"",""violations"":0,""checkedPlacements"":12,""scope"":""직육면체 기하·관측 규격 공통 검사"",""reason"":""확정 배치와 최종 적재 상태 검사""},""height"":{""status"":""PASS"",""violations"":0,""checkedPlacements"":12,""scope"":""직육면체 기하·관측 규격 공통 검사"",""reason"":""확정 배치와 최종 적재 상태 검사""},""orientation"":{""status"":""PASS"",""violations"":0,""checkedPlacements"":12,""scope"":""직육면체 기하·관측 규격 공통 검사"",""reason"":""확정 배치와 최종 적재 상태 검사""},""load"":{""status"":""PASS"",""violations"":0,""checkedPlacements"":12,""scope"":""입력된 허용 상부하중 · 누적 정적 반력"",""reason"":""입력값 범위의 정적 검사. 실측 재료 인증 아님""},""support"":{""status"":""PASS"",""violations"":0,""checkedPlacements"":12,""scope"":""접촉·합력 작용점·정적 평형"",""reason"":""설정된 지지율·전도 여유 검사. 동적 붕괴·굽힘 파손 미검증""},""payload"":{""status"":""PASS"",""violations"":0,""checkedPlacements"":12,""scope"":""입력 가반하중 · 박스+그리퍼 질량"",""reason"":""사용자가 설정한 가반하중 한계 검사""},""robotCollision"":{""status"":""NOT VERIFIED"",""violations"":0,""checkedPlacements"":12,""scope"":""TCP·그리퍼 스윕 근사만 수행"",""reason"":""전체 로봇 링크 충돌 미검증""},""approach"":{""status"":""NOT VERIFIED"",""violations"":0,""checkedPlacements"":12,""scope"":""TCP·그리퍼 스윕 근사만 수행"",""reason"":""실제 관절 한계·역기구학·접근 자세 미검증""},""sequence"":{""status"":""NOT VERIFIED"",""violations"":0,""checkedPlacements"":12,""scope"":""TCP·그리퍼 스윕 근사만 수행"",""reason"":""실제 파지·관절 궤적·전 과정 실행 미검증""}}","16.071428571428573","100","12","0","0","940000000","400","","","","150","100.77822185373186","100","100","20.55555555555556","95","0.625","0","0","","7.41112499999997","11.580799999999954","11.11159499999993","11.486958999999949","88.93349999999964","100","100.37583405928807","49.64429213853723","430.38247606972266","533","1.6429000000000542","","","","","","100","0","0","","","100","","","","","","",""
"greedy","online","identical","42","0","9424dcab","complete","","explicit","proxy","{}","{""bounds"":12,""support"":157}","adapter-1.0 / planners-f6ec11d4259a","2.0.0","{""requested"":1,""completed"":1,""outcomes"":[""complete""],""sameWorker"":false}","{""collision"":{""status"":""PASS"",""violations"":0,""checkedPlacements"":12,""scope"":""직육면체 기하·관측 규격 공통 검사"",""reason"":""확정 배치와 최종 적재 상태 검사""},""bounds"":{""status"":""PASS"",""violations"":0,""checkedPlacements"":12,""scope"":""직육면체 기하·관측 규격 공통 검사"",""reason"":""확정 배치와 최종 적재 상태 검사""},""height"":{""status"":""PASS"",""violations"":0,""checkedPlacements"":12,""scope"":""직육면체 기하·관측 규격 공통 검사"",""reason"":""확정 배치와 최종 적재 상태 검사""},""orientation"":{""status"":""PASS"",""violations"":0,""checkedPlacements"":12,""scope"":""직육면체 기하·관측 규격 공통 검사"",""reason"":""확정 배치와 최종 적재 상태 검사""},""load"":{""status"":""PASS"",""violations"":0,""checkedPlacements"":12,""scope"":""입력된 허용 상부하중 · 누적 정적 반력"",""reason"":""입력값 범위의 정적 검사. 실측 재료 인증 아님""},""support"":{""status"":""PASS"",""violations"":0,""checkedPlacements"":12,""scope"":""접촉·합력 작용점·정적 평형"",""reason"":""설정된 지지율·전도 여유 검사. 동적 붕괴·굽힘 파손 미검증""},""payload"":{""status"":""PASS"",""violations"":0,""checkedPlacements"":12,""scope"":""입력 가반하중 · 박스+그리퍼 질량"",""reason"":""사용자가 설정한 가반하중 한계 검사""},""robotCollision"":{""status"":""NOT VERIFIED"",""violations"":0,""checkedPlacements"":12,""scope"":""TCP·그리퍼 스윕 근사만 수행"",""reason"":""전체 로봇 링크 충돌 미검증""},""approach"":{""status"":""NOT VERIFIED"",""violations"":0,""checkedPlacements"":12,""scope"":""TCP·그리퍼 스윕 근사만 수행"",""reason"":""실제 관절 한계·역기구학·접근 자세 미검증""},""sequence"":{""status"":""NOT VERIFIED"",""violations"":0,""checkedPlacements"":12,""scope"":""TCP·그리퍼 스윕 근사만 수행"",""reason"":""실제 파지·관절 궤적·전 과정 실행 미검증""}}","16.071428571428573","100","12","0","0","940000000","400","","","","150","50.34602488997738","100","100","12.361111111111118","89.7435897435898","0.6250000000000001","0","0","","14.148158333333337","23.683500000000095","22.36713000000013","23.420226000000103","169.77790000000005","100","107.03781804388689","51.37458172852648","403.5956710392531","538","2.260300000000143","","","","","","100","0","0","","","100","","","","","","",""
"rollout","online","identical","42","0","9424dcab","complete","","explicit","proxy","{}","{""bounds"":12,""support"":157}","adapter-1.0 / planners-f6ec11d4259a","2.0.0","{""requested"":1,""completed"":1,""outcomes"":[""complete""],""sameWorker"":false}","{""collision"":{""status"":""PASS"",""violations"":0,""checkedPlacements"":12,""scope"":""직육면체 기하·관측 규격 공통 검사"",""reason"":""확정 배치와 최종 적재 상태 검사""},""bounds"":{""status"":""PASS"",""violations"":0,""checkedPlacements"":12,""scope"":""직육면체 기하·관측 규격 공통 검사"",""reason"":""확정 배치와 최종 적재 상태 검사""},""height"":{""status"":""PASS"",""violations"":0,""checkedPlacements"":12,""scope"":""직육면체 기하·관측 규격 공통 검사"",""reason"":""확정 배치와 최종 적재 상태 검사""},""orientation"":{""status"":""PASS"",""violations"":0,""checkedPlacements"":12,""scope"":""직육면체 기하·관측 규격 공통 검사"",""reason"":""확정 배치와 최종 적재 상태 검사""},""load"":{""status"":""PASS"",""violations"":0,""checkedPlacements"":12,""scope"":""입력된 허용 상부하중 · 누적 정적 반력"",""reason"":""입력값 범위의 정적 검사. 실측 재료 인증 아님""},""support"":{""status"":""PASS"",""violations"":0,""checkedPlacements"":12,""scope"":""접촉·합력 작용점·정적 평형"",""reason"":""설정된 지지율·전도 여유 검사. 동적 붕괴·굽힘 파손 미검증""},""payload"":{""status"":""PASS"",""violations"":0,""checkedPlacements"":12,""scope"":""입력 가반하중 · 박스+그리퍼 질량"",""reason"":""사용자가 설정한 가반하중 한계 검사""},""robotCollision"":{""status"":""NOT VERIFIED"",""violations"":0,""checkedPlacements"":12,""scope"":""TCP·그리퍼 스윕 근사만 수행"",""reason"":""전체 로봇 링크 충돌 미검증""},""approach"":{""status"":""NOT VERIFIED"",""violations"":0,""checkedPlacements"":12,""scope"":""TCP·그리퍼 스윕 근사만 수행"",""reason"":""실제 관절 한계·역기구학·접근 자세 미검증""},""sequence"":{""status"":""NOT VERIFIED"",""violations"":0,""checkedPlacements"":12,""scope"":""TCP·그리퍼 스윕 근사만 수행"",""reason"":""실제 파지·관절 궤적·전 과정 실행 미검증""}}","16.071428571428573","100","12","0","0","940000000","400","","","","150","50.34602488997738","100","100","12.361111111111118","89.7435897435898","0.6250000000000001","0","0","","223.31328333333332","389.96420000000035","361.450605","384.26148100000034","2679.7594","100","107.03781804388689","51.37458172852648","403.5956710392531","538","2.821899999999914","","","","","","100","0","0","","","100","","","","","","",""
"strategy-greedy","online","identical","42","0","9424dcab","complete","","explicit","proxy","{}","{""bounds"":12,""support"":190}","adapter-1.0 / planners-f6ec11d4259a","2.0.0","{""requested"":1,""completed"":1,""outcomes"":[""complete""],""sameWorker"":false}","{""collision"":{""status"":""PASS"",""violations"":0,""checkedPlacements"":12,""scope"":""직육면체 기하·관측 규격 공통 검사"",""reason"":""확정 배치와 최종 적재 상태 검사""},""bounds"":{""status"":""PASS"",""violations"":0,""checkedPlacements"":12,""scope"":""직육면체 기하·관측 규격 공통 검사"",""reason"":""확정 배치와 최종 적재 상태 검사""},""height"":{""status"":""PASS"",""violations"":0,""checkedPlacements"":12,""scope"":""직육면체 기하·관측 규격 공통 검사"",""reason"":""확정 배치와 최종 적재 상태 검사""},""orientation"":{""status"":""PASS"",""violations"":0,""checkedPlacements"":12,""scope"":""직육면체 기하·관측 규격 공통 검사"",""reason"":""확정 배치와 최종 적재 상태 검사""},""load"":{""status"":""PASS"",""violations"":0,""checkedPlacements"":12,""scope"":""입력된 허용 상부하중 · 누적 정적 반력"",""reason"":""입력값 범위의 정적 검사. 실측 재료 인증 아님""},""support"":{""status"":""PASS"",""violations"":0,""checkedPlacements"":12,""scope"":""접촉·합력 작용점·정적 평형"",""reason"":""설정된 지지율·전도 여유 검사. 동적 붕괴·굽힘 파손 미검증""},""payload"":{""status"":""PASS"",""violations"":0,""checkedPlacements"":12,""scope"":""입력 가반하중 · 박스+그리퍼 질량"",""reason"":""사용자가 설정한 가반하중 한계 검사""},""robotCollision"":{""status"":""NOT VERIFIED"",""violations"":0,""checkedPlacements"":12,""scope"":""TCP·그리퍼 스윕 근사만 수행"",""reason"":""전체 로봇 링크 충돌 미검증""},""approach"":{""status"":""NOT VERIFIED"",""violations"":0,""checkedPlacements"":12,""scope"":""TCP·그리퍼 스윕 근사만 수행"",""reason"":""실제 관절 한계·역기구학·접근 자세 미검증""},""sequence"":{""status"":""NOT VERIFIED"",""violations"":0,""checkedPlacements"":12,""scope"":""TCP·그리퍼 스윕 근사만 수행"",""reason"":""실제 파지·관절 궤적·전 과정 실행 미검증""}}","16.071428571428573","100","12","0","0","940000000","400","","","","150","0","100","100","1.3888888888888868","95","0.625","0","0","","7.519525000000158","11.387400000000525","10.828985000000511","11.275717000000522","90.2343000000019","100","108.20092680945035","50.83060242614273","399.25720854571165","538","2.937800000000607","","","","","","100","0","0","","","100","","","","","","",""
"macs","online","identical","42","0","9424dcab","complete","","explicit","proxy","{}","{""bounds"":12,""support"":190}","adapter-1.0 / planners-f6ec11d4259a","2.0.0","{""requested"":1,""completed"":1,""outcomes"":[""complete""],""sameWorker"":false}","{""collision"":{""status"":""PASS"",""violations"":0,""checkedPlacements"":12,""scope"":""직육면체 기하·관측 규격 공통 검사"",""reason"":""확정 배치와 최종 적재 상태 검사""},""bounds"":{""status"":""PASS"",""violations"":0,""checkedPlacements"":12,""scope"":""직육면체 기하·관측 규격 공통 검사"",""reason"":""확정 배치와 최종 적재 상태 검사""},""height"":{""status"":""PASS"",""violations"":0,""checkedPlacements"":12,""scope"":""직육면체 기하·관측 규격 공통 검사"",""reason"":""확정 배치와 최종 적재 상태 검사""},""orientation"":{""status"":""PASS"",""violations"":0,""checkedPlacements"":12,""scope"":""직육면체 기하·관측 규격 공통 검사"",""reason"":""확정 배치와 최종 적재 상태 검사""},""load"":{""status"":""PASS"",""violations"":0,""checkedPlacements"":12,""scope"":""입력된 허용 상부하중 · 누적 정적 반력"",""reason"":""입력값 범위의 정적 검사. 실측 재료 인증 아님""},""support"":{""status"":""PASS"",""violations"":0,""checkedPlacements"":12,""scope"":""접촉·합력 작용점·정적 평형"",""reason"":""설정된 지지율·전도 여유 검사. 동적 붕괴·굽힘 파손 미검증""},""payload"":{""status"":""PASS"",""violations"":0,""checkedPlacements"":12,""scope"":""입력 가반하중 · 박스+그리퍼 질량"",""reason"":""사용자가 설정한 가반하중 한계 검사""},""robotCollision"":{""status"":""NOT VERIFIED"",""violations"":0,""checkedPlacements"":12,""scope"":""TCP·그리퍼 스윕 근사만 수행"",""reason"":""전체 로봇 링크 충돌 미검증""},""approach"":{""status"":""NOT VERIFIED"",""violations"":0,""checkedPlacements"":12,""scope"":""TCP·그리퍼 스윕 근사만 수행"",""reason"":""실제 관절 한계·역기구학·접근 자세 미검증""},""sequence"":{""status"":""NOT VERIFIED"",""violations"":0,""checkedPlacements"":12,""scope"":""TCP·그리퍼 스윕 근사만 수행"",""reason"":""실제 파지·관절 궤적·전 과정 실행 미검증""}}","16.071428571428573","100","12","0","0","940000000","400","","","","150","0","100","100","1.3888888888888868","95","0.625","0","0","","8.845508333333251","15.590900000000147","14.5525550000003","15.38323100000018","106.14609999999902","100","108.20092680945035","50.83060242614273","399.25720854571165","538","1.5816999999997279","","","","","","100","0","0","","","100","","","","","","",""
"tetris-reserved","online","identical","42","0","9424dcab","complete","","explicit","proxy","{}","{""bounds"":20,""support"":63}","adapter-1.0 / planners-f6ec11d4259a","2.0.0","{""requested"":1,""completed"":1,""outcomes"":[""complete""],""sameWorker"":false}","{""collision"":{""status"":""PASS"",""violations"":0,""checkedPlacements"":12,""scope"":""직육면체 기하·관측 규격 공통 검사"",""reason"":""확정 배치와 최종 적재 상태 검사""},""bounds"":{""status"":""PASS"",""violations"":0,""checkedPlacements"":12,""scope"":""직육면체 기하·관측 규격 공통 검사"",""reason"":""확정 배치와 최종 적재 상태 검사""},""height"":{""status"":""PASS"",""violations"":0,""checkedPlacements"":12,""scope"":""직육면체 기하·관측 규격 공통 검사"",""reason"":""확정 배치와 최종 적재 상태 검사""},""orientation"":{""status"":""PASS"",""violations"":0,""checkedPlacements"":12,""scope"":""직육면체 기하·관측 규격 공통 검사"",""reason"":""확정 배치와 최종 적재 상태 검사""},""load"":{""status"":""PASS"",""violations"":0,""checkedPlacements"":12,""scope"":""입력된 허용 상부하중 · 누적 정적 반력"",""reason"":""입력값 범위의 정적 검사. 실측 재료 인증 아님""},""support"":{""status"":""PASS"",""violations"":0,""checkedPlacements"":12,""scope"":""접촉·합력 작용점·정적 평형"",""reason"":""설정된 지지율·전도 여유 검사. 동적 붕괴·굽힘 파손 미검증""},""payload"":{""status"":""PASS"",""violations"":0,""checkedPlacements"":12,""scope"":""입력 가반하중 · 박스+그리퍼 질량"",""reason"":""사용자가 설정한 가반하중 한계 검사""},""robotCollision"":{""status"":""NOT VERIFIED"",""violations"":0,""checkedPlacements"":12,""scope"":""TCP·그리퍼 스윕 근사만 수행"",""reason"":""전체 로봇 링크 충돌 미검증""},""approach"":{""status"":""NOT VERIFIED"",""violations"":0,""checkedPlacements"":12,""scope"":""TCP·그리퍼 스윕 근사만 수행"",""reason"":""실제 관절 한계·역기구학·접근 자세 미검증""},""sequence"":{""status"":""NOT VERIFIED"",""violations"":0,""checkedPlacements"":12,""scope"":""TCP·그리퍼 스윕 근사만 수행"",""reason"":""실제 파지·관절 궤적·전 과정 실행 미검증""}}","16.071428571428573","100","12","0","0","940000000","400","","","","150","91.3108625033797","100","100","18.33333333333334","95","0.625","0","0","","148.71427499999967","268.52280000000064","268.30483499999946","268.47920700000043","1784.571299999996","100","101.72593767821284","49.871859490838354","424.67045264948547","533","2.217399999999543","","","","","","100","0","0","","","100","","","","","","",""
"dynamic-reservation","online","identical","42","0","9424dcab","complete","","explicit","proxy","{}","{""bounds"":12,""support"":190}","adapter-1.0 / planners-f6ec11d4259a","2.0.0","{""requested"":1,""completed"":1,""outcomes"":[""complete""],""sameWorker"":false}","{""collision"":{""status"":""PASS"",""violations"":0,""checkedPlacements"":12,""scope"":""직육면체 기하·관측 규격 공통 검사"",""reason"":""확정 배치와 최종 적재 상태 검사""},""bounds"":{""status"":""PASS"",""violations"":0,""checkedPlacements"":12,""scope"":""직육면체 기하·관측 규격 공통 검사"",""reason"":""확정 배치와 최종 적재 상태 검사""},""height"":{""status"":""PASS"",""violations"":0,""checkedPlacements"":12,""scope"":""직육면체 기하·관측 규격 공통 검사"",""reason"":""확정 배치와 최종 적재 상태 검사""},""orientation"":{""status"":""PASS"",""violations"":0,""checkedPlacements"":12,""scope"":""직육면체 기하·관측 규격 공통 검사"",""reason"":""확정 배치와 최종 적재 상태 검사""},""load"":{""status"":""PASS"",""violations"":0,""checkedPlacements"":12,""scope"":""입력된 허용 상부하중 · 누적 정적 반력"",""reason"":""입력값 범위의 정적 검사. 실측 재료 인증 아님""},""support"":{""status"":""PASS"",""violations"":0,""checkedPlacements"":12,""scope"":""접촉·합력 작용점·정적 평형"",""reason"":""설정된 지지율·전도 여유 검사. 동적 붕괴·굽힘 파손 미검증""},""payload"":{""status"":""PASS"",""violations"":0,""checkedPlacements"":12,""scope"":""입력 가반하중 · 박스+그리퍼 질량"",""reason"":""사용자가 설정한 가반하중 한계 검사""},""robotCollision"":{""status"":""NOT VERIFIED"",""violations"":0,""checkedPlacements"":12,""scope"":""TCP·그리퍼 스윕 근사만 수행"",""reason"":""전체 로봇 링크 충돌 미검증""},""approach"":{""status"":""NOT VERIFIED"",""violations"":0,""checkedPlacements"":12,""scope"":""TCP·그리퍼 스윕 근사만 수행"",""reason"":""실제 관절 한계·역기구학·접근 자세 미검증""},""sequence"":{""status"":""NOT VERIFIED"",""violations"":0,""checkedPlacements"":12,""scope"":""TCP·그리퍼 스윕 근사만 수행"",""reason"":""실제 파지·관절 궤적·전 과정 실행 미검증""}}","16.071428571428573","100","12","0","0","940000000","400","","","","150","0","100","100","1.3888888888888868","95","0.625","0","0","","55.610825000000055","103.47270000000026","96.72992000000058","102.12414400000033","667.3299000000006","100","108.20092680945035","50.83060242614273","399.25720854571165","538","1.7696999999989202","","","","","","100","0","0","","","100","","","","","","",""
"lookahead","online","identical","42","0","9424dcab","complete","","explicit","proxy","{}","{""bounds"":12,""support"":190}","adapter-1.0 / planners-f6ec11d4259a","2.0.0","{""requested"":1,""completed"":1,""outcomes"":[""complete""],""sameWorker"":false}","{""collision"":{""status"":""PASS"",""violations"":0,""checkedPlacements"":12,""scope"":""직육면체 기하·관측 규격 공통 검사"",""reason"":""확정 배치와 최종 적재 상태 검사""},""bounds"":{""status"":""PASS"",""violations"":0,""checkedPlacements"":12,""scope"":""직육면체 기하·관측 규격 공통 검사"",""reason"":""확정 배치와 최종 적재 상태 검사""},""height"":{""status"":""PASS"",""violations"":0,""checkedPlacements"":12,""scope"":""직육면체 기하·관측 규격 공통 검사"",""reason"":""확정 배치와 최종 적재 상태 검사""},""orientation"":{""status"":""PASS"",""violations"":0,""checkedPlacements"":12,""scope"":""직육면체 기하·관측 규격 공통 검사"",""reason"":""확정 배치와 최종 적재 상태 검사""},""load"":{""status"":""PASS"",""violations"":0,""checkedPlacements"":12,""scope"":""입력된 허용 상부하중 · 누적 정적 반력"",""reason"":""입력값 범위의 정적 검사. 실측 재료 인증 아님""},""support"":{""status"":""PASS"",""violations"":0,""checkedPlacements"":12,""scope"":""접촉·합력 작용점·정적 평형"",""reason"":""설정된 지지율·전도 여유 검사. 동적 붕괴·굽힘 파손 미검증""},""payload"":{""status"":""PASS"",""violations"":0,""checkedPlacements"":12,""scope"":""입력 가반하중 · 박스+그리퍼 질량"",""reason"":""사용자가 설정한 가반하중 한계 검사""},""robotCollision"":{""status"":""NOT VERIFIED"",""violations"":0,""checkedPlacements"":12,""scope"":""TCP·그리퍼 스윕 근사만 수행"",""reason"":""전체 로봇 링크 충돌 미검증""},""approach"":{""status"":""NOT VERIFIED"",""violations"":0,""checkedPlacements"":12,""scope"":""TCP·그리퍼 스윕 근사만 수행"",""reason"":""실제 관절 한계·역기구학·접근 자세 미검증""},""sequence"":{""status"":""NOT VERIFIED"",""violations"":0,""checkedPlacements"":12,""scope"":""TCP·그리퍼 스윕 근사만 수행"",""reason"":""실제 파지·관절 궤적·전 과정 실행 미검증""}}","16.071428571428573","100","12","0","0","940000000","400","","","","150","0","100","100","1.3888888888888868","95","0.625","0","0","","59.5633833333333","103.47040000000015","92.80881499999985","101.33808300000011","714.7605999999996","100","108.20092680945035","50.83060242614273","399.25720854571165","538","1.6512999999995372","","","","","","100","0","0","","","100","","","","","","",""
"future-hybrid","online","identical","42","0","9424dcab","complete","","explicit","proxy","{}","{""bounds"":12,""support"":190}","adapter-1.0 / planners-f6ec11d4259a","2.0.0","{""requested"":1,""completed"":1,""outcomes"":[""complete""],""sameWorker"":false}","{""collision"":{""status"":""PASS"",""violations"":0,""checkedPlacements"":12,""scope"":""직육면체 기하·관측 규격 공통 검사"",""reason"":""확정 배치와 최종 적재 상태 검사""},""bounds"":{""status"":""PASS"",""violations"":0,""checkedPlacements"":12,""scope"":""직육면체 기하·관측 규격 공통 검사"",""reason"":""확정 배치와 최종 적재 상태 검사""},""height"":{""status"":""PASS"",""violations"":0,""checkedPlacements"":12,""scope"":""직육면체 기하·관측 규격 공통 검사"",""reason"":""확정 배치와 최종 적재 상태 검사""},""orientation"":{""status"":""PASS"",""violations"":0,""checkedPlacements"":12,""scope"":""직육면체 기하·관측 규격 공통 검사"",""reason"":""확정 배치와 최종 적재 상태 검사""},""load"":{""status"":""PASS"",""violations"":0,""checkedPlacements"":12,""scope"":""입력된 허용 상부하중 · 누적 정적 반력"",""reason"":""입력값 범위의 정적 검사. 실측 재료 인증 아님""},""support"":{""status"":""PASS"",""violations"":0,""checkedPlacements"":12,""scope"":""접촉·합력 작용점·정적 평형"",""reason"":""설정된 지지율·전도 여유 검사. 동적 붕괴·굽힘 파손 미검증""},""payload"":{""status"":""PASS"",""violations"":0,""checkedPlacements"":12,""scope"":""입력 가반하중 · 박스+그리퍼 질량"",""reason"":""사용자가 설정한 가반하중 한계 검사""},""robotCollision"":{""status"":""NOT VERIFIED"",""violations"":0,""checkedPlacements"":12,""scope"":""TCP·그리퍼 스윕 근사만 수행"",""reason"":""전체 로봇 링크 충돌 미검증""},""approach"":{""status"":""NOT VERIFIED"",""violations"":0,""checkedPlacements"":12,""scope"":""TCP·그리퍼 스윕 근사만 수행"",""reason"":""실제 관절 한계·역기구학·접근 자세 미검증""},""sequence"":{""status"":""NOT VERIFIED"",""violations"":0,""checkedPlacements"":12,""scope"":""TCP·그리퍼 스윕 근사만 수행"",""reason"":""실제 파지·관절 궤적·전 과정 실행 미검증""}}","16.071428571428573","100","12","0","0","940000000","400","","","","150","0","100","100","1.3888888888888868","95","0.625","0","0","","71.43170833333322","149.73879999999917","141.76995999999963","148.14503199999928","857.1804999999986","100","108.20092680945035","50.83060242614273","399.25720854571165","538","2.218699999997625","","","","","","100","0","0","","","100","","","","","","",""
"blb","online","identical","42","0","9424dcab","complete","","explicit","proxy","{}","{""bounds"":65,""support"":135}","adapter-1.0 / planners-f6ec11d4259a","2.0.0","{""requested"":1,""completed"":1,""outcomes"":[""complete""],""sameWorker"":false}","{""collision"":{""status"":""PASS"",""violations"":0,""checkedPlacements"":12,""scope"":""직육면체 기하·관측 규격 공통 검사"",""reason"":""확정 배치와 최종 적재 상태 검사""},""bounds"":{""status"":""PASS"",""violations"":0,""checkedPlacements"":12,""scope"":""직육면체 기하·관측 규격 공통 검사"",""reason"":""확정 배치와 최종 적재 상태 검사""},""height"":{""status"":""PASS"",""violations"":0,""checkedPlacements"":12,""scope"":""직육면체 기하·관측 규격 공통 검사"",""reason"":""확정 배치와 최종 적재 상태 검사""},""orientation"":{""status"":""PASS"",""violations"":0,""checkedPlacements"":12,""scope"":""직육면체 기하·관측 규격 공통 검사"",""reason"":""확정 배치와 최종 적재 상태 검사""},""load"":{""status"":""PASS"",""violations"":0,""checkedPlacements"":12,""scope"":""입력된 허용 상부하중 · 누적 정적 반력"",""reason"":""입력값 범위의 정적 검사. 실측 재료 인증 아님""},""support"":{""status"":""PASS"",""violations"":0,""checkedPlacements"":12,""scope"":""접촉·합력 작용점·정적 평형"",""reason"":""설정된 지지율·전도 여유 검사. 동적 붕괴·굽힘 파손 미검증""},""payload"":{""status"":""PASS"",""violations"":0,""checkedPlacements"":12,""scope"":""입력 가반하중 · 박스+그리퍼 질량"",""reason"":""사용자가 설정한 가반하중 한계 검사""},""robotCollision"":{""status"":""NOT VERIFIED"",""violations"":0,""checkedPlacements"":12,""scope"":""TCP·그리퍼 스윕 근사만 수행"",""reason"":""전체 로봇 링크 충돌 미검증""},""approach"":{""status"":""NOT VERIFIED"",""violations"":0,""checkedPlacements"":12,""scope"":""TCP·그리퍼 스윕 근사만 수행"",""reason"":""실제 관절 한계·역기구학·접근 자세 미검증""},""sequence"":{""status"":""NOT VERIFIED"",""violations"":0,""checkedPlacements"":12,""scope"":""TCP·그리퍼 스윕 근사만 수행"",""reason"":""실제 파지·관절 궤적·전 과정 실행 미검증""}}","16.071428571428573","100","12","0","0","940000000","400","","","","150","100.77822185373186","100","100","20.55555555555556","95","0.625","0","0","","6.8810999999999085","10.01929999999993","9.828010000000177","9.981041999999979","82.5731999999989","100","100.37583405928807","49.64429213853723","430.38247606972266","529","2.958200000000943","","","","","","100","0","0","","","100","","","","","","",""
"pack-first","online","identical","42","0","9424dcab","complete","","explicit","proxy","{}","{""support"":102,""bounds"":224}","adapter-1.0 / planners-f6ec11d4259a","2.0.0","{""requested"":1,""completed"":1,""outcomes"":[""complete""],""sameWorker"":false}","{""collision"":{""status"":""PASS"",""violations"":0,""checkedPlacements"":12,""scope"":""직육면체 기하·관측 규격 공통 검사"",""reason"":""확정 배치와 최종 적재 상태 검사""},""bounds"":{""status"":""PASS"",""violations"":0,""checkedPlacements"":12,""scope"":""직육면체 기하·관측 규격 공통 검사"",""reason"":""확정 배치와 최종 적재 상태 검사""},""height"":{""status"":""PASS"",""violations"":0,""checkedPlacements"":12,""scope"":""직육면체 기하·관측 규격 공통 검사"",""reason"":""확정 배치와 최종 적재 상태 검사""},""orientation"":{""status"":""PASS"",""violations"":0,""checkedPlacements"":12,""scope"":""직육면체 기하·관측 규격 공통 검사"",""reason"":""확정 배치와 최종 적재 상태 검사""},""load"":{""status"":""PASS"",""violations"":0,""checkedPlacements"":12,""scope"":""입력된 허용 상부하중 · 누적 정적 반력"",""reason"":""입력값 범위의 정적 검사. 실측 재료 인증 아님""},""support"":{""status"":""PASS"",""violations"":0,""checkedPlacements"":12,""scope"":""접촉·합력 작용점·정적 평형"",""reason"":""설정된 지지율·전도 여유 검사. 동적 붕괴·굽힘 파손 미검증""},""payload"":{""status"":""PASS"",""violations"":0,""checkedPlacements"":12,""scope"":""입력 가반하중 · 박스+그리퍼 질량"",""reason"":""사용자가 설정한 가반하중 한계 검사""},""robotCollision"":{""status"":""NOT VERIFIED"",""violations"":0,""checkedPlacements"":12,""scope"":""TCP·그리퍼 스윕 근사만 수행"",""reason"":""전체 로봇 링크 충돌 미검증""},""approach"":{""status"":""NOT VERIFIED"",""violations"":0,""checkedPlacements"":12,""scope"":""TCP·그리퍼 스윕 근사만 수행"",""reason"":""실제 관절 한계·역기구학·접근 자세 미검증""},""sequence"":{""status"":""NOT VERIFIED"",""violations"":0,""checkedPlacements"":12,""scope"":""TCP·그리퍼 스윕 근사만 수행"",""reason"":""실제 파지·관절 궤적·전 과정 실행 미검증""}}","16.071428571428573","100","12","0","0","940000000","400","","","","150","100.77822185373186","100","100","20.55555555555556","95","0.625","0","0","","5.337250000000192","7.817900000001828","7.52832500000186","7.759985000001834","64.0470000000023","100","100.37583405928807","49.64429213853723","430.38247606972266","529","1.7533000000003085","","","","","","100","0","0","","","100","","","","","","",""
"pack-greedy","online","identical","42","0","9424dcab","complete","","explicit","proxy","{}","{""support"":182,""bounds"":234}","adapter-1.0 / planners-f6ec11d4259a","2.0.0","{""requested"":1,""completed"":1,""outcomes"":[""complete""],""sameWorker"":false}","{""collision"":{""status"":""PASS"",""violations"":0,""checkedPlacements"":12,""scope"":""직육면체 기하·관측 규격 공통 검사"",""reason"":""확정 배치와 최종 적재 상태 검사""},""bounds"":{""status"":""PASS"",""violations"":0,""checkedPlacements"":12,""scope"":""직육면체 기하·관측 규격 공통 검사"",""reason"":""확정 배치와 최종 적재 상태 검사""},""height"":{""status"":""PASS"",""violations"":0,""checkedPlacements"":12,""scope"":""직육면체 기하·관측 규격 공통 검사"",""reason"":""확정 배치와 최종 적재 상태 검사""},""orientation"":{""status"":""PASS"",""violations"":0,""checkedPlacements"":12,""scope"":""직육면체 기하·관측 규격 공통 검사"",""reason"":""확정 배치와 최종 적재 상태 검사""},""load"":{""status"":""PASS"",""violations"":0,""checkedPlacements"":12,""scope"":""입력된 허용 상부하중 · 누적 정적 반력"",""reason"":""입력값 범위의 정적 검사. 실측 재료 인증 아님""},""support"":{""status"":""PASS"",""violations"":0,""checkedPlacements"":12,""scope"":""접촉·합력 작용점·정적 평형"",""reason"":""설정된 지지율·전도 여유 검사. 동적 붕괴·굽힘 파손 미검증""},""payload"":{""status"":""PASS"",""violations"":0,""checkedPlacements"":12,""scope"":""입력 가반하중 · 박스+그리퍼 질량"",""reason"":""사용자가 설정한 가반하중 한계 검사""},""robotCollision"":{""status"":""NOT VERIFIED"",""violations"":0,""checkedPlacements"":12,""scope"":""TCP·그리퍼 스윕 근사만 수행"",""reason"":""전체 로봇 링크 충돌 미검증""},""approach"":{""status"":""NOT VERIFIED"",""violations"":0,""checkedPlacements"":12,""scope"":""TCP·그리퍼 스윕 근사만 수행"",""reason"":""실제 관절 한계·역기구학·접근 자세 미검증""},""sequence"":{""status"":""NOT VERIFIED"",""violations"":0,""checkedPlacements"":12,""scope"":""TCP·그리퍼 스윕 근사만 수행"",""reason"":""실제 파지·관절 궤적·전 과정 실행 미검증""}}","16.071428571428573","100","12","0","0","940000000","400","","","","150","50.860648398890454","100","100","10.925925925925922","83.33333333333337","0.6029411764705881","0","0","","5.708358333333005","7.976500000000669","7.877830000000176","7.956766000000571","68.50029999999606","100","100.63111331255921","49.8102236531635","429.2906893101862","529","2.771600000000035","","","","","","100","0","0","","","100","","","","","","",""
"pack-tetris","online","identical","42","0","9424dcab","complete","","explicit","proxy","{}","{""support"":182,""bounds"":234}","adapter-1.0 / planners-f6ec11d4259a","2.0.0","{""requested"":1,""completed"":1,""outcomes"":[""complete""],""sameWorker"":false}","{""collision"":{""status"":""PASS"",""violations"":0,""checkedPlacements"":12,""scope"":""직육면체 기하·관측 규격 공통 검사"",""reason"":""확정 배치와 최종 적재 상태 검사""},""bounds"":{""status"":""PASS"",""violations"":0,""checkedPlacements"":12,""scope"":""직육면체 기하·관측 규격 공통 검사"",""reason"":""확정 배치와 최종 적재 상태 검사""},""height"":{""status"":""PASS"",""violations"":0,""checkedPlacements"":12,""scope"":""직육면체 기하·관측 규격 공통 검사"",""reason"":""확정 배치와 최종 적재 상태 검사""},""orientation"":{""status"":""PASS"",""violations"":0,""checkedPlacements"":12,""scope"":""직육면체 기하·관측 규격 공통 검사"",""reason"":""확정 배치와 최종 적재 상태 검사""},""load"":{""status"":""PASS"",""violations"":0,""checkedPlacements"":12,""scope"":""입력된 허용 상부하중 · 누적 정적 반력"",""reason"":""입력값 범위의 정적 검사. 실측 재료 인증 아님""},""support"":{""status"":""PASS"",""violations"":0,""checkedPlacements"":12,""scope"":""접촉·합력 작용점·정적 평형"",""reason"":""설정된 지지율·전도 여유 검사. 동적 붕괴·굽힘 파손 미검증""},""payload"":{""status"":""PASS"",""violations"":0,""checkedPlacements"":12,""scope"":""입력 가반하중 · 박스+그리퍼 질량"",""reason"":""사용자가 설정한 가반하중 한계 검사""},""robotCollision"":{""status"":""NOT VERIFIED"",""violations"":0,""checkedPlacements"":12,""scope"":""TCP·그리퍼 스윕 근사만 수행"",""reason"":""전체 로봇 링크 충돌 미검증""},""approach"":{""status"":""NOT VERIFIED"",""violations"":0,""checkedPlacements"":12,""scope"":""TCP·그리퍼 스윕 근사만 수행"",""reason"":""실제 관절 한계·역기구학·접근 자세 미검증""},""sequence"":{""status"":""NOT VERIFIED"",""violations"":0,""checkedPlacements"":12,""scope"":""TCP·그리퍼 스윕 근사만 수행"",""reason"":""실제 파지·관절 궤적·전 과정 실행 미검증""}}","16.071428571428573","100","12","0","0","940000000","400","","","","150","50.860648398890454","100","100","10.925925925925922","83.33333333333337","0.6029411764705881","0","0","","5.3105583333332715","10.803799999997864","8.940509999999628","10.43114199999822","63.726699999999255","100","100.63111331255921","49.8102236531635","429.2906893101862","529","2.8224000000009255","","","","","","100","0","0","","","100","","","","","","",""
"pack-beam","online","identical","42","0","9424dcab","complete","","explicit","proxy","{}","{""support"":217,""bounds"":253}","adapter-1.0 / planners-f6ec11d4259a","2.0.0","{""requested"":1,""completed"":1,""outcomes"":[""complete""],""sameWorker"":false}","{""collision"":{""status"":""PASS"",""violations"":0,""checkedPlacements"":12,""scope"":""직육면체 기하·관측 규격 공통 검사"",""reason"":""확정 배치와 최종 적재 상태 검사""},""bounds"":{""status"":""PASS"",""violations"":0,""checkedPlacements"":12,""scope"":""직육면체 기하·관측 규격 공통 검사"",""reason"":""확정 배치와 최종 적재 상태 검사""},""height"":{""status"":""PASS"",""violations"":0,""checkedPlacements"":12,""scope"":""직육면체 기하·관측 규격 공통 검사"",""reason"":""확정 배치와 최종 적재 상태 검사""},""orientation"":{""status"":""PASS"",""violations"":0,""checkedPlacements"":12,""scope"":""직육면체 기하·관측 규격 공통 검사"",""reason"":""확정 배치와 최종 적재 상태 검사""},""load"":{""status"":""PASS"",""violations"":0,""checkedPlacements"":12,""scope"":""입력된 허용 상부하중 · 누적 정적 반력"",""reason"":""입력값 범위의 정적 검사. 실측 재료 인증 아님""},""support"":{""status"":""PASS"",""violations"":0,""checkedPlacements"":12,""scope"":""접촉·합력 작용점·정적 평형"",""reason"":""설정된 지지율·전도 여유 검사. 동적 붕괴·굽힘 파손 미검증""},""payload"":{""status"":""PASS"",""violations"":0,""checkedPlacements"":12,""scope"":""입력 가반하중 · 박스+그리퍼 질량"",""reason"":""사용자가 설정한 가반하중 한계 검사""},""robotCollision"":{""status"":""NOT VERIFIED"",""violations"":0,""checkedPlacements"":12,""scope"":""TCP·그리퍼 스윕 근사만 수행"",""reason"":""전체 로봇 링크 충돌 미검증""},""approach"":{""status"":""NOT VERIFIED"",""violations"":0,""checkedPlacements"":12,""scope"":""TCP·그리퍼 스윕 근사만 수행"",""reason"":""실제 관절 한계·역기구학·접근 자세 미검증""},""sequence"":{""status"":""NOT VERIFIED"",""violations"":0,""checkedPlacements"":12,""scope"":""TCP·그리퍼 스윕 근사만 수행"",""reason"":""실제 파지·관절 궤적·전 과정 실행 미검증""}}","16.071428571428573","100","12","0","0","940000000","400","","","","150","27.163343355011044","100","100","9.537037037037033","95","0.625","0","0","","79.86408333333354","122.66480000000229","122.09643000000014","122.55112600000186","958.3690000000024","100","102.55208675891215","50.408856393292886","421.2493510888579","529","3.2151000000012573","","","","","","100","0","0","","","100","","","","","","",""
"pack-robust","online","identical","42","0","9424dcab","complete","","explicit","proxy","{}","{""support"":217,""bounds"":253}","adapter-1.0 / planners-f6ec11d4259a","2.0.0","{""requested"":1,""completed"":1,""outcomes"":[""complete""],""sameWorker"":false}","{""collision"":{""status"":""PASS"",""violations"":0,""checkedPlacements"":12,""scope"":""직육면체 기하·관측 규격 공통 검사"",""reason"":""확정 배치와 최종 적재 상태 검사""},""bounds"":{""status"":""PASS"",""violations"":0,""checkedPlacements"":12,""scope"":""직육면체 기하·관측 규격 공통 검사"",""reason"":""확정 배치와 최종 적재 상태 검사""},""height"":{""status"":""PASS"",""violations"":0,""checkedPlacements"":12,""scope"":""직육면체 기하·관측 규격 공통 검사"",""reason"":""확정 배치와 최종 적재 상태 검사""},""orientation"":{""status"":""PASS"",""violations"":0,""checkedPlacements"":12,""scope"":""직육면체 기하·관측 규격 공통 검사"",""reason"":""확정 배치와 최종 적재 상태 검사""},""load"":{""status"":""PASS"",""violations"":0,""checkedPlacements"":12,""scope"":""입력된 허용 상부하중 · 누적 정적 반력"",""reason"":""입력값 범위의 정적 검사. 실측 재료 인증 아님""},""support"":{""status"":""PASS"",""violations"":0,""checkedPlacements"":12,""scope"":""접촉·합력 작용점·정적 평형"",""reason"":""설정된 지지율·전도 여유 검사. 동적 붕괴·굽힘 파손 미검증""},""payload"":{""status"":""PASS"",""violations"":0,""checkedPlacements"":12,""scope"":""입력 가반하중 · 박스+그리퍼 질량"",""reason"":""사용자가 설정한 가반하중 한계 검사""},""robotCollision"":{""status"":""NOT VERIFIED"",""violations"":0,""checkedPlacements"":12,""scope"":""TCP·그리퍼 스윕 근사만 수행"",""reason"":""전체 로봇 링크 충돌 미검증""},""approach"":{""status"":""NOT VERIFIED"",""violations"":0,""checkedPlacements"":12,""scope"":""TCP·그리퍼 스윕 근사만 수행"",""reason"":""실제 관절 한계·역기구학·접근 자세 미검증""},""sequence"":{""status"":""NOT VERIFIED"",""violations"":0,""checkedPlacements"":12,""scope"":""TCP·그리퍼 스윕 근사만 수행"",""reason"":""실제 파지·관절 궤적·전 과정 실행 미검증""}}","16.071428571428573","100","12","0","0","940000000","400","","","","150","27.163343355011044","100","100","9.537037037037033","95","0.625","0","0","","80.20183333333323","141.77040000000125","131.3836500000001","139.69305000000102","962.4219999999987","100","102.55208675891215","50.408856393292886","421.2493510888579","529","2.401499999999942","","","","","","100","0","0","","","100","","","","","","",""
"hrpal-inferred","online","random","42","0","a3f2e998","partial","누적 무게중심 정적 평형 불가 · Wide-03 / SUPPORT: 지지 조건 미달 10.2% / 필요 95.0% · CoG 지지 검사 / SUPPORT: 지지 조건 미달 50.8% / 필요 95.0% · CoG 지지 검사 / SUPPORT: 지지 조건 미달 30.8% / 필요 95.0% · CoG 지지 검사 / SUPPORT: 지지 조건 미달 55.2% / 필요 95.0% · CoG 지지 검사 / 무게 규칙 위반 · Medium-01 (8 kg) / SUPPORT: 지지 조건 미달 0.0% / 필요 95.0% · CoG 지지 검사 / SUPPORT: 지지 조건 미달 48.5% / 필요 95.0% · CoG 지지 검사 / 무게 규칙 위반 · Medium-03 (8 kg) / SUPPORT: 지지 조건 미달 74.1% / 필요 95.0% · CoG 지지 검사","explicit","proxy","{}","{""support"":61,""load"":10}","conventional-pattern/2","2.0.0","{""requested"":1,""completed"":1,""outcomes"":[],""sameWorker"":false}","{""collision"":{""status"":""PASS"",""violations"":0,""checkedPlacements"":4,""scope"":""직육면체 기하·관측 규격 공통 검사"",""reason"":""확정 배치와 최종 적재 상태 검사""},""bounds"":{""status"":""PASS"",""violations"":0,""checkedPlacements"":4,""scope"":""직육면체 기하·관측 규격 공통 검사"",""reason"":""확정 배치와 최종 적재 상태 검사""},""height"":{""status"":""PASS"",""violations"":0,""checkedPlacements"":4,""scope"":""직육면체 기하·관측 규격 공통 검사"",""reason"":""확정 배치와 최종 적재 상태 검사""},""orientation"":{""status"":""PASS"",""violations"":0,""checkedPlacements"":4,""scope"":""직육면체 기하·관측 규격 공통 검사"",""reason"":""확정 배치와 최종 적재 상태 검사""},""load"":{""status"":""PASS"",""violations"":0,""checkedPlacements"":4,""scope"":""입력된 허용 상부하중 · 누적 정적 반력"",""reason"":""입력값 범위의 정적 검사. 실측 재료 인증 아님""},""support"":{""status"":""PASS"",""violations"":0,""checkedPlacements"":4,""scope"":""접촉·합력 작용점·정적 평형"",""reason"":""설정된 지지율·전도 여유 검사. 동적 붕괴·굽힘 파손 미검증""},""payload"":{""status"":""PASS"",""violations"":0,""checkedPlacements"":4,""scope"":""입력 가반하중 · 박스+그리퍼 질량"",""reason"":""사용자가 설정한 가반하중 한계 검사""},""robotCollision"":{""status"":""NOT VERIFIED"",""violations"":0,""checkedPlacements"":4,""scope"":""TCP·그리퍼 스윕 근사만 수행"",""reason"":""전체 로봇 링크 충돌 미검증""},""approach"":{""status"":""NOT VERIFIED"",""violations"":0,""checkedPlacements"":4,""scope"":""TCP·그리퍼 스윕 근사만 수행"",""reason"":""실제 관절 한계·역기구학·접근 자세 미검증""},""sequence"":{""status"":""NOT VERIFIED"",""violations"":0,""checkedPlacements"":4,""scope"":""TCP·그리퍼 스윕 근사만 수행"",""reason"":""실제 파지·관절 궤적·전 과정 실행 미검증""}}","6.1593285714285715","22.22222222222222","4","14","0.248545738","1051015520","217","","","","96.58108108108108","94.15695869508818","100","100","12.801409526905116","70.8","1.1721854304635762","0","0","","4.684919999999693","10.032999999999447","9.07945999999938","9.842291999999434","23.424599999998463","80","33.93790178371967","15.559636159417787","424.3043689550606","100","0.9448999999985972","6.1593285714285715","0","22.22222222222222","","","100","0","0","","","0","","","","","","",""
"hrpal-grid-v1","online","random","42","0","a3f2e998","partial","박스 Medium-01와 겹침 / 작업 여유 미달 / 그리퍼 / 운반 접근 경로 간섭 · Medium-01 / 박스 Small-03와 겹침 / 작업 여유 미달 / 그리퍼 / 운반 접근 경로 간섭 · Small-03 / 박스 Heavy-02와 겹침 / 작업 여유 미달 / 그리퍼 / 운반 접근 경로 간섭 · Heavy-02 / 누적 무게중심 정적 평형 불가 · Wide-03 / SUPPORT: 지지 조건 미달 4.1% / 필요 95.0% · CoG 지지 검사 / 무게 규칙 위반 · Small-03 (3 kg) / SUPPORT: 지지 조건 미달 18.2% / 필요 95.0% · CoG 지지 검사 / SUPPORT: 지지 조건 미달 0.0% / 필요 95.0% · CoG 지지 검사 / SUPPORT: 지지 조건 미달 22.3% / 필요 95.0% · CoG 지지 검사 / SUPPORT: 지지 조건 미달 2.1% / 필요 95.0% · CoG 지지 검사 / SUPPORT: 지지 조건 미달 10.2% / 필요 95.0% · CoG 지지 검사 / SUPPORT: 지지 조건 미달 50.8% / 필요 95.0% · CoG 지지 검사 / 박스 Medium-03와 겹침 / 작업 여유 미달 / SUPPORT: 지지 조건 미달 10.3% / 필요 95.0% · CoG 지지 검사 / 그리퍼 / 운반 접근 경로 간섭 · Medium-03 / SUPPORT: 지지 조건 미달 30.8% / 필요 95.0% · CoG 지지 검사 / SUPPORT: 지지 조건 미달 55.2% / 필요 95.0% · CoG 지지 검사 / 무게 규칙 위반 · Medium-01 (8 kg) / SUPPORT: 지지 조건 미달 48.5% / 필요 95.0% · CoG 지지 검사 / 무게 규칙 위반 · Medium-03 (8 kg) / SUPPORT: 지지 조건 미달 74.1% / 필요 95.0% · CoG 지지 검사","explicit","proxy","{}","{""collision"":52,""robot-path"":52,""support"":76,""load"":15}","inferred-grid-layer/1","2.0.0","{""requested"":1,""completed"":1,""outcomes"":[],""sameWorker"":false}","{""collision"":{""status"":""PASS"",""violations"":0,""checkedPlacements"":4,""scope"":""직육면체 기하·관측 규격 공통 검사"",""reason"":""확정 배치와 최종 적재 상태 검사""},""bounds"":{""status"":""PASS"",""violations"":0,""checkedPlacements"":4,""scope"":""직육면체 기하·관측 규격 공통 검사"",""reason"":""확정 배치와 최종 적재 상태 검사""},""height"":{""status"":""PASS"",""violations"":0,""checkedPlacements"":4,""scope"":""직육면체 기하·관측 규격 공통 검사"",""reason"":""확정 배치와 최종 적재 상태 검사""},""orientation"":{""status"":""PASS"",""violations"":0,""checkedPlacements"":4,""scope"":""직육면체 기하·관측 규격 공통 검사"",""reason"":""확정 배치와 최종 적재 상태 검사""},""load"":{""status"":""PASS"",""violations"":0,""checkedPlacements"":4,""scope"":""입력된 허용 상부하중 · 누적 정적 반력"",""reason"":""입력값 범위의 정적 검사. 실측 재료 인증 아님""},""support"":{""status"":""PASS"",""violations"":0,""checkedPlacements"":4,""scope"":""접촉·합력 작용점·정적 평형"",""reason"":""설정된 지지율·전도 여유 검사. 동적 붕괴·굽힘 파손 미검증""},""payload"":{""status"":""PASS"",""violations"":0,""checkedPlacements"":4,""scope"":""입력 가반하중 · 박스+그리퍼 질량"",""reason"":""사용자가 설정한 가반하중 한계 검사""},""robotCollision"":{""status"":""NOT VERIFIED"",""violations"":0,""checkedPlacements"":4,""scope"":""TCP·그리퍼 스윕 근사만 수행"",""reason"":""전체 로봇 링크 충돌 미검증""},""approach"":{""status"":""NOT VERIFIED"",""violations"":0,""checkedPlacements"":4,""scope"":""TCP·그리퍼 스윕 근사만 수행"",""reason"":""실제 관절 한계·역기구학·접근 자세 미검증""},""sequence"":{""status"":""NOT VERIFIED"",""violations"":0,""checkedPlacements"":4,""scope"":""TCP·그리퍼 스윕 근사만 수행"",""reason"":""실제 파지·관절 궤적·전 과정 실행 미검증""}}","6.1593285714285715","22.22222222222222","4","14","0.248545738","1051015520","217","","","","96.58108108108108","94.15695869508818","100","100","12.801409526905116","70.8","1.1721854304635762","0","0","","5.155559999999241","7.181300000000192","7.110080000000016","7.167056000000157","25.777799999996205","80","33.93790178371967","15.559636159417787","424.3043689550606","143","0.9526000000005297","6.1593285714285715","0","22.22222222222222","","","100","0","0","","","0","","","","","","",""
"random","online","random","42","0","a3f2e998","partial","누적 무게중심 정적 평형 불가 · Long-02 / SUPPORT: 지지 조건 미달 5.1% / 필요 95.0% · CoG 지지 검사 / 무게 규칙 위반 · Small-03 (3 kg) / SUPPORT: 지지 조건 미달 30.5% / 필요 95.0% · CoG 지지 검사 / SUPPORT: 지지 조건 미달 8.9% / 필요 95.0% · CoG 지지 검사 / 그리퍼 / 운반 접근 경로 간섭 · Small-04 / SUPPORT: 지지 조건 미달 10.2% / 필요 95.0% · CoG 지지 검사 / SUPPORT: 지지 조건 미달 46.6% / 필요 95.0% · CoG 지지 검사 / SUPPORT: 지지 조건 미달 27.4% / 필요 95.0% · CoG 지지 검사 / SUPPORT: 지지 조건 미달 35.1% / 필요 95.0% · CoG 지지 검사 / SUPPORT: 지지 조건 미달 36.1% / 필요 95.0% · CoG 지지 검사 / SUPPORT: 지지 조건 미달 29.5% / 필요 95.0% · CoG 지지 검사 / SUPPORT: 지지 조건 미달 36.8% / 필요 95.0% · CoG 지지 검사 / SUPPORT: 지지 조건 미달 29.0% / 필요 95.0% · CoG 지지 검사 / SUPPORT: 지지 조건 미달 33.9% / 필요 95.0% · CoG 지지 검사 / SUPPORT: 지지 조건 미달 31.6% / 필요 95.0% · CoG 지지 검사 / SUPPORT: 지지 조건 미달 28.9% / 필요 95.0% · CoG 지지 검사 / SUPPORT: 지지 조건 미달 23.1% / 필요 95.0% · CoG 지지 검사 / SUPPORT: 지지 조건 미달 6.7% / 필요 95.0% · CoG 지지 검사 / SUPPORT: 지지 조건 미달 42.5% / 필요 95.0% · CoG 지지 검사 / SUPPORT: 지지 조건 미달 34.1% / 필요 95.0% · CoG 지지 검사 / SUPPORT: 지지 조건 미달 9.8% / 필요 95.0% · CoG 지지 검사","explicit","proxy","{}","{""bounds"":28,""support"":118,""load"":75,""robot-path"":3}","adapter-1.0 / planners-f6ec11d4259a","2.0.0","{""requested"":1,""completed"":1,""outcomes"":[],""sameWorker"":false}","{""collision"":{""status"":""PASS"",""violations"":0,""checkedPlacements"":6,""scope"":""직육면체 기하·관측 규격 공통 검사"",""reason"":""확정 배치와 최종 적재 상태 검사""},""bounds"":{""status"":""PASS"",""violations"":0,""checkedPlacements"":6,""scope"":""직육면체 기하·관측 규격 공통 검사"",""reason"":""확정 배치와 최종 적재 상태 검사""},""height"":{""status"":""PASS"",""violations"":0,""checkedPlacements"":6,""scope"":""직육면체 기하·관측 규격 공통 검사"",""reason"":""확정 배치와 최종 적재 상태 검사""},""orientation"":{""status"":""PASS"",""violations"":0,""checkedPlacements"":6,""scope"":""직육면체 기하·관측 규격 공통 검사"",""reason"":""확정 배치와 최종 적재 상태 검사""},""load"":{""status"":""PASS"",""violations"":0,""checkedPlacements"":6,""scope"":""입력된 허용 상부하중 · 누적 정적 반력"",""reason"":""입력값 범위의 정적 검사. 실측 재료 인증 아님""},""support"":{""status"":""PASS"",""violations"":0,""checkedPlacements"":6,""scope"":""접촉·합력 작용점·정적 평형"",""reason"":""설정된 지지율·전도 여유 검사. 동적 붕괴·굽힘 파손 미검증""},""payload"":{""status"":""PASS"",""violations"":0,""checkedPlacements"":6,""scope"":""입력 가반하중 · 박스+그리퍼 질량"",""reason"":""사용자가 설정한 가반하중 한계 검사""},""robotCollision"":{""status"":""NOT VERIFIED"",""violations"":0,""checkedPlacements"":6,""scope"":""TCP·그리퍼 스윕 근사만 수행"",""reason"":""전체 로봇 링크 충돌 미검증""},""approach"":{""status"":""NOT VERIFIED"",""violations"":0,""checkedPlacements"":6,""scope"":""TCP·그리퍼 스윕 근사만 수행"",""reason"":""실제 관절 한계·역기구학·접근 자세 미검증""},""sequence"":{""status"":""NOT VERIFIED"",""violations"":0,""checkedPlacements"":6,""scope"":""TCP·그리퍼 스윕 근사만 수행"",""reason"":""실제 파지·관절 궤적·전 과정 실행 미검증""}}","9.737797678571429","33.333333333333336","6","12","0.208466884","1010936666","344","","","","106.48076923076923","128.43891152638614","100","100","29.1108602909889","70.8","1.1721854304635762","0","0","","9.071314285714054","20.08770000000004","17.232479999999843","19.516655999999998","63.49919999999838","85.71428571428571","53.245237790032185","24.859404563520922","405.670082368261","296","1.3456999999980326","9.737797678571429","0","33.333333333333336","","","100","0","0","","","0","","","","","","",""
"bl","online","random","42","0","a3f2e998","partial","누적 무게중심 정적 평형 불가 / SUPPORT: 지지 조건 미달 42.5% / 필요 95.0% / SUPPORT: 지지 조건 미달 36.9% / 필요 95.0% / SUPPORT: 지지 조건 미달 33.1% / 필요 95.0% / SUPPORT: 지지 조건 미달 28.7% / 필요 95.0% / SUPPORT: 지지 조건 미달 49.7% / 필요 95.0% / SUPPORT: 지지 조건 미달 50.7% / 필요 95.0% / SUPPORT: 지지 조건 미달 63.4% / 필요 95.0% / SUPPORT: 지지 조건 미달 38.1% / 필요 95.0% / SUPPORT: 지지 조건 미달 47.5% / 필요 95.0% / SUPPORT: 지지 조건 미달 6.3% / 필요 95.0% / SUPPORT: 지지 조건 미달 7.9% / 필요 95.0% / SUPPORT: 지지 조건 미달 28.2% / 필요 95.0% / SUPPORT: 지지 조건 미달 46.6% / 필요 95.0% / SUPPORT: 지지 조건 미달 73.6% / 필요 95.0% / SUPPORT: 지지 조건 미달 33.4% / 필요 95.0% / SUPPORT: 지지 조건 미달 16.1% / 필요 95.0% / SUPPORT: 지지 조건 미달 60.7% / 필요 95.0% / SUPPORT: 지지 조건 미달 12.4% / 필요 95.0% / SUPPORT: 지지 조건 미달 9.8% / 필요 95.0% / SUPPORT: 지지 조건 미달 64.2% / 필요 95.0%","explicit","proxy","{}","{""bounds"":14,""support"":106,""load"":19}","adapter-1.0 / planners-f6ec11d4259a","2.0.0","{""requested"":1,""completed"":1,""outcomes"":[],""sameWorker"":false}","{""collision"":{""status"":""PASS"",""violations"":0,""checkedPlacements"":6,""scope"":""직육면체 기하·관측 규격 공통 검사"",""reason"":""확정 배치와 최종 적재 상태 검사""},""bounds"":{""status"":""PASS"",""violations"":0,""checkedPlacements"":6,""scope"":""직육면체 기하·관측 규격 공통 검사"",""reason"":""확정 배치와 최종 적재 상태 검사""},""height"":{""status"":""PASS"",""violations"":0,""checkedPlacements"":6,""scope"":""직육면체 기하·관측 규격 공통 검사"",""reason"":""확정 배치와 최종 적재 상태 검사""},""orientation"":{""status"":""PASS"",""violations"":0,""checkedPlacements"":6,""scope"":""직육면체 기하·관측 규격 공통 검사"",""reason"":""확정 배치와 최종 적재 상태 검사""},""load"":{""status"":""PASS"",""violations"":0,""checkedPlacements"":6,""scope"":""입력된 허용 상부하중 · 누적 정적 반력"",""reason"":""입력값 범위의 정적 검사. 실측 재료 인증 아님""},""support"":{""status"":""PASS"",""violations"":0,""checkedPlacements"":6,""scope"":""접촉·합력 작용점·정적 평형"",""reason"":""설정된 지지율·전도 여유 검사. 동적 붕괴·굽힘 파손 미검증""},""payload"":{""status"":""PASS"",""violations"":0,""checkedPlacements"":6,""scope"":""입력 가반하중 · 박스+그리퍼 질량"",""reason"":""사용자가 설정한 가반하중 한계 검사""},""robotCollision"":{""status"":""NOT VERIFIED"",""violations"":0,""checkedPlacements"":6,""scope"":""TCP·그리퍼 스윕 근사만 수행"",""reason"":""전체 로봇 링크 충돌 미검증""},""approach"":{""status"":""NOT VERIFIED"",""violations"":0,""checkedPlacements"":6,""scope"":""TCP·그리퍼 스윕 근사만 수행"",""reason"":""실제 관절 한계·역기구학·접근 자세 미검증""},""sequence"":{""status"":""NOT VERIFIED"",""violations"":0,""checkedPlacements"":6,""scope"":""TCP·그리퍼 스윕 근사만 수행"",""reason"":""실제 파지·관절 궤적·전 과정 실행 미검증""}}","9.737797678571429","33.333333333333336","6","12","0.208466884","1010936666","217","","","","95.34615384615384","109.24208534287129","100","100","28.349984343734608","70.8","1.1721854304635762","0","0","","27.694342857142015","52.989300000001094","47.72154000000008","51.935748000000885","193.86039999999412","85.71428571428571","48.21703599941189","23.541073399617733","447.9744462157205","298","1.1792999999997846","9.737797678571429","0","33.333333333333336","","","100","0","0","","","0","","","","","","",""
"greedy","online","random","42","0","a3f2e998","partial","누적 무게중심 정적 평형 불가 / SUPPORT: 지지 조건 미달 30.0% / 필요 95.0% / 무게 규칙 위반 / SUPPORT: 지지 조건 미달 36.6% / 필요 95.0% / SUPPORT: 지지 조건 미달 41.0% / 필요 95.0% / SUPPORT: 지지 조건 미달 42.0% / 필요 95.0% / SUPPORT: 지지 조건 미달 46.0% / 필요 95.0% / SUPPORT: 지지 조건 미달 47.1% / 필요 95.0% / SUPPORT: 지지 조건 미달 46.9% / 필요 95.0% / SUPPORT: 지지 조건 미달 45.9% / 필요 95.0% / SUPPORT: 지지 조건 미달 40.0% / 필요 95.0%","explicit","proxy","{}","{""support"":267,""load"":178,""robot-path"":15}","adapter-1.0 / planners-f6ec11d4259a","2.0.0","{""requested"":1,""completed"":1,""outcomes"":[],""sameWorker"":false}","{""collision"":{""status"":""PASS"",""violations"":0,""checkedPlacements"":14,""scope"":""직육면체 기하·관측 규격 공통 검사"",""reason"":""확정 배치와 최종 적재 상태 검사""},""bounds"":{""status"":""PASS"",""violations"":0,""checkedPlacements"":14,""scope"":""직육면체 기하·관측 규격 공통 검사"",""reason"":""확정 배치와 최종 적재 상태 검사""},""height"":{""status"":""PASS"",""violations"":0,""checkedPlacements"":14,""scope"":""직육면체 기하·관측 규격 공통 검사"",""reason"":""확정 배치와 최종 적재 상태 검사""},""orientation"":{""status"":""PASS"",""violations"":0,""checkedPlacements"":14,""scope"":""직육면체 기하·관측 규격 공통 검사"",""reason"":""확정 배치와 최종 적재 상태 검사""},""load"":{""status"":""PASS"",""violations"":0,""checkedPlacements"":14,""scope"":""입력된 허용 상부하중 · 누적 정적 반력"",""reason"":""입력값 범위의 정적 검사. 실측 재료 인증 아님""},""support"":{""status"":""PASS"",""violations"":0,""checkedPlacements"":14,""scope"":""접촉·합력 작용점·정적 평형"",""reason"":""설정된 지지율·전도 여유 검사. 동적 붕괴·굽힘 파손 미검증""},""payload"":{""status"":""PASS"",""violations"":0,""checkedPlacements"":14,""scope"":""입력 가반하중 · 박스+그리퍼 질량"",""reason"":""사용자가 설정한 가반하중 한계 검사""},""robotCollision"":{""status"":""NOT VERIFIED"",""violations"":0,""checkedPlacements"":14,""scope"":""TCP·그리퍼 스윕 근사만 수행"",""reason"":""전체 로봇 링크 충돌 미검증""},""approach"":{""status"":""NOT VERIFIED"",""violations"":0,""checkedPlacements"":14,""scope"":""TCP·그리퍼 스윕 근사만 수행"",""reason"":""실제 관절 한계·역기구학·접근 자세 미검증""},""sequence"":{""status"":""NOT VERIFIED"",""violations"":0,""checkedPlacements"":14,""scope"":""TCP·그리퍼 스윕 근사만 수행"",""reason"":""실제 파지·관절 궤적·전 과정 실행 미검증""}}","22.167613392857145","77.77777777777777","14","4","0.069252948","871722730","631","","","","226.3095238095238","24.58327971860864","99.35974389755903","95.51820728291317","5.17382657513883","52.45","0.460428722797294","0","0","","163.87788666666722","318.984800000002","303.7483900000025","315.93751800000206","2458.1683000000085","93.33333333333333","143.59734039358833","68.63827125583241","350.9814308667403","682","3.034700000000157","22.167613392857145","0","77.77777777777777","","","100","0","0","","","0","","","","","","",""
"rollout","online","random","42","0","a3f2e998","partial","누적 무게중심 정적 평형 불가 / SUPPORT: 지지 조건 미달 30.0% / 필요 95.0% / 무게 규칙 위반 / SUPPORT: 지지 조건 미달 36.6% / 필요 95.0% / SUPPORT: 지지 조건 미달 41.0% / 필요 95.0% / SUPPORT: 지지 조건 미달 42.0% / 필요 95.0% / SUPPORT: 지지 조건 미달 46.0% / 필요 95.0% / SUPPORT: 지지 조건 미달 47.1% / 필요 95.0% / SUPPORT: 지지 조건 미달 46.9% / 필요 95.0% / SUPPORT: 지지 조건 미달 45.9% / 필요 95.0% / SUPPORT: 지지 조건 미달 40.0% / 필요 95.0%","explicit","proxy","{}","{""support"":267,""load"":178,""robot-path"":15}","adapter-1.0 / planners-f6ec11d4259a","2.0.0","{""requested"":1,""completed"":1,""outcomes"":[],""sameWorker"":false}","{""collision"":{""status"":""PASS"",""violations"":0,""checkedPlacements"":14,""scope"":""직육면체 기하·관측 규격 공통 검사"",""reason"":""확정 배치와 최종 적재 상태 검사""},""bounds"":{""status"":""PASS"",""violations"":0,""checkedPlacements"":14,""scope"":""직육면체 기하·관측 규격 공통 검사"",""reason"":""확정 배치와 최종 적재 상태 검사""},""height"":{""status"":""PASS"",""violations"":0,""checkedPlacements"":14,""scope"":""직육면체 기하·관측 규격 공통 검사"",""reason"":""확정 배치와 최종 적재 상태 검사""},""orientation"":{""status"":""PASS"",""violations"":0,""checkedPlacements"":14,""scope"":""직육면체 기하·관측 규격 공통 검사"",""reason"":""확정 배치와 최종 적재 상태 검사""},""load"":{""status"":""PASS"",""violations"":0,""checkedPlacements"":14,""scope"":""입력된 허용 상부하중 · 누적 정적 반력"",""reason"":""입력값 범위의 정적 검사. 실측 재료 인증 아님""},""support"":{""status"":""PASS"",""violations"":0,""checkedPlacements"":14,""scope"":""접촉·합력 작용점·정적 평형"",""reason"":""설정된 지지율·전도 여유 검사. 동적 붕괴·굽힘 파손 미검증""},""payload"":{""status"":""PASS"",""violations"":0,""checkedPlacements"":14,""scope"":""입력 가반하중 · 박스+그리퍼 질량"",""reason"":""사용자가 설정한 가반하중 한계 검사""},""robotCollision"":{""status"":""NOT VERIFIED"",""violations"":0,""checkedPlacements"":14,""scope"":""TCP·그리퍼 스윕 근사만 수행"",""reason"":""전체 로봇 링크 충돌 미검증""},""approach"":{""status"":""NOT VERIFIED"",""violations"":0,""checkedPlacements"":14,""scope"":""TCP·그리퍼 스윕 근사만 수행"",""reason"":""실제 관절 한계·역기구학·접근 자세 미검증""},""sequence"":{""status"":""NOT VERIFIED"",""violations"":0,""checkedPlacements"":14,""scope"":""TCP·그리퍼 스윕 근사만 수행"",""reason"":""실제 파지·관절 궤적·전 과정 실행 미검증""}}","22.167613392857145","77.77777777777777","14","4","0.069252948","871722730","631","","","","226.3095238095238","24.58327971860864","99.35974389755903","95.51820728291317","5.17382657513883","52.45","0.460428722797294","0","0","","512.2370066666665","1000.3888999999981","962.6553999999988","992.8421999999982","7683.555099999998","93.33333333333333","143.59734039358833","68.63827125583241","350.9814308667403","682","3.742099999999482","22.167613392857145","0","77.77777777777777","","","100","0","0","","","0","","","","","","",""
"strategy-greedy","online","random","42","0","a3f2e998","partial","SUPPORT: 지지 조건 미달 45.3% / 필요 95.0% / SUPPORT: 지지 조건 미달 44.9% / 필요 95.0% / SUPPORT: 지지 조건 미달 60.0% / 필요 95.0% / SUPPORT: 지지 조건 미달 59.5% / 필요 95.0% / SUPPORT: 지지 조건 미달 73.4% / 필요 95.0% / SUPPORT: 지지 조건 미달 72.8% / 필요 95.0% / SUPPORT: 지지 조건 미달 60.7% / 필요 95.0% / SUPPORT: 지지 조건 미달 60.2% / 필요 95.0% / SUPPORT: 지지 조건 미달 58.7% / 필요 95.0% / SUPPORT: 지지 조건 미달 58.2% / 필요 95.0% / SUPPORT: 지지 조건 미달 59.0% / 필요 95.0% / 무게 규칙 위반 / SUPPORT: 지지 조건 미달 68.5% / 필요 95.0% / 누적 무게중심 정적 평형 불가 / SUPPORT: 지지 조건 미달 9.2% / 필요 95.0% / SUPPORT: 지지 조건 미달 16.8% / 필요 95.0% / SUPPORT: 지지 조건 미달 20.3% / 필요 95.0% / SUPPORT: 지지 조건 미달 32.5% / 필요 95.0% / SUPPORT: 지지 조건 미달 39.2% / 필요 95.0% / SUPPORT: 지지 조건 미달 26.0% / 필요 95.0% / SUPPORT: 지지 조건 미달 43.3% / 필요 95.0% / SUPPORT: 지지 조건 미달 27.9% / 필요 95.0% / SUPPORT: 지지 조건 미달 49.0% / 필요 95.0% / SUPPORT: 지지 조건 미달 22.9% / 필요 95.0% / SUPPORT: 지지 조건 미달 21.0% / 필요 95.0% / SUPPORT: 지지 조건 미달 40.0% / 필요 95.0% / SUPPORT: 지지 조건 미달 39.0% / 필요 95.0% / SUPPORT: 지지 조건 미달 35.8% / 필요 95.0% / SUPPORT: 지지 조건 미달 35.5% / 필요 95.0% / SUPPORT: 지지 조건 미달 43.0% / 필요 95.0% / SUPPORT: 지지 조건 미달 51.9% / 필요 95.0% / SUPPORT: 지지 조건 미달 57.9% / 필요 95.0% / SUPPORT: 지지 조건 미달 66.2% / 필요 95.0% / SUPPORT: 지지 조건 미달 57.1% / 필요 95.0% / SUPPORT: 지지 조건 미달 56.1% / 필요 95.0% / SUPPORT: 지지 조건 미달 51.5% / 필요 95.0% / SUPPORT: 지지 조건 미달 21.3% / 필요 95.0%","explicit","proxy","{}","{""support"":96,""load"":62}","adapter-1.0 / planners-f6ec11d4259a","2.0.0","{""requested"":1,""completed"":1,""outcomes"":[],""sameWorker"":false}","{""collision"":{""status"":""PASS"",""violations"":0,""checkedPlacements"":4,""scope"":""직육면체 기하·관측 규격 공통 검사"",""reason"":""확정 배치와 최종 적재 상태 검사""},""bounds"":{""status"":""PASS"",""violations"":0,""checkedPlacements"":4,""scope"":""직육면체 기하·관측 규격 공통 검사"",""reason"":""확정 배치와 최종 적재 상태 검사""},""height"":{""status"":""PASS"",""violations"":0,""checkedPlacements"":4,""scope"":""직육면체 기하·관측 규격 공통 검사"",""reason"":""확정 배치와 최종 적재 상태 검사""},""orientation"":{""status"":""PASS"",""violations"":0,""checkedPlacements"":4,""scope"":""직육면체 기하·관측 규격 공통 검사"",""reason"":""확정 배치와 최종 적재 상태 검사""},""load"":{""status"":""PASS"",""violations"":0,""checkedPlacements"":4,""scope"":""입력된 허용 상부하중 · 누적 정적 반력"",""reason"":""입력값 범위의 정적 검사. 실측 재료 인증 아님""},""support"":{""status"":""PASS"",""violations"":0,""checkedPlacements"":4,""scope"":""접촉·합력 작용점·정적 평형"",""reason"":""설정된 지지율·전도 여유 검사. 동적 붕괴·굽힘 파손 미검증""},""payload"":{""status"":""PASS"",""violations"":0,""checkedPlacements"":4,""scope"":""입력 가반하중 · 박스+그리퍼 질량"",""reason"":""사용자가 설정한 가반하중 한계 검사""},""robotCollision"":{""status"":""NOT VERIFIED"",""violations"":0,""checkedPlacements"":4,""scope"":""TCP·그리퍼 스윕 근사만 수행"",""reason"":""전체 로봇 링크 충돌 미검증""},""approach"":{""status"":""NOT VERIFIED"",""violations"":0,""checkedPlacements"":4,""scope"":""TCP·그리퍼 스윕 근사만 수행"",""reason"":""실제 관절 한계·역기구학·접근 자세 미검증""},""sequence"":{""status"":""NOT VERIFIED"",""violations"":0,""checkedPlacements"":4,""scope"":""TCP·그리퍼 스윕 근사만 수행"",""reason"":""실제 파지·관절 궤적·전 과정 실행 미검증""}}","6.1593285714285715","22.22222222222222","4","14","0.248545738","1051015520","217","","","","96.58108108108108","103.51847511219634","100","100","17.622531838927408","70.8","1.1721854304635762","0","0","","5.428000000001338","8.706500000000233","8.354760000000534","8.636152000000292","27.140000000006694","80","35.34557421939","16.474623242603506","407.4060279971458","202","0.4904000000024098","6.1593285714285715","0","22.22222222222222","","","100","0","0","","","0","","","","","","",""
"macs","online","random","42","0","a3f2e998","partial","SUPPORT: 지지 조건 미달 45.3% / 필요 95.0% / SUPPORT: 지지 조건 미달 44.9% / 필요 95.0% / SUPPORT: 지지 조건 미달 60.0% / 필요 95.0% / SUPPORT: 지지 조건 미달 59.5% / 필요 95.0% / SUPPORT: 지지 조건 미달 73.4% / 필요 95.0% / SUPPORT: 지지 조건 미달 72.8% / 필요 95.0% / SUPPORT: 지지 조건 미달 60.7% / 필요 95.0% / SUPPORT: 지지 조건 미달 60.2% / 필요 95.0% / SUPPORT: 지지 조건 미달 58.7% / 필요 95.0% / SUPPORT: 지지 조건 미달 58.2% / 필요 95.0% / SUPPORT: 지지 조건 미달 59.0% / 필요 95.0% / 무게 규칙 위반 / SUPPORT: 지지 조건 미달 68.5% / 필요 95.0% / 누적 무게중심 정적 평형 불가 / SUPPORT: 지지 조건 미달 9.2% / 필요 95.0% / SUPPORT: 지지 조건 미달 16.8% / 필요 95.0% / SUPPORT: 지지 조건 미달 20.3% / 필요 95.0% / SUPPORT: 지지 조건 미달 32.5% / 필요 95.0% / SUPPORT: 지지 조건 미달 39.2% / 필요 95.0% / SUPPORT: 지지 조건 미달 26.0% / 필요 95.0% / SUPPORT: 지지 조건 미달 43.3% / 필요 95.0% / SUPPORT: 지지 조건 미달 27.9% / 필요 95.0% / SUPPORT: 지지 조건 미달 49.0% / 필요 95.0% / SUPPORT: 지지 조건 미달 22.9% / 필요 95.0% / SUPPORT: 지지 조건 미달 21.0% / 필요 95.0% / SUPPORT: 지지 조건 미달 40.0% / 필요 95.0% / SUPPORT: 지지 조건 미달 39.0% / 필요 95.0% / SUPPORT: 지지 조건 미달 35.8% / 필요 95.0% / SUPPORT: 지지 조건 미달 35.5% / 필요 95.0% / SUPPORT: 지지 조건 미달 43.0% / 필요 95.0% / SUPPORT: 지지 조건 미달 51.9% / 필요 95.0% / SUPPORT: 지지 조건 미달 57.9% / 필요 95.0% / SUPPORT: 지지 조건 미달 66.2% / 필요 95.0% / SUPPORT: 지지 조건 미달 57.1% / 필요 95.0% / SUPPORT: 지지 조건 미달 56.1% / 필요 95.0% / SUPPORT: 지지 조건 미달 51.5% / 필요 95.0% / SUPPORT: 지지 조건 미달 21.3% / 필요 95.0%","explicit","proxy","{}","{""support"":96,""load"":62}","adapter-1.0 / planners-f6ec11d4259a","2.0.0","{""requested"":1,""completed"":1,""outcomes"":[],""sameWorker"":false}","{""collision"":{""status"":""PASS"",""violations"":0,""checkedPlacements"":4,""scope"":""직육면체 기하·관측 규격 공통 검사"",""reason"":""확정 배치와 최종 적재 상태 검사""},""bounds"":{""status"":""PASS"",""violations"":0,""checkedPlacements"":4,""scope"":""직육면체 기하·관측 규격 공통 검사"",""reason"":""확정 배치와 최종 적재 상태 검사""},""height"":{""status"":""PASS"",""violations"":0,""checkedPlacements"":4,""scope"":""직육면체 기하·관측 규격 공통 검사"",""reason"":""확정 배치와 최종 적재 상태 검사""},""orientation"":{""status"":""PASS"",""violations"":0,""checkedPlacements"":4,""scope"":""직육면체 기하·관측 규격 공통 검사"",""reason"":""확정 배치와 최종 적재 상태 검사""},""load"":{""status"":""PASS"",""violations"":0,""checkedPlacements"":4,""scope"":""입력된 허용 상부하중 · 누적 정적 반력"",""reason"":""입력값 범위의 정적 검사. 실측 재료 인증 아님""},""support"":{""status"":""PASS"",""violations"":0,""checkedPlacements"":4,""scope"":""접촉·합력 작용점·정적 평형"",""reason"":""설정된 지지율·전도 여유 검사. 동적 붕괴·굽힘 파손 미검증""},""payload"":{""status"":""PASS"",""violations"":0,""checkedPlacements"":4,""scope"":""입력 가반하중 · 박스+그리퍼 질량"",""reason"":""사용자가 설정한 가반하중 한계 검사""},""robotCollision"":{""status"":""NOT VERIFIED"",""violations"":0,""checkedPlacements"":4,""scope"":""TCP·그리퍼 스윕 근사만 수행"",""reason"":""전체 로봇 링크 충돌 미검증""},""approach"":{""status"":""NOT VERIFIED"",""violations"":0,""checkedPlacements"":4,""scope"":""TCP·그리퍼 스윕 근사만 수행"",""reason"":""실제 관절 한계·역기구학·접근 자세 미검증""},""sequence"":{""status"":""NOT VERIFIED"",""violations"":0,""checkedPlacements"":4,""scope"":""TCP·그리퍼 스윕 근사만 수행"",""reason"":""실제 파지·관절 궤적·전 과정 실행 미검증""}}","6.1593285714285715","22.22222222222222","4","14","0.248545738","1051015520","217","","","","96.58108108108108","103.51847511219634","100","100","17.622531838927408","70.8","1.1721854304635762","0","0","","5.874679999999353","9.57470000000103","9.382300000000395","9.536220000000903","29.373399999996764","80","35.34557421939","16.474623242603506","407.4060279971458","202","0.5146999999997206","6.1593285714285715","0","22.22222222222222","","","100","0","0","","","0","","","","","","",""
"tetris-reserved","online","random","42","0","a3f2e998","partial","누적 무게중심 정적 평형 불가 / SUPPORT: 지지 조건 미달 47.6% / 필요 95.0% / SUPPORT: 지지 조건 미달 57.0% / 필요 95.0% / SUPPORT: 지지 조건 미달 42.5% / 필요 95.0% / SUPPORT: 지지 조건 미달 18.4% / 필요 95.0% / SUPPORT: 지지 조건 미달 49.7% / 필요 95.0% / SUPPORT: 지지 조건 미달 48.3% / 필요 95.0% / SUPPORT: 지지 조건 미달 40.2% / 필요 95.0% / SUPPORT: 지지 조건 미달 39.1% / 필요 95.0% / SUPPORT: 지지 조건 미달 28.2% / 필요 95.0% / SUPPORT: 지지 조건 미달 9.8% / 필요 95.0% / SUPPORT: 지지 조건 미달 34.1% / 필요 95.0% / SUPPORT: 지지 조건 미달 40.4% / 필요 95.0% / SUPPORT: 지지 조건 미달 46.6% / 필요 95.0% / SUPPORT: 지지 조건 미달 73.6% / 필요 95.0% / SUPPORT: 지지 조건 미달 64.2% / 필요 95.0%","explicit","proxy","{}","{""bounds"":22,""support"":111,""load"":38}","adapter-1.0 / planners-f6ec11d4259a","2.0.0","{""requested"":1,""completed"":1,""outcomes"":[],""sameWorker"":false}","{""collision"":{""status"":""PASS"",""violations"":0,""checkedPlacements"":6,""scope"":""직육면체 기하·관측 규격 공통 검사"",""reason"":""확정 배치와 최종 적재 상태 검사""},""bounds"":{""status"":""PASS"",""violations"":0,""checkedPlacements"":6,""scope"":""직육면체 기하·관측 규격 공통 검사"",""reason"":""확정 배치와 최종 적재 상태 검사""},""height"":{""status"":""PASS"",""violations"":0,""checkedPlacements"":6,""scope"":""직육면체 기하·관측 규격 공통 검사"",""reason"":""확정 배치와 최종 적재 상태 검사""},""orientation"":{""status"":""PASS"",""violations"":0,""checkedPlacements"":6,""scope"":""직육면체 기하·관측 규격 공통 검사"",""reason"":""확정 배치와 최종 적재 상태 검사""},""load"":{""status"":""PASS"",""violations"":0,""checkedPlacements"":6,""scope"":""입력된 허용 상부하중 · 누적 정적 반력"",""reason"":""입력값 범위의 정적 검사. 실측 재료 인증 아님""},""support"":{""status"":""PASS"",""violations"":0,""checkedPlacements"":6,""scope"":""접촉·합력 작용점·정적 평형"",""reason"":""설정된 지지율·전도 여유 검사. 동적 붕괴·굽힘 파손 미검증""},""payload"":{""status"":""PASS"",""violations"":0,""checkedPlacements"":6,""scope"":""입력 가반하중 · 박스+그리퍼 질량"",""reason"":""사용자가 설정한 가반하중 한계 검사""},""robotCollision"":{""status"":""NOT VERIFIED"",""violations"":0,""checkedPlacements"":6,""scope"":""TCP·그리퍼 스윕 근사만 수행"",""reason"":""전체 로봇 링크 충돌 미검증""},""approach"":{""status"":""NOT VERIFIED"",""violations"":0,""checkedPlacements"":6,""scope"":""TCP·그리퍼 스윕 근사만 수행"",""reason"":""실제 관절 한계·역기구학·접근 자세 미검증""},""sequence"":{""status"":""NOT VERIFIED"",""violations"":0,""checkedPlacements"":6,""scope"":""TCP·그리퍼 스윕 근사만 수행"",""reason"":""실제 파지·관절 궤적·전 과정 실행 미검증""}}","9.737797678571429","33.333333333333336","6","12","0.208466884","1010936666","217","","","","95.34615384615384","5.555329548328588","100","100","2.962663996838253","70.8","1.1721854304635762","0","0","","107.82590000000035","236.20330000000104","231.89737000000093","235.342114000001","754.7813000000024","85.71428571428571","51.3996699319301","24.309785455754565","420.2361616058125","298","1.0653999999994994","9.737797678571429","0","33.333333333333336","","","100","0","0","","","0","","","","","","",""
"dynamic-reservation","online","random","42","0","a3f2e998","partial","누적 무게중심 정적 평형 불가 / SUPPORT: 지지 조건 미달 47.6% / 필요 95.0% / SUPPORT: 지지 조건 미달 57.0% / 필요 95.0% / SUPPORT: 지지 조건 미달 36.6% / 필요 95.0% / SUPPORT: 지지 조건 미달 42.5% / 필요 95.0% / SUPPORT: 지지 조건 미달 44.9% / 필요 95.0% / SUPPORT: 지지 조건 미달 66.6% / 필요 95.0% / SUPPORT: 지지 조건 미달 30.6% / 필요 95.0% / SUPPORT: 지지 조건 미달 49.7% / 필요 95.0% / SUPPORT: 지지 조건 미달 60.3% / 필요 95.0% / SUPPORT: 지지 조건 미달 24.8% / 필요 95.0% / SUPPORT: 지지 조건 미달 40.2% / 필요 95.0% / SUPPORT: 지지 조건 미달 57.3% / 필요 95.0% / SUPPORT: 지지 조건 미달 18.4% / 필요 95.0% / SUPPORT: 지지 조건 미달 9.8% / 필요 95.0% / SUPPORT: 지지 조건 미달 13.8% / 필요 95.0% / SUPPORT: 지지 조건 미달 50.5% / 필요 95.0% / SUPPORT: 지지 조건 미달 67.2% / 필요 95.0% / SUPPORT: 지지 조건 미달 74.0% / 필요 95.0% / SUPPORT: 지지 조건 미달 13.1% / 필요 95.0% / SUPPORT: 지지 조건 미달 18.5% / 필요 95.0% / SUPPORT: 지지 조건 미달 60.0% / 필요 95.0% / SUPPORT: 지지 조건 미달 76.6% / 필요 95.0% / SUPPORT: 지지 조건 미달 83.4% / 필요 95.0% / SUPPORT: 지지 조건 미달 27.7% / 필요 95.0% / SUPPORT: 지지 조건 미달 33.5% / 필요 95.0%","explicit","proxy","{}","{""bounds"":22,""support"":98,""load"":23}","adapter-1.0 / planners-f6ec11d4259a","2.0.0","{""requested"":1,""completed"":1,""outcomes"":[],""sameWorker"":false}","{""collision"":{""status"":""PASS"",""violations"":0,""checkedPlacements"":6,""scope"":""직육면체 기하·관측 규격 공통 검사"",""reason"":""확정 배치와 최종 적재 상태 검사""},""bounds"":{""status"":""PASS"",""violations"":0,""checkedPlacements"":6,""scope"":""직육면체 기하·관측 규격 공통 검사"",""reason"":""확정 배치와 최종 적재 상태 검사""},""height"":{""status"":""PASS"",""violations"":0,""checkedPlacements"":6,""scope"":""직육면체 기하·관측 규격 공통 검사"",""reason"":""확정 배치와 최종 적재 상태 검사""},""orientation"":{""status"":""PASS"",""violations"":0,""checkedPlacements"":6,""scope"":""직육면체 기하·관측 규격 공통 검사"",""reason"":""확정 배치와 최종 적재 상태 검사""},""load"":{""status"":""PASS"",""violations"":0,""checkedPlacements"":6,""scope"":""입력된 허용 상부하중 · 누적 정적 반력"",""reason"":""입력값 범위의 정적 검사. 실측 재료 인증 아님""},""support"":{""status"":""PASS"",""violations"":0,""checkedPlacements"":6,""scope"":""접촉·합력 작용점·정적 평형"",""reason"":""설정된 지지율·전도 여유 검사. 동적 붕괴·굽힘 파손 미검증""},""payload"":{""status"":""PASS"",""violations"":0,""checkedPlacements"":6,""scope"":""입력 가반하중 · 박스+그리퍼 질량"",""reason"":""사용자가 설정한 가반하중 한계 검사""},""robotCollision"":{""status"":""NOT VERIFIED"",""violations"":0,""checkedPlacements"":6,""scope"":""TCP·그리퍼 스윕 근사만 수행"",""reason"":""전체 로봇 링크 충돌 미검증""},""approach"":{""status"":""NOT VERIFIED"",""violations"":0,""checkedPlacements"":6,""scope"":""TCP·그리퍼 스윕 근사만 수행"",""reason"":""실제 관절 한계·역기구학·접근 자세 미검증""},""sequence"":{""status"":""NOT VERIFIED"",""violations"":0,""checkedPlacements"":6,""scope"":""TCP·그리퍼 스윕 근사만 수행"",""reason"":""실제 파지·관절 궤적·전 과정 실행 미검증""}}","9.737797678571429","33.333333333333336","6","12","0.208466884","1010936666","217","","","","95.34615384615384","69.68748922041996","100","100","13.778774703213928","70.8","1.1721854304635762","0","0","","152.2455571428561","413.9305999999997","368.3333299999983","404.8111459999993","1065.7188999999926","85.71428571428571","51.030647573328245","24.069920922663357","423.2750518982144","298","0.9135999999998603","9.737797678571429","0","33.333333333333336","","","100","0","0","","","0","","","","","","",""
"lookahead","online","random","42","0","a3f2e998","partial","SUPPORT: 지지 조건 미달 44.9% / 필요 95.0% / SUPPORT: 지지 조건 미달 45.3% / 필요 95.0% / SUPPORT: 지지 조건 미달 59.5% / 필요 95.0% / SUPPORT: 지지 조건 미달 60.0% / 필요 95.0% / SUPPORT: 지지 조건 미달 72.8% / 필요 95.0% / SUPPORT: 지지 조건 미달 73.4% / 필요 95.0% / SUPPORT: 지지 조건 미달 60.2% / 필요 95.0% / SUPPORT: 지지 조건 미달 60.7% / 필요 95.0% / SUPPORT: 지지 조건 미달 58.2% / 필요 95.0% / SUPPORT: 지지 조건 미달 58.7% / 필요 95.0% / SUPPORT: 지지 조건 미달 55.3% / 필요 95.0% / 무게 규칙 위반 / SUPPORT: 지지 조건 미달 64.7% / 필요 95.0% / 누적 무게중심 정적 평형 불가 / SUPPORT: 지지 조건 미달 21.0% / 필요 95.0% / SUPPORT: 지지 조건 미달 35.8% / 필요 95.0% / SUPPORT: 지지 조건 미달 35.5% / 필요 95.0% / SUPPORT: 지지 조건 미달 25.2% / 필요 95.0% / SUPPORT: 지지 조건 미달 27.0% / 필요 95.0% / SUPPORT: 지지 조건 미달 25.1% / 필요 95.0% / SUPPORT: 지지 조건 미달 44.6% / 필요 95.0% / SUPPORT: 지지 조건 미달 46.5% / 필요 95.0% / SUPPORT: 지지 조건 미달 40.8% / 필요 95.0% / SUPPORT: 지지 조건 미달 20.3% / 필요 95.0% / SUPPORT: 지지 조건 미달 39.2% / 필요 95.0% / SUPPORT: 지지 조건 미달 9.2% / 필요 95.0% / SUPPORT: 지지 조건 미달 6.7% / 필요 95.0% / SUPPORT: 지지 조건 미달 51.9% / 필요 95.0% / SUPPORT: 지지 조건 미달 51.5% / 필요 95.0% / SUPPORT: 지지 조건 미달 60.6% / 필요 95.0% / SUPPORT: 지지 조건 미달 62.5% / 필요 95.0% / SUPPORT: 지지 조건 미달 54.2% / 필요 95.0% / SUPPORT: 지지 조건 미달 8.9% / 필요 95.0% / SUPPORT: 지지 조건 미달 67.3% / 필요 95.0%","explicit","proxy","{}","{""support"":96,""load"":62}","adapter-1.0 / planners-f6ec11d4259a","2.0.0","{""requested"":1,""completed"":1,""outcomes"":[],""sameWorker"":false}","{""collision"":{""status"":""PASS"",""violations"":0,""checkedPlacements"":4,""scope"":""직육면체 기하·관측 규격 공통 검사"",""reason"":""확정 배치와 최종 적재 상태 검사""},""bounds"":{""status"":""PASS"",""violations"":0,""checkedPlacements"":4,""scope"":""직육면체 기하·관측 규격 공통 검사"",""reason"":""확정 배치와 최종 적재 상태 검사""},""height"":{""status"":""PASS"",""violations"":0,""checkedPlacements"":4,""scope"":""직육면체 기하·관측 규격 공통 검사"",""reason"":""확정 배치와 최종 적재 상태 검사""},""orientation"":{""status"":""PASS"",""violations"":0,""checkedPlacements"":4,""scope"":""직육면체 기하·관측 규격 공통 검사"",""reason"":""확정 배치와 최종 적재 상태 검사""},""load"":{""status"":""PASS"",""violations"":0,""checkedPlacements"":4,""scope"":""입력된 허용 상부하중 · 누적 정적 반력"",""reason"":""입력값 범위의 정적 검사. 실측 재료 인증 아님""},""support"":{""status"":""PASS"",""violations"":0,""checkedPlacements"":4,""scope"":""접촉·합력 작용점·정적 평형"",""reason"":""설정된 지지율·전도 여유 검사. 동적 붕괴·굽힘 파손 미검증""},""payload"":{""status"":""PASS"",""violations"":0,""checkedPlacements"":4,""scope"":""입력 가반하중 · 박스+그리퍼 질량"",""reason"":""사용자가 설정한 가반하중 한계 검사""},""robotCollision"":{""status"":""NOT VERIFIED"",""violations"":0,""checkedPlacements"":4,""scope"":""TCP·그리퍼 스윕 근사만 수행"",""reason"":""전체 로봇 링크 충돌 미검증""},""approach"":{""status"":""NOT VERIFIED"",""violations"":0,""checkedPlacements"":4,""scope"":""TCP·그리퍼 스윕 근사만 수행"",""reason"":""실제 관절 한계·역기구학·접근 자세 미검증""},""sequence"":{""status"":""NOT VERIFIED"",""violations"":0,""checkedPlacements"":4,""scope"":""TCP·그리퍼 스윕 근사만 수행"",""reason"":""실제 파지·관절 궤적·전 과정 실행 미검증""}}","6.1593285714285715","22.22222222222222","4","14","0.248545738","1051015520","217","","","","96.58108108108108","94.4919220791019","100","100","15.950007296447707","70.8","1.1721854304635762","0","0","","80.07123999999894","136.29159999999683","128.8963999999978","134.81255999999703","400.3561999999947","80","35.51498278776629","16.58473881204809","405.462677148201","202","0.5764999999955762","6.1593285714285715","0","22.22222222222222","","","100","0","0","","","0","","","","","","",""
"future-hybrid","online","random","42","0","a3f2e998","partial","누적 무게중심 정적 평형 불가 / SUPPORT: 지지 조건 미달 47.6% / 필요 95.0% / SUPPORT: 지지 조건 미달 57.0% / 필요 95.0% / SUPPORT: 지지 조건 미달 36.6% / 필요 95.0% / SUPPORT: 지지 조건 미달 42.5% / 필요 95.0% / SUPPORT: 지지 조건 미달 44.9% / 필요 95.0% / SUPPORT: 지지 조건 미달 66.6% / 필요 95.0% / SUPPORT: 지지 조건 미달 30.6% / 필요 95.0% / SUPPORT: 지지 조건 미달 49.7% / 필요 95.0% / SUPPORT: 지지 조건 미달 60.3% / 필요 95.0% / SUPPORT: 지지 조건 미달 24.8% / 필요 95.0% / SUPPORT: 지지 조건 미달 40.2% / 필요 95.0% / SUPPORT: 지지 조건 미달 57.3% / 필요 95.0% / SUPPORT: 지지 조건 미달 18.4% / 필요 95.0% / SUPPORT: 지지 조건 미달 9.8% / 필요 95.0% / SUPPORT: 지지 조건 미달 13.8% / 필요 95.0% / SUPPORT: 지지 조건 미달 50.5% / 필요 95.0% / SUPPORT: 지지 조건 미달 67.2% / 필요 95.0% / SUPPORT: 지지 조건 미달 74.0% / 필요 95.0% / SUPPORT: 지지 조건 미달 13.1% / 필요 95.0% / SUPPORT: 지지 조건 미달 18.5% / 필요 95.0% / SUPPORT: 지지 조건 미달 60.0% / 필요 95.0% / SUPPORT: 지지 조건 미달 76.6% / 필요 95.0% / SUPPORT: 지지 조건 미달 83.4% / 필요 95.0% / SUPPORT: 지지 조건 미달 27.7% / 필요 95.0% / SUPPORT: 지지 조건 미달 33.5% / 필요 95.0%","explicit","proxy","{}","{""bounds"":22,""support"":98,""load"":23}","adapter-1.0 / planners-f6ec11d4259a","2.0.0","{""requested"":1,""completed"":1,""outcomes"":[],""sameWorker"":false}","{""collision"":{""status"":""PASS"",""violations"":0,""checkedPlacements"":6,""scope"":""직육면체 기하·관측 규격 공통 검사"",""reason"":""확정 배치와 최종 적재 상태 검사""},""bounds"":{""status"":""PASS"",""violations"":0,""checkedPlacements"":6,""scope"":""직육면체 기하·관측 규격 공통 검사"",""reason"":""확정 배치와 최종 적재 상태 검사""},""height"":{""status"":""PASS"",""violations"":0,""checkedPlacements"":6,""scope"":""직육면체 기하·관측 규격 공통 검사"",""reason"":""확정 배치와 최종 적재 상태 검사""},""orientation"":{""status"":""PASS"",""violations"":0,""checkedPlacements"":6,""scope"":""직육면체 기하·관측 규격 공통 검사"",""reason"":""확정 배치와 최종 적재 상태 검사""},""load"":{""status"":""PASS"",""violations"":0,""checkedPlacements"":6,""scope"":""입력된 허용 상부하중 · 누적 정적 반력"",""reason"":""입력값 범위의 정적 검사. 실측 재료 인증 아님""},""support"":{""status"":""PASS"",""violations"":0,""checkedPlacements"":6,""scope"":""접촉·합력 작용점·정적 평형"",""reason"":""설정된 지지율·전도 여유 검사. 동적 붕괴·굽힘 파손 미검증""},""payload"":{""status"":""PASS"",""violations"":0,""checkedPlacements"":6,""scope"":""입력 가반하중 · 박스+그리퍼 질량"",""reason"":""사용자가 설정한 가반하중 한계 검사""},""robotCollision"":{""status"":""NOT VERIFIED"",""violations"":0,""checkedPlacements"":6,""scope"":""TCP·그리퍼 스윕 근사만 수행"",""reason"":""전체 로봇 링크 충돌 미검증""},""approach"":{""status"":""NOT VERIFIED"",""violations"":0,""checkedPlacements"":6,""scope"":""TCP·그리퍼 스윕 근사만 수행"",""reason"":""실제 관절 한계·역기구학·접근 자세 미검증""},""sequence"":{""status"":""NOT VERIFIED"",""violations"":0,""checkedPlacements"":6,""scope"":""TCP·그리퍼 스윕 근사만 수행"",""reason"":""실제 파지·관절 궤적·전 과정 실행 미검증""}}","9.737797678571429","33.333333333333336","6","12","0.208466884","1010936666","217","","","","95.34615384615384","69.68748922041996","100","100","13.778774703213928","70.8","1.1721854304635762","0","0","","147.26340000000033","338.4928","330.3759699999995","336.8694339999999","1030.8438000000024","85.71428571428571","51.030647573328245","24.069920922663357","423.2750518982144","298","0.5640000000057626","9.737797678571429","0","33.333333333333336","","","100","0","0","","","0","","","","","","",""
"blb","online","random","42","0","a3f2e998","partial","유효 후보 없음","explicit","proxy","{}","{""bounds"":20,""support"":106,""load"":18}","adapter-1.0 / planners-f6ec11d4259a","2.0.0","{""requested"":1,""completed"":1,""outcomes"":[],""sameWorker"":false}","{""collision"":{""status"":""PASS"",""violations"":0,""checkedPlacements"":6,""scope"":""직육면체 기하·관측 규격 공통 검사"",""reason"":""확정 배치와 최종 적재 상태 검사""},""bounds"":{""status"":""PASS"",""violations"":0,""checkedPlacements"":6,""scope"":""직육면체 기하·관측 규격 공통 검사"",""reason"":""확정 배치와 최종 적재 상태 검사""},""height"":{""status"":""PASS"",""violations"":0,""checkedPlacements"":6,""scope"":""직육면체 기하·관측 규격 공통 검사"",""reason"":""확정 배치와 최종 적재 상태 검사""},""orientation"":{""status"":""PASS"",""violations"":0,""checkedPlacements"":6,""scope"":""직육면체 기하·관측 규격 공통 검사"",""reason"":""확정 배치와 최종 적재 상태 검사""},""load"":{""status"":""PASS"",""violations"":0,""checkedPlacements"":6,""scope"":""입력된 허용 상부하중 · 누적 정적 반력"",""reason"":""입력값 범위의 정적 검사. 실측 재료 인증 아님""},""support"":{""status"":""PASS"",""violations"":0,""checkedPlacements"":6,""scope"":""접촉·합력 작용점·정적 평형"",""reason"":""설정된 지지율·전도 여유 검사. 동적 붕괴·굽힘 파손 미검증""},""payload"":{""status"":""PASS"",""violations"":0,""checkedPlacements"":6,""scope"":""입력 가반하중 · 박스+그리퍼 질량"",""reason"":""사용자가 설정한 가반하중 한계 검사""},""robotCollision"":{""status"":""NOT VERIFIED"",""violations"":0,""checkedPlacements"":6,""scope"":""TCP·그리퍼 스윕 근사만 수행"",""reason"":""전체 로봇 링크 충돌 미검증""},""approach"":{""status"":""NOT VERIFIED"",""violations"":0,""checkedPlacements"":6,""scope"":""TCP·그리퍼 스윕 근사만 수행"",""reason"":""실제 관절 한계·역기구학·접근 자세 미검증""},""sequence"":{""status"":""NOT VERIFIED"",""violations"":0,""checkedPlacements"":6,""scope"":""TCP·그리퍼 스윕 근사만 수행"",""reason"":""실제 파지·관절 궤적·전 과정 실행 미검증""}}","9.737797678571429","33.333333333333336","6","12","0.208466884","1010936666","217","","","","95.34615384615384","109.24208534287129","100","100","28.349984343734608","70.8","1.1721854304635762","0","0","","5.374942857142222","8.786000000000058","8.542459999999117","8.73729199999987","37.62459999999555","85.71428571428571","48.21703599941189","23.541073399617733","447.9744462157205","296","1.1017999999967287","9.737797678571429","0","33.333333333333336","","","100","0","0","","","0","","","","","","",""
"pack-first","online","random","42","0","a3f2e998","partial","orientation / boundary / collision / load / support / robot","explicit","proxy","{}","{""bounds"":127,""support"":121,""load"":35,""protocol"":5,""robot-path"":2}","adapter-1.0 / planners-f6ec11d4259a","2.0.0","{""requested"":1,""completed"":1,""outcomes"":[],""sameWorker"":false}","{""collision"":{""status"":""PASS"",""violations"":0,""checkedPlacements"":6,""scope"":""직육면체 기하·관측 규격 공통 검사"",""reason"":""확정 배치와 최종 적재 상태 검사""},""bounds"":{""status"":""PASS"",""violations"":0,""checkedPlacements"":6,""scope"":""직육면체 기하·관측 규격 공통 검사"",""reason"":""확정 배치와 최종 적재 상태 검사""},""height"":{""status"":""PASS"",""violations"":0,""checkedPlacements"":6,""scope"":""직육면체 기하·관측 규격 공통 검사"",""reason"":""확정 배치와 최종 적재 상태 검사""},""orientation"":{""status"":""PASS"",""violations"":0,""checkedPlacements"":6,""scope"":""직육면체 기하·관측 규격 공통 검사"",""reason"":""확정 배치와 최종 적재 상태 검사""},""load"":{""status"":""PASS"",""violations"":0,""checkedPlacements"":6,""scope"":""입력된 허용 상부하중 · 누적 정적 반력"",""reason"":""입력값 범위의 정적 검사. 실측 재료 인증 아님""},""support"":{""status"":""PASS"",""violations"":0,""checkedPlacements"":6,""scope"":""접촉·합력 작용점·정적 평형"",""reason"":""설정된 지지율·전도 여유 검사. 동적 붕괴·굽힘 파손 미검증""},""payload"":{""status"":""PASS"",""violations"":0,""checkedPlacements"":6,""scope"":""입력 가반하중 · 박스+그리퍼 질량"",""reason"":""사용자가 설정한 가반하중 한계 검사""},""robotCollision"":{""status"":""NOT VERIFIED"",""violations"":0,""checkedPlacements"":6,""scope"":""TCP·그리퍼 스윕 근사만 수행"",""reason"":""전체 로봇 링크 충돌 미검증""},""approach"":{""status"":""NOT VERIFIED"",""violations"":0,""checkedPlacements"":6,""scope"":""TCP·그리퍼 스윕 근사만 수행"",""reason"":""실제 관절 한계·역기구학·접근 자세 미검증""},""sequence"":{""status"":""NOT VERIFIED"",""violations"":0,""checkedPlacements"":6,""scope"":""TCP·그리퍼 스윕 근사만 수행"",""reason"":""실제 파지·관절 궤적·전 과정 실행 미검증""}}","9.737797678571429","33.333333333333336","6","12","0.208466884","1010936666","217","","","","95.34615384615384","109.24208534287129","100","100","28.349984343734608","70.8","1.1721854304635762","0","0","","4.795042857143146","7.107700000000477","6.705790000001433","7.027318000000668","33.565300000002026","85.71428571428571","48.21703599941189","23.541073399617733","447.9744462157205","296","0.727100000003702","9.737797678571429","0","33.333333333333336","","","100","0","0","","","0","","","","","","",""
"pack-greedy","online","random","42","0","a3f2e998","partial","orientation / boundary / collision / load / support / robot","explicit","proxy","{}","{""bounds"":86,""support"":69,""load"":44}","adapter-1.0 / planners-f6ec11d4259a","2.0.0","{""requested"":1,""completed"":1,""outcomes"":[],""sameWorker"":false}","{""collision"":{""status"":""PASS"",""violations"":0,""checkedPlacements"":4,""scope"":""직육면체 기하·관측 규격 공통 검사"",""reason"":""확정 배치와 최종 적재 상태 검사""},""bounds"":{""status"":""PASS"",""violations"":0,""checkedPlacements"":4,""scope"":""직육면체 기하·관측 규격 공통 검사"",""reason"":""확정 배치와 최종 적재 상태 검사""},""height"":{""status"":""PASS"",""violations"":0,""checkedPlacements"":4,""scope"":""직육면체 기하·관측 규격 공통 검사"",""reason"":""확정 배치와 최종 적재 상태 검사""},""orientation"":{""status"":""PASS"",""violations"":0,""checkedPlacements"":4,""scope"":""직육면체 기하·관측 규격 공통 검사"",""reason"":""확정 배치와 최종 적재 상태 검사""},""load"":{""status"":""PASS"",""violations"":0,""checkedPlacements"":4,""scope"":""입력된 허용 상부하중 · 누적 정적 반력"",""reason"":""입력값 범위의 정적 검사. 실측 재료 인증 아님""},""support"":{""status"":""PASS"",""violations"":0,""checkedPlacements"":4,""scope"":""접촉·합력 작용점·정적 평형"",""reason"":""설정된 지지율·전도 여유 검사. 동적 붕괴·굽힘 파손 미검증""},""payload"":{""status"":""PASS"",""violations"":0,""checkedPlacements"":4,""scope"":""입력 가반하중 · 박스+그리퍼 질량"",""reason"":""사용자가 설정한 가반하중 한계 검사""},""robotCollision"":{""status"":""NOT VERIFIED"",""violations"":0,""checkedPlacements"":4,""scope"":""TCP·그리퍼 스윕 근사만 수행"",""reason"":""전체 로봇 링크 충돌 미검증""},""approach"":{""status"":""NOT VERIFIED"",""violations"":0,""checkedPlacements"":4,""scope"":""TCP·그리퍼 스윕 근사만 수행"",""reason"":""실제 관절 한계·역기구학·접근 자세 미검증""},""sequence"":{""status"":""NOT VERIFIED"",""violations"":0,""checkedPlacements"":4,""scope"":""TCP·그리퍼 스윕 근사만 수행"",""reason"":""실제 파지·관절 궤적·전 과정 실행 미검증""}}","6.1593285714285715","22.22222222222222","4","14","0.248545738","1051015520","217","","","","96.58108108108108","66.80094007815349","100","100","23.1955326238659","70.8","1.1721854304635762","0","0","","3.918039999996836","6.382399999994959","5.9375199999951285","6.293423999994993","19.59019999998418","80","34.26191568328356","16.420245194134313","420.2917353808614","200","0.5443999999988591","6.1593285714285715","0","22.22222222222222","","","100","0","0","","","0","","","","","","",""
"pack-tetris","online","random","42","0","a3f2e998","partial","orientation / boundary / collision / load / support / robot","explicit","proxy","{}","{""bounds"":86,""support"":69,""load"":44}","adapter-1.0 / planners-f6ec11d4259a","2.0.0","{""requested"":1,""completed"":1,""outcomes"":[],""sameWorker"":false}","{""collision"":{""status"":""PASS"",""violations"":0,""checkedPlacements"":4,""scope"":""직육면체 기하·관측 규격 공통 검사"",""reason"":""확정 배치와 최종 적재 상태 검사""},""bounds"":{""status"":""PASS"",""violations"":0,""checkedPlacements"":4,""scope"":""직육면체 기하·관측 규격 공통 검사"",""reason"":""확정 배치와 최종 적재 상태 검사""},""height"":{""status"":""PASS"",""violations"":0,""checkedPlacements"":4,""scope"":""직육면체 기하·관측 규격 공통 검사"",""reason"":""확정 배치와 최종 적재 상태 검사""},""orientation"":{""status"":""PASS"",""violations"":0,""checkedPlacements"":4,""scope"":""직육면체 기하·관측 규격 공통 검사"",""reason"":""확정 배치와 최종 적재 상태 검사""},""load"":{""status"":""PASS"",""violations"":0,""checkedPlacements"":4,""scope"":""입력된 허용 상부하중 · 누적 정적 반력"",""reason"":""입력값 범위의 정적 검사. 실측 재료 인증 아님""},""support"":{""status"":""PASS"",""violations"":0,""checkedPlacements"":4,""scope"":""접촉·합력 작용점·정적 평형"",""reason"":""설정된 지지율·전도 여유 검사. 동적 붕괴·굽힘 파손 미검증""},""payload"":{""status"":""PASS"",""violations"":0,""checkedPlacements"":4,""scope"":""입력 가반하중 · 박스+그리퍼 질량"",""reason"":""사용자가 설정한 가반하중 한계 검사""},""robotCollision"":{""status"":""NOT VERIFIED"",""violations"":0,""checkedPlacements"":4,""scope"":""TCP·그리퍼 스윕 근사만 수행"",""reason"":""전체 로봇 링크 충돌 미검증""},""approach"":{""status"":""NOT VERIFIED"",""violations"":0,""checkedPlacements"":4,""scope"":""TCP·그리퍼 스윕 근사만 수행"",""reason"":""실제 관절 한계·역기구학·접근 자세 미검증""},""sequence"":{""status"":""NOT VERIFIED"",""violations"":0,""checkedPlacements"":4,""scope"":""TCP·그리퍼 스윕 근사만 수행"",""reason"":""실제 파지·관절 궤적·전 과정 실행 미검증""}}","6.1593285714285715","22.22222222222222","4","14","0.248545738","1051015520","217","","","","96.58108108108108","66.80094007815349","100","100","23.1955326238659","70.8","1.1721854304635762","0","0","","3.419659999999567","4.561800000003132","4.466580000001704","4.542756000002846","17.098299999997835","80","34.26191568328356","16.420245194134313","420.2917353808614","200","0.36850000000413274","6.1593285714285715","0","22.22222222222222","","","100","0","0","","","0","","","","","","",""
"pack-beam","online","random","42","0","a3f2e998","partial","orientation / boundary / collision / load / support / robot","explicit","proxy","{}","{""bounds"":116,""support"":129,""load"":51,""protocol"":2,""robot-path"":2}","adapter-1.0 / planners-f6ec11d4259a","2.0.0","{""requested"":1,""completed"":1,""outcomes"":[],""sameWorker"":false}","{""collision"":{""status"":""PASS"",""violations"":0,""checkedPlacements"":6,""scope"":""직육면체 기하·관측 규격 공통 검사"",""reason"":""확정 배치와 최종 적재 상태 검사""},""bounds"":{""status"":""PASS"",""violations"":0,""checkedPlacements"":6,""scope"":""직육면체 기하·관측 규격 공통 검사"",""reason"":""확정 배치와 최종 적재 상태 검사""},""height"":{""status"":""PASS"",""violations"":0,""checkedPlacements"":6,""scope"":""직육면체 기하·관측 규격 공통 검사"",""reason"":""확정 배치와 최종 적재 상태 검사""},""orientation"":{""status"":""PASS"",""violations"":0,""checkedPlacements"":6,""scope"":""직육면체 기하·관측 규격 공통 검사"",""reason"":""확정 배치와 최종 적재 상태 검사""},""load"":{""status"":""PASS"",""violations"":0,""checkedPlacements"":6,""scope"":""입력된 허용 상부하중 · 누적 정적 반력"",""reason"":""입력값 범위의 정적 검사. 실측 재료 인증 아님""},""support"":{""status"":""PASS"",""violations"":0,""checkedPlacements"":6,""scope"":""접촉·합력 작용점·정적 평형"",""reason"":""설정된 지지율·전도 여유 검사. 동적 붕괴·굽힘 파손 미검증""},""payload"":{""status"":""PASS"",""violations"":0,""checkedPlacements"":6,""scope"":""입력 가반하중 · 박스+그리퍼 질량"",""reason"":""사용자가 설정한 가반하중 한계 검사""},""robotCollision"":{""status"":""NOT VERIFIED"",""violations"":0,""checkedPlacements"":6,""scope"":""TCP·그리퍼 스윕 근사만 수행"",""reason"":""전체 로봇 링크 충돌 미검증""},""approach"":{""status"":""NOT VERIFIED"",""violations"":0,""checkedPlacements"":6,""scope"":""TCP·그리퍼 스윕 근사만 수행"",""reason"":""실제 관절 한계·역기구학·접근 자세 미검증""},""sequence"":{""status"":""NOT VERIFIED"",""violations"":0,""checkedPlacements"":6,""scope"":""TCP·그리퍼 스윕 근사만 수행"",""reason"":""실제 파지·관절 궤적·전 과정 실행 미검증""}}","9.737797678571429","33.333333333333336","6","12","0.208466884","1010936666","217","","","","95.34615384615384","89.65372652864676","100","100","18.39556938118722","70.8","1.1721854304635762","0","0","","1060.9243000000008","1433.2739000000001","1387.2659899999999","1424.072318","7426.470100000006","85.71428571428571","50.99773084926821","24.048525052024342","423.54825676150546","296","0.5711999999984982","9.737797678571429","0","33.333333333333336","","","100","0","0","","","0","","","","","","",""
"pack-robust","online","random","42","0","a3f2e998","partial","orientation / boundary / collision / load / support / robot","explicit","proxy","{}","{""bounds"":116,""support"":129,""load"":51,""protocol"":2,""robot-path"":2}","adapter-1.0 / planners-f6ec11d4259a","2.0.0","{""requested"":1,""completed"":1,""outcomes"":[],""sameWorker"":false}","{""collision"":{""status"":""PASS"",""violations"":0,""checkedPlacements"":6,""scope"":""직육면체 기하·관측 규격 공통 검사"",""reason"":""확정 배치와 최종 적재 상태 검사""},""bounds"":{""status"":""PASS"",""violations"":0,""checkedPlacements"":6,""scope"":""직육면체 기하·관측 규격 공통 검사"",""reason"":""확정 배치와 최종 적재 상태 검사""},""height"":{""status"":""PASS"",""violations"":0,""checkedPlacements"":6,""scope"":""직육면체 기하·관측 규격 공통 검사"",""reason"":""확정 배치와 최종 적재 상태 검사""},""orientation"":{""status"":""PASS"",""violations"":0,""checkedPlacements"":6,""scope"":""직육면체 기하·관측 규격 공통 검사"",""reason"":""확정 배치와 최종 적재 상태 검사""},""load"":{""status"":""PASS"",""violations"":0,""checkedPlacements"":6,""scope"":""입력된 허용 상부하중 · 누적 정적 반력"",""reason"":""입력값 범위의 정적 검사. 실측 재료 인증 아님""},""support"":{""status"":""PASS"",""violations"":0,""checkedPlacements"":6,""scope"":""접촉·합력 작용점·정적 평형"",""reason"":""설정된 지지율·전도 여유 검사. 동적 붕괴·굽힘 파손 미검증""},""payload"":{""status"":""PASS"",""violations"":0,""checkedPlacements"":6,""scope"":""입력 가반하중 · 박스+그리퍼 질량"",""reason"":""사용자가 설정한 가반하중 한계 검사""},""robotCollision"":{""status"":""NOT VERIFIED"",""violations"":0,""checkedPlacements"":6,""scope"":""TCP·그리퍼 스윕 근사만 수행"",""reason"":""전체 로봇 링크 충돌 미검증""},""approach"":{""status"":""NOT VERIFIED"",""violations"":0,""checkedPlacements"":6,""scope"":""TCP·그리퍼 스윕 근사만 수행"",""reason"":""실제 관절 한계·역기구학·접근 자세 미검증""},""sequence"":{""status"":""NOT VERIFIED"",""violations"":0,""checkedPlacements"":6,""scope"":""TCP·그리퍼 스윕 근사만 수행"",""reason"":""실제 파지·관절 궤적·전 과정 실행 미검증""}}","9.737797678571429","33.333333333333336","6","12","0.208466884","1010936666","217","","","","95.34615384615384","89.65372652864676","100","100","18.39556938118722","70.8","1.1721854304635762","0","0","","1094.3233142857146","1421.8464999999997","1408.0695699999997","1419.0911139999996","7660.263200000001","85.71428571428571","50.99773084926821","24.048525052024342","423.54825676150546","296","0.8626000000003842","9.737797678571429","0","33.333333333333336","","","100","0","0","","","0","","","","","","",""
"hrpal-grid-v1","online","identical","43","1","cc80fb20","complete","","explicit","proxy","{}","{""collision"":141,""robot-path"":141,""support"":117}","inferred-grid-layer/1","2.0.0","{""requested"":1,""completed"":1,""outcomes"":[],""sameWorker"":false}","{""collision"":{""status"":""PASS"",""violations"":0,""checkedPlacements"":12,""scope"":""직육면체 기하·관측 규격 공통 검사"",""reason"":""확정 배치와 최종 적재 상태 검사""},""bounds"":{""status"":""PASS"",""violations"":0,""checkedPlacements"":12,""scope"":""직육면체 기하·관측 규격 공통 검사"",""reason"":""확정 배치와 최종 적재 상태 검사""},""height"":{""status"":""PASS"",""violations"":0,""checkedPlacements"":12,""scope"":""직육면체 기하·관측 규격 공통 검사"",""reason"":""확정 배치와 최종 적재 상태 검사""},""orientation"":{""status"":""PASS"",""violations"":0,""checkedPlacements"":12,""scope"":""직육면체 기하·관측 규격 공통 검사"",""reason"":""확정 배치와 최종 적재 상태 검사""},""load"":{""status"":""PASS"",""violations"":0,""checkedPlacements"":12,""scope"":""입력된 허용 상부하중 · 누적 정적 반력"",""reason"":""입력값 범위의 정적 검사. 실측 재료 인증 아님""},""support"":{""status"":""PASS"",""violations"":0,""checkedPlacements"":12,""scope"":""접촉·합력 작용점·정적 평형"",""reason"":""설정된 지지율·전도 여유 검사. 동적 붕괴·굽힘 파손 미검증""},""payload"":{""status"":""PASS"",""violations"":0,""checkedPlacements"":12,""scope"":""입력 가반하중 · 박스+그리퍼 질량"",""reason"":""사용자가 설정한 가반하중 한계 검사""},""robotCollision"":{""status"":""NOT VERIFIED"",""violations"":0,""checkedPlacements"":12,""scope"":""TCP·그리퍼 스윕 근사만 수행"",""reason"":""전체 로봇 링크 충돌 미검증""},""approach"":{""status"":""NOT VERIFIED"",""violations"":0,""checkedPlacements"":12,""scope"":""TCP·그리퍼 스윕 근사만 수행"",""reason"":""실제 관절 한계·역기구학·접근 자세 미검증""},""sequence"":{""status"":""NOT VERIFIED"",""violations"":0,""checkedPlacements"":12,""scope"":""TCP·그리퍼 스윕 근사만 수행"",""reason"":""실제 파지·관절 궤적·전 과정 실행 미검증""}}","16.071428571428573","100","12","0","0","940000000","400","","","","150","100.77822185373186","100","100","20.55555555555556","95","0.625","0","0","","7.272433333334145","15.54030000000057","14.893005000001358","15.410841000000728","87.26920000000973","100","100.37583405928804","49.64429213853723","430.38247606972277","419","4.150099999998929","","","","","","100","0","0","","","100","","","","","","",""
"random","online","identical","43","1","cc80fb20","complete","","explicit","proxy","{}","{""bounds"":32,""support"":286}","adapter-1.0 / planners-f6ec11d4259a","2.0.0","{""requested"":1,""completed"":1,""outcomes"":[],""sameWorker"":false}","{""collision"":{""status"":""PASS"",""violations"":0,""checkedPlacements"":12,""scope"":""직육면체 기하·관측 규격 공통 검사"",""reason"":""확정 배치와 최종 적재 상태 검사""},""bounds"":{""status"":""PASS"",""violations"":0,""checkedPlacements"":12,""scope"":""직육면체 기하·관측 규격 공통 검사"",""reason"":""확정 배치와 최종 적재 상태 검사""},""height"":{""status"":""PASS"",""violations"":0,""checkedPlacements"":12,""scope"":""직육면체 기하·관측 규격 공통 검사"",""reason"":""확정 배치와 최종 적재 상태 검사""},""orientation"":{""status"":""PASS"",""violations"":0,""checkedPlacements"":12,""scope"":""직육면체 기하·관측 규격 공통 검사"",""reason"":""확정 배치와 최종 적재 상태 검사""},""load"":{""status"":""PASS"",""violations"":0,""checkedPlacements"":12,""scope"":""입력된 허용 상부하중 · 누적 정적 반력"",""reason"":""입력값 범위의 정적 검사. 실측 재료 인증 아님""},""support"":{""status"":""PASS"",""violations"":0,""checkedPlacements"":12,""scope"":""접촉·합력 작용점·정적 평형"",""reason"":""설정된 지지율·전도 여유 검사. 동적 붕괴·굽힘 파손 미검증""},""payload"":{""status"":""PASS"",""violations"":0,""checkedPlacements"":12,""scope"":""입력 가반하중 · 박스+그리퍼 질량"",""reason"":""사용자가 설정한 가반하중 한계 검사""},""robotCollision"":{""status"":""NOT VERIFIED"",""violations"":0,""checkedPlacements"":12,""scope"":""TCP·그리퍼 스윕 근사만 수행"",""reason"":""전체 로봇 링크 충돌 미검증""},""approach"":{""status"":""NOT VERIFIED"",""violations"":0,""checkedPlacements"":12,""scope"":""TCP·그리퍼 스윕 근사만 수행"",""reason"":""실제 관절 한계·역기구학·접근 자세 미검증""},""sequence"":{""status"":""NOT VERIFIED"",""violations"":0,""checkedPlacements"":12,""scope"":""TCP·그리퍼 스윕 근사만 수행"",""reason"":""실제 파지·관절 궤적·전 과정 실행 미검증""}}","16.071428571428573","100","12","0","0","940000000","600","","","","200","124.61747023948483","99.44444444444444","96.66666666666667","28.904249518701814","75.52340281728749","0.4197395608011792","0","0","","8.797216666665918","12.596199999999953","12.51721999999827","12.580403999999616","105.56659999999101","100","107.48338853642021","49.71420254867314","401.9225722992711","529","3.90400000000227","","","","","","100","0","0","","","100","","","","","","",""
"bl","online","identical","43","1","cc80fb20","complete","","explicit","proxy","{}","{""bounds"":55,""support"":131}","adapter-1.0 / planners-f6ec11d4259a","2.0.0","{""requested"":1,""completed"":1,""outcomes"":[],""sameWorker"":false}","{""collision"":{""status"":""PASS"",""violations"":0,""checkedPlacements"":12,""scope"":""직육면체 기하·관측 규격 공통 검사"",""reason"":""확정 배치와 최종 적재 상태 검사""},""bounds"":{""status"":""PASS"",""violations"":0,""checkedPlacements"":12,""scope"":""직육면체 기하·관측 규격 공통 검사"",""reason"":""확정 배치와 최종 적재 상태 검사""},""height"":{""status"":""PASS"",""violations"":0,""checkedPlacements"":12,""scope"":""직육면체 기하·관측 규격 공통 검사"",""reason"":""확정 배치와 최종 적재 상태 검사""},""orientation"":{""status"":""PASS"",""violations"":0,""checkedPlacements"":12,""scope"":""직육면체 기하·관측 규격 공통 검사"",""reason"":""확정 배치와 최종 적재 상태 검사""},""load"":{""status"":""PASS"",""violations"":0,""checkedPlacements"":12,""scope"":""입력된 허용 상부하중 · 누적 정적 반력"",""reason"":""입력값 범위의 정적 검사. 실측 재료 인증 아님""},""support"":{""status"":""PASS"",""violations"":0,""checkedPlacements"":12,""scope"":""접촉·합력 작용점·정적 평형"",""reason"":""설정된 지지율·전도 여유 검사. 동적 붕괴·굽힘 파손 미검증""},""payload"":{""status"":""PASS"",""violations"":0,""checkedPlacements"":12,""scope"":""입력 가반하중 · 박스+그리퍼 질량"",""reason"":""사용자가 설정한 가반하중 한계 검사""},""robotCollision"":{""status"":""NOT VERIFIED"",""violations"":0,""checkedPlacements"":12,""scope"":""TCP·그리퍼 스윕 근사만 수행"",""reason"":""전체 로봇 링크 충돌 미검증""},""approach"":{""status"":""NOT VERIFIED"",""violations"":0,""checkedPlacements"":12,""scope"":""TCP·그리퍼 스윕 근사만 수행"",""reason"":""실제 관절 한계·역기구학·접근 자세 미검증""},""sequence"":{""status"":""NOT VERIFIED"",""violations"":0,""checkedPlacements"":12,""scope"":""TCP·그리퍼 스윕 근사만 수행"",""reason"":""실제 파지·관절 궤적·전 과정 실행 미검증""}}","16.071428571428573","100","12","0","0","940000000","400","","","","150","100.77822185373186","100","100","20.55555555555556","95","0.625","0","0","","12.364399999998568","21.888400000003458","20.920950000000445","21.694910000002857","148.37279999998282","100","100.37583405928807","49.64429213853723","430.38247606972266","533","2.9250000000029104","","","","","","100","0","0","","","100","","","","","","",""
"greedy","online","identical","43","1","cc80fb20","complete","","explicit","proxy","{}","{""bounds"":12,""support"":157}","adapter-1.0 / planners-f6ec11d4259a","2.0.0","{""requested"":1,""completed"":1,""outcomes"":[],""sameWorker"":false}","{""collision"":{""status"":""PASS"",""violations"":0,""checkedPlacements"":12,""scope"":""직육면체 기하·관측 규격 공통 검사"",""reason"":""확정 배치와 최종 적재 상태 검사""},""bounds"":{""status"":""PASS"",""violations"":0,""checkedPlacements"":12,""scope"":""직육면체 기하·관측 규격 공통 검사"",""reason"":""확정 배치와 최종 적재 상태 검사""},""height"":{""status"":""PASS"",""violations"":0,""checkedPlacements"":12,""scope"":""직육면체 기하·관측 규격 공통 검사"",""reason"":""확정 배치와 최종 적재 상태 검사""},""orientation"":{""status"":""PASS"",""violations"":0,""checkedPlacements"":12,""scope"":""직육면체 기하·관측 규격 공통 검사"",""reason"":""확정 배치와 최종 적재 상태 검사""},""load"":{""status"":""PASS"",""violations"":0,""checkedPlacements"":12,""scope"":""입력된 허용 상부하중 · 누적 정적 반력"",""reason"":""입력값 범위의 정적 검사. 실측 재료 인증 아님""},""support"":{""status"":""PASS"",""violations"":0,""checkedPlacements"":12,""scope"":""접촉·합력 작용점·정적 평형"",""reason"":""설정된 지지율·전도 여유 검사. 동적 붕괴·굽힘 파손 미검증""},""payload"":{""status"":""PASS"",""violations"":0,""checkedPlacements"":12,""scope"":""입력 가반하중 · 박스+그리퍼 질량"",""reason"":""사용자가 설정한 가반하중 한계 검사""},""robotCollision"":{""status"":""NOT VERIFIED"",""violations"":0,""checkedPlacements"":12,""scope"":""TCP·그리퍼 스윕 근사만 수행"",""reason"":""전체 로봇 링크 충돌 미검증""},""approach"":{""status"":""NOT VERIFIED"",""violations"":0,""checkedPlacements"":12,""scope"":""TCP·그리퍼 스윕 근사만 수행"",""reason"":""실제 관절 한계·역기구학·접근 자세 미검증""},""sequence"":{""status"":""NOT VERIFIED"",""violations"":0,""checkedPlacements"":12,""scope"":""TCP·그리퍼 스윕 근사만 수행"",""reason"":""실제 파지·관절 궤적·전 과정 실행 미검증""}}","16.071428571428573","100","12","0","0","940000000","400","","","","150","50.34602488997738","100","100","12.361111111111118","89.7435897435898","0.6250000000000001","0","0","","24.36899166666808","48.78770000000077","40.572900000003926","47.14474000000141","292.42790000001696","100","107.03781804388689","51.37458172852648","403.5956710392531","538","3.3206999999965774","","","","","","100","0","0","","","100","","","","","","",""
"rollout","online","identical","43","1","cc80fb20","complete","","explicit","proxy","{}","{""bounds"":12,""support"":157}","adapter-1.0 / planners-f6ec11d4259a","2.0.0","{""requested"":1,""completed"":1,""outcomes"":[],""sameWorker"":false}","{""collision"":{""status"":""PASS"",""violations"":0,""checkedPlacements"":12,""scope"":""직육면체 기하·관측 규격 공통 검사"",""reason"":""확정 배치와 최종 적재 상태 검사""},""bounds"":{""status"":""PASS"",""violations"":0,""checkedPlacements"":12,""scope"":""직육면체 기하·관측 규격 공통 검사"",""reason"":""확정 배치와 최종 적재 상태 검사""},""height"":{""status"":""PASS"",""violations"":0,""checkedPlacements"":12,""scope"":""직육면체 기하·관측 규격 공통 검사"",""reason"":""확정 배치와 최종 적재 상태 검사""},""orientation"":{""status"":""PASS"",""violations"":0,""checkedPlacements"":12,""scope"":""직육면체 기하·관측 규격 공통 검사"",""reason"":""확정 배치와 최종 적재 상태 검사""},""load"":{""status"":""PASS"",""violations"":0,""checkedPlacements"":12,""scope"":""입력된 허용 상부하중 · 누적 정적 반력"",""reason"":""입력값 범위의 정적 검사. 실측 재료 인증 아님""},""support"":{""status"":""PASS"",""violations"":0,""checkedPlacements"":12,""scope"":""접촉·합력 작용점·정적 평형"",""reason"":""설정된 지지율·전도 여유 검사. 동적 붕괴·굽힘 파손 미검증""},""payload"":{""status"":""PASS"",""violations"":0,""checkedPlacements"":12,""scope"":""입력 가반하중 · 박스+그리퍼 질량"",""reason"":""사용자가 설정한 가반하중 한계 검사""},""robotCollision"":{""status"":""NOT VERIFIED"",""violations"":0,""checkedPlacements"":12,""scope"":""TCP·그리퍼 스윕 근사만 수행"",""reason"":""전체 로봇 링크 충돌 미검증""},""approach"":{""status"":""NOT VERIFIED"",""violations"":0,""checkedPlacements"":12,""scope"":""TCP·그리퍼 스윕 근사만 수행"",""reason"":""실제 관절 한계·역기구학·접근 자세 미검증""},""sequence"":{""status"":""NOT VERIFIED"",""violations"":0,""checkedPlacements"":12,""scope"":""TCP·그리퍼 스윕 근사만 수행"",""reason"":""실제 파지·관절 궤적·전 과정 실행 미검증""}}","16.071428571428573","100","12","0","0","940000000","400","","","","150","50.34602488997738","100","100","12.361111111111118","89.7435897435898","0.6250000000000001","0","0","","317.9302166666669","522.8237999999983","501.02884000000086","518.4648079999988","3815.1626000000033","100","107.03781804388689","51.37458172852648","403.5956710392531","538","2.5273999999990338","","","","","","100","0","0","","","100","","","","","","",""
"strategy-greedy","online","identical","43","1","cc80fb20","complete","","explicit","proxy","{}","{""bounds"":12,""support"":190}","adapter-1.0 / planners-f6ec11d4259a","2.0.0","{""requested"":1,""completed"":1,""outcomes"":[],""sameWorker"":false}","{""collision"":{""status"":""PASS"",""violations"":0,""checkedPlacements"":12,""scope"":""직육면체 기하·관측 규격 공통 검사"",""reason"":""확정 배치와 최종 적재 상태 검사""},""bounds"":{""status"":""PASS"",""violations"":0,""checkedPlacements"":12,""scope"":""직육면체 기하·관측 규격 공통 검사"",""reason"":""확정 배치와 최종 적재 상태 검사""},""height"":{""status"":""PASS"",""violations"":0,""checkedPlacements"":12,""scope"":""직육면체 기하·관측 규격 공통 검사"",""reason"":""확정 배치와 최종 적재 상태 검사""},""orientation"":{""status"":""PASS"",""violations"":0,""checkedPlacements"":12,""scope"":""직육면체 기하·관측 규격 공통 검사"",""reason"":""확정 배치와 최종 적재 상태 검사""},""load"":{""status"":""PASS"",""violations"":0,""checkedPlacements"":12,""scope"":""입력된 허용 상부하중 · 누적 정적 반력"",""reason"":""입력값 범위의 정적 검사. 실측 재료 인증 아님""},""support"":{""status"":""PASS"",""violations"":0,""checkedPlacements"":12,""scope"":""접촉·합력 작용점·정적 평형"",""reason"":""설정된 지지율·전도 여유 검사. 동적 붕괴·굽힘 파손 미검증""},""payload"":{""status"":""PASS"",""violations"":0,""checkedPlacements"":12,""scope"":""입력 가반하중 · 박스+그리퍼 질량"",""reason"":""사용자가 설정한 가반하중 한계 검사""},""robotCollision"":{""status"":""NOT VERIFIED"",""violations"":0,""checkedPlacements"":12,""scope"":""TCP·그리퍼 스윕 근사만 수행"",""reason"":""전체 로봇 링크 충돌 미검증""},""approach"":{""status"":""NOT VERIFIED"",""violations"":0,""checkedPlacements"":12,""scope"":""TCP·그리퍼 스윕 근사만 수행"",""reason"":""실제 관절 한계·역기구학·접근 자세 미검증""},""sequence"":{""status"":""NOT VERIFIED"",""violations"":0,""checkedPlacements"":12,""scope"":""TCP·그리퍼 스윕 근사만 수행"",""reason"":""실제 파지·관절 궤적·전 과정 실행 미검증""}}","16.071428571428573","100","12","0","0","940000000","400","","","","150","0","100","100","1.3888888888888868","95","0.625","0","0","","9.196766666667221","13.770900000003166","13.747360000001573","13.766192000002848","110.36120000000665","100","108.20092680945035","50.83060242614273","399.25720854571165","538","4.430200000002515","","","","","","100","0","0","","","100","","","","","","",""
"macs","online","identical","43","1","cc80fb20","complete","","explicit","proxy","{}","{""bounds"":12,""support"":190}","adapter-1.0 / planners-f6ec11d4259a","2.0.0","{""requested"":1,""completed"":1,""outcomes"":[],""sameWorker"":false}","{""collision"":{""status"":""PASS"",""violations"":0,""checkedPlacements"":12,""scope"":""직육면체 기하·관측 규격 공통 검사"",""reason"":""확정 배치와 최종 적재 상태 검사""},""bounds"":{""status"":""PASS"",""violations"":0,""checkedPlacements"":12,""scope"":""직육면체 기하·관측 규격 공통 검사"",""reason"":""확정 배치와 최종 적재 상태 검사""},""height"":{""status"":""PASS"",""violations"":0,""checkedPlacements"":12,""scope"":""직육면체 기하·관측 규격 공통 검사"",""reason"":""확정 배치와 최종 적재 상태 검사""},""orientation"":{""status"":""PASS"",""violations"":0,""checkedPlacements"":12,""scope"":""직육면체 기하·관측 규격 공통 검사"",""reason"":""확정 배치와 최종 적재 상태 검사""},""load"":{""status"":""PASS"",""violations"":0,""checkedPlacements"":12,""scope"":""입력된 허용 상부하중 · 누적 정적 반력"",""reason"":""입력값 범위의 정적 검사. 실측 재료 인증 아님""},""support"":{""status"":""PASS"",""violations"":0,""checkedPlacements"":12,""scope"":""접촉·합력 작용점·정적 평형"",""reason"":""설정된 지지율·전도 여유 검사. 동적 붕괴·굽힘 파손 미검증""},""payload"":{""status"":""PASS"",""violations"":0,""checkedPlacements"":12,""scope"":""입력 가반하중 · 박스+그리퍼 질량"",""reason"":""사용자가 설정한 가반하중 한계 검사""},""robotCollision"":{""status"":""NOT VERIFIED"",""violations"":0,""checkedPlacements"":12,""scope"":""TCP·그리퍼 스윕 근사만 수행"",""reason"":""전체 로봇 링크 충돌 미검증""},""approach"":{""status"":""NOT VERIFIED"",""violations"":0,""checkedPlacements"":12,""scope"":""TCP·그리퍼 스윕 근사만 수행"",""reason"":""실제 관절 한계·역기구학·접근 자세 미검증""},""sequence"":{""status"":""NOT VERIFIED"",""violations"":0,""checkedPlacements"":12,""scope"":""TCP·그리퍼 스윕 근사만 수행"",""reason"":""실제 파지·관절 궤적·전 과정 실행 미검증""}}","16.071428571428573","100","12","0","0","940000000","400","","","","150","0","100","100","1.3888888888888868","95","0.625","0","0","","11.09617499999998","18.55870000000141","16.812395000001196","18.209439000001368","133.15409999999974","100","108.20092680945035","50.83060242614273","399.25720854571165","538","3.5852000000013504","","","","","","100","0","0","","","100","","","","","","",""
"tetris-reserved","online","identical","43","1","cc80fb20","complete","","explicit","proxy","{}","{""bounds"":20,""support"":63}","adapter-1.0 / planners-f6ec11d4259a","2.0.0","{""requested"":1,""completed"":1,""outcomes"":[],""sameWorker"":false}","{""collision"":{""status"":""PASS"",""violations"":0,""checkedPlacements"":12,""scope"":""직육면체 기하·관측 규격 공통 검사"",""reason"":""확정 배치와 최종 적재 상태 검사""},""bounds"":{""status"":""PASS"",""violations"":0,""checkedPlacements"":12,""scope"":""직육면체 기하·관측 규격 공통 검사"",""reason"":""확정 배치와 최종 적재 상태 검사""},""height"":{""status"":""PASS"",""violations"":0,""checkedPlacements"":12,""scope"":""직육면체 기하·관측 규격 공통 검사"",""reason"":""확정 배치와 최종 적재 상태 검사""},""orientation"":{""status"":""PASS"",""violations"":0,""checkedPlacements"":12,""scope"":""직육면체 기하·관측 규격 공통 검사"",""reason"":""확정 배치와 최종 적재 상태 검사""},""load"":{""status"":""PASS"",""violations"":0,""checkedPlacements"":12,""scope"":""입력된 허용 상부하중 · 누적 정적 반력"",""reason"":""입력값 범위의 정적 검사. 실측 재료 인증 아님""},""support"":{""status"":""PASS"",""violations"":0,""checkedPlacements"":12,""scope"":""접촉·합력 작용점·정적 평형"",""reason"":""설정된 지지율·전도 여유 검사. 동적 붕괴·굽힘 파손 미검증""},""payload"":{""status"":""PASS"",""violations"":0,""checkedPlacements"":12,""scope"":""입력 가반하중 · 박스+그리퍼 질량"",""reason"":""사용자가 설정한 가반하중 한계 검사""},""robotCollision"":{""status"":""NOT VERIFIED"",""violations"":0,""checkedPlacements"":12,""scope"":""TCP·그리퍼 스윕 근사만 수행"",""reason"":""전체 로봇 링크 충돌 미검증""},""approach"":{""status"":""NOT VERIFIED"",""violations"":0,""checkedPlacements"":12,""scope"":""TCP·그리퍼 스윕 근사만 수행"",""reason"":""실제 관절 한계·역기구학·접근 자세 미검증""},""sequence"":{""status"":""NOT VERIFIED"",""violations"":0,""checkedPlacements"":12,""scope"":""TCP·그리퍼 스윕 근사만 수행"",""reason"":""실제 파지·관절 궤적·전 과정 실행 미검증""}}","16.071428571428573","100","12","0","0","940000000","400","","","","150","91.3108625033797","100","100","18.33333333333334","95","0.625","0","0","","187.1241999999996","382.23539999999775","365.5565399999981","378.89962799999785","2245.490399999995","100","101.72593767821284","49.871859490838354","424.67045264948547","533","2.162799999998242","","","","","","100","0","0","","","100","","","","","","",""
"dynamic-reservation","online","identical","43","1","cc80fb20","complete","","explicit","proxy","{}","{""bounds"":12,""support"":190}","adapter-1.0 / planners-f6ec11d4259a","2.0.0","{""requested"":1,""completed"":1,""outcomes"":[],""sameWorker"":false}","{""collision"":{""status"":""PASS"",""violations"":0,""checkedPlacements"":12,""scope"":""직육면체 기하·관측 규격 공통 검사"",""reason"":""확정 배치와 최종 적재 상태 검사""},""bounds"":{""status"":""PASS"",""violations"":0,""checkedPlacements"":12,""scope"":""직육면체 기하·관측 규격 공통 검사"",""reason"":""확정 배치와 최종 적재 상태 검사""},""height"":{""status"":""PASS"",""violations"":0,""checkedPlacements"":12,""scope"":""직육면체 기하·관측 규격 공통 검사"",""reason"":""확정 배치와 최종 적재 상태 검사""},""orientation"":{""status"":""PASS"",""violations"":0,""checkedPlacements"":12,""scope"":""직육면체 기하·관측 규격 공통 검사"",""reason"":""확정 배치와 최종 적재 상태 검사""},""load"":{""status"":""PASS"",""violations"":0,""checkedPlacements"":12,""scope"":""입력된 허용 상부하중 · 누적 정적 반력"",""reason"":""입력값 범위의 정적 검사. 실측 재료 인증 아님""},""support"":{""status"":""PASS"",""violations"":0,""checkedPlacements"":12,""scope"":""접촉·합력 작용점·정적 평형"",""reason"":""설정된 지지율·전도 여유 검사. 동적 붕괴·굽힘 파손 미검증""},""payload"":{""status"":""PASS"",""violations"":0,""checkedPlacements"":12,""scope"":""입력 가반하중 · 박스+그리퍼 질량"",""reason"":""사용자가 설정한 가반하중 한계 검사""},""robotCollision"":{""status"":""NOT VERIFIED"",""violations"":0,""checkedPlacements"":12,""scope"":""TCP·그리퍼 스윕 근사만 수행"",""reason"":""전체 로봇 링크 충돌 미검증""},""approach"":{""status"":""NOT VERIFIED"",""violations"":0,""checkedPlacements"":12,""scope"":""TCP·그리퍼 스윕 근사만 수행"",""reason"":""실제 관절 한계·역기구학·접근 자세 미검증""},""sequence"":{""status"":""NOT VERIFIED"",""violations"":0,""checkedPlacements"":12,""scope"":""TCP·그리퍼 스윕 근사만 수행"",""reason"":""실제 파지·관절 궤적·전 과정 실행 미검증""}}","16.071428571428573","100","12","0","0","940000000","400","","","","150","0","100","100","1.3888888888888868","95","0.625","0","0","","75.600483333333","151.19250000000466","145.10235000000247","149.97447000000423","907.2057999999961","100","108.20092680945035","50.83060242614273","399.25720854571165","538","3.085899999998219","","","","","","100","0","0","","","100","","","","","","",""
"lookahead","online","identical","43","1","cc80fb20","complete","","explicit","proxy","{}","{""bounds"":12,""support"":190}","adapter-1.0 / planners-f6ec11d4259a","2.0.0","{""requested"":1,""completed"":1,""outcomes"":[],""sameWorker"":false}","{""collision"":{""status"":""PASS"",""violations"":0,""checkedPlacements"":12,""scope"":""직육면체 기하·관측 규격 공통 검사"",""reason"":""확정 배치와 최종 적재 상태 검사""},""bounds"":{""status"":""PASS"",""violations"":0,""checkedPlacements"":12,""scope"":""직육면체 기하·관측 규격 공통 검사"",""reason"":""확정 배치와 최종 적재 상태 검사""},""height"":{""status"":""PASS"",""violations"":0,""checkedPlacements"":12,""scope"":""직육면체 기하·관측 규격 공통 검사"",""reason"":""확정 배치와 최종 적재 상태 검사""},""orientation"":{""status"":""PASS"",""violations"":0,""checkedPlacements"":12,""scope"":""직육면체 기하·관측 규격 공통 검사"",""reason"":""확정 배치와 최종 적재 상태 검사""},""load"":{""status"":""PASS"",""violations"":0,""checkedPlacements"":12,""scope"":""입력된 허용 상부하중 · 누적 정적 반력"",""reason"":""입력값 범위의 정적 검사. 실측 재료 인증 아님""},""support"":{""status"":""PASS"",""violations"":0,""checkedPlacements"":12,""scope"":""접촉·합력 작용점·정적 평형"",""reason"":""설정된 지지율·전도 여유 검사. 동적 붕괴·굽힘 파손 미검증""},""payload"":{""status"":""PASS"",""violations"":0,""checkedPlacements"":12,""scope"":""입력 가반하중 · 박스+그리퍼 질량"",""reason"":""사용자가 설정한 가반하중 한계 검사""},""robotCollision"":{""status"":""NOT VERIFIED"",""violations"":0,""checkedPlacements"":12,""scope"":""TCP·그리퍼 스윕 근사만 수행"",""reason"":""전체 로봇 링크 충돌 미검증""},""approach"":{""status"":""NOT VERIFIED"",""violations"":0,""checkedPlacements"":12,""scope"":""TCP·그리퍼 스윕 근사만 수행"",""reason"":""실제 관절 한계·역기구학·접근 자세 미검증""},""sequence"":{""status"":""NOT VERIFIED"",""violations"":0,""checkedPlacements"":12,""scope"":""TCP·그리퍼 스윕 근사만 수행"",""reason"":""실제 파지·관절 궤적·전 과정 실행 미검증""}}","16.071428571428573","100","12","0","0","940000000","400","","","","150","0","100","100","1.3888888888888868","95","0.625","0","0","","84.4988333333337","146.20470000000205","137.97736000000185","144.55923200000203","1013.9860000000044","100","108.20092680945035","50.83060242614273","399.25720854571165","538","1.7539000000033411","","","","","","100","0","0","","","100","","","","","","",""
"future-hybrid","online","identical","43","1","cc80fb20","complete","","explicit","proxy","{}","{""bounds"":12,""support"":190}","adapter-1.0 / planners-f6ec11d4259a","2.0.0","{""requested"":1,""completed"":1,""outcomes"":[],""sameWorker"":false}","{""collision"":{""status"":""PASS"",""violations"":0,""checkedPlacements"":12,""scope"":""직육면체 기하·관측 규격 공통 검사"",""reason"":""확정 배치와 최종 적재 상태 검사""},""bounds"":{""status"":""PASS"",""violations"":0,""checkedPlacements"":12,""scope"":""직육면체 기하·관측 규격 공통 검사"",""reason"":""확정 배치와 최종 적재 상태 검사""},""height"":{""status"":""PASS"",""violations"":0,""checkedPlacements"":12,""scope"":""직육면체 기하·관측 규격 공통 검사"",""reason"":""확정 배치와 최종 적재 상태 검사""},""orientation"":{""status"":""PASS"",""violations"":0,""checkedPlacements"":12,""scope"":""직육면체 기하·관측 규격 공통 검사"",""reason"":""확정 배치와 최종 적재 상태 검사""},""load"":{""status"":""PASS"",""violations"":0,""checkedPlacements"":12,""scope"":""입력된 허용 상부하중 · 누적 정적 반력"",""reason"":""입력값 범위의 정적 검사. 실측 재료 인증 아님""},""support"":{""status"":""PASS"",""violations"":0,""checkedPlacements"":12,""scope"":""접촉·합력 작용점·정적 평형"",""reason"":""설정된 지지율·전도 여유 검사. 동적 붕괴·굽힘 파손 미검증""},""payload"":{""status"":""PASS"",""violations"":0,""checkedPlacements"":12,""scope"":""입력 가반하중 · 박스+그리퍼 질량"",""reason"":""사용자가 설정한 가반하중 한계 검사""},""robotCollision"":{""status"":""NOT VERIFIED"",""violations"":0,""checkedPlacements"":12,""scope"":""TCP·그리퍼 스윕 근사만 수행"",""reason"":""전체 로봇 링크 충돌 미검증""},""approach"":{""status"":""NOT VERIFIED"",""violations"":0,""checkedPlacements"":12,""scope"":""TCP·그리퍼 스윕 근사만 수행"",""reason"":""실제 관절 한계·역기구학·접근 자세 미검증""},""sequence"":{""status"":""NOT VERIFIED"",""violations"":0,""checkedPlacements"":12,""scope"":""TCP·그리퍼 스윕 근사만 수행"",""reason"":""실제 파지·관절 궤적·전 과정 실행 미검증""}}","16.071428571428573","100","12","0","0","940000000","400","","","","150","0","100","100","1.3888888888888868","95","0.625","0","0","","71.88924166666705","157.59829999999783","156.10048499999903","157.29873699999808","862.6709000000046","100","108.20092680945035","50.83060242614273","399.25720854571165","538","4.912799999998242","","","","","","100","0","0","","","100","","","","","","",""
"blb","online","identical","43","1","cc80fb20","complete","","explicit","proxy","{}","{""bounds"":65,""support"":135}","adapter-1.0 / planners-f6ec11d4259a","2.0.0","{""requested"":1,""completed"":1,""outcomes"":[],""sameWorker"":false}","{""collision"":{""status"":""PASS"",""violations"":0,""checkedPlacements"":12,""scope"":""직육면체 기하·관측 규격 공통 검사"",""reason"":""확정 배치와 최종 적재 상태 검사""},""bounds"":{""status"":""PASS"",""violations"":0,""checkedPlacements"":12,""scope"":""직육면체 기하·관측 규격 공통 검사"",""reason"":""확정 배치와 최종 적재 상태 검사""},""height"":{""status"":""PASS"",""violations"":0,""checkedPlacements"":12,""scope"":""직육면체 기하·관측 규격 공통 검사"",""reason"":""확정 배치와 최종 적재 상태 검사""},""orientation"":{""status"":""PASS"",""violations"":0,""checkedPlacements"":12,""scope"":""직육면체 기하·관측 규격 공통 검사"",""reason"":""확정 배치와 최종 적재 상태 검사""},""load"":{""status"":""PASS"",""violations"":0,""checkedPlacements"":12,""scope"":""입력된 허용 상부하중 · 누적 정적 반력"",""reason"":""입력값 범위의 정적 검사. 실측 재료 인증 아님""},""support"":{""status"":""PASS"",""violations"":0,""checkedPlacements"":12,""scope"":""접촉·합력 작용점·정적 평형"",""reason"":""설정된 지지율·전도 여유 검사. 동적 붕괴·굽힘 파손 미검증""},""payload"":{""status"":""PASS"",""violations"":0,""checkedPlacements"":12,""scope"":""입력 가반하중 · 박스+그리퍼 질량"",""reason"":""사용자가 설정한 가반하중 한계 검사""},""robotCollision"":{""status"":""NOT VERIFIED"",""violations"":0,""checkedPlacements"":12,""scope"":""TCP·그리퍼 스윕 근사만 수행"",""reason"":""전체 로봇 링크 충돌 미검증""},""approach"":{""status"":""NOT VERIFIED"",""violations"":0,""checkedPlacements"":12,""scope"":""TCP·그리퍼 스윕 근사만 수행"",""reason"":""실제 관절 한계·역기구학·접근 자세 미검증""},""sequence"":{""status"":""NOT VERIFIED"",""violations"":0,""checkedPlacements"":12,""scope"":""TCP·그리퍼 스윕 근사만 수행"",""reason"":""실제 파지·관절 궤적·전 과정 실행 미검증""}}","16.071428571428573","100","12","0","0","940000000","400","","","","150","100.77822185373186","100","100","20.55555555555556","95","0.625","0","0","","9.3757999999998","24.18000000000029","20.773465000002393","23.498693000000717","112.50959999999759","100","100.37583405928807","49.64429213853723","430.38247606972266","529","2.6405999999988126","","","","","","100","0","0","","","100","","","","","","",""
"pack-first","online","identical","43","1","cc80fb20","complete","","explicit","proxy","{}","{""support"":102,""bounds"":224}","adapter-1.0 / planners-f6ec11d4259a","2.0.0","{""requested"":1,""completed"":1,""outcomes"":[],""sameWorker"":false}","{""collision"":{""status"":""PASS"",""violations"":0,""checkedPlacements"":12,""scope"":""직육면체 기하·관측 규격 공통 검사"",""reason"":""확정 배치와 최종 적재 상태 검사""},""bounds"":{""status"":""PASS"",""violations"":0,""checkedPlacements"":12,""scope"":""직육면체 기하·관측 규격 공통 검사"",""reason"":""확정 배치와 최종 적재 상태 검사""},""height"":{""status"":""PASS"",""violations"":0,""checkedPlacements"":12,""scope"":""직육면체 기하·관측 규격 공통 검사"",""reason"":""확정 배치와 최종 적재 상태 검사""},""orientation"":{""status"":""PASS"",""violations"":0,""checkedPlacements"":12,""scope"":""직육면체 기하·관측 규격 공통 검사"",""reason"":""확정 배치와 최종 적재 상태 검사""},""load"":{""status"":""PASS"",""violations"":0,""checkedPlacements"":12,""scope"":""입력된 허용 상부하중 · 누적 정적 반력"",""reason"":""입력값 범위의 정적 검사. 실측 재료 인증 아님""},""support"":{""status"":""PASS"",""violations"":0,""checkedPlacements"":12,""scope"":""접촉·합력 작용점·정적 평형"",""reason"":""설정된 지지율·전도 여유 검사. 동적 붕괴·굽힘 파손 미검증""},""payload"":{""status"":""PASS"",""violations"":0,""checkedPlacements"":12,""scope"":""입력 가반하중 · 박스+그리퍼 질량"",""reason"":""사용자가 설정한 가반하중 한계 검사""},""robotCollision"":{""status"":""NOT VERIFIED"",""violations"":0,""checkedPlacements"":12,""scope"":""TCP·그리퍼 스윕 근사만 수행"",""reason"":""전체 로봇 링크 충돌 미검증""},""approach"":{""status"":""NOT VERIFIED"",""violations"":0,""checkedPlacements"":12,""scope"":""TCP·그리퍼 스윕 근사만 수행"",""reason"":""실제 관절 한계·역기구학·접근 자세 미검증""},""sequence"":{""status"":""NOT VERIFIED"",""violations"":0,""checkedPlacements"":12,""scope"":""TCP·그리퍼 스윕 근사만 수행"",""reason"":""실제 파지·관절 궤적·전 과정 실행 미검증""}}","16.071428571428573","100","12","0","0","940000000","400","","","","150","100.77822185373186","100","100","20.55555555555556","95","0.625","0","0","","5.834408333334674","10.04149999999936","9.77155999999959","9.987511999999406","70.01290000001609","100","100.37583405928807","49.64429213853723","430.38247606972266","529","3.2245000000039","","","","","","100","0","0","","","100","","","","","","",""
"pack-greedy","online","identical","43","1","cc80fb20","complete","","explicit","proxy","{}","{""support"":182,""bounds"":234}","adapter-1.0 / planners-f6ec11d4259a","2.0.0","{""requested"":1,""completed"":1,""outcomes"":[],""sameWorker"":false}","{""collision"":{""status"":""PASS"",""violations"":0,""checkedPlacements"":12,""scope"":""직육면체 기하·관측 규격 공통 검사"",""reason"":""확정 배치와 최종 적재 상태 검사""},""bounds"":{""status"":""PASS"",""violations"":0,""checkedPlacements"":12,""scope"":""직육면체 기하·관측 규격 공통 검사"",""reason"":""확정 배치와 최종 적재 상태 검사""},""height"":{""status"":""PASS"",""violations"":0,""checkedPlacements"":12,""scope"":""직육면체 기하·관측 규격 공통 검사"",""reason"":""확정 배치와 최종 적재 상태 검사""},""orientation"":{""status"":""PASS"",""violations"":0,""checkedPlacements"":12,""scope"":""직육면체 기하·관측 규격 공통 검사"",""reason"":""확정 배치와 최종 적재 상태 검사""},""load"":{""status"":""PASS"",""violations"":0,""checkedPlacements"":12,""scope"":""입력된 허용 상부하중 · 누적 정적 반력"",""reason"":""입력값 범위의 정적 검사. 실측 재료 인증 아님""},""support"":{""status"":""PASS"",""violations"":0,""checkedPlacements"":12,""scope"":""접촉·합력 작용점·정적 평형"",""reason"":""설정된 지지율·전도 여유 검사. 동적 붕괴·굽힘 파손 미검증""},""payload"":{""status"":""PASS"",""violations"":0,""checkedPlacements"":12,""scope"":""입력 가반하중 · 박스+그리퍼 질량"",""reason"":""사용자가 설정한 가반하중 한계 검사""},""robotCollision"":{""status"":""NOT VERIFIED"",""violations"":0,""checkedPlacements"":12,""scope"":""TCP·그리퍼 스윕 근사만 수행"",""reason"":""전체 로봇 링크 충돌 미검증""},""approach"":{""status"":""NOT VERIFIED"",""violations"":0,""checkedPlacements"":12,""scope"":""TCP·그리퍼 스윕 근사만 수행"",""reason"":""실제 관절 한계·역기구학·접근 자세 미검증""},""sequence"":{""status"":""NOT VERIFIED"",""violations"":0,""checkedPlacements"":12,""scope"":""TCP·그리퍼 스윕 근사만 수행"",""reason"":""실제 파지·관절 궤적·전 과정 실행 미검증""}}","16.071428571428573","100","12","0","0","940000000","400","","","","150","50.860648398890454","100","100","10.925925925925922","83.33333333333337","0.6029411764705881","0","0","","5.8449833333331","8.75460000000021","8.195085000000471","8.642697000000263","70.1397999999972","100","100.63111331255921","49.8102236531635","429.2906893101862","529","2.742599999997765","","","","","","100","0","0","","","100","","","","","","",""
"pack-tetris","online","identical","43","1","cc80fb20","complete","","explicit","proxy","{}","{""support"":182,""bounds"":234}","adapter-1.0 / planners-f6ec11d4259a","2.0.0","{""requested"":1,""completed"":1,""outcomes"":[],""sameWorker"":false}","{""collision"":{""status"":""PASS"",""violations"":0,""checkedPlacements"":12,""scope"":""직육면체 기하·관측 규격 공통 검사"",""reason"":""확정 배치와 최종 적재 상태 검사""},""bounds"":{""status"":""PASS"",""violations"":0,""checkedPlacements"":12,""scope"":""직육면체 기하·관측 규격 공통 검사"",""reason"":""확정 배치와 최종 적재 상태 검사""},""height"":{""status"":""PASS"",""violations"":0,""checkedPlacements"":12,""scope"":""직육면체 기하·관측 규격 공통 검사"",""reason"":""확정 배치와 최종 적재 상태 검사""},""orientation"":{""status"":""PASS"",""violations"":0,""checkedPlacements"":12,""scope"":""직육면체 기하·관측 규격 공통 검사"",""reason"":""확정 배치와 최종 적재 상태 검사""},""load"":{""status"":""PASS"",""violations"":0,""checkedPlacements"":12,""scope"":""입력된 허용 상부하중 · 누적 정적 반력"",""reason"":""입력값 범위의 정적 검사. 실측 재료 인증 아님""},""support"":{""status"":""PASS"",""violations"":0,""checkedPlacements"":12,""scope"":""접촉·합력 작용점·정적 평형"",""reason"":""설정된 지지율·전도 여유 검사. 동적 붕괴·굽힘 파손 미검증""},""payload"":{""status"":""PASS"",""violations"":0,""checkedPlacements"":12,""scope"":""입력 가반하중 · 박스+그리퍼 질량"",""reason"":""사용자가 설정한 가반하중 한계 검사""},""robotCollision"":{""status"":""NOT VERIFIED"",""violations"":0,""checkedPlacements"":12,""scope"":""TCP·그리퍼 스윕 근사만 수행"",""reason"":""전체 로봇 링크 충돌 미검증""},""approach"":{""status"":""NOT VERIFIED"",""violations"":0,""checkedPlacements"":12,""scope"":""TCP·그리퍼 스윕 근사만 수행"",""reason"":""실제 관절 한계·역기구학·접근 자세 미검증""},""sequence"":{""status"":""NOT VERIFIED"",""violations"":0,""checkedPlacements"":12,""scope"":""TCP·그리퍼 스윕 근사만 수행"",""reason"":""실제 파지·관절 궤적·전 과정 실행 미검증""}}","16.071428571428573","100","12","0","0","940000000","400","","","","150","50.860648398890454","100","100","10.925925925925922","83.33333333333337","0.6029411764705881","0","0","","5.627524999999271","10.87550000000192","9.782429999998929","10.656886000001323","67.53029999999126","100","100.63111331255921","49.8102236531635","429.2906893101862","529","4.260499999996682","","","","","","100","0","0","","","100","","","","","","",""
"pack-beam","online","identical","43","1","cc80fb20","complete","","explicit","proxy","{}","{""support"":217,""bounds"":253}","adapter-1.0 / planners-f6ec11d4259a","2.0.0","{""requested"":1,""completed"":1,""outcomes"":[],""sameWorker"":false}","{""collision"":{""status"":""PASS"",""violations"":0,""checkedPlacements"":12,""scope"":""직육면체 기하·관측 규격 공통 검사"",""reason"":""확정 배치와 최종 적재 상태 검사""},""bounds"":{""status"":""PASS"",""violations"":0,""checkedPlacements"":12,""scope"":""직육면체 기하·관측 규격 공통 검사"",""reason"":""확정 배치와 최종 적재 상태 검사""},""height"":{""status"":""PASS"",""violations"":0,""checkedPlacements"":12,""scope"":""직육면체 기하·관측 규격 공통 검사"",""reason"":""확정 배치와 최종 적재 상태 검사""},""orientation"":{""status"":""PASS"",""violations"":0,""checkedPlacements"":12,""scope"":""직육면체 기하·관측 규격 공통 검사"",""reason"":""확정 배치와 최종 적재 상태 검사""},""load"":{""status"":""PASS"",""violations"":0,""checkedPlacements"":12,""scope"":""입력된 허용 상부하중 · 누적 정적 반력"",""reason"":""입력값 범위의 정적 검사. 실측 재료 인증 아님""},""support"":{""status"":""PASS"",""violations"":0,""checkedPlacements"":12,""scope"":""접촉·합력 작용점·정적 평형"",""reason"":""설정된 지지율·전도 여유 검사. 동적 붕괴·굽힘 파손 미검증""},""payload"":{""status"":""PASS"",""violations"":0,""checkedPlacements"":12,""scope"":""입력 가반하중 · 박스+그리퍼 질량"",""reason"":""사용자가 설정한 가반하중 한계 검사""},""robotCollision"":{""status"":""NOT VERIFIED"",""violations"":0,""checkedPlacements"":12,""scope"":""TCP·그리퍼 스윕 근사만 수행"",""reason"":""전체 로봇 링크 충돌 미검증""},""approach"":{""status"":""NOT VERIFIED"",""violations"":0,""checkedPlacements"":12,""scope"":""TCP·그리퍼 스윕 근사만 수행"",""reason"":""실제 관절 한계·역기구학·접근 자세 미검증""},""sequence"":{""status"":""NOT VERIFIED"",""violations"":0,""checkedPlacements"":12,""scope"":""TCP·그리퍼 스윕 근사만 수행"",""reason"":""실제 파지·관절 궤적·전 과정 실행 미검증""}}","16.071428571428573","100","12","0","0","940000000","400","","","","150","27.163343355011044","100","100","9.537037037037033","95","0.625","0","0","","78.48084166666679","128.58230000000185","127.09031499999982","128.28390300000146","941.7701000000015","100","102.55208675891215","50.408856393292886","421.2493510888579","529","2.061999999998079","","","","","","100","0","0","","","100","","","","","","",""
"pack-robust","online","identical","43","1","cc80fb20","complete","","explicit","proxy","{}","{""support"":217,""bounds"":253}","adapter-1.0 / planners-f6ec11d4259a","2.0.0","{""requested"":1,""completed"":1,""outcomes"":[],""sameWorker"":false}","{""collision"":{""status"":""PASS"",""violations"":0,""checkedPlacements"":12,""scope"":""직육면체 기하·관측 규격 공통 검사"",""reason"":""확정 배치와 최종 적재 상태 검사""},""bounds"":{""status"":""PASS"",""violations"":0,""checkedPlacements"":12,""scope"":""직육면체 기하·관측 규격 공통 검사"",""reason"":""확정 배치와 최종 적재 상태 검사""},""height"":{""status"":""PASS"",""violations"":0,""checkedPlacements"":12,""scope"":""직육면체 기하·관측 규격 공통 검사"",""reason"":""확정 배치와 최종 적재 상태 검사""},""orientation"":{""status"":""PASS"",""violations"":0,""checkedPlacements"":12,""scope"":""직육면체 기하·관측 규격 공통 검사"",""reason"":""확정 배치와 최종 적재 상태 검사""},""load"":{""status"":""PASS"",""violations"":0,""checkedPlacements"":12,""scope"":""입력된 허용 상부하중 · 누적 정적 반력"",""reason"":""입력값 범위의 정적 검사. 실측 재료 인증 아님""},""support"":{""status"":""PASS"",""violations"":0,""checkedPlacements"":12,""scope"":""접촉·합력 작용점·정적 평형"",""reason"":""설정된 지지율·전도 여유 검사. 동적 붕괴·굽힘 파손 미검증""},""payload"":{""status"":""PASS"",""violations"":0,""checkedPlacements"":12,""scope"":""입력 가반하중 · 박스+그리퍼 질량"",""reason"":""사용자가 설정한 가반하중 한계 검사""},""robotCollision"":{""status"":""NOT VERIFIED"",""violations"":0,""checkedPlacements"":12,""scope"":""TCP·그리퍼 스윕 근사만 수행"",""reason"":""전체 로봇 링크 충돌 미검증""},""approach"":{""status"":""NOT VERIFIED"",""violations"":0,""checkedPlacements"":12,""scope"":""TCP·그리퍼 스윕 근사만 수행"",""reason"":""실제 관절 한계·역기구학·접근 자세 미검증""},""sequence"":{""status"":""NOT VERIFIED"",""violations"":0,""checkedPlacements"":12,""scope"":""TCP·그리퍼 스윕 근사만 수행"",""reason"":""실제 파지·관절 궤적·전 과정 실행 미검증""}}","16.071428571428573","100","12","0","0","940000000","400","","","","150","27.163343355011044","100","100","9.537037037037033","95","0.625","0","0","","78.95324166666676","122.51309999999648","116.04493499999552","121.2194669999963","947.438900000001","100","102.55208675891215","50.408856393292886","421.2493510888579","529","3.242500000000291","","","","","","100","0","0","","","100","","","","","","",""
"hrpal-inferred","online","identical","43","1","cc80fb20","complete","","explicit","proxy","{}","{""support"":123}","conventional-pattern/2","2.0.0","{""requested"":1,""completed"":1,""outcomes"":[],""sameWorker"":false}","{""collision"":{""status"":""PASS"",""violations"":0,""checkedPlacements"":12,""scope"":""직육면체 기하·관측 규격 공통 검사"",""reason"":""확정 배치와 최종 적재 상태 검사""},""bounds"":{""status"":""PASS"",""violations"":0,""checkedPlacements"":12,""scope"":""직육면체 기하·관측 규격 공통 검사"",""reason"":""확정 배치와 최종 적재 상태 검사""},""height"":{""status"":""PASS"",""violations"":0,""checkedPlacements"":12,""scope"":""직육면체 기하·관측 규격 공통 검사"",""reason"":""확정 배치와 최종 적재 상태 검사""},""orientation"":{""status"":""PASS"",""violations"":0,""checkedPlacements"":12,""scope"":""직육면체 기하·관측 규격 공통 검사"",""reason"":""확정 배치와 최종 적재 상태 검사""},""load"":{""status"":""PASS"",""violations"":0,""checkedPlacements"":12,""scope"":""입력된 허용 상부하중 · 누적 정적 반력"",""reason"":""입력값 범위의 정적 검사. 실측 재료 인증 아님""},""support"":{""status"":""PASS"",""violations"":0,""checkedPlacements"":12,""scope"":""접촉·합력 작용점·정적 평형"",""reason"":""설정된 지지율·전도 여유 검사. 동적 붕괴·굽힘 파손 미검증""},""payload"":{""status"":""PASS"",""violations"":0,""checkedPlacements"":12,""scope"":""입력 가반하중 · 박스+그리퍼 질량"",""reason"":""사용자가 설정한 가반하중 한계 검사""},""robotCollision"":{""status"":""NOT VERIFIED"",""violations"":0,""checkedPlacements"":12,""scope"":""TCP·그리퍼 스윕 근사만 수행"",""reason"":""전체 로봇 링크 충돌 미검증""},""approach"":{""status"":""NOT VERIFIED"",""violations"":0,""checkedPlacements"":12,""scope"":""TCP·그리퍼 스윕 근사만 수행"",""reason"":""실제 관절 한계·역기구학·접근 자세 미검증""},""sequence"":{""status"":""NOT VERIFIED"",""violations"":0,""checkedPlacements"":12,""scope"":""TCP·그리퍼 스윕 근사만 수행"",""reason"":""실제 파지·관절 궤적·전 과정 실행 미검증""}}","16.071428571428573","100","12","0","0","940000000","400","","","","150","100.77822185373186","100","100","20.55555555555556","95","0.625","0","0","","5.932475000000825","18.117599999997765","13.573719999998861","17.20882399999799","71.1897000000099","100","100.37583405928804","49.64429213853723","430.38247606972277","284","3.00800000000163","","","","","","100","0","0","","","100","","","","","","",""
"hrpal-grid-v1","online","random","43","1","4ac6b04f","no-placement","세로 박스 주변 높이 부족 · 가까운 눕힌 적재를 먼저 쌓아야 함","explicit","proxy","{}","{""protocol"":31}","inferred-grid-layer/1","2.0.0","{""requested"":1,""completed"":1,""outcomes"":[],""sameWorker"":false}","{""collision"":{""status"":""NOT VERIFIED"",""violations"":0,""checkedPlacements"":0,""scope"":""직육면체 기하·관측 규격 공통 검사"",""reason"":""검증할 확정 배치 없음""},""bounds"":{""status"":""NOT VERIFIED"",""violations"":0,""checkedPlacements"":0,""scope"":""직육면체 기하·관측 규격 공통 검사"",""reason"":""검증할 확정 배치 없음""},""height"":{""status"":""NOT VERIFIED"",""violations"":0,""checkedPlacements"":0,""scope"":""직육면체 기하·관측 규격 공통 검사"",""reason"":""검증할 확정 배치 없음""},""orientation"":{""status"":""NOT VERIFIED"",""violations"":0,""checkedPlacements"":0,""scope"":""직육면체 기하·관측 규격 공통 검사"",""reason"":""검증할 확정 배치 없음""},""load"":{""status"":""NOT VERIFIED"",""violations"":0,""checkedPlacements"":0,""scope"":""입력된 허용 상부하중 · 누적 정적 반력"",""reason"":""검증할 확정 배치 없음""},""support"":{""status"":""NOT VERIFIED"",""violations"":0,""checkedPlacements"":0,""scope"":""접촉·합력 작용점·정적 평형"",""reason"":""검증할 확정 배치 없음""},""payload"":{""status"":""NOT VERIFIED"",""violations"":0,""checkedPlacements"":0,""scope"":""입력 가반하중 · 박스+그리퍼 질량"",""reason"":""검증할 확정 배치 없음""},""robotCollision"":{""status"":""NOT VERIFIED"",""violations"":0,""checkedPlacements"":0,""scope"":""TCP·그리퍼 스윕 근사만 수행"",""reason"":""검증할 확정 배치 없음""},""approach"":{""status"":""NOT VERIFIED"",""violations"":0,""checkedPlacements"":0,""scope"":""TCP·그리퍼 스윕 근사만 수행"",""reason"":""검증할 확정 배치 없음""},""sequence"":{""status"":""NOT VERIFIED"",""violations"":0,""checkedPlacements"":0,""scope"":""TCP·그리퍼 스윕 근사만 수행"",""reason"":""검증할 확정 배치 없음""}}","0","0","0","18","0.317530218","1120000000","","","","","","","","","","","","0","0","","2.643400000000838","2.643400000000838","2.643400000000838","2.643400000000838","2.643400000000838","0","","","","31","0.16520000000309665","0","0","0","","","","0","0","","","0","","","","","","",""
"random","online","random","43","1","4ac6b04f","partial","그리퍼 / 운반 접근 경로 간섭 · Wide-02 / SUPPORT: 지지 조건 미달 90.6% / 필요 95.0% · CoG 지지 검사 / 누적 무게중심 정적 평형 불가 · Long-01 / SUPPORT: 지지 조건 미달 30.5% / 필요 95.0% · CoG 지지 검사 / 무게 규칙 위반 · Small-05 (3 kg) / SUPPORT: 지지 조건 미달 39.6% / 필요 95.0% · CoG 지지 검사 / 무게 규칙 위반 · Tall-02 (5 kg) / SUPPORT: 지지 조건 미달 37.8% / 필요 95.0% · CoG 지지 검사 / SUPPORT: 지지 조건 미달 11.2% / 필요 95.0% · CoG 지지 검사 / SUPPORT: 지지 조건 미달 9.8% / 필요 95.0% · CoG 지지 검사 / SUPPORT: 지지 조건 미달 48.8% / 필요 95.0% · CoG 지지 검사 / SUPPORT: 지지 조건 미달 46.6% / 필요 95.0% · CoG 지지 검사 / SUPPORT: 지지 조건 미달 13.8% / 필요 95.0% · CoG 지지 검사 / SUPPORT: 지지 조건 미달 12.0% / 필요 95.0% · CoG 지지 검사 / SUPPORT: 지지 조건 미달 32.7% / 필요 95.0% · CoG 지지 검사 / SUPPORT: 지지 조건 미달 36.8% / 필요 95.0% · CoG 지지 검사 / SUPPORT: 지지 조건 미달 49.7% / 필요 95.0% · CoG 지지 검사 / SUPPORT: 지지 조건 미달 45.1% / 필요 95.0% · CoG 지지 검사 / SUPPORT: 지지 조건 미달 20.8% / 필요 95.0% · CoG 지지 검사 / SUPPORT: 지지 조건 미달 22.2% / 필요 95.0% · CoG 지지 검사 / SUPPORT: 지지 조건 미달 43.8% / 필요 95.0% · CoG 지지 검사 / SUPPORT: 지지 조건 미달 31.6% / 필요 95.0% · CoG 지지 검사 / SUPPORT: 지지 조건 미달 33.8% / 필요 95.0% · CoG 지지 검사","explicit","proxy","{}","{""protocol"":13,""bounds"":32,""robot-path"":10,""support"":213,""load"":131}","adapter-1.0 / planners-f6ec11d4259a","2.0.0","{""requested"":1,""completed"":1,""outcomes"":[],""sameWorker"":false}","{""collision"":{""status"":""PASS"",""violations"":0,""checkedPlacements"":7,""scope"":""직육면체 기하·관측 규격 공통 검사"",""reason"":""확정 배치와 최종 적재 상태 검사""},""bounds"":{""status"":""PASS"",""violations"":0,""checkedPlacements"":7,""scope"":""직육면체 기하·관측 규격 공통 검사"",""reason"":""확정 배치와 최종 적재 상태 검사""},""height"":{""status"":""PASS"",""violations"":0,""checkedPlacements"":7,""scope"":""직육면체 기하·관측 규격 공통 검사"",""reason"":""확정 배치와 최종 적재 상태 검사""},""orientation"":{""status"":""PASS"",""violations"":0,""checkedPlacements"":7,""scope"":""직육면체 기하·관측 규격 공통 검사"",""reason"":""확정 배치와 최종 적재 상태 검사""},""load"":{""status"":""PASS"",""violations"":0,""checkedPlacements"":7,""scope"":""입력된 허용 상부하중 · 누적 정적 반력"",""reason"":""입력값 범위의 정적 검사. 실측 재료 인증 아님""},""support"":{""status"":""PASS"",""violations"":0,""checkedPlacements"":7,""scope"":""접촉·합력 작용점·정적 평형"",""reason"":""설정된 지지율·전도 여유 검사. 동적 붕괴·굽힘 파손 미검증""},""payload"":{""status"":""PASS"",""violations"":0,""checkedPlacements"":7,""scope"":""입력 가반하중 · 박스+그리퍼 질량"",""reason"":""사용자가 설정한 가반하중 한계 검사""},""robotCollision"":{""status"":""NOT VERIFIED"",""violations"":0,""checkedPlacements"":7,""scope"":""TCP·그리퍼 스윕 근사만 수행"",""reason"":""전체 로봇 링크 충돌 미검증""},""approach"":{""status"":""NOT VERIFIED"",""violations"":0,""checkedPlacements"":7,""scope"":""TCP·그리퍼 스윕 근사만 수행"",""reason"":""실제 관절 한계·역기구학·접근 자세 미검증""},""sequence"":{""status"":""NOT VERIFIED"",""violations"":0,""checkedPlacements"":7,""scope"":""TCP·그리퍼 스윕 근사만 수행"",""reason"":""실제 파지·관절 궤적·전 과정 실행 미검증""}}","14.096773303571428","38.888888888888886","7","11","0.159646357","962116139","579","","","","213.6206896551724","81.11773419805853","100","100","31.027754341315383","57.2","0.6269430051813472","0","0","","5.685275000000729","10.605400000000373","9.527539999998769","10.389828000000051","45.48220000000583","87.5","64.82481663074282","31.086130809982823","388.7400120781682","360","1.5290999999997439","14.096773303571428","0","38.888888888888886","","","100","0","0","","","0","","","","","","",""
"bl","online","random","43","1","4ac6b04f","partial","그리퍼 / 운반 접근 경로 간섭 / SUPPORT: 지지 조건 미달 90.6% / 필요 95.0% / SUPPORT: 지지 조건 미달 19.6% / 필요 95.0% / 누적 무게중심 정적 평형 불가 / SUPPORT: 지지 조건 미달 10.1% / 필요 95.0% / SUPPORT: 지지 조건 미달 48.8% / 필요 95.0% / 무게 규칙 위반 / SUPPORT: 지지 조건 미달 13.8% / 필요 95.0% / SUPPORT: 지지 조건 미달 12.0% / 필요 95.0% / SUPPORT: 지지 조건 미달 3.6% / 필요 95.0% / SUPPORT: 지지 조건 미달 2.5% / 필요 95.0% / SUPPORT: 지지 조건 미달 36.8% / 필요 95.0% / SUPPORT: 지지 조건 미달 32.7% / 필요 95.0% / SUPPORT: 지지 조건 미달 24.8% / 필요 95.0% / SUPPORT: 지지 조건 미달 50.0% / 필요 95.0% / SUPPORT: 지지 조건 미달 49.7% / 필요 95.0% / SUPPORT: 지지 조건 미달 45.1% / 필요 95.0% / SUPPORT: 지지 조건 미달 12.4% / 필요 95.0% / SUPPORT: 지지 조건 미달 26.1% / 필요 95.0% / SUPPORT: 지지 조건 미달 31.6% / 필요 95.0% / SUPPORT: 지지 조건 미달 66.6% / 필요 95.0%","explicit","proxy","{}","{""protocol"":15,""bounds"":30,""robot-path"":10,""support"":200,""load"":101}","adapter-1.0 / planners-f6ec11d4259a","2.0.0","{""requested"":1,""completed"":1,""outcomes"":[],""sameWorker"":false}","{""collision"":{""status"":""PASS"",""violations"":0,""checkedPlacements"":7,""scope"":""직육면체 기하·관측 규격 공통 검사"",""reason"":""확정 배치와 최종 적재 상태 검사""},""bounds"":{""status"":""PASS"",""violations"":0,""checkedPlacements"":7,""scope"":""직육면체 기하·관측 규격 공통 검사"",""reason"":""확정 배치와 최종 적재 상태 검사""},""height"":{""status"":""PASS"",""violations"":0,""checkedPlacements"":7,""scope"":""직육면체 기하·관측 규격 공통 검사"",""reason"":""확정 배치와 최종 적재 상태 검사""},""orientation"":{""status"":""PASS"",""violations"":0,""checkedPlacements"":7,""scope"":""직육면체 기하·관측 규격 공통 검사"",""reason"":""확정 배치와 최종 적재 상태 검사""},""load"":{""status"":""PASS"",""violations"":0,""checkedPlacements"":7,""scope"":""입력된 허용 상부하중 · 누적 정적 반력"",""reason"":""입력값 범위의 정적 검사. 실측 재료 인증 아님""},""support"":{""status"":""PASS"",""violations"":0,""checkedPlacements"":7,""scope"":""접촉·합력 작용점·정적 평형"",""reason"":""설정된 지지율·전도 여유 검사. 동적 붕괴·굽힘 파손 미검증""},""payload"":{""status"":""PASS"",""violations"":0,""checkedPlacements"":7,""scope"":""입력 가반하중 · 박스+그리퍼 질량"",""reason"":""사용자가 설정한 가반하중 한계 검사""},""robotCollision"":{""status"":""NOT VERIFIED"",""violations"":0,""checkedPlacements"":7,""scope"":""TCP·그리퍼 스윕 근사만 수행"",""reason"":""전체 로봇 링크 충돌 미검증""},""approach"":{""status"":""NOT VERIFIED"",""violations"":0,""checkedPlacements"":7,""scope"":""TCP·그리퍼 스윕 근사만 수행"",""reason"":""실제 관절 한계·역기구학·접근 자세 미검증""},""sequence"":{""status"":""NOT VERIFIED"",""violations"":0,""checkedPlacements"":7,""scope"":""TCP·그리퍼 스윕 근사만 수행"",""reason"":""실제 파지·관절 궤적·전 과정 실행 미검증""}}","14.096773303571428","38.888888888888886","7","11","0.159646357","962116139","579","","","","213.6206896551724","106.57509089838958","100","100","33.38865338772127","57.2","0.6269430051813472","0","0","","22.041862499998388","37.285299999995914","36.109824999995176","37.05020499999576","176.3348999999871","87.5","64.57700794544837","30.92505516454143","390.23176826786056","366","1.3879999999990105","14.096773303571428","0","38.888888888888886","","","100","0","0","","","0","","","","","","",""
"greedy","online","random","43","1","4ac6b04f","partial","누적 무게중심 정적 평형 불가 / SUPPORT: 지지 조건 미달 33.7% / 필요 95.0% / 무게 규칙 위반 / SUPPORT: 지지 조건 미달 39.4% / 필요 95.0% / SUPPORT: 지지 조건 미달 32.0% / 필요 95.0% / SUPPORT: 지지 조건 미달 37.4% / 필요 95.0% / SUPPORT: 지지 조건 미달 29.0% / 필요 95.0% / SUPPORT: 지지 조건 미달 33.8% / 필요 95.0% / SUPPORT: 지지 조건 미달 18.6% / 필요 95.0% / SUPPORT: 지지 조건 미달 35.0% / 필요 95.0% / SUPPORT: 지지 조건 미달 17.8% / 필요 95.0% / SUPPORT: 지지 조건 미달 33.5% / 필요 95.0% / SUPPORT: 지지 조건 미달 18.4% / 필요 95.0% / SUPPORT: 지지 조건 미달 8.3% / 필요 95.0% / SUPPORT: 지지 조건 미달 47.1% / 필요 95.0% / SUPPORT: 지지 조건 미달 45.0% / 필요 95.0% / SUPPORT: 지지 조건 미달 24.7% / 필요 95.0% / SUPPORT: 지지 조건 미달 20.9% / 필요 95.0% / SUPPORT: 지지 조건 미달 45.1% / 필요 95.0% / SUPPORT: 지지 조건 미달 43.1% / 필요 95.0% / SUPPORT: 지지 조건 미달 20.0% / 필요 95.0% / SUPPORT: 지지 조건 미달 44.1% / 필요 95.0% / SUPPORT: 지지 조건 미달 42.2% / 필요 95.0% / SUPPORT: 지지 조건 미달 23.2% / 필요 95.0% / SUPPORT: 지지 조건 미달 40.9% / 필요 95.0% / SUPPORT: 지지 조건 미달 39.1% / 필요 95.0% / SUPPORT: 지지 조건 미달 21.5% / 필요 95.0% / SUPPORT: 지지 조건 미달 32.7% / 필요 95.0%","explicit","proxy","{}","{""protocol"":16,""bounds"":22,""robot-path"":11,""support"":168,""load"":158}","adapter-1.0 / planners-f6ec11d4259a","2.0.0","{""requested"":1,""completed"":1,""outcomes"":[],""sameWorker"":false}","{""collision"":{""status"":""PASS"",""violations"":0,""checkedPlacements"":6,""scope"":""직육면체 기하·관측 규격 공통 검사"",""reason"":""확정 배치와 최종 적재 상태 검사""},""bounds"":{""status"":""PASS"",""violations"":0,""checkedPlacements"":6,""scope"":""직육면체 기하·관측 규격 공통 검사"",""reason"":""확정 배치와 최종 적재 상태 검사""},""height"":{""status"":""PASS"",""violations"":0,""checkedPlacements"":6,""scope"":""직육면체 기하·관측 규격 공통 검사"",""reason"":""확정 배치와 최종 적재 상태 검사""},""orientation"":{""status"":""PASS"",""violations"":0,""checkedPlacements"":6,""scope"":""직육면체 기하·관측 규격 공통 검사"",""reason"":""확정 배치와 최종 적재 상태 검사""},""load"":{""status"":""PASS"",""violations"":0,""checkedPlacements"":6,""scope"":""입력된 허용 상부하중 · 누적 정적 반력"",""reason"":""입력값 범위의 정적 검사. 실측 재료 인증 아님""},""support"":{""status"":""PASS"",""violations"":0,""checkedPlacements"":6,""scope"":""접촉·합력 작용점·정적 평형"",""reason"":""설정된 지지율·전도 여유 검사. 동적 붕괴·굽힘 파손 미검증""},""payload"":{""status"":""PASS"",""violations"":0,""checkedPlacements"":6,""scope"":""입력 가반하중 · 박스+그리퍼 질량"",""reason"":""사용자가 설정한 가반하중 한계 검사""},""robotCollision"":{""status"":""NOT VERIFIED"",""violations"":0,""checkedPlacements"":6,""scope"":""TCP·그리퍼 스윕 근사만 수행"",""reason"":""전체 로봇 링크 충돌 미검증""},""approach"":{""status"":""NOT VERIFIED"",""violations"":0,""checkedPlacements"":6,""scope"":""TCP·그리퍼 스윕 근사만 수행"",""reason"":""실제 관절 한계·역기구학·접근 자세 미검증""},""sequence"":{""status"":""NOT VERIFIED"",""violations"":0,""checkedPlacements"":6,""scope"":""TCP·그리퍼 스윕 근사만 수행"",""reason"":""실제 파지·관절 궤적·전 과정 실행 미검증""}}","11.050457857142858","33.333333333333336","6","12","0.19376509","996234872","603","","","","210.6086956521739","161.88395806569906","100","100","40.04480199853244","57.2","0.6762925011644154","0","0","","69.41242857142892","148.14960000000428","129.86847000000338","144.49337400000408","485.88700000000244","85.71428571428571","56.845490583595755","25.899568879337238","379.97736985373547","318","0.8127999999996973","11.050457857142858","0","33.333333333333336","","","100","0","0","","","0","","","","","","",""
"rollout","online","random","43","1","4ac6b04f","partial","누적 무게중심 정적 평형 불가 / SUPPORT: 지지 조건 미달 33.7% / 필요 95.0% / 무게 규칙 위반 / SUPPORT: 지지 조건 미달 39.4% / 필요 95.0% / SUPPORT: 지지 조건 미달 32.0% / 필요 95.0% / SUPPORT: 지지 조건 미달 37.4% / 필요 95.0% / SUPPORT: 지지 조건 미달 29.0% / 필요 95.0% / SUPPORT: 지지 조건 미달 33.8% / 필요 95.0% / SUPPORT: 지지 조건 미달 18.6% / 필요 95.0% / SUPPORT: 지지 조건 미달 35.0% / 필요 95.0% / SUPPORT: 지지 조건 미달 17.8% / 필요 95.0% / SUPPORT: 지지 조건 미달 33.5% / 필요 95.0% / SUPPORT: 지지 조건 미달 18.4% / 필요 95.0% / SUPPORT: 지지 조건 미달 8.3% / 필요 95.0% / SUPPORT: 지지 조건 미달 47.1% / 필요 95.0% / SUPPORT: 지지 조건 미달 45.0% / 필요 95.0% / SUPPORT: 지지 조건 미달 24.7% / 필요 95.0% / SUPPORT: 지지 조건 미달 20.9% / 필요 95.0% / SUPPORT: 지지 조건 미달 45.1% / 필요 95.0% / SUPPORT: 지지 조건 미달 43.1% / 필요 95.0% / SUPPORT: 지지 조건 미달 20.0% / 필요 95.0% / SUPPORT: 지지 조건 미달 44.1% / 필요 95.0% / SUPPORT: 지지 조건 미달 42.2% / 필요 95.0% / SUPPORT: 지지 조건 미달 23.2% / 필요 95.0% / SUPPORT: 지지 조건 미달 40.9% / 필요 95.0% / SUPPORT: 지지 조건 미달 39.1% / 필요 95.0% / SUPPORT: 지지 조건 미달 21.5% / 필요 95.0% / SUPPORT: 지지 조건 미달 32.7% / 필요 95.0%","explicit","proxy","{}","{""protocol"":16,""bounds"":22,""robot-path"":11,""support"":168,""load"":158}","adapter-1.0 / planners-f6ec11d4259a","2.0.0","{""requested"":1,""completed"":1,""outcomes"":[],""sameWorker"":false}","{""collision"":{""status"":""PASS"",""violations"":0,""checkedPlacements"":6,""scope"":""직육면체 기하·관측 규격 공통 검사"",""reason"":""확정 배치와 최종 적재 상태 검사""},""bounds"":{""status"":""PASS"",""violations"":0,""checkedPlacements"":6,""scope"":""직육면체 기하·관측 규격 공통 검사"",""reason"":""확정 배치와 최종 적재 상태 검사""},""height"":{""status"":""PASS"",""violations"":0,""checkedPlacements"":6,""scope"":""직육면체 기하·관측 규격 공통 검사"",""reason"":""확정 배치와 최종 적재 상태 검사""},""orientation"":{""status"":""PASS"",""violations"":0,""checkedPlacements"":6,""scope"":""직육면체 기하·관측 규격 공통 검사"",""reason"":""확정 배치와 최종 적재 상태 검사""},""load"":{""status"":""PASS"",""violations"":0,""checkedPlacements"":6,""scope"":""입력된 허용 상부하중 · 누적 정적 반력"",""reason"":""입력값 범위의 정적 검사. 실측 재료 인증 아님""},""support"":{""status"":""PASS"",""violations"":0,""checkedPlacements"":6,""scope"":""접촉·합력 작용점·정적 평형"",""reason"":""설정된 지지율·전도 여유 검사. 동적 붕괴·굽힘 파손 미검증""},""payload"":{""status"":""PASS"",""violations"":0,""checkedPlacements"":6,""scope"":""입력 가반하중 · 박스+그리퍼 질량"",""reason"":""사용자가 설정한 가반하중 한계 검사""},""robotCollision"":{""status"":""NOT VERIFIED"",""violations"":0,""checkedPlacements"":6,""scope"":""TCP·그리퍼 스윕 근사만 수행"",""reason"":""전체 로봇 링크 충돌 미검증""},""approach"":{""status"":""NOT VERIFIED"",""violations"":0,""checkedPlacements"":6,""scope"":""TCP·그리퍼 스윕 근사만 수행"",""reason"":""실제 관절 한계·역기구학·접근 자세 미검증""},""sequence"":{""status"":""NOT VERIFIED"",""violations"":0,""checkedPlacements"":6,""scope"":""TCP·그리퍼 스윕 근사만 수행"",""reason"":""실제 파지·관절 궤적·전 과정 실행 미검증""}}","11.050457857142858","33.333333333333336","6","12","0.19376509","996234872","603","","","","210.6086956521739","161.88395806569906","100","100","40.04480199853244","57.2","0.6762925011644154","0","0","","207.0097999999998","371.3712999999989","346.32822999999837","366.36268599999875","1449.0685999999987","85.71428571428571","56.845490583595755","25.899568879337238","379.97736985373547","318","0.8564000000042142","11.050457857142858","0","33.333333333333336","","","100","0","0","","","0","","","","","","",""
"strategy-greedy","online","random","43","1","4ac6b04f","partial","누적 무게중심 정적 평형 불가 / SUPPORT: 지지 조건 미달 39.4% / 필요 95.0% / 무게 규칙 위반 / SUPPORT: 지지 조건 미달 33.7% / 필요 95.0% / SUPPORT: 지지 조건 미달 33.8% / 필요 95.0% / SUPPORT: 지지 조건 미달 29.0% / 필요 95.0% / SUPPORT: 지지 조건 미달 19.7% / 필요 95.0% / SUPPORT: 지지 조건 미달 22.3% / 필요 95.0% / SUPPORT: 지지 조건 미달 17.7% / 필요 95.0% / SUPPORT: 지지 조건 미달 20.1% / 필요 95.0% / SUPPORT: 지지 조건 미달 11.6% / 필요 95.0% / SUPPORT: 지지 조건 미달 13.2% / 필요 95.0% / SUPPORT: 지지 조건 미달 47.1% / 필요 95.0% / SUPPORT: 지지 조건 미달 8.3% / 필요 95.0% / SUPPORT: 지지 조건 미달 18.6% / 필요 95.0% / SUPPORT: 지지 조건 미달 18.4% / 필요 95.0% / SUPPORT: 지지 조건 미달 35.0% / 필요 95.0% / SUPPORT: 지지 조건 미달 23.5% / 필요 95.0% / SUPPORT: 지지 조건 미달 13.1% / 필요 95.0% / SUPPORT: 지지 조건 미달 29.4% / 필요 95.0% / SUPPORT: 지지 조건 미달 24.7% / 필요 95.0% / SUPPORT: 지지 조건 미달 31.6% / 필요 95.0% / SUPPORT: 지지 조건 미달 20.9% / 필요 95.0%","explicit","proxy","{}","{""protocol"":16,""bounds"":22,""robot-path"":11,""support"":58,""load"":58}","adapter-1.0 / planners-f6ec11d4259a","2.0.0","{""requested"":1,""completed"":1,""outcomes"":[],""sameWorker"":false}","{""collision"":{""status"":""PASS"",""violations"":0,""checkedPlacements"":3,""scope"":""직육면체 기하·관측 규격 공통 검사"",""reason"":""확정 배치와 최종 적재 상태 검사""},""bounds"":{""status"":""PASS"",""violations"":0,""checkedPlacements"":3,""scope"":""직육면체 기하·관측 규격 공통 검사"",""reason"":""확정 배치와 최종 적재 상태 검사""},""height"":{""status"":""PASS"",""violations"":0,""checkedPlacements"":3,""scope"":""직육면체 기하·관측 규격 공통 검사"",""reason"":""확정 배치와 최종 적재 상태 검사""},""orientation"":{""status"":""PASS"",""violations"":0,""checkedPlacements"":3,""scope"":""직육면체 기하·관측 규격 공통 검사"",""reason"":""확정 배치와 최종 적재 상태 검사""},""load"":{""status"":""PASS"",""violations"":0,""checkedPlacements"":3,""scope"":""입력된 허용 상부하중 · 누적 정적 반력"",""reason"":""입력값 범위의 정적 검사. 실측 재료 인증 아님""},""support"":{""status"":""PASS"",""violations"":0,""checkedPlacements"":3,""scope"":""접촉·합력 작용점·정적 평형"",""reason"":""설정된 지지율·전도 여유 검사. 동적 붕괴·굽힘 파손 미검증""},""payload"":{""status"":""PASS"",""violations"":0,""checkedPlacements"":3,""scope"":""입력 가반하중 · 박스+그리퍼 질량"",""reason"":""사용자가 설정한 가반하중 한계 검사""},""robotCollision"":{""status"":""NOT VERIFIED"",""violations"":0,""checkedPlacements"":3,""scope"":""TCP·그리퍼 스윕 근사만 수행"",""reason"":""전체 로봇 링크 충돌 미검증""},""approach"":{""status"":""NOT VERIFIED"",""violations"":0,""checkedPlacements"":3,""scope"":""TCP·그리퍼 스윕 근사만 수행"",""reason"":""실제 관절 한계·역기구학·접근 자세 미검증""},""sequence"":{""status"":""NOT VERIFIED"",""violations"":0,""checkedPlacements"":3,""scope"":""TCP·그리퍼 스윕 근사만 수행"",""reason"":""실제 파지·관절 궤적·전 과정 실행 미검증""}}","3.1805775892857144","16.666666666666668","3","15","0.281907749","1084377531","197","","","","78.57142857142857","99.81350594677936","100","100","19.17513590064246","57.2","1.125984251968504","0","0","","4.282299999998941","6.471499999999651","6.10878499999926","6.398956999999572","17.129199999995762","75","30.895869022787743","13.582314864812034","349.56129546103034","174","0.4638000000049942","3.1805775892857144","0","16.666666666666668","","","100","0","0","","","0","","","","","","",""
"macs","online","random","43","1","4ac6b04f","partial","누적 무게중심 정적 평형 불가 / SUPPORT: 지지 조건 미달 39.4% / 필요 95.0% / 무게 규칙 위반 / SUPPORT: 지지 조건 미달 33.7% / 필요 95.0% / SUPPORT: 지지 조건 미달 33.8% / 필요 95.0% / SUPPORT: 지지 조건 미달 29.0% / 필요 95.0% / SUPPORT: 지지 조건 미달 19.7% / 필요 95.0% / SUPPORT: 지지 조건 미달 22.3% / 필요 95.0% / SUPPORT: 지지 조건 미달 17.7% / 필요 95.0% / SUPPORT: 지지 조건 미달 20.1% / 필요 95.0% / SUPPORT: 지지 조건 미달 11.6% / 필요 95.0% / SUPPORT: 지지 조건 미달 13.2% / 필요 95.0% / SUPPORT: 지지 조건 미달 47.1% / 필요 95.0% / SUPPORT: 지지 조건 미달 8.3% / 필요 95.0% / SUPPORT: 지지 조건 미달 18.6% / 필요 95.0% / SUPPORT: 지지 조건 미달 18.4% / 필요 95.0% / SUPPORT: 지지 조건 미달 35.0% / 필요 95.0% / SUPPORT: 지지 조건 미달 23.5% / 필요 95.0% / SUPPORT: 지지 조건 미달 13.1% / 필요 95.0% / SUPPORT: 지지 조건 미달 29.4% / 필요 95.0% / SUPPORT: 지지 조건 미달 24.7% / 필요 95.0% / SUPPORT: 지지 조건 미달 31.6% / 필요 95.0% / SUPPORT: 지지 조건 미달 20.9% / 필요 95.0%","explicit","proxy","{}","{""protocol"":16,""bounds"":22,""robot-path"":11,""support"":58,""load"":58}","adapter-1.0 / planners-f6ec11d4259a","2.0.0","{""requested"":1,""completed"":1,""outcomes"":[],""sameWorker"":false}","{""collision"":{""status"":""PASS"",""violations"":0,""checkedPlacements"":3,""scope"":""직육면체 기하·관측 규격 공통 검사"",""reason"":""확정 배치와 최종 적재 상태 검사""},""bounds"":{""status"":""PASS"",""violations"":0,""checkedPlacements"":3,""scope"":""직육면체 기하·관측 규격 공통 검사"",""reason"":""확정 배치와 최종 적재 상태 검사""},""height"":{""status"":""PASS"",""violations"":0,""checkedPlacements"":3,""scope"":""직육면체 기하·관측 규격 공통 검사"",""reason"":""확정 배치와 최종 적재 상태 검사""},""orientation"":{""status"":""PASS"",""violations"":0,""checkedPlacements"":3,""scope"":""직육면체 기하·관측 규격 공통 검사"",""reason"":""확정 배치와 최종 적재 상태 검사""},""load"":{""status"":""PASS"",""violations"":0,""checkedPlacements"":3,""scope"":""입력된 허용 상부하중 · 누적 정적 반력"",""reason"":""입력값 범위의 정적 검사. 실측 재료 인증 아님""},""support"":{""status"":""PASS"",""violations"":0,""checkedPlacements"":3,""scope"":""접촉·합력 작용점·정적 평형"",""reason"":""설정된 지지율·전도 여유 검사. 동적 붕괴·굽힘 파손 미검증""},""payload"":{""status"":""PASS"",""violations"":0,""checkedPlacements"":3,""scope"":""입력 가반하중 · 박스+그리퍼 질량"",""reason"":""사용자가 설정한 가반하중 한계 검사""},""robotCollision"":{""status"":""NOT VERIFIED"",""violations"":0,""checkedPlacements"":3,""scope"":""TCP·그리퍼 스윕 근사만 수행"",""reason"":""전체 로봇 링크 충돌 미검증""},""approach"":{""status"":""NOT VERIFIED"",""violations"":0,""checkedPlacements"":3,""scope"":""TCP·그리퍼 스윕 근사만 수행"",""reason"":""실제 관절 한계·역기구학·접근 자세 미검증""},""sequence"":{""status"":""NOT VERIFIED"",""violations"":0,""checkedPlacements"":3,""scope"":""TCP·그리퍼 스윕 근사만 수행"",""reason"":""실제 파지·관절 궤적·전 과정 실행 미검증""}}","3.1805775892857144","16.666666666666668","3","15","0.281907749","1084377531","197","","","","78.57142857142857","99.81350594677936","100","100","19.17513590064246","57.2","1.125984251968504","0","0","","3.6020249999983207","5.838800000004994","5.519255000003249","5.774891000004645","14.408099999993283","75","30.895869022787743","13.582314864812034","349.56129546103034","174","0.3188000000009197","3.1805775892857144","0","16.666666666666668","","","100","0","0","","","0","","","","","","",""
"tetris-reserved","online","random","43","1","4ac6b04f","partial","무게 규칙 위반 / SUPPORT: 지지 조건 미달 87.1% / 필요 95.0% / SUPPORT: 지지 조건 미달 93.8% / 필요 95.0% / SUPPORT: 지지 조건 미달 79.8% / 필요 95.0% / SUPPORT: 지지 조건 미달 85.4% / 필요 95.0% / SUPPORT: 지지 조건 미달 78.2% / 필요 95.0% / SUPPORT: 지지 조건 미달 91.3% / 필요 95.0% / SUPPORT: 지지 조건 미달 85.6% / 필요 95.0% / SUPPORT: 지지 조건 미달 80.4% / 필요 95.0% / SUPPORT: 지지 조건 미달 75.4% / 필요 95.0% / SUPPORT: 지지 조건 미달 46.9% / 필요 95.0% / 누적 무게중심 정적 평형 불가 / SUPPORT: 지지 조건 미달 27.8% / 필요 95.0% / SUPPORT: 지지 조건 미달 55.9% / 필요 95.0% / SUPPORT: 지지 조건 미달 59.5% / 필요 95.0% / SUPPORT: 지지 조건 미달 64.1% / 필요 95.0% / SUPPORT: 지지 조건 미달 36.4% / 필요 95.0% / SUPPORT: 지지 조건 미달 43.4% / 필요 95.0% / SUPPORT: 지지 조건 미달 46.2% / 필요 95.0% / SUPPORT: 지지 조건 미달 49.8% / 필요 95.0% / SUPPORT: 지지 조건 미달 31.4% / 필요 95.0% / SUPPORT: 지지 조건 미달 37.4% / 필요 95.0% / SUPPORT: 지지 조건 미달 39.8% / 필요 95.0% / SUPPORT: 지지 조건 미달 42.9% / 필요 95.0% / SUPPORT: 지지 조건 미달 6.5% / 필요 95.0% / SUPPORT: 지지 조건 미달 12.9% / 필요 95.0%","explicit","proxy","{}","{""protocol"":20,""bounds"":30,""robot-path"":9,""support"":222,""load"":132}","adapter-1.0 / planners-f6ec11d4259a","2.0.0","{""requested"":1,""completed"":1,""outcomes"":[],""sameWorker"":false}","{""collision"":{""status"":""PASS"",""violations"":0,""checkedPlacements"":8,""scope"":""직육면체 기하·관측 규격 공통 검사"",""reason"":""확정 배치와 최종 적재 상태 검사""},""bounds"":{""status"":""PASS"",""violations"":0,""checkedPlacements"":8,""scope"":""직육면체 기하·관측 규격 공통 검사"",""reason"":""확정 배치와 최종 적재 상태 검사""},""height"":{""status"":""PASS"",""violations"":0,""checkedPlacements"":8,""scope"":""직육면체 기하·관측 규격 공통 검사"",""reason"":""확정 배치와 최종 적재 상태 검사""},""orientation"":{""status"":""PASS"",""violations"":0,""checkedPlacements"":8,""scope"":""직육면체 기하·관측 규격 공통 검사"",""reason"":""확정 배치와 최종 적재 상태 검사""},""load"":{""status"":""PASS"",""violations"":0,""checkedPlacements"":8,""scope"":""입력된 허용 상부하중 · 누적 정적 반력"",""reason"":""입력값 범위의 정적 검사. 실측 재료 인증 아님""},""support"":{""status"":""PASS"",""violations"":0,""checkedPlacements"":8,""scope"":""접촉·합력 작용점·정적 평형"",""reason"":""설정된 지지율·전도 여유 검사. 동적 붕괴·굽힘 파손 미검증""},""payload"":{""status"":""PASS"",""violations"":0,""checkedPlacements"":8,""scope"":""입력 가반하중 · 박스+그리퍼 질량"",""reason"":""사용자가 설정한 가반하중 한계 검사""},""robotCollision"":{""status"":""NOT VERIFIED"",""violations"":0,""checkedPlacements"":8,""scope"":""TCP·그리퍼 스윕 근사만 수행"",""reason"":""전체 로봇 링크 충돌 미검증""},""approach"":{""status"":""NOT VERIFIED"",""violations"":0,""checkedPlacements"":8,""scope"":""TCP·그리퍼 스윕 근사만 수행"",""reason"":""실제 관절 한계·역기구학·접근 자세 미검증""},""sequence"":{""status"":""NOT VERIFIED"",""violations"":0,""checkedPlacements"":8,""scope"":""TCP·그리퍼 스윕 근사만 수행"",""reason"":""실제 파지·관절 궤적·전 과정 실행 미검증""}}","15.282102857142856","44.44444444444444","8","10","0.146370666","948840448","386","","","","139.078125","78.82217984270831","100","100","22.07961519223931","52.45","0.562992125984252","0","0","","61.227011111112205","202.53229999999894","163.00378000000052","194.62659599999927","551.0431000000099","88.88888888888889","69.66981825182239","33.585381863684546","413.3784287466067","414","1.4971000000005006","15.282102857142856","0","44.44444444444444","","","100","0","0","","","0","","","","","","",""
"dynamic-reservation","online","random","43","1","4ac6b04f","partial","그리퍼 / 운반 접근 경로 간섭 / SUPPORT: 지지 조건 미달 90.6% / 필요 95.0% / 누적 무게중심 정적 평형 불가 / SUPPORT: 지지 조건 미달 32.1% / 필요 95.0% / SUPPORT: 지지 조건 미달 29.8% / 필요 95.0% / SUPPORT: 지지 조건 미달 65.2% / 필요 95.0% / SUPPORT: 지지 조건 미달 60.4% / 필요 95.0% / SUPPORT: 지지 조건 미달 66.6% / 필요 95.0% / SUPPORT: 지지 조건 미달 61.7% / 필요 95.0% / SUPPORT: 지지 조건 미달 48.8% / 필요 95.0% / 무게 규칙 위반 / SUPPORT: 지지 조건 미달 19.1% / 필요 95.0% / SUPPORT: 지지 조건 미달 2.0% / 필요 95.0% / SUPPORT: 지지 조건 미달 45.8% / 필요 95.0% / SUPPORT: 지지 조건 미달 17.9% / 필요 95.0% / SUPPORT: 지지 조건 미달 1.9% / 필요 95.0% / SUPPORT: 지지 조건 미달 39.4% / 필요 95.0% / SUPPORT: 지지 조건 미달 15.4% / 필요 95.0% / SUPPORT: 지지 조건 미달 1.7% / 필요 95.0%","explicit","proxy","{}","{""protocol"":15,""bounds"":27,""robot-path"":17,""support"":168,""load"":105}","adapter-1.0 / planners-f6ec11d4259a","2.0.0","{""requested"":1,""completed"":1,""outcomes"":[],""sameWorker"":false}","{""collision"":{""status"":""PASS"",""violations"":0,""checkedPlacements"":7,""scope"":""직육면체 기하·관측 규격 공통 검사"",""reason"":""확정 배치와 최종 적재 상태 검사""},""bounds"":{""status"":""PASS"",""violations"":0,""checkedPlacements"":7,""scope"":""직육면체 기하·관측 규격 공통 검사"",""reason"":""확정 배치와 최종 적재 상태 검사""},""height"":{""status"":""PASS"",""violations"":0,""checkedPlacements"":7,""scope"":""직육면체 기하·관측 규격 공통 검사"",""reason"":""확정 배치와 최종 적재 상태 검사""},""orientation"":{""status"":""PASS"",""violations"":0,""checkedPlacements"":7,""scope"":""직육면체 기하·관측 규격 공통 검사"",""reason"":""확정 배치와 최종 적재 상태 검사""},""load"":{""status"":""PASS"",""violations"":0,""checkedPlacements"":7,""scope"":""입력된 허용 상부하중 · 누적 정적 반력"",""reason"":""입력값 범위의 정적 검사. 실측 재료 인증 아님""},""support"":{""status"":""PASS"",""violations"":0,""checkedPlacements"":7,""scope"":""접촉·합력 작용점·정적 평형"",""reason"":""설정된 지지율·전도 여유 검사. 동적 붕괴·굽힘 파손 미검증""},""payload"":{""status"":""PASS"",""violations"":0,""checkedPlacements"":7,""scope"":""입력 가반하중 · 박스+그리퍼 질량"",""reason"":""사용자가 설정한 가반하중 한계 검사""},""robotCollision"":{""status"":""NOT VERIFIED"",""violations"":0,""checkedPlacements"":7,""scope"":""TCP·그리퍼 스윕 근사만 수행"",""reason"":""전체 로봇 링크 충돌 미검증""},""approach"":{""status"":""NOT VERIFIED"",""violations"":0,""checkedPlacements"":7,""scope"":""TCP·그리퍼 스윕 근사만 수행"",""reason"":""실제 관절 한계·역기구학·접근 자세 미검증""},""sequence"":{""status"":""NOT VERIFIED"",""violations"":0,""checkedPlacements"":7,""scope"":""TCP·그리퍼 스윕 근사만 수행"",""reason"":""실제 파지·관절 궤적·전 과정 실행 미검증""}}","14.096773303571428","38.888888888888886","7","11","0.159646357","962116139","603","","","","187","87.88195046537203","100","100","32.0746697497354","57.2","0.6660456450861666","0","0","","111.6289999999999","282.56410000000324","247.29435500000284","275.51015100000313","893.0319999999992","87.5","68.40754821961673","32.11490634275088","368.3804003484747","366","1.4410999999963678","14.096773303571428","0","38.888888888888886","","","100","0","0","","","0","","","","","","",""
"lookahead","online","random","43","1","4ac6b04f","partial","누적 무게중심 정적 평형 불가 / SUPPORT: 지지 조건 미달 39.4% / 필요 95.0% / 무게 규칙 위반 / SUPPORT: 지지 조건 미달 33.7% / 필요 95.0% / SUPPORT: 지지 조건 미달 33.8% / 필요 95.0% / SUPPORT: 지지 조건 미달 29.0% / 필요 95.0% / SUPPORT: 지지 조건 미달 8.3% / 필요 95.0% / SUPPORT: 지지 조건 미달 18.6% / 필요 95.0% / SUPPORT: 지지 조건 미달 18.4% / 필요 95.0% / SUPPORT: 지지 조건 미달 35.0% / 필요 95.0% / SUPPORT: 지지 조건 미달 35.5% / 필요 95.0% / SUPPORT: 지지 조건 미달 24.7% / 필요 95.0% / SUPPORT: 지지 조건 미달 47.1% / 필요 95.0% / SUPPORT: 지지 조건 미달 15.7% / 필요 95.0% / SUPPORT: 지지 조건 미달 42.0% / 필요 95.0% / SUPPORT: 지지 조건 미달 20.9% / 필요 95.0% / SUPPORT: 지지 조건 미달 23.2% / 필요 95.0% / SUPPORT: 지지 조건 미달 44.1% / 필요 95.0% / SUPPORT: 지지 조건 미달 13.6% / 필요 95.0% / SUPPORT: 지지 조건 미달 30.7% / 필요 95.0% / SUPPORT: 지지 조건 미달 12.3% / 필요 95.0% / SUPPORT: 지지 조건 미달 27.7% / 필요 95.0% / SUPPORT: 지지 조건 미달 9.9% / 필요 95.0% / SUPPORT: 지지 조건 미달 19.3% / 필요 95.0% / SUPPORT: 지지 조건 미달 51.9% / 필요 95.0% / SUPPORT: 지지 조건 미달 1.1% / 필요 95.0%","explicit","proxy","{}","{""protocol"":16,""bounds"":22,""robot-path"":11,""support"":178,""load"":168}","adapter-1.0 / planners-f6ec11d4259a","2.0.0","{""requested"":1,""completed"":1,""outcomes"":[],""sameWorker"":false}","{""collision"":{""status"":""PASS"",""violations"":0,""checkedPlacements"":6,""scope"":""직육면체 기하·관측 규격 공통 검사"",""reason"":""확정 배치와 최종 적재 상태 검사""},""bounds"":{""status"":""PASS"",""violations"":0,""checkedPlacements"":6,""scope"":""직육면체 기하·관측 규격 공통 검사"",""reason"":""확정 배치와 최종 적재 상태 검사""},""height"":{""status"":""PASS"",""violations"":0,""checkedPlacements"":6,""scope"":""직육면체 기하·관측 규격 공통 검사"",""reason"":""확정 배치와 최종 적재 상태 검사""},""orientation"":{""status"":""PASS"",""violations"":0,""checkedPlacements"":6,""scope"":""직육면체 기하·관측 규격 공통 검사"",""reason"":""확정 배치와 최종 적재 상태 검사""},""load"":{""status"":""PASS"",""violations"":0,""checkedPlacements"":6,""scope"":""입력된 허용 상부하중 · 누적 정적 반력"",""reason"":""입력값 범위의 정적 검사. 실측 재료 인증 아님""},""support"":{""status"":""PASS"",""violations"":0,""checkedPlacements"":6,""scope"":""접촉·합력 작용점·정적 평형"",""reason"":""설정된 지지율·전도 여유 검사. 동적 붕괴·굽힘 파손 미검증""},""payload"":{""status"":""PASS"",""violations"":0,""checkedPlacements"":6,""scope"":""입력 가반하중 · 박스+그리퍼 질량"",""reason"":""사용자가 설정한 가반하중 한계 검사""},""robotCollision"":{""status"":""NOT VERIFIED"",""violations"":0,""checkedPlacements"":6,""scope"":""TCP·그리퍼 스윕 근사만 수행"",""reason"":""전체 로봇 링크 충돌 미검증""},""approach"":{""status"":""NOT VERIFIED"",""violations"":0,""checkedPlacements"":6,""scope"":""TCP·그리퍼 스윕 근사만 수행"",""reason"":""실제 관절 한계·역기구학·접근 자세 미검증""},""sequence"":{""status"":""NOT VERIFIED"",""violations"":0,""checkedPlacements"":6,""scope"":""TCP·그리퍼 스윕 근사만 수행"",""reason"":""실제 파지·관절 궤적·전 과정 실행 미검증""}}","11.050457857142858","33.333333333333336","6","12","0.19376509","996234872","603","","","","210.6086956521739","174.8429331600006","100","100","38.161349918556965","57.2","0.6660456450861667","0","0","","67.22711428571243","107.2783999999956","103.25257999999593","106.47323599999567","470.589799999987","85.71428571428571","60.701234106257324","28.40580216906726","355.84120023308367","318","0.7220000000088476","11.050457857142858","0","33.333333333333336","","","100","0","0","","","0","","","","","","",""
"future-hybrid","online","random","43","1","4ac6b04f","partial","그리퍼 / 운반 접근 경로 간섭 / SUPPORT: 지지 조건 미달 90.6% / 필요 95.0% / 누적 무게중심 정적 평형 불가 / SUPPORT: 지지 조건 미달 32.1% / 필요 95.0% / SUPPORT: 지지 조건 미달 29.8% / 필요 95.0% / SUPPORT: 지지 조건 미달 65.2% / 필요 95.0% / SUPPORT: 지지 조건 미달 60.4% / 필요 95.0% / SUPPORT: 지지 조건 미달 66.6% / 필요 95.0% / SUPPORT: 지지 조건 미달 61.7% / 필요 95.0% / SUPPORT: 지지 조건 미달 48.8% / 필요 95.0% / 무게 규칙 위반 / SUPPORT: 지지 조건 미달 19.1% / 필요 95.0% / SUPPORT: 지지 조건 미달 2.0% / 필요 95.0% / SUPPORT: 지지 조건 미달 45.8% / 필요 95.0% / SUPPORT: 지지 조건 미달 17.9% / 필요 95.0% / SUPPORT: 지지 조건 미달 1.9% / 필요 95.0% / SUPPORT: 지지 조건 미달 39.4% / 필요 95.0% / SUPPORT: 지지 조건 미달 15.4% / 필요 95.0% / SUPPORT: 지지 조건 미달 1.7% / 필요 95.0%","explicit","proxy","{}","{""protocol"":15,""bounds"":27,""robot-path"":17,""support"":168,""load"":105}","adapter-1.0 / planners-f6ec11d4259a","2.0.0","{""requested"":1,""completed"":1,""outcomes"":[],""sameWorker"":false}","{""collision"":{""status"":""PASS"",""violations"":0,""checkedPlacements"":7,""scope"":""직육면체 기하·관측 규격 공통 검사"",""reason"":""확정 배치와 최종 적재 상태 검사""},""bounds"":{""status"":""PASS"",""violations"":0,""checkedPlacements"":7,""scope"":""직육면체 기하·관측 규격 공통 검사"",""reason"":""확정 배치와 최종 적재 상태 검사""},""height"":{""status"":""PASS"",""violations"":0,""checkedPlacements"":7,""scope"":""직육면체 기하·관측 규격 공통 검사"",""reason"":""확정 배치와 최종 적재 상태 검사""},""orientation"":{""status"":""PASS"",""violations"":0,""checkedPlacements"":7,""scope"":""직육면체 기하·관측 규격 공통 검사"",""reason"":""확정 배치와 최종 적재 상태 검사""},""load"":{""status"":""PASS"",""violations"":0,""checkedPlacements"":7,""scope"":""입력된 허용 상부하중 · 누적 정적 반력"",""reason"":""입력값 범위의 정적 검사. 실측 재료 인증 아님""},""support"":{""status"":""PASS"",""violations"":0,""checkedPlacements"":7,""scope"":""접촉·합력 작용점·정적 평형"",""reason"":""설정된 지지율·전도 여유 검사. 동적 붕괴·굽힘 파손 미검증""},""payload"":{""status"":""PASS"",""violations"":0,""checkedPlacements"":7,""scope"":""입력 가반하중 · 박스+그리퍼 질량"",""reason"":""사용자가 설정한 가반하중 한계 검사""},""robotCollision"":{""status"":""NOT VERIFIED"",""violations"":0,""checkedPlacements"":7,""scope"":""TCP·그리퍼 스윕 근사만 수행"",""reason"":""전체 로봇 링크 충돌 미검증""},""approach"":{""status"":""NOT VERIFIED"",""violations"":0,""checkedPlacements"":7,""scope"":""TCP·그리퍼 스윕 근사만 수행"",""reason"":""실제 관절 한계·역기구학·접근 자세 미검증""},""sequence"":{""status"":""NOT VERIFIED"",""violations"":0,""checkedPlacements"":7,""scope"":""TCP·그리퍼 스윕 근사만 수행"",""reason"":""실제 파지·관절 궤적·전 과정 실행 미검증""}}","14.096773303571428","38.888888888888886","7","11","0.159646357","962116139","603","","","","187","87.88195046537203","100","100","32.0746697497354","57.2","0.6660456450861666","0","0","","109.57550000000265","233.37249999999767","217.56901999999897","230.21180399999793","876.6040000000212","87.5","68.40754821961673","32.11490634275088","368.3804003484747","366","1.6331999999965774","14.096773303571428","0","38.888888888888886","","","100","0","0","","","0","","","","","","",""
"blb","online","random","43","1","4ac6b04f","partial","유효 후보 없음","explicit","proxy","{}","{""protocol"":13,""bounds"":36,""robot-path"":17,""support"":235,""load"":118}","adapter-1.0 / planners-f6ec11d4259a","2.0.0","{""requested"":1,""completed"":1,""outcomes"":[],""sameWorker"":false}","{""collision"":{""status"":""PASS"",""violations"":0,""checkedPlacements"":8,""scope"":""직육면체 기하·관측 규격 공통 검사"",""reason"":""확정 배치와 최종 적재 상태 검사""},""bounds"":{""status"":""PASS"",""violations"":0,""checkedPlacements"":8,""scope"":""직육면체 기하·관측 규격 공통 검사"",""reason"":""확정 배치와 최종 적재 상태 검사""},""height"":{""status"":""PASS"",""violations"":0,""checkedPlacements"":8,""scope"":""직육면체 기하·관측 규격 공통 검사"",""reason"":""확정 배치와 최종 적재 상태 검사""},""orientation"":{""status"":""PASS"",""violations"":0,""checkedPlacements"":8,""scope"":""직육면체 기하·관측 규격 공통 검사"",""reason"":""확정 배치와 최종 적재 상태 검사""},""load"":{""status"":""PASS"",""violations"":0,""checkedPlacements"":8,""scope"":""입력된 허용 상부하중 · 누적 정적 반력"",""reason"":""입력값 범위의 정적 검사. 실측 재료 인증 아님""},""support"":{""status"":""PASS"",""violations"":0,""checkedPlacements"":8,""scope"":""접촉·합력 작용점·정적 평형"",""reason"":""설정된 지지율·전도 여유 검사. 동적 붕괴·굽힘 파손 미검증""},""payload"":{""status"":""PASS"",""violations"":0,""checkedPlacements"":8,""scope"":""입력 가반하중 · 박스+그리퍼 질량"",""reason"":""사용자가 설정한 가반하중 한계 검사""},""robotCollision"":{""status"":""NOT VERIFIED"",""violations"":0,""checkedPlacements"":8,""scope"":""TCP·그리퍼 스윕 근사만 수행"",""reason"":""전체 로봇 링크 충돌 미검증""},""approach"":{""status"":""NOT VERIFIED"",""violations"":0,""checkedPlacements"":8,""scope"":""TCP·그리퍼 스윕 근사만 수행"",""reason"":""실제 관절 한계·역기구학·접근 자세 미검증""},""sequence"":{""status"":""NOT VERIFIED"",""violations"":0,""checkedPlacements"":8,""scope"":""TCP·그리퍼 스윕 근사만 수행"",""reason"":""실제 파지·관절 궤적·전 과정 실행 미검증""}}","15.282102857142856","44.44444444444444","8","10","0.146370666","948840448","579","","","","200.953125","62.49118883203156","100","100","21.416064352344293","57.2","0.6269430051813472","0","0","","6.563855555555266","11.660699999993085","10.385779999996883","11.405715999993845","59.07469999999739","88.88888888888889","74.11916278251235","36.47745580863303","388.5634823548636","408","1.7115999999950873","15.282102857142856","0","44.44444444444444","","","100","0","0","","","0","","","","","","",""
"pack-first","online","random","43","1","4ac6b04f","partial","orientation / boundary / collision / load / support / robot","explicit","proxy","{}","{""protocol"":13,""robot-path"":4,""support"":89,""load"":51,""bounds"":98}","adapter-1.0 / planners-f6ec11d4259a","2.0.0","{""requested"":1,""completed"":1,""outcomes"":[],""sameWorker"":false}","{""collision"":{""status"":""PASS"",""violations"":0,""checkedPlacements"":4,""scope"":""직육면체 기하·관측 규격 공통 검사"",""reason"":""확정 배치와 최종 적재 상태 검사""},""bounds"":{""status"":""PASS"",""violations"":0,""checkedPlacements"":4,""scope"":""직육면체 기하·관측 규격 공통 검사"",""reason"":""확정 배치와 최종 적재 상태 검사""},""height"":{""status"":""PASS"",""violations"":0,""checkedPlacements"":4,""scope"":""직육면체 기하·관측 규격 공통 검사"",""reason"":""확정 배치와 최종 적재 상태 검사""},""orientation"":{""status"":""PASS"",""violations"":0,""checkedPlacements"":4,""scope"":""직육면체 기하·관측 규격 공통 검사"",""reason"":""확정 배치와 최종 적재 상태 검사""},""load"":{""status"":""PASS"",""violations"":0,""checkedPlacements"":4,""scope"":""입력된 허용 상부하중 · 누적 정적 반력"",""reason"":""입력값 범위의 정적 검사. 실측 재료 인증 아님""},""support"":{""status"":""PASS"",""violations"":0,""checkedPlacements"":4,""scope"":""접촉·합력 작용점·정적 평형"",""reason"":""설정된 지지율·전도 여유 검사. 동적 붕괴·굽힘 파손 미검증""},""payload"":{""status"":""PASS"",""violations"":0,""checkedPlacements"":4,""scope"":""입력 가반하중 · 박스+그리퍼 질량"",""reason"":""사용자가 설정한 가반하중 한계 검사""},""robotCollision"":{""status"":""NOT VERIFIED"",""violations"":0,""checkedPlacements"":4,""scope"":""TCP·그리퍼 스윕 근사만 수행"",""reason"":""전체 로봇 링크 충돌 미검증""},""approach"":{""status"":""NOT VERIFIED"",""violations"":0,""checkedPlacements"":4,""scope"":""TCP·그리퍼 스윕 근사만 수행"",""reason"":""실제 관절 한계·역기구학·접근 자세 미검증""},""sequence"":{""status"":""NOT VERIFIED"",""violations"":0,""checkedPlacements"":4,""scope"":""TCP·그리퍼 스윕 근사만 수행"",""reason"":""실제 파지·관절 궤적·전 과정 실행 미검증""}}","6.226893035714285","22.22222222222222","4","14","0.247789016","1050258798","233","","","","90.3076923076923","172.94920501347468","100","100","43.48846818517783","57.2","0.8454935622317596","0","0","","3.588520000001881","4.775200000003679","4.748360000003595","4.769832000003662","17.942600000009406","80","36.59820265645842","17.28883172669797","393.46194498048277","216","0.72269999999844","6.226893035714285","0","22.22222222222222","","","100","0","0","","","0","","","","","","",""
"pack-greedy","online","random","43","1","4ac6b04f","partial","orientation / boundary / collision / load / support / robot","explicit","proxy","{}","{""protocol"":16,""robot-path"":10,""support"":211,""load"":133,""bounds"":219}","adapter-1.0 / planners-f6ec11d4259a","2.0.0","{""requested"":1,""completed"":1,""outcomes"":[],""sameWorker"":false}","{""collision"":{""status"":""PASS"",""violations"":0,""checkedPlacements"":8,""scope"":""직육면체 기하·관측 규격 공통 검사"",""reason"":""확정 배치와 최종 적재 상태 검사""},""bounds"":{""status"":""PASS"",""violations"":0,""checkedPlacements"":8,""scope"":""직육면체 기하·관측 규격 공통 검사"",""reason"":""확정 배치와 최종 적재 상태 검사""},""height"":{""status"":""PASS"",""violations"":0,""checkedPlacements"":8,""scope"":""직육면체 기하·관측 규격 공통 검사"",""reason"":""확정 배치와 최종 적재 상태 검사""},""orientation"":{""status"":""PASS"",""violations"":0,""checkedPlacements"":8,""scope"":""직육면체 기하·관측 규격 공통 검사"",""reason"":""확정 배치와 최종 적재 상태 검사""},""load"":{""status"":""PASS"",""violations"":0,""checkedPlacements"":8,""scope"":""입력된 허용 상부하중 · 누적 정적 반력"",""reason"":""입력값 범위의 정적 검사. 실측 재료 인증 아님""},""support"":{""status"":""PASS"",""violations"":0,""checkedPlacements"":8,""scope"":""접촉·합력 작용점·정적 평형"",""reason"":""설정된 지지율·전도 여유 검사. 동적 붕괴·굽힘 파손 미검증""},""payload"":{""status"":""PASS"",""violations"":0,""checkedPlacements"":8,""scope"":""입력 가반하중 · 박스+그리퍼 질량"",""reason"":""사용자가 설정한 가반하중 한계 검사""},""robotCollision"":{""status"":""NOT VERIFIED"",""violations"":0,""checkedPlacements"":8,""scope"":""TCP·그리퍼 스윕 근사만 수행"",""reason"":""전체 로봇 링크 충돌 미검증""},""approach"":{""status"":""NOT VERIFIED"",""violations"":0,""checkedPlacements"":8,""scope"":""TCP·그리퍼 스윕 근사만 수행"",""reason"":""실제 관절 한계·역기구학·접근 자세 미검증""},""sequence"":{""status"":""NOT VERIFIED"",""violations"":0,""checkedPlacements"":8,""scope"":""TCP·그리퍼 스윕 근사만 수행"",""reason"":""실제 파지·관절 궤적·전 과정 실행 미검증""}}","15.282102857142856","44.44444444444444","8","10","0.146370666","948840448","579","","","","211.453125","41.4049763955071","100","100","10.499642212197582","52.45","0.562992125984252","0","0","","4.6589666666647345","6.316299999991315","6.222099999993224","6.297459999991697","41.93069999998261","88.88888888888889","74.32058883967915","35.95838274579145","387.5103850714369","408","1.5207999999984168","15.282102857142856","0","44.44444444444444","","","100","0","0","","","0","","","","","","",""
"pack-tetris","online","random","43","1","4ac6b04f","partial","orientation / boundary / collision / load / support / robot","explicit","proxy","{}","{""protocol"":16,""robot-path"":10,""support"":211,""load"":133,""bounds"":219}","adapter-1.0 / planners-f6ec11d4259a","2.0.0","{""requested"":1,""completed"":1,""outcomes"":[],""sameWorker"":false}","{""collision"":{""status"":""PASS"",""violations"":0,""checkedPlacements"":8,""scope"":""직육면체 기하·관측 규격 공통 검사"",""reason"":""확정 배치와 최종 적재 상태 검사""},""bounds"":{""status"":""PASS"",""violations"":0,""checkedPlacements"":8,""scope"":""직육면체 기하·관측 규격 공통 검사"",""reason"":""확정 배치와 최종 적재 상태 검사""},""height"":{""status"":""PASS"",""violations"":0,""checkedPlacements"":8,""scope"":""직육면체 기하·관측 규격 공통 검사"",""reason"":""확정 배치와 최종 적재 상태 검사""},""orientation"":{""status"":""PASS"",""violations"":0,""checkedPlacements"":8,""scope"":""직육면체 기하·관측 규격 공통 검사"",""reason"":""확정 배치와 최종 적재 상태 검사""},""load"":{""status"":""PASS"",""violations"":0,""checkedPlacements"":8,""scope"":""입력된 허용 상부하중 · 누적 정적 반력"",""reason"":""입력값 범위의 정적 검사. 실측 재료 인증 아님""},""support"":{""status"":""PASS"",""violations"":0,""checkedPlacements"":8,""scope"":""접촉·합력 작용점·정적 평형"",""reason"":""설정된 지지율·전도 여유 검사. 동적 붕괴·굽힘 파손 미검증""},""payload"":{""status"":""PASS"",""violations"":0,""checkedPlacements"":8,""scope"":""입력 가반하중 · 박스+그리퍼 질량"",""reason"":""사용자가 설정한 가반하중 한계 검사""},""robotCollision"":{""status"":""NOT VERIFIED"",""violations"":0,""checkedPlacements"":8,""scope"":""TCP·그리퍼 스윕 근사만 수행"",""reason"":""전체 로봇 링크 충돌 미검증""},""approach"":{""status"":""NOT VERIFIED"",""violations"":0,""checkedPlacements"":8,""scope"":""TCP·그리퍼 스윕 근사만 수행"",""reason"":""실제 관절 한계·역기구학·접근 자세 미검증""},""sequence"":{""status"":""NOT VERIFIED"",""violations"":0,""checkedPlacements"":8,""scope"":""TCP·그리퍼 스윕 근사만 수행"",""reason"":""실제 파지·관절 궤적·전 과정 실행 미검증""}}","15.282102857142856","44.44444444444444","8","10","0.146370666","948840448","579","","","","211.453125","41.4049763955071","100","100","10.499642212197582","52.45","0.562992125984252","0","0","","4.620866666665986","6.22280000000319","6.160760000001756","6.210392000002903","41.58779999999388","88.88888888888889","74.32058883967915","35.95838274579145","387.5103850714369","408","2.794800000003306","15.282102857142856","0","44.44444444444444","","","100","0","0","","","0","","","","","","",""
"pack-beam","online","random","43","1","4ac6b04f","partial","orientation / boundary / collision / load / support / robot","explicit","proxy","{}","{""protocol"":26,""robot-path"":12,""support"":188,""load"":110,""bounds"":180}","adapter-1.0 / planners-f6ec11d4259a","2.0.0","{""requested"":1,""completed"":1,""outcomes"":[],""sameWorker"":false}","{""collision"":{""status"":""PASS"",""violations"":0,""checkedPlacements"":7,""scope"":""직육면체 기하·관측 규격 공통 검사"",""reason"":""확정 배치와 최종 적재 상태 검사""},""bounds"":{""status"":""PASS"",""violations"":0,""checkedPlacements"":7,""scope"":""직육면체 기하·관측 규격 공통 검사"",""reason"":""확정 배치와 최종 적재 상태 검사""},""height"":{""status"":""PASS"",""violations"":0,""checkedPlacements"":7,""scope"":""직육면체 기하·관측 규격 공통 검사"",""reason"":""확정 배치와 최종 적재 상태 검사""},""orientation"":{""status"":""PASS"",""violations"":0,""checkedPlacements"":7,""scope"":""직육면체 기하·관측 규격 공통 검사"",""reason"":""확정 배치와 최종 적재 상태 검사""},""load"":{""status"":""PASS"",""violations"":0,""checkedPlacements"":7,""scope"":""입력된 허용 상부하중 · 누적 정적 반력"",""reason"":""입력값 범위의 정적 검사. 실측 재료 인증 아님""},""support"":{""status"":""PASS"",""violations"":0,""checkedPlacements"":7,""scope"":""접촉·합력 작용점·정적 평형"",""reason"":""설정된 지지율·전도 여유 검사. 동적 붕괴·굽힘 파손 미검증""},""payload"":{""status"":""PASS"",""violations"":0,""checkedPlacements"":7,""scope"":""입력 가반하중 · 박스+그리퍼 질량"",""reason"":""사용자가 설정한 가반하중 한계 검사""},""robotCollision"":{""status"":""NOT VERIFIED"",""violations"":0,""checkedPlacements"":7,""scope"":""TCP·그리퍼 스윕 근사만 수행"",""reason"":""전체 로봇 링크 충돌 미검증""},""approach"":{""status"":""NOT VERIFIED"",""violations"":0,""checkedPlacements"":7,""scope"":""TCP·그리퍼 스윕 근사만 수행"",""reason"":""실제 관절 한계·역기구학·접근 자세 미검증""},""sequence"":{""status"":""NOT VERIFIED"",""violations"":0,""checkedPlacements"":7,""scope"":""TCP·그리퍼 스윕 근사만 수행"",""reason"":""실제 파지·관절 궤적·전 과정 실행 미검증""}}","14.096773303571428","38.888888888888886","7","11","0.159646357","962116139","410","","","","160.3793103448276","48.27370069053223","99.7946611909651","98.56262833675564","8.896313937500299","57.2","0.9404145077720207","0","0","","1000.5224749999998","1464.0825999999943","1411.8539199999955","1453.6368639999946","8004.179799999998","87.5","64.8036355614988","30.422363114974218","388.86707175687917","360","1.5561000000016065","14.096773303571428","0","38.888888888888886","","","100","0","0","","","0","","","","","","",""
"pack-robust","online","random","43","1","4ac6b04f","partial","orientation / boundary / collision / load / support / robot","explicit","proxy","{}","{""protocol"":26,""robot-path"":12,""support"":188,""load"":110,""bounds"":180}","adapter-1.0 / planners-f6ec11d4259a","2.0.0","{""requested"":1,""completed"":1,""outcomes"":[],""sameWorker"":false}","{""collision"":{""status"":""PASS"",""violations"":0,""checkedPlacements"":7,""scope"":""직육면체 기하·관측 규격 공통 검사"",""reason"":""확정 배치와 최종 적재 상태 검사""},""bounds"":{""status"":""PASS"",""violations"":0,""checkedPlacements"":7,""scope"":""직육면체 기하·관측 규격 공통 검사"",""reason"":""확정 배치와 최종 적재 상태 검사""},""height"":{""status"":""PASS"",""violations"":0,""checkedPlacements"":7,""scope"":""직육면체 기하·관측 규격 공통 검사"",""reason"":""확정 배치와 최종 적재 상태 검사""},""orientation"":{""status"":""PASS"",""violations"":0,""checkedPlacements"":7,""scope"":""직육면체 기하·관측 규격 공통 검사"",""reason"":""확정 배치와 최종 적재 상태 검사""},""load"":{""status"":""PASS"",""violations"":0,""checkedPlacements"":7,""scope"":""입력된 허용 상부하중 · 누적 정적 반력"",""reason"":""입력값 범위의 정적 검사. 실측 재료 인증 아님""},""support"":{""status"":""PASS"",""violations"":0,""checkedPlacements"":7,""scope"":""접촉·합력 작용점·정적 평형"",""reason"":""설정된 지지율·전도 여유 검사. 동적 붕괴·굽힘 파손 미검증""},""payload"":{""status"":""PASS"",""violations"":0,""checkedPlacements"":7,""scope"":""입력 가반하중 · 박스+그리퍼 질량"",""reason"":""사용자가 설정한 가반하중 한계 검사""},""robotCollision"":{""status"":""NOT VERIFIED"",""violations"":0,""checkedPlacements"":7,""scope"":""TCP·그리퍼 스윕 근사만 수행"",""reason"":""전체 로봇 링크 충돌 미검증""},""approach"":{""status"":""NOT VERIFIED"",""violations"":0,""checkedPlacements"":7,""scope"":""TCP·그리퍼 스윕 근사만 수행"",""reason"":""실제 관절 한계·역기구학·접근 자세 미검증""},""sequence"":{""status"":""NOT VERIFIED"",""violations"":0,""checkedPlacements"":7,""scope"":""TCP·그리퍼 스윕 근사만 수행"",""reason"":""실제 파지·관절 궤적·전 과정 실행 미검증""}}","14.096773303571428","38.888888888888886","7","11","0.159646357","962116139","410","","","","160.3793103448276","48.27370069053223","99.7946611909651","98.56262833675564","8.896313937500299","57.2","0.9404145077720207","0","0","","986.6474750000034","1441.652700000006","1382.5122200000048","1429.8246040000058","7893.179800000027","87.5","64.8036355614988","30.422363114974218","388.86707175687917","360","1.3706999999994878","14.096773303571428","0","38.888888888888886","","","100","0","0","","","0","","","","","","",""
"hrpal-inferred","online","random","43","1","4ac6b04f","no-placement","세로 박스 주변 높이 부족 · 가까운 눕힌 적재를 먼저 쌓아야 함","explicit","proxy","{}","{""protocol"":31}","conventional-pattern/2","2.0.0","{""requested"":1,""completed"":1,""outcomes"":[],""sameWorker"":false}","{""collision"":{""status"":""NOT VERIFIED"",""violations"":0,""checkedPlacements"":0,""scope"":""직육면체 기하·관측 규격 공통 검사"",""reason"":""검증할 확정 배치 없음""},""bounds"":{""status"":""NOT VERIFIED"",""violations"":0,""checkedPlacements"":0,""scope"":""직육면체 기하·관측 규격 공통 검사"",""reason"":""검증할 확정 배치 없음""},""height"":{""status"":""NOT VERIFIED"",""violations"":0,""checkedPlacements"":0,""scope"":""직육면체 기하·관측 규격 공통 검사"",""reason"":""검증할 확정 배치 없음""},""orientation"":{""status"":""NOT VERIFIED"",""violations"":0,""checkedPlacements"":0,""scope"":""직육면체 기하·관측 규격 공통 검사"",""reason"":""검증할 확정 배치 없음""},""load"":{""status"":""NOT VERIFIED"",""violations"":0,""checkedPlacements"":0,""scope"":""입력된 허용 상부하중 · 누적 정적 반력"",""reason"":""검증할 확정 배치 없음""},""support"":{""status"":""NOT VERIFIED"",""violations"":0,""checkedPlacements"":0,""scope"":""접촉·합력 작용점·정적 평형"",""reason"":""검증할 확정 배치 없음""},""payload"":{""status"":""NOT VERIFIED"",""violations"":0,""checkedPlacements"":0,""scope"":""입력 가반하중 · 박스+그리퍼 질량"",""reason"":""검증할 확정 배치 없음""},""robotCollision"":{""status"":""NOT VERIFIED"",""violations"":0,""checkedPlacements"":0,""scope"":""TCP·그리퍼 스윕 근사만 수행"",""reason"":""검증할 확정 배치 없음""},""approach"":{""status"":""NOT VERIFIED"",""violations"":0,""checkedPlacements"":0,""scope"":""TCP·그리퍼 스윕 근사만 수행"",""reason"":""검증할 확정 배치 없음""},""sequence"":{""status"":""NOT VERIFIED"",""violations"":0,""checkedPlacements"":0,""scope"":""TCP·그리퍼 스윕 근사만 수행"",""reason"":""검증할 확정 배치 없음""}}","0","0","0","18","0.317530218","1120000000","","","","","","","","","","","","0","0","","22.172099999996135","22.172099999996135","22.172099999996135","22.172099999996135","22.172099999996135","0","","","","31","0.1327000000019325","0","0","0","","","","0","0","","","0","","","","","","",""
"random","online","identical","44","2","00abb861","complete","","explicit","proxy","{}","{""bounds"":32,""support"":286}","adapter-1.0 / planners-f6ec11d4259a","2.0.0","{""requested"":1,""completed"":1,""outcomes"":[],""sameWorker"":false}","{""collision"":{""status"":""PASS"",""violations"":0,""checkedPlacements"":12,""scope"":""직육면체 기하·관측 규격 공통 검사"",""reason"":""확정 배치와 최종 적재 상태 검사""},""bounds"":{""status"":""PASS"",""violations"":0,""checkedPlacements"":12,""scope"":""직육면체 기하·관측 규격 공통 검사"",""reason"":""확정 배치와 최종 적재 상태 검사""},""height"":{""status"":""PASS"",""violations"":0,""checkedPlacements"":12,""scope"":""직육면체 기하·관측 규격 공통 검사"",""reason"":""확정 배치와 최종 적재 상태 검사""},""orientation"":{""status"":""PASS"",""violations"":0,""checkedPlacements"":12,""scope"":""직육면체 기하·관측 규격 공통 검사"",""reason"":""확정 배치와 최종 적재 상태 검사""},""load"":{""status"":""PASS"",""violations"":0,""checkedPlacements"":12,""scope"":""입력된 허용 상부하중 · 누적 정적 반력"",""reason"":""입력값 범위의 정적 검사. 실측 재료 인증 아님""},""support"":{""status"":""PASS"",""violations"":0,""checkedPlacements"":12,""scope"":""접촉·합력 작용점·정적 평형"",""reason"":""설정된 지지율·전도 여유 검사. 동적 붕괴·굽힘 파손 미검증""},""payload"":{""status"":""PASS"",""violations"":0,""checkedPlacements"":12,""scope"":""입력 가반하중 · 박스+그리퍼 질량"",""reason"":""사용자가 설정한 가반하중 한계 검사""},""robotCollision"":{""status"":""NOT VERIFIED"",""violations"":0,""checkedPlacements"":12,""scope"":""TCP·그리퍼 스윕 근사만 수행"",""reason"":""전체 로봇 링크 충돌 미검증""},""approach"":{""status"":""NOT VERIFIED"",""violations"":0,""checkedPlacements"":12,""scope"":""TCP·그리퍼 스윕 근사만 수행"",""reason"":""실제 관절 한계·역기구학·접근 자세 미검증""},""sequence"":{""status"":""NOT VERIFIED"",""violations"":0,""checkedPlacements"":12,""scope"":""TCP·그리퍼 스윕 근사만 수행"",""reason"":""실제 파지·관절 궤적·전 과정 실행 미검증""}}","16.071428571428573","100","12","0","0","940000000","600","","","","200","124.61747023948483","99.44444444444444","96.66666666666667","28.904249518701814","75.52340281728749","0.4197395608011792","0","0","","10.712008333335689","16.282200000001467","15.038429999999789","16.03344600000113","128.54410000002827","100","107.48338853642021","49.71420254867314","401.9225722992711","529","5.7612999999983","","","","","","100","0","0","","","100","","","","","","",""
"bl","online","identical","44","2","00abb861","complete","","explicit","proxy","{}","{""bounds"":55,""support"":131}","adapter-1.0 / planners-f6ec11d4259a","2.0.0","{""requested"":1,""completed"":1,""outcomes"":[],""sameWorker"":false}","{""collision"":{""status"":""PASS"",""violations"":0,""checkedPlacements"":12,""scope"":""직육면체 기하·관측 규격 공통 검사"",""reason"":""확정 배치와 최종 적재 상태 검사""},""bounds"":{""status"":""PASS"",""violations"":0,""checkedPlacements"":12,""scope"":""직육면체 기하·관측 규격 공통 검사"",""reason"":""확정 배치와 최종 적재 상태 검사""},""height"":{""status"":""PASS"",""violations"":0,""checkedPlacements"":12,""scope"":""직육면체 기하·관측 규격 공통 검사"",""reason"":""확정 배치와 최종 적재 상태 검사""},""orientation"":{""status"":""PASS"",""violations"":0,""checkedPlacements"":12,""scope"":""직육면체 기하·관측 규격 공통 검사"",""reason"":""확정 배치와 최종 적재 상태 검사""},""load"":{""status"":""PASS"",""violations"":0,""checkedPlacements"":12,""scope"":""입력된 허용 상부하중 · 누적 정적 반력"",""reason"":""입력값 범위의 정적 검사. 실측 재료 인증 아님""},""support"":{""status"":""PASS"",""violations"":0,""checkedPlacements"":12,""scope"":""접촉·합력 작용점·정적 평형"",""reason"":""설정된 지지율·전도 여유 검사. 동적 붕괴·굽힘 파손 미검증""},""payload"":{""status"":""PASS"",""violations"":0,""checkedPlacements"":12,""scope"":""입력 가반하중 · 박스+그리퍼 질량"",""reason"":""사용자가 설정한 가반하중 한계 검사""},""robotCollision"":{""status"":""NOT VERIFIED"",""violations"":0,""checkedPlacements"":12,""scope"":""TCP·그리퍼 스윕 근사만 수행"",""reason"":""전체 로봇 링크 충돌 미검증""},""approach"":{""status"":""NOT VERIFIED"",""violations"":0,""checkedPlacements"":12,""scope"":""TCP·그리퍼 스윕 근사만 수행"",""reason"":""실제 관절 한계·역기구학·접근 자세 미검증""},""sequence"":{""status"":""NOT VERIFIED"",""violations"":0,""checkedPlacements"":12,""scope"":""TCP·그리퍼 스윕 근사만 수행"",""reason"":""실제 파지·관절 궤적·전 과정 실행 미검증""}}","16.071428571428573","100","12","0","0","940000000","400","","","","150","100.77822185373186","100","100","20.55555555555556","95","0.625","0","0","","15.169566666667379","25.988400000002002","23.669325000004754","25.524585000002556","182.03480000000854","100","100.37583405928807","49.64429213853723","430.38247606972266","533","2.8901999999943655","","","","","","100","0","0","","","100","","","","","","",""
"greedy","online","identical","44","2","00abb861","complete","","explicit","proxy","{}","{""bounds"":12,""support"":157}","adapter-1.0 / planners-f6ec11d4259a","2.0.0","{""requested"":1,""completed"":1,""outcomes"":[],""sameWorker"":false}","{""collision"":{""status"":""PASS"",""violations"":0,""checkedPlacements"":12,""scope"":""직육면체 기하·관측 규격 공통 검사"",""reason"":""확정 배치와 최종 적재 상태 검사""},""bounds"":{""status"":""PASS"",""violations"":0,""checkedPlacements"":12,""scope"":""직육면체 기하·관측 규격 공통 검사"",""reason"":""확정 배치와 최종 적재 상태 검사""},""height"":{""status"":""PASS"",""violations"":0,""checkedPlacements"":12,""scope"":""직육면체 기하·관측 규격 공통 검사"",""reason"":""확정 배치와 최종 적재 상태 검사""},""orientation"":{""status"":""PASS"",""violations"":0,""checkedPlacements"":12,""scope"":""직육면체 기하·관측 규격 공통 검사"",""reason"":""확정 배치와 최종 적재 상태 검사""},""load"":{""status"":""PASS"",""violations"":0,""checkedPlacements"":12,""scope"":""입력된 허용 상부하중 · 누적 정적 반력"",""reason"":""입력값 범위의 정적 검사. 실측 재료 인증 아님""},""support"":{""status"":""PASS"",""violations"":0,""checkedPlacements"":12,""scope"":""접촉·합력 작용점·정적 평형"",""reason"":""설정된 지지율·전도 여유 검사. 동적 붕괴·굽힘 파손 미검증""},""payload"":{""status"":""PASS"",""violations"":0,""checkedPlacements"":12,""scope"":""입력 가반하중 · 박스+그리퍼 질량"",""reason"":""사용자가 설정한 가반하중 한계 검사""},""robotCollision"":{""status"":""NOT VERIFIED"",""violations"":0,""checkedPlacements"":12,""scope"":""TCP·그리퍼 스윕 근사만 수행"",""reason"":""전체 로봇 링크 충돌 미검증""},""approach"":{""status"":""NOT VERIFIED"",""violations"":0,""checkedPlacements"":12,""scope"":""TCP·그리퍼 스윕 근사만 수행"",""reason"":""실제 관절 한계·역기구학·접근 자세 미검증""},""sequence"":{""status"":""NOT VERIFIED"",""violations"":0,""checkedPlacements"":12,""scope"":""TCP·그리퍼 스윕 근사만 수행"",""reason"":""실제 파지·관절 궤적·전 과정 실행 미검증""}}","16.071428571428573","100","12","0","0","940000000","400","","","","150","50.34602488997738","100","100","12.361111111111118","89.7435897435898","0.6250000000000001","0","0","","19.03248333333613","31.035999999992782","30.657050000001618","30.96020999999455","228.38980000003357","100","107.03781804388689","51.37458172852648","403.5956710392531","538","3.7624999999970896","","","","","","100","0","0","","","100","","","","","","",""
"rollout","online","identical","44","2","00abb861","complete","","explicit","proxy","{}","{""bounds"":12,""support"":157}","adapter-1.0 / planners-f6ec11d4259a","2.0.0","{""requested"":1,""completed"":1,""outcomes"":[],""sameWorker"":false}","{""collision"":{""status"":""PASS"",""violations"":0,""checkedPlacements"":12,""scope"":""직육면체 기하·관측 규격 공통 검사"",""reason"":""확정 배치와 최종 적재 상태 검사""},""bounds"":{""status"":""PASS"",""violations"":0,""checkedPlacements"":12,""scope"":""직육면체 기하·관측 규격 공통 검사"",""reason"":""확정 배치와 최종 적재 상태 검사""},""height"":{""status"":""PASS"",""violations"":0,""checkedPlacements"":12,""scope"":""직육면체 기하·관측 규격 공통 검사"",""reason"":""확정 배치와 최종 적재 상태 검사""},""orientation"":{""status"":""PASS"",""violations"":0,""checkedPlacements"":12,""scope"":""직육면체 기하·관측 규격 공통 검사"",""reason"":""확정 배치와 최종 적재 상태 검사""},""load"":{""status"":""PASS"",""violations"":0,""checkedPlacements"":12,""scope"":""입력된 허용 상부하중 · 누적 정적 반력"",""reason"":""입력값 범위의 정적 검사. 실측 재료 인증 아님""},""support"":{""status"":""PASS"",""violations"":0,""checkedPlacements"":12,""scope"":""접촉·합력 작용점·정적 평형"",""reason"":""설정된 지지율·전도 여유 검사. 동적 붕괴·굽힘 파손 미검증""},""payload"":{""status"":""PASS"",""violations"":0,""checkedPlacements"":12,""scope"":""입력 가반하중 · 박스+그리퍼 질량"",""reason"":""사용자가 설정한 가반하중 한계 검사""},""robotCollision"":{""status"":""NOT VERIFIED"",""violations"":0,""checkedPlacements"":12,""scope"":""TCP·그리퍼 스윕 근사만 수행"",""reason"":""전체 로봇 링크 충돌 미검증""},""approach"":{""status"":""NOT VERIFIED"",""violations"":0,""checkedPlacements"":12,""scope"":""TCP·그리퍼 스윕 근사만 수행"",""reason"":""실제 관절 한계·역기구학·접근 자세 미검증""},""sequence"":{""status"":""NOT VERIFIED"",""violations"":0,""checkedPlacements"":12,""scope"":""TCP·그리퍼 스윕 근사만 수행"",""reason"":""실제 파지·관절 궤적·전 과정 실행 미검증""}}","16.071428571428573","100","12","0","0","940000000","400","","","","150","50.34602488997738","100","100","12.361111111111118","89.7435897435898","0.6250000000000001","0","0","","288.182474999999","515.1392000000051","475.8885050000048","507.28906100000506","3458.189699999988","100","107.03781804388689","51.37458172852648","403.5956710392531","538","3.5865000000048894","","","","","","100","0","0","","","100","","","","","","",""
"strategy-greedy","online","identical","44","2","00abb861","complete","","explicit","proxy","{}","{""bounds"":12,""support"":190}","adapter-1.0 / planners-f6ec11d4259a","2.0.0","{""requested"":1,""completed"":1,""outcomes"":[],""sameWorker"":false}","{""collision"":{""status"":""PASS"",""violations"":0,""checkedPlacements"":12,""scope"":""직육면체 기하·관측 규격 공통 검사"",""reason"":""확정 배치와 최종 적재 상태 검사""},""bounds"":{""status"":""PASS"",""violations"":0,""checkedPlacements"":12,""scope"":""직육면체 기하·관측 규격 공통 검사"",""reason"":""확정 배치와 최종 적재 상태 검사""},""height"":{""status"":""PASS"",""violations"":0,""checkedPlacements"":12,""scope"":""직육면체 기하·관측 규격 공통 검사"",""reason"":""확정 배치와 최종 적재 상태 검사""},""orientation"":{""status"":""PASS"",""violations"":0,""checkedPlacements"":12,""scope"":""직육면체 기하·관측 규격 공통 검사"",""reason"":""확정 배치와 최종 적재 상태 검사""},""load"":{""status"":""PASS"",""violations"":0,""checkedPlacements"":12,""scope"":""입력된 허용 상부하중 · 누적 정적 반력"",""reason"":""입력값 범위의 정적 검사. 실측 재료 인증 아님""},""support"":{""status"":""PASS"",""violations"":0,""checkedPlacements"":12,""scope"":""접촉·합력 작용점·정적 평형"",""reason"":""설정된 지지율·전도 여유 검사. 동적 붕괴·굽힘 파손 미검증""},""payload"":{""status"":""PASS"",""violations"":0,""checkedPlacements"":12,""scope"":""입력 가반하중 · 박스+그리퍼 질량"",""reason"":""사용자가 설정한 가반하중 한계 검사""},""robotCollision"":{""status"":""NOT VERIFIED"",""violations"":0,""checkedPlacements"":12,""scope"":""TCP·그리퍼 스윕 근사만 수행"",""reason"":""전체 로봇 링크 충돌 미검증""},""approach"":{""status"":""NOT VERIFIED"",""violations"":0,""checkedPlacements"":12,""scope"":""TCP·그리퍼 스윕 근사만 수행"",""reason"":""실제 관절 한계·역기구학·접근 자세 미검증""},""sequence"":{""status"":""NOT VERIFIED"",""violations"":0,""checkedPlacements"":12,""scope"":""TCP·그리퍼 스윕 근사만 수행"",""reason"":""실제 파지·관절 궤적·전 과정 실행 미검증""}}","16.071428571428573","100","12","0","0","940000000","400","","","","150","0","100","100","1.3888888888888868","95","0.625","0","0","","7.296516666665411","12.74529999999504","11.322449999995294","12.460729999995094","87.55819999998494","100","108.20092680945035","50.83060242614273","399.25720854571165","538","3.4660000000003492","","","","","","100","0","0","","","100","","","","","","",""
"macs","online","identical","44","2","00abb861","complete","","explicit","proxy","{}","{""bounds"":12,""support"":190}","adapter-1.0 / planners-f6ec11d4259a","2.0.0","{""requested"":1,""completed"":1,""outcomes"":[],""sameWorker"":false}","{""collision"":{""status"":""PASS"",""violations"":0,""checkedPlacements"":12,""scope"":""직육면체 기하·관측 규격 공통 검사"",""reason"":""확정 배치와 최종 적재 상태 검사""},""bounds"":{""status"":""PASS"",""violations"":0,""checkedPlacements"":12,""scope"":""직육면체 기하·관측 규격 공통 검사"",""reason"":""확정 배치와 최종 적재 상태 검사""},""height"":{""status"":""PASS"",""violations"":0,""checkedPlacements"":12,""scope"":""직육면체 기하·관측 규격 공통 검사"",""reason"":""확정 배치와 최종 적재 상태 검사""},""orientation"":{""status"":""PASS"",""violations"":0,""checkedPlacements"":12,""scope"":""직육면체 기하·관측 규격 공통 검사"",""reason"":""확정 배치와 최종 적재 상태 검사""},""load"":{""status"":""PASS"",""violations"":0,""checkedPlacements"":12,""scope"":""입력된 허용 상부하중 · 누적 정적 반력"",""reason"":""입력값 범위의 정적 검사. 실측 재료 인증 아님""},""support"":{""status"":""PASS"",""violations"":0,""checkedPlacements"":12,""scope"":""접촉·합력 작용점·정적 평형"",""reason"":""설정된 지지율·전도 여유 검사. 동적 붕괴·굽힘 파손 미검증""},""payload"":{""status"":""PASS"",""violations"":0,""checkedPlacements"":12,""scope"":""입력 가반하중 · 박스+그리퍼 질량"",""reason"":""사용자가 설정한 가반하중 한계 검사""},""robotCollision"":{""status"":""NOT VERIFIED"",""violations"":0,""checkedPlacements"":12,""scope"":""TCP·그리퍼 스윕 근사만 수행"",""reason"":""전체 로봇 링크 충돌 미검증""},""approach"":{""status"":""NOT VERIFIED"",""violations"":0,""checkedPlacements"":12,""scope"":""TCP·그리퍼 스윕 근사만 수행"",""reason"":""실제 관절 한계·역기구학·접근 자세 미검증""},""sequence"":{""status"":""NOT VERIFIED"",""violations"":0,""checkedPlacements"":12,""scope"":""TCP·그리퍼 스윕 근사만 수행"",""reason"":""실제 파지·관절 궤적·전 과정 실행 미검증""}}","16.071428571428573","100","12","0","0","940000000","400","","","","150","0","100","100","1.3888888888888868","95","0.625","0","0","","9.179308333337152","13.765800000008312","12.9142350000031","13.595487000007271","110.15170000004582","100","108.20092680945035","50.83060242614273","399.25720854571165","538","3.7228999999933876","","","","","","100","0","0","","","100","","","","","","",""
"tetris-reserved","online","identical","44","2","00abb861","complete","","explicit","proxy","{}","{""bounds"":20,""support"":63}","adapter-1.0 / planners-f6ec11d4259a","2.0.0","{""requested"":1,""completed"":1,""outcomes"":[],""sameWorker"":false}","{""collision"":{""status"":""PASS"",""violations"":0,""checkedPlacements"":12,""scope"":""직육면체 기하·관측 규격 공통 검사"",""reason"":""확정 배치와 최종 적재 상태 검사""},""bounds"":{""status"":""PASS"",""violations"":0,""checkedPlacements"":12,""scope"":""직육면체 기하·관측 규격 공통 검사"",""reason"":""확정 배치와 최종 적재 상태 검사""},""height"":{""status"":""PASS"",""violations"":0,""checkedPlacements"":12,""scope"":""직육면체 기하·관측 규격 공통 검사"",""reason"":""확정 배치와 최종 적재 상태 검사""},""orientation"":{""status"":""PASS"",""violations"":0,""checkedPlacements"":12,""scope"":""직육면체 기하·관측 규격 공통 검사"",""reason"":""확정 배치와 최종 적재 상태 검사""},""load"":{""status"":""PASS"",""violations"":0,""checkedPlacements"":12,""scope"":""입력된 허용 상부하중 · 누적 정적 반력"",""reason"":""입력값 범위의 정적 검사. 실측 재료 인증 아님""},""support"":{""status"":""PASS"",""violations"":0,""checkedPlacements"":12,""scope"":""접촉·합력 작용점·정적 평형"",""reason"":""설정된 지지율·전도 여유 검사. 동적 붕괴·굽힘 파손 미검증""},""payload"":{""status"":""PASS"",""violations"":0,""checkedPlacements"":12,""scope"":""입력 가반하중 · 박스+그리퍼 질량"",""reason"":""사용자가 설정한 가반하중 한계 검사""},""robotCollision"":{""status"":""NOT VERIFIED"",""violations"":0,""checkedPlacements"":12,""scope"":""TCP·그리퍼 스윕 근사만 수행"",""reason"":""전체 로봇 링크 충돌 미검증""},""approach"":{""status"":""NOT VERIFIED"",""violations"":0,""checkedPlacements"":12,""scope"":""TCP·그리퍼 스윕 근사만 수행"",""reason"":""실제 관절 한계·역기구학·접근 자세 미검증""},""sequence"":{""status"":""NOT VERIFIED"",""violations"":0,""checkedPlacements"":12,""scope"":""TCP·그리퍼 스윕 근사만 수행"",""reason"":""실제 파지·관절 궤적·전 과정 실행 미검증""}}","16.071428571428573","100","12","0","0","940000000","400","","","","150","91.3108625033797","100","100","18.33333333333334","95","0.625","0","0","","160.5669999999991","315.45209999999497","302.18136999999695","312.7979539999954","1926.8039999999892","100","101.72593767821284","49.871859490838354","424.67045264948547","533","2.4861000000091735","","","","","","100","0","0","","","100","","","","","","",""
"dynamic-reservation","online","identical","44","2","00abb861","complete","","explicit","proxy","{}","{""bounds"":12,""support"":190}","adapter-1.0 / planners-f6ec11d4259a","2.0.0","{""requested"":1,""completed"":1,""outcomes"":[],""sameWorker"":false}","{""collision"":{""status"":""PASS"",""violations"":0,""checkedPlacements"":12,""scope"":""직육면체 기하·관측 규격 공통 검사"",""reason"":""확정 배치와 최종 적재 상태 검사""},""bounds"":{""status"":""PASS"",""violations"":0,""checkedPlacements"":12,""scope"":""직육면체 기하·관측 규격 공통 검사"",""reason"":""확정 배치와 최종 적재 상태 검사""},""height"":{""status"":""PASS"",""violations"":0,""checkedPlacements"":12,""scope"":""직육면체 기하·관측 규격 공통 검사"",""reason"":""확정 배치와 최종 적재 상태 검사""},""orientation"":{""status"":""PASS"",""violations"":0,""checkedPlacements"":12,""scope"":""직육면체 기하·관측 규격 공통 검사"",""reason"":""확정 배치와 최종 적재 상태 검사""},""load"":{""status"":""PASS"",""violations"":0,""checkedPlacements"":12,""scope"":""입력된 허용 상부하중 · 누적 정적 반력"",""reason"":""입력값 범위의 정적 검사. 실측 재료 인증 아님""},""support"":{""status"":""PASS"",""violations"":0,""checkedPlacements"":12,""scope"":""접촉·합력 작용점·정적 평형"",""reason"":""설정된 지지율·전도 여유 검사. 동적 붕괴·굽힘 파손 미검증""},""payload"":{""status"":""PASS"",""violations"":0,""checkedPlacements"":12,""scope"":""입력 가반하중 · 박스+그리퍼 질량"",""reason"":""사용자가 설정한 가반하중 한계 검사""},""robotCollision"":{""status"":""NOT VERIFIED"",""violations"":0,""checkedPlacements"":12,""scope"":""TCP·그리퍼 스윕 근사만 수행"",""reason"":""전체 로봇 링크 충돌 미검증""},""approach"":{""status"":""NOT VERIFIED"",""violations"":0,""checkedPlacements"":12,""scope"":""TCP·그리퍼 스윕 근사만 수행"",""reason"":""실제 관절 한계·역기구학·접근 자세 미검증""},""sequence"":{""status"":""NOT VERIFIED"",""violations"":0,""checkedPlacements"":12,""scope"":""TCP·그리퍼 스윕 근사만 수행"",""reason"":""실제 파지·관절 궤적·전 과정 실행 미검증""}}","16.071428571428573","100","12","0","0","940000000","400","","","","150","0","100","100","1.3888888888888868","95","0.625","0","0","","69.58434166666605","135.69779999999446","123.21929000000017","133.2020979999956","835.0120999999926","100","108.20092680945035","50.83060242614273","399.25720854571165","538","2.992500000007567","","","","","","100","0","0","","","100","","","","","","",""
"lookahead","online","identical","44","2","00abb861","complete","","explicit","proxy","{}","{""bounds"":12,""support"":190}","adapter-1.0 / planners-f6ec11d4259a","2.0.0","{""requested"":1,""completed"":1,""outcomes"":[],""sameWorker"":false}","{""collision"":{""status"":""PASS"",""violations"":0,""checkedPlacements"":12,""scope"":""직육면체 기하·관측 규격 공통 검사"",""reason"":""확정 배치와 최종 적재 상태 검사""},""bounds"":{""status"":""PASS"",""violations"":0,""checkedPlacements"":12,""scope"":""직육면체 기하·관측 규격 공통 검사"",""reason"":""확정 배치와 최종 적재 상태 검사""},""height"":{""status"":""PASS"",""violations"":0,""checkedPlacements"":12,""scope"":""직육면체 기하·관측 규격 공통 검사"",""reason"":""확정 배치와 최종 적재 상태 검사""},""orientation"":{""status"":""PASS"",""violations"":0,""checkedPlacements"":12,""scope"":""직육면체 기하·관측 규격 공통 검사"",""reason"":""확정 배치와 최종 적재 상태 검사""},""load"":{""status"":""PASS"",""violations"":0,""checkedPlacements"":12,""scope"":""입력된 허용 상부하중 · 누적 정적 반력"",""reason"":""입력값 범위의 정적 검사. 실측 재료 인증 아님""},""support"":{""status"":""PASS"",""violations"":0,""checkedPlacements"":12,""scope"":""접촉·합력 작용점·정적 평형"",""reason"":""설정된 지지율·전도 여유 검사. 동적 붕괴·굽힘 파손 미검증""},""payload"":{""status"":""PASS"",""violations"":0,""checkedPlacements"":12,""scope"":""입력 가반하중 · 박스+그리퍼 질량"",""reason"":""사용자가 설정한 가반하중 한계 검사""},""robotCollision"":{""status"":""NOT VERIFIED"",""violations"":0,""checkedPlacements"":12,""scope"":""TCP·그리퍼 스윕 근사만 수행"",""reason"":""전체 로봇 링크 충돌 미검증""},""approach"":{""status"":""NOT VERIFIED"",""violations"":0,""checkedPlacements"":12,""scope"":""TCP·그리퍼 스윕 근사만 수행"",""reason"":""실제 관절 한계·역기구학·접근 자세 미검증""},""sequence"":{""status"":""NOT VERIFIED"",""violations"":0,""checkedPlacements"":12,""scope"":""TCP·그리퍼 스윕 근사만 수행"",""reason"":""실제 파지·관절 궤적·전 과정 실행 미검증""}}","16.071428571428573","100","12","0","0","940000000","400","","","","150","0","100","100","1.3888888888888868","95","0.625","0","0","","71.90230833333528","124.38520000000426","116.55672000000848","122.81950400000511","862.8277000000235","100","108.20092680945035","50.83060242614273","399.25720854571165","538","3.224000000001979","","","","","","100","0","0","","","100","","","","","","",""
"future-hybrid","online","identical","44","2","00abb861","complete","","explicit","proxy","{}","{""bounds"":12,""support"":190}","adapter-1.0 / planners-f6ec11d4259a","2.0.0","{""requested"":1,""completed"":1,""outcomes"":[],""sameWorker"":false}","{""collision"":{""status"":""PASS"",""violations"":0,""checkedPlacements"":12,""scope"":""직육면체 기하·관측 규격 공통 검사"",""reason"":""확정 배치와 최종 적재 상태 검사""},""bounds"":{""status"":""PASS"",""violations"":0,""checkedPlacements"":12,""scope"":""직육면체 기하·관측 규격 공통 검사"",""reason"":""확정 배치와 최종 적재 상태 검사""},""height"":{""status"":""PASS"",""violations"":0,""checkedPlacements"":12,""scope"":""직육면체 기하·관측 규격 공통 검사"",""reason"":""확정 배치와 최종 적재 상태 검사""},""orientation"":{""status"":""PASS"",""violations"":0,""checkedPlacements"":12,""scope"":""직육면체 기하·관측 규격 공통 검사"",""reason"":""확정 배치와 최종 적재 상태 검사""},""load"":{""status"":""PASS"",""violations"":0,""checkedPlacements"":12,""scope"":""입력된 허용 상부하중 · 누적 정적 반력"",""reason"":""입력값 범위의 정적 검사. 실측 재료 인증 아님""},""support"":{""status"":""PASS"",""violations"":0,""checkedPlacements"":12,""scope"":""접촉·합력 작용점·정적 평형"",""reason"":""설정된 지지율·전도 여유 검사. 동적 붕괴·굽힘 파손 미검증""},""payload"":{""status"":""PASS"",""violations"":0,""checkedPlacements"":12,""scope"":""입력 가반하중 · 박스+그리퍼 질량"",""reason"":""사용자가 설정한 가반하중 한계 검사""},""robotCollision"":{""status"":""NOT VERIFIED"",""violations"":0,""checkedPlacements"":12,""scope"":""TCP·그리퍼 스윕 근사만 수행"",""reason"":""전체 로봇 링크 충돌 미검증""},""approach"":{""status"":""NOT VERIFIED"",""violations"":0,""checkedPlacements"":12,""scope"":""TCP·그리퍼 스윕 근사만 수행"",""reason"":""실제 관절 한계·역기구학·접근 자세 미검증""},""sequence"":{""status"":""NOT VERIFIED"",""violations"":0,""checkedPlacements"":12,""scope"":""TCP·그리퍼 스윕 근사만 수행"",""reason"":""실제 파지·관절 궤적·전 과정 실행 미검증""}}","16.071428571428573","100","12","0","0","940000000","400","","","","150","0","100","100","1.3888888888888868","95","0.625","0","0","","63.40264166666748","119.95120000001043","113.07328500000003","118.57561700000836","760.8317000000097","100","108.20092680945035","50.83060242614273","399.25720854571165","538","2.3871000000071945","","","","","","100","0","0","","","100","","","","","","",""
"blb","online","identical","44","2","00abb861","complete","","explicit","proxy","{}","{""bounds"":65,""support"":135}","adapter-1.0 / planners-f6ec11d4259a","2.0.0","{""requested"":1,""completed"":1,""outcomes"":[],""sameWorker"":false}","{""collision"":{""status"":""PASS"",""violations"":0,""checkedPlacements"":12,""scope"":""직육면체 기하·관측 규격 공통 검사"",""reason"":""확정 배치와 최종 적재 상태 검사""},""bounds"":{""status"":""PASS"",""violations"":0,""checkedPlacements"":12,""scope"":""직육면체 기하·관측 규격 공통 검사"",""reason"":""확정 배치와 최종 적재 상태 검사""},""height"":{""status"":""PASS"",""violations"":0,""checkedPlacements"":12,""scope"":""직육면체 기하·관측 규격 공통 검사"",""reason"":""확정 배치와 최종 적재 상태 검사""},""orientation"":{""status"":""PASS"",""violations"":0,""checkedPlacements"":12,""scope"":""직육면체 기하·관측 규격 공통 검사"",""reason"":""확정 배치와 최종 적재 상태 검사""},""load"":{""status"":""PASS"",""violations"":0,""checkedPlacements"":12,""scope"":""입력된 허용 상부하중 · 누적 정적 반력"",""reason"":""입력값 범위의 정적 검사. 실측 재료 인증 아님""},""support"":{""status"":""PASS"",""violations"":0,""checkedPlacements"":12,""scope"":""접촉·합력 작용점·정적 평형"",""reason"":""설정된 지지율·전도 여유 검사. 동적 붕괴·굽힘 파손 미검증""},""payload"":{""status"":""PASS"",""violations"":0,""checkedPlacements"":12,""scope"":""입력 가반하중 · 박스+그리퍼 질량"",""reason"":""사용자가 설정한 가반하중 한계 검사""},""robotCollision"":{""status"":""NOT VERIFIED"",""violations"":0,""checkedPlacements"":12,""scope"":""TCP·그리퍼 스윕 근사만 수행"",""reason"":""전체 로봇 링크 충돌 미검증""},""approach"":{""status"":""NOT VERIFIED"",""violations"":0,""checkedPlacements"":12,""scope"":""TCP·그리퍼 스윕 근사만 수행"",""reason"":""실제 관절 한계·역기구학·접근 자세 미검증""},""sequence"":{""status"":""NOT VERIFIED"",""violations"":0,""checkedPlacements"":12,""scope"":""TCP·그리퍼 스윕 근사만 수행"",""reason"":""실제 파지·관절 궤적·전 과정 실행 미검증""}}","16.071428571428573","100","12","0","0","940000000","400","","","","150","100.77822185373186","100","100","20.55555555555556","95","0.625","0","0","","6.621799999998378","12.042600000000675","10.613644999999085","11.75680900000036","79.46159999998054","100","100.37583405928807","49.64429213853723","430.38247606972266","529","2.42609999999695","","","","","","100","0","0","","","100","","","","","","",""
"pack-first","online","identical","44","2","00abb861","complete","","explicit","proxy","{}","{""support"":102,""bounds"":224}","adapter-1.0 / planners-f6ec11d4259a","2.0.0","{""requested"":1,""completed"":1,""outcomes"":[],""sameWorker"":false}","{""collision"":{""status"":""PASS"",""violations"":0,""checkedPlacements"":12,""scope"":""직육면체 기하·관측 규격 공통 검사"",""reason"":""확정 배치와 최종 적재 상태 검사""},""bounds"":{""status"":""PASS"",""violations"":0,""checkedPlacements"":12,""scope"":""직육면체 기하·관측 규격 공통 검사"",""reason"":""확정 배치와 최종 적재 상태 검사""},""height"":{""status"":""PASS"",""violations"":0,""checkedPlacements"":12,""scope"":""직육면체 기하·관측 규격 공통 검사"",""reason"":""확정 배치와 최종 적재 상태 검사""},""orientation"":{""status"":""PASS"",""violations"":0,""checkedPlacements"":12,""scope"":""직육면체 기하·관측 규격 공통 검사"",""reason"":""확정 배치와 최종 적재 상태 검사""},""load"":{""status"":""PASS"",""violations"":0,""checkedPlacements"":12,""scope"":""입력된 허용 상부하중 · 누적 정적 반력"",""reason"":""입력값 범위의 정적 검사. 실측 재료 인증 아님""},""support"":{""status"":""PASS"",""violations"":0,""checkedPlacements"":12,""scope"":""접촉·합력 작용점·정적 평형"",""reason"":""설정된 지지율·전도 여유 검사. 동적 붕괴·굽힘 파손 미검증""},""payload"":{""status"":""PASS"",""violations"":0,""checkedPlacements"":12,""scope"":""입력 가반하중 · 박스+그리퍼 질량"",""reason"":""사용자가 설정한 가반하중 한계 검사""},""robotCollision"":{""status"":""NOT VERIFIED"",""violations"":0,""checkedPlacements"":12,""scope"":""TCP·그리퍼 스윕 근사만 수행"",""reason"":""전체 로봇 링크 충돌 미검증""},""approach"":{""status"":""NOT VERIFIED"",""violations"":0,""checkedPlacements"":12,""scope"":""TCP·그리퍼 스윕 근사만 수행"",""reason"":""실제 관절 한계·역기구학·접근 자세 미검증""},""sequence"":{""status"":""NOT VERIFIED"",""violations"":0,""checkedPlacements"":12,""scope"":""TCP·그리퍼 스윕 근사만 수행"",""reason"":""실제 파지·관절 궤적·전 과정 실행 미검증""}}","16.071428571428573","100","12","0","0","940000000","400","","","","150","100.77822185373186","100","100","20.55555555555556","95","0.625","0","0","","5.218374999999166","8.236100000009174","7.975235000000247","8.183927000007388","62.62049999998999","100","100.37583405928807","49.64429213853723","430.38247606972266","529","2.2875000000058208","","","","","","100","0","0","","","100","","","","","","",""
"pack-greedy","online","identical","44","2","00abb861","complete","","explicit","proxy","{}","{""support"":182,""bounds"":234}","adapter-1.0 / planners-f6ec11d4259a","2.0.0","{""requested"":1,""completed"":1,""outcomes"":[],""sameWorker"":false}","{""collision"":{""status"":""PASS"",""violations"":0,""checkedPlacements"":12,""scope"":""직육면체 기하·관측 규격 공통 검사"",""reason"":""확정 배치와 최종 적재 상태 검사""},""bounds"":{""status"":""PASS"",""violations"":0,""checkedPlacements"":12,""scope"":""직육면체 기하·관측 규격 공통 검사"",""reason"":""확정 배치와 최종 적재 상태 검사""},""height"":{""status"":""PASS"",""violations"":0,""checkedPlacements"":12,""scope"":""직육면체 기하·관측 규격 공통 검사"",""reason"":""확정 배치와 최종 적재 상태 검사""},""orientation"":{""status"":""PASS"",""violations"":0,""checkedPlacements"":12,""scope"":""직육면체 기하·관측 규격 공통 검사"",""reason"":""확정 배치와 최종 적재 상태 검사""},""load"":{""status"":""PASS"",""violations"":0,""checkedPlacements"":12,""scope"":""입력된 허용 상부하중 · 누적 정적 반력"",""reason"":""입력값 범위의 정적 검사. 실측 재료 인증 아님""},""support"":{""status"":""PASS"",""violations"":0,""checkedPlacements"":12,""scope"":""접촉·합력 작용점·정적 평형"",""reason"":""설정된 지지율·전도 여유 검사. 동적 붕괴·굽힘 파손 미검증""},""payload"":{""status"":""PASS"",""violations"":0,""checkedPlacements"":12,""scope"":""입력 가반하중 · 박스+그리퍼 질량"",""reason"":""사용자가 설정한 가반하중 한계 검사""},""robotCollision"":{""status"":""NOT VERIFIED"",""violations"":0,""checkedPlacements"":12,""scope"":""TCP·그리퍼 스윕 근사만 수행"",""reason"":""전체 로봇 링크 충돌 미검증""},""approach"":{""status"":""NOT VERIFIED"",""violations"":0,""checkedPlacements"":12,""scope"":""TCP·그리퍼 스윕 근사만 수행"",""reason"":""실제 관절 한계·역기구학·접근 자세 미검증""},""sequence"":{""status"":""NOT VERIFIED"",""violations"":0,""checkedPlacements"":12,""scope"":""TCP·그리퍼 스윕 근사만 수행"",""reason"":""실제 파지·관절 궤적·전 과정 실행 미검증""}}","16.071428571428573","100","12","0","0","940000000","400","","","","150","50.860648398890454","100","100","10.925925925925922","83.33333333333337","0.6029411764705881","0","0","","5.298941666669028","9.152600000001257","9.06284000000378","9.134648000001762","63.587300000028335","100","100.63111331255921","49.8102236531635","429.2906893101862","529","3.479699999996228","","","","","","100","0","0","","","100","","","","","","",""
"pack-tetris","online","identical","44","2","00abb861","complete","","explicit","proxy","{}","{""support"":182,""bounds"":234}","adapter-1.0 / planners-f6ec11d4259a","2.0.0","{""requested"":1,""completed"":1,""outcomes"":[],""sameWorker"":false}","{""collision"":{""status"":""PASS"",""violations"":0,""checkedPlacements"":12,""scope"":""직육면체 기하·관측 규격 공통 검사"",""reason"":""확정 배치와 최종 적재 상태 검사""},""bounds"":{""status"":""PASS"",""violations"":0,""checkedPlacements"":12,""scope"":""직육면체 기하·관측 규격 공통 검사"",""reason"":""확정 배치와 최종 적재 상태 검사""},""height"":{""status"":""PASS"",""violations"":0,""checkedPlacements"":12,""scope"":""직육면체 기하·관측 규격 공통 검사"",""reason"":""확정 배치와 최종 적재 상태 검사""},""orientation"":{""status"":""PASS"",""violations"":0,""checkedPlacements"":12,""scope"":""직육면체 기하·관측 규격 공통 검사"",""reason"":""확정 배치와 최종 적재 상태 검사""},""load"":{""status"":""PASS"",""violations"":0,""checkedPlacements"":12,""scope"":""입력된 허용 상부하중 · 누적 정적 반력"",""reason"":""입력값 범위의 정적 검사. 실측 재료 인증 아님""},""support"":{""status"":""PASS"",""violations"":0,""checkedPlacements"":12,""scope"":""접촉·합력 작용점·정적 평형"",""reason"":""설정된 지지율·전도 여유 검사. 동적 붕괴·굽힘 파손 미검증""},""payload"":{""status"":""PASS"",""violations"":0,""checkedPlacements"":12,""scope"":""입력 가반하중 · 박스+그리퍼 질량"",""reason"":""사용자가 설정한 가반하중 한계 검사""},""robotCollision"":{""status"":""NOT VERIFIED"",""violations"":0,""checkedPlacements"":12,""scope"":""TCP·그리퍼 스윕 근사만 수행"",""reason"":""전체 로봇 링크 충돌 미검증""},""approach"":{""status"":""NOT VERIFIED"",""violations"":0,""checkedPlacements"":12,""scope"":""TCP·그리퍼 스윕 근사만 수행"",""reason"":""실제 관절 한계·역기구학·접근 자세 미검증""},""sequence"":{""status"":""NOT VERIFIED"",""violations"":0,""checkedPlacements"":12,""scope"":""TCP·그리퍼 스윕 근사만 수행"",""reason"":""실제 파지·관절 궤적·전 과정 실행 미검증""}}","16.071428571428573","100","12","0","0","940000000","400","","","","150","50.860648398890454","100","100","10.925925925925922","83.33333333333337","0.6029411764705881","0","0","","4.883166666667724","7.669500000003609","7.360510000005888","7.607702000004065","58.59800000001269","100","100.63111331255921","49.8102236531635","429.2906893101862","529","3.7291000000113854","","","","","","100","0","0","","","100","","","","","","",""
"pack-beam","online","identical","44","2","00abb861","complete","","explicit","proxy","{}","{""support"":217,""bounds"":253}","adapter-1.0 / planners-f6ec11d4259a","2.0.0","{""requested"":1,""completed"":1,""outcomes"":[],""sameWorker"":false}","{""collision"":{""status"":""PASS"",""violations"":0,""checkedPlacements"":12,""scope"":""직육면체 기하·관측 규격 공통 검사"",""reason"":""확정 배치와 최종 적재 상태 검사""},""bounds"":{""status"":""PASS"",""violations"":0,""checkedPlacements"":12,""scope"":""직육면체 기하·관측 규격 공통 검사"",""reason"":""확정 배치와 최종 적재 상태 검사""},""height"":{""status"":""PASS"",""violations"":0,""checkedPlacements"":12,""scope"":""직육면체 기하·관측 규격 공통 검사"",""reason"":""확정 배치와 최종 적재 상태 검사""},""orientation"":{""status"":""PASS"",""violations"":0,""checkedPlacements"":12,""scope"":""직육면체 기하·관측 규격 공통 검사"",""reason"":""확정 배치와 최종 적재 상태 검사""},""load"":{""status"":""PASS"",""violations"":0,""checkedPlacements"":12,""scope"":""입력된 허용 상부하중 · 누적 정적 반력"",""reason"":""입력값 범위의 정적 검사. 실측 재료 인증 아님""},""support"":{""status"":""PASS"",""violations"":0,""checkedPlacements"":12,""scope"":""접촉·합력 작용점·정적 평형"",""reason"":""설정된 지지율·전도 여유 검사. 동적 붕괴·굽힘 파손 미검증""},""payload"":{""status"":""PASS"",""violations"":0,""checkedPlacements"":12,""scope"":""입력 가반하중 · 박스+그리퍼 질량"",""reason"":""사용자가 설정한 가반하중 한계 검사""},""robotCollision"":{""status"":""NOT VERIFIED"",""violations"":0,""checkedPlacements"":12,""scope"":""TCP·그리퍼 스윕 근사만 수행"",""reason"":""전체 로봇 링크 충돌 미검증""},""approach"":{""status"":""NOT VERIFIED"",""violations"":0,""checkedPlacements"":12,""scope"":""TCP·그리퍼 스윕 근사만 수행"",""reason"":""실제 관절 한계·역기구학·접근 자세 미검증""},""sequence"":{""status"":""NOT VERIFIED"",""violations"":0,""checkedPlacements"":12,""scope"":""TCP·그리퍼 스윕 근사만 수행"",""reason"":""실제 파지·관절 궤적·전 과정 실행 미검증""}}","16.071428571428573","100","12","0","0","940000000","400","","","","150","27.163343355011044","100","100","9.537037037037033","95","0.625","0","0","","93.67233333333327","189.9643999999971","170.9826899999985","186.16805799999742","1124.0679999999993","100","102.55208675891215","50.408856393292886","421.2493510888579","529","1.901400000002468","","","","","","100","0","0","","","100","","","","","","",""
"pack-robust","online","identical","44","2","00abb861","complete","","explicit","proxy","{}","{""support"":217,""bounds"":253}","adapter-1.0 / planners-f6ec11d4259a","2.0.0","{""requested"":1,""completed"":1,""outcomes"":[],""sameWorker"":false}","{""collision"":{""status"":""PASS"",""violations"":0,""checkedPlacements"":12,""scope"":""직육면체 기하·관측 규격 공통 검사"",""reason"":""확정 배치와 최종 적재 상태 검사""},""bounds"":{""status"":""PASS"",""violations"":0,""checkedPlacements"":12,""scope"":""직육면체 기하·관측 규격 공통 검사"",""reason"":""확정 배치와 최종 적재 상태 검사""},""height"":{""status"":""PASS"",""violations"":0,""checkedPlacements"":12,""scope"":""직육면체 기하·관측 규격 공통 검사"",""reason"":""확정 배치와 최종 적재 상태 검사""},""orientation"":{""status"":""PASS"",""violations"":0,""checkedPlacements"":12,""scope"":""직육면체 기하·관측 규격 공통 검사"",""reason"":""확정 배치와 최종 적재 상태 검사""},""load"":{""status"":""PASS"",""violations"":0,""checkedPlacements"":12,""scope"":""입력된 허용 상부하중 · 누적 정적 반력"",""reason"":""입력값 범위의 정적 검사. 실측 재료 인증 아님""},""support"":{""status"":""PASS"",""violations"":0,""checkedPlacements"":12,""scope"":""접촉·합력 작용점·정적 평형"",""reason"":""설정된 지지율·전도 여유 검사. 동적 붕괴·굽힘 파손 미검증""},""payload"":{""status"":""PASS"",""violations"":0,""checkedPlacements"":12,""scope"":""입력 가반하중 · 박스+그리퍼 질량"",""reason"":""사용자가 설정한 가반하중 한계 검사""},""robotCollision"":{""status"":""NOT VERIFIED"",""violations"":0,""checkedPlacements"":12,""scope"":""TCP·그리퍼 스윕 근사만 수행"",""reason"":""전체 로봇 링크 충돌 미검증""},""approach"":{""status"":""NOT VERIFIED"",""violations"":0,""checkedPlacements"":12,""scope"":""TCP·그리퍼 스윕 근사만 수행"",""reason"":""실제 관절 한계·역기구학·접근 자세 미검증""},""sequence"":{""status"":""NOT VERIFIED"",""violations"":0,""checkedPlacements"":12,""scope"":""TCP·그리퍼 스윕 근사만 수행"",""reason"":""실제 파지·관절 궤적·전 과정 실행 미검증""}}","16.071428571428573","100","12","0","0","940000000","400","","","","150","27.163343355011044","100","100","9.537037037037033","95","0.625","0","0","","88.95011666666566","148.8134999999893","143.84276499999686","147.8193529999908","1067.401399999988","100","102.55208675891215","50.408856393292886","421.2493510888579","529","2.242899999997462","","","","","","100","0","0","","","100","","","","","","",""
"hrpal-inferred","online","identical","44","2","00abb861","complete","","explicit","proxy","{}","{""support"":123}","conventional-pattern/2","2.0.0","{""requested"":1,""completed"":1,""outcomes"":[],""sameWorker"":false}","{""collision"":{""status"":""PASS"",""violations"":0,""checkedPlacements"":12,""scope"":""직육면체 기하·관측 규격 공통 검사"",""reason"":""확정 배치와 최종 적재 상태 검사""},""bounds"":{""status"":""PASS"",""violations"":0,""checkedPlacements"":12,""scope"":""직육면체 기하·관측 규격 공통 검사"",""reason"":""확정 배치와 최종 적재 상태 검사""},""height"":{""status"":""PASS"",""violations"":0,""checkedPlacements"":12,""scope"":""직육면체 기하·관측 규격 공통 검사"",""reason"":""확정 배치와 최종 적재 상태 검사""},""orientation"":{""status"":""PASS"",""violations"":0,""checkedPlacements"":12,""scope"":""직육면체 기하·관측 규격 공통 검사"",""reason"":""확정 배치와 최종 적재 상태 검사""},""load"":{""status"":""PASS"",""violations"":0,""checkedPlacements"":12,""scope"":""입력된 허용 상부하중 · 누적 정적 반력"",""reason"":""입력값 범위의 정적 검사. 실측 재료 인증 아님""},""support"":{""status"":""PASS"",""violations"":0,""checkedPlacements"":12,""scope"":""접촉·합력 작용점·정적 평형"",""reason"":""설정된 지지율·전도 여유 검사. 동적 붕괴·굽힘 파손 미검증""},""payload"":{""status"":""PASS"",""violations"":0,""checkedPlacements"":12,""scope"":""입력 가반하중 · 박스+그리퍼 질량"",""reason"":""사용자가 설정한 가반하중 한계 검사""},""robotCollision"":{""status"":""NOT VERIFIED"",""violations"":0,""checkedPlacements"":12,""scope"":""TCP·그리퍼 스윕 근사만 수행"",""reason"":""전체 로봇 링크 충돌 미검증""},""approach"":{""status"":""NOT VERIFIED"",""violations"":0,""checkedPlacements"":12,""scope"":""TCP·그리퍼 스윕 근사만 수행"",""reason"":""실제 관절 한계·역기구학·접근 자세 미검증""},""sequence"":{""status"":""NOT VERIFIED"",""violations"":0,""checkedPlacements"":12,""scope"":""TCP·그리퍼 스윕 근사만 수행"",""reason"":""실제 파지·관절 궤적·전 과정 실행 미검증""}}","16.071428571428573","100","12","0","0","940000000","400","","","","150","100.77822185373186","100","100","20.55555555555556","95","0.625","0","0","","3.727633333334476","8.555600000006962","7.231750000003374","8.290830000006245","44.731600000013714","100","100.37583405928804","49.64429213853723","430.38247606972277","284","2.298500000004424","","","","","","100","0","0","","","100","","","","","","",""
"hrpal-grid-v1","online","identical","44","2","00abb861","complete","","explicit","proxy","{}","{""collision"":141,""robot-path"":141,""support"":117}","inferred-grid-layer/1","2.0.0","{""requested"":1,""completed"":1,""outcomes"":[],""sameWorker"":false}","{""collision"":{""status"":""PASS"",""violations"":0,""checkedPlacements"":12,""scope"":""직육면체 기하·관측 규격 공통 검사"",""reason"":""확정 배치와 최종 적재 상태 검사""},""bounds"":{""status"":""PASS"",""violations"":0,""checkedPlacements"":12,""scope"":""직육면체 기하·관측 규격 공통 검사"",""reason"":""확정 배치와 최종 적재 상태 검사""},""height"":{""status"":""PASS"",""violations"":0,""checkedPlacements"":12,""scope"":""직육면체 기하·관측 규격 공통 검사"",""reason"":""확정 배치와 최종 적재 상태 검사""},""orientation"":{""status"":""PASS"",""violations"":0,""checkedPlacements"":12,""scope"":""직육면체 기하·관측 규격 공통 검사"",""reason"":""확정 배치와 최종 적재 상태 검사""},""load"":{""status"":""PASS"",""violations"":0,""checkedPlacements"":12,""scope"":""입력된 허용 상부하중 · 누적 정적 반력"",""reason"":""입력값 범위의 정적 검사. 실측 재료 인증 아님""},""support"":{""status"":""PASS"",""violations"":0,""checkedPlacements"":12,""scope"":""접촉·합력 작용점·정적 평형"",""reason"":""설정된 지지율·전도 여유 검사. 동적 붕괴·굽힘 파손 미검증""},""payload"":{""status"":""PASS"",""violations"":0,""checkedPlacements"":12,""scope"":""입력 가반하중 · 박스+그리퍼 질량"",""reason"":""사용자가 설정한 가반하중 한계 검사""},""robotCollision"":{""status"":""NOT VERIFIED"",""violations"":0,""checkedPlacements"":12,""scope"":""TCP·그리퍼 스윕 근사만 수행"",""reason"":""전체 로봇 링크 충돌 미검증""},""approach"":{""status"":""NOT VERIFIED"",""violations"":0,""checkedPlacements"":12,""scope"":""TCP·그리퍼 스윕 근사만 수행"",""reason"":""실제 관절 한계·역기구학·접근 자세 미검증""},""sequence"":{""status"":""NOT VERIFIED"",""violations"":0,""checkedPlacements"":12,""scope"":""TCP·그리퍼 스윕 근사만 수행"",""reason"":""실제 파지·관절 궤적·전 과정 실행 미검증""}}","16.071428571428573","100","12","0","0","940000000","400","","","","150","100.77822185373186","100","100","20.55555555555556","95","0.625","0","0","","5.691974999999123","12.419699999998556","10.61091499999602","12.057942999998051","68.30369999998948","100","100.37583405928804","49.64429213853723","430.38247606972277","419","2.3386999999929685","","","","","","100","0","0","","","100","","","","","","",""
"random","online","random","44","2","7c371c4e","partial","누적 무게중심 정적 평형 불가 · Long-02 / SUPPORT: 지지 조건 미달 10.2% / 필요 95.0% · CoG 지지 검사 / SUPPORT: 지지 조건 미달 6.1% / 필요 95.0% · CoG 지지 검사 / SUPPORT: 지지 조건 미달 9.7% / 필요 95.0% · CoG 지지 검사 / 그리퍼 / 운반 접근 경로 간섭 · Small-02 / SUPPORT: 지지 조건 미달 5.7% / 필요 95.0% · CoG 지지 검사 / SUPPORT: 지지 조건 미달 9.3% / 필요 95.0% · CoG 지지 검사 / 그리퍼 / 운반 접근 경로 간섭 · Medium-01 / SUPPORT: 지지 조건 미달 5.5% / 필요 95.0% · CoG 지지 검사 / SUPPORT: 지지 조건 미달 8.8% / 필요 95.0% · CoG 지지 검사 / SUPPORT: 지지 조건 미달 5.2% / 필요 95.0% · CoG 지지 검사 / SUPPORT: 지지 조건 미달 62.5% / 필요 95.0% · CoG 지지 검사 / 그리퍼 / 운반 접근 경로 간섭 · Medium-03 / SUPPORT: 지지 조건 미달 24.2% / 필요 95.0% · CoG 지지 검사 / 무게 규칙 위반 · Small-04 (3 kg) / SUPPORT: 지지 조건 미달 33.1% / 필요 95.0% · CoG 지지 검사 / SUPPORT: 지지 조건 미달 28.0% / 필요 95.0% · CoG 지지 검사 / SUPPORT: 지지 조건 미달 15.5% / 필요 95.0% · CoG 지지 검사 / SUPPORT: 지지 조건 미달 36.8% / 필요 95.0% · CoG 지지 검사 / SUPPORT: 지지 조건 미달 31.1% / 필요 95.0% · CoG 지지 검사 / SUPPORT: 지지 조건 미달 17.2% / 필요 95.0% · CoG 지지 검사 / SUPPORT: 지지 조건 미달 9.6% / 필요 95.0% · CoG 지지 검사 / SUPPORT: 지지 조건 미달 16.4% / 필요 95.0% · CoG 지지 검사","explicit","proxy","{}","{""bounds"":44,""support"":143,""load"":53,""robot-path"":9}","adapter-1.0 / planners-f6ec11d4259a","2.0.0","{""requested"":1,""completed"":1,""outcomes"":[],""sameWorker"":false}","{""collision"":{""status"":""PASS"",""violations"":0,""checkedPlacements"":10,""scope"":""직육면체 기하·관측 규격 공통 검사"",""reason"":""확정 배치와 최종 적재 상태 검사""},""bounds"":{""status"":""PASS"",""violations"":0,""checkedPlacements"":10,""scope"":""직육면체 기하·관측 규격 공통 검사"",""reason"":""확정 배치와 최종 적재 상태 검사""},""height"":{""status"":""PASS"",""violations"":0,""checkedPlacements"":10,""scope"":""직육면체 기하·관측 규격 공통 검사"",""reason"":""확정 배치와 최종 적재 상태 검사""},""orientation"":{""status"":""PASS"",""violations"":0,""checkedPlacements"":10,""scope"":""직육면체 기하·관측 규격 공통 검사"",""reason"":""확정 배치와 최종 적재 상태 검사""},""load"":{""status"":""PASS"",""violations"":0,""checkedPlacements"":10,""scope"":""입력된 허용 상부하중 · 누적 정적 반력"",""reason"":""입력값 범위의 정적 검사. 실측 재료 인증 아님""},""support"":{""status"":""PASS"",""violations"":0,""checkedPlacements"":10,""scope"":""접촉·합력 작용점·정적 평형"",""reason"":""설정된 지지율·전도 여유 검사. 동적 붕괴·굽힘 파손 미검증""},""payload"":{""status"":""PASS"",""violations"":0,""checkedPlacements"":10,""scope"":""입력 가반하중 · 박스+그리퍼 질량"",""reason"":""사용자가 설정한 가반하중 한계 검사""},""robotCollision"":{""status"":""NOT VERIFIED"",""violations"":0,""checkedPlacements"":10,""scope"":""TCP·그리퍼 스윕 근사만 수행"",""reason"":""전체 로봇 링크 충돌 미검증""},""approach"":{""status"":""NOT VERIFIED"",""violations"":0,""checkedPlacements"":10,""scope"":""TCP·그리퍼 스윕 근사만 수행"",""reason"":""실제 관절 한계·역기구학·접근 자세 미검증""},""sequence"":{""status"":""NOT VERIFIED"",""violations"":0,""checkedPlacements"":10,""scope"":""TCP·그리퍼 스윕 근사만 수행"",""reason"":""실제 파지·관절 궤적·전 과정 실행 미검증""}}","17.16619232142857","55.55555555555556","10","8","0.125268864","927738646","547","","","","161.252688172043","69.26936176355701","99.88700564971751","98.87005649717514","21.81556542220803","69","0.7651102835863648","0","0","","8.34335454545296","16.94670000000042","16.19650000000547","16.79666000000143","91.77689999998256","90.9090909090909","92.35224347103099","44.42895825617014","389.81186213730115","488","1.8523999999888474","17.16619232142857","0","55.55555555555556","","","100","0","0","","","0","","","","","","",""
"bl","online","random","44","2","7c371c4e","partial","누적 무게중심 정적 평형 불가 / SUPPORT: 지지 조건 미달 49.7% / 필요 95.0% / 그리퍼 / 운반 접근 경로 간섭 / SUPPORT: 지지 조건 미달 46.0% / 필요 95.0% / SUPPORT: 지지 조건 미달 43.0% / 필요 95.0% / SUPPORT: 지지 조건 미달 26.0% / 필요 95.0% / SUPPORT: 지지 조건 미달 18.7% / 필요 95.0% / SUPPORT: 지지 조건 미달 12.9% / 필요 95.0% / SUPPORT: 지지 조건 미달 49.0% / 필요 95.0% / SUPPORT: 지지 조건 미달 45.3% / 필요 95.0% / SUPPORT: 지지 조건 미달 42.4% / 필요 95.0% / SUPPORT: 지지 조건 미달 25.6% / 필요 95.0% / SUPPORT: 지지 조건 미달 18.5% / 필요 95.0% / SUPPORT: 지지 조건 미달 12.7% / 필요 95.0% / SUPPORT: 지지 조건 미달 25.8% / 필요 95.0% / 무게 규칙 위반 / SUPPORT: 지지 조건 미달 26.5% / 필요 95.0% / SUPPORT: 지지 조건 미달 30.5% / 필요 95.0% / SUPPORT: 지지 조건 미달 21.3% / 필요 95.0% / SUPPORT: 지지 조건 미달 0.7% / 필요 95.0% / SUPPORT: 지지 조건 미달 1.0% / 필요 95.0% / SUPPORT: 지지 조건 미달 32.1% / 필요 95.0% / SUPPORT: 지지 조건 미달 28.2% / 필요 95.0% / SUPPORT: 지지 조건 미달 36.8% / 필요 95.0% / SUPPORT: 지지 조건 미달 46.6% / 필요 95.0% / SUPPORT: 지지 조건 미달 31.1% / 필요 95.0%","explicit","proxy","{}","{""bounds"":44,""support"":98,""load"":51,""robot-path"":6}","adapter-1.0 / planners-f6ec11d4259a","2.0.0","{""requested"":1,""completed"":1,""outcomes"":[],""sameWorker"":false}","{""collision"":{""status"":""PASS"",""violations"":0,""checkedPlacements"":10,""scope"":""직육면체 기하·관측 규격 공통 검사"",""reason"":""확정 배치와 최종 적재 상태 검사""},""bounds"":{""status"":""PASS"",""violations"":0,""checkedPlacements"":10,""scope"":""직육면체 기하·관측 규격 공통 검사"",""reason"":""확정 배치와 최종 적재 상태 검사""},""height"":{""status"":""PASS"",""violations"":0,""checkedPlacements"":10,""scope"":""직육면체 기하·관측 규격 공통 검사"",""reason"":""확정 배치와 최종 적재 상태 검사""},""orientation"":{""status"":""PASS"",""violations"":0,""checkedPlacements"":10,""scope"":""직육면체 기하·관측 규격 공통 검사"",""reason"":""확정 배치와 최종 적재 상태 검사""},""load"":{""status"":""PASS"",""violations"":0,""checkedPlacements"":10,""scope"":""입력된 허용 상부하중 · 누적 정적 반력"",""reason"":""입력값 범위의 정적 검사. 실측 재료 인증 아님""},""support"":{""status"":""PASS"",""violations"":0,""checkedPlacements"":10,""scope"":""접촉·합력 작용점·정적 평형"",""reason"":""설정된 지지율·전도 여유 검사. 동적 붕괴·굽힘 파손 미검증""},""payload"":{""status"":""PASS"",""violations"":0,""checkedPlacements"":10,""scope"":""입력 가반하중 · 박스+그리퍼 질량"",""reason"":""사용자가 설정한 가반하중 한계 검사""},""robotCollision"":{""status"":""NOT VERIFIED"",""violations"":0,""checkedPlacements"":10,""scope"":""TCP·그리퍼 스윕 근사만 수행"",""reason"":""전체 로봇 링크 충돌 미검증""},""approach"":{""status"":""NOT VERIFIED"",""violations"":0,""checkedPlacements"":10,""scope"":""TCP·그리퍼 스윕 근사만 수행"",""reason"":""실제 관절 한계·역기구학·접근 자세 미검증""},""sequence"":{""status"":""NOT VERIFIED"",""violations"":0,""checkedPlacements"":10,""scope"":""TCP·그리퍼 스윕 근사만 수행"",""reason"":""실제 파지·관절 궤적·전 과정 실행 미검증""}}","17.16619232142857","55.55555555555556","10","8","0.125268864","927738646","410","","","","154.1021505376344","112.10964547954936","100","100","17.69553073587726","65.85","0.5860927152317881","0","0","","31.231554545450226","56.34070000000065","53.72309999999561","55.817179999999645","343.5470999999525","90.9090909090909","89.40418759026275","43.162721933670795","402.6657024723175","490","1.8197000000072876","17.16619232142857","0","55.55555555555556","","","100","0","0","","","0","","","","","","",""
"greedy","online","random","44","2","7c371c4e","partial","누적 무게중심 정적 평형 불가 / SUPPORT: 지지 조건 미달 32.2% / 필요 95.0% / 무게 규칙 위반 / SUPPORT: 지지 조건 미달 29.8% / 필요 95.0% / SUPPORT: 지지 조건 미달 30.5% / 필요 95.0% / SUPPORT: 지지 조건 미달 32.6% / 필요 95.0% / SUPPORT: 지지 조건 미달 33.7% / 필요 95.0% / SUPPORT: 지지 조건 미달 49.7% / 필요 95.0% / SUPPORT: 지지 조건 미달 53.0% / 필요 95.0% / SUPPORT: 지지 조건 미달 25.6% / 필요 95.0% / SUPPORT: 지지 조건 미달 36.6% / 필요 95.0% / SUPPORT: 지지 조건 미달 36.4% / 필요 95.0% / SUPPORT: 지지 조건 미달 32.7% / 필요 95.0% / SUPPORT: 지지 조건 미달 33.9% / 필요 95.0% / SUPPORT: 지지 조건 미달 50.7% / 필요 95.0% / SUPPORT: 지지 조건 미달 54.0% / 필요 95.0% / SUPPORT: 지지 조건 미달 25.3% / 필요 95.0% / SUPPORT: 지지 조건 미달 25.2% / 필요 95.0% / SUPPORT: 지지 조건 미달 33.2% / 필요 95.0% / SUPPORT: 지지 조건 미달 25.0% / 필요 95.0% / SUPPORT: 지지 조건 미달 31.8% / 필요 95.0% / SUPPORT: 지지 조건 미달 3.8% / 필요 95.0% / SUPPORT: 지지 조건 미달 17.9% / 필요 95.0% / SUPPORT: 지지 조건 미달 26.3% / 필요 95.0% / SUPPORT: 지지 조건 미달 36.5% / 필요 95.0% / SUPPORT: 지지 조건 미달 28.4% / 필요 95.0% / SUPPORT: 지지 조건 미달 3.9% / 필요 95.0% / SUPPORT: 지지 조건 미달 18.0% / 필요 95.0% / SUPPORT: 지지 조건 미달 26.5% / 필요 95.0% / SUPPORT: 지지 조건 미달 36.8% / 필요 95.0% / SUPPORT: 지지 조건 미달 28.6% / 필요 95.0%","explicit","proxy","{}","{""bounds"":43,""support"":94,""load"":55}","adapter-1.0 / planners-f6ec11d4259a","2.0.0","{""requested"":1,""completed"":1,""outcomes"":[],""sameWorker"":false}","{""collision"":{""status"":""PASS"",""violations"":0,""checkedPlacements"":10,""scope"":""직육면체 기하·관측 규격 공통 검사"",""reason"":""확정 배치와 최종 적재 상태 검사""},""bounds"":{""status"":""PASS"",""violations"":0,""checkedPlacements"":10,""scope"":""직육면체 기하·관측 규격 공통 검사"",""reason"":""확정 배치와 최종 적재 상태 검사""},""height"":{""status"":""PASS"",""violations"":0,""checkedPlacements"":10,""scope"":""직육면체 기하·관측 규격 공통 검사"",""reason"":""확정 배치와 최종 적재 상태 검사""},""orientation"":{""status"":""PASS"",""violations"":0,""checkedPlacements"":10,""scope"":""직육면체 기하·관측 규격 공통 검사"",""reason"":""확정 배치와 최종 적재 상태 검사""},""load"":{""status"":""PASS"",""violations"":0,""checkedPlacements"":10,""scope"":""입력된 허용 상부하중 · 누적 정적 반력"",""reason"":""입력값 범위의 정적 검사. 실측 재료 인증 아님""},""support"":{""status"":""PASS"",""violations"":0,""checkedPlacements"":10,""scope"":""접촉·합력 작용점·정적 평형"",""reason"":""설정된 지지율·전도 여유 검사. 동적 붕괴·굽힘 파손 미검증""},""payload"":{""status"":""PASS"",""violations"":0,""checkedPlacements"":10,""scope"":""입력 가반하중 · 박스+그리퍼 질량"",""reason"":""사용자가 설정한 가반하중 한계 검사""},""robotCollision"":{""status"":""NOT VERIFIED"",""violations"":0,""checkedPlacements"":10,""scope"":""TCP·그리퍼 스윕 근사만 수행"",""reason"":""전체 로봇 링크 충돌 미검증""},""approach"":{""status"":""NOT VERIFIED"",""violations"":0,""checkedPlacements"":10,""scope"":""TCP·그리퍼 스윕 근사만 수행"",""reason"":""실제 관절 한계·역기구학·접근 자세 미검증""},""sequence"":{""status"":""NOT VERIFIED"",""violations"":0,""checkedPlacements"":10,""scope"":""TCP·그리퍼 스윕 근사만 수행"",""reason"":""실제 파지·관절 궤적·전 과정 실행 미검증""}}","17.16619232142857","55.55555555555556","10","8","0.125268864","927738646","434","","","","147.44623655913978","79.3454436070854","100","100","22.911707707402336","70.8","0.619815668202765","0","0","","110.13703636363921","306.7109999999957","258.9372500000027","297.15624999999716","1211.5074000000313","90.9090909090909","88.49787534386127","43.22361897350982","406.78942697913226","490","1.6519999999873107","17.16619232142857","0","55.55555555555556","","","100","0","0","","","0","","","","","","",""
"rollout","online","random","44","2","7c371c4e","partial","누적 무게중심 정적 평형 불가 / SUPPORT: 지지 조건 미달 39.4% / 필요 95.0% / SUPPORT: 지지 조건 미달 45.6% / 필요 95.0% / SUPPORT: 지지 조건 미달 55.5% / 필요 95.0% / SUPPORT: 지지 조건 미달 42.6% / 필요 95.0% / SUPPORT: 지지 조건 미달 49.2% / 필요 95.0% / SUPPORT: 지지 조건 미달 59.9% / 필요 95.0% / SUPPORT: 지지 조건 미달 42.9% / 필요 95.0% / SUPPORT: 지지 조건 미달 49.6% / 필요 95.0% / SUPPORT: 지지 조건 미달 60.3% / 필요 95.0% / SUPPORT: 지지 조건 미달 43.8% / 필요 95.0% / SUPPORT: 지지 조건 미달 50.6% / 필요 95.0% / SUPPORT: 지지 조건 미달 61.6% / 필요 95.0% / SUPPORT: 지지 조건 미달 0.6% / 필요 95.0% / 무게 규칙 위반 / 재질 허용 지지하중 초과 / SUPPORT: 지지 조건 미달 0.5% / 필요 95.0% / SUPPORT: 지지 조건 미달 22.3% / 필요 95.0% / SUPPORT: 지지 조건 미달 17.2% / 필요 95.0% / SUPPORT: 지지 조건 미달 29.4% / 필요 95.0% / SUPPORT: 지지 조건 미달 28.2% / 필요 95.0% / SUPPORT: 지지 조건 미달 10.9% / 필요 95.0% / SUPPORT: 지지 조건 미달 15.5% / 필요 95.0% / SUPPORT: 지지 조건 미달 26.6% / 필요 95.0% / SUPPORT: 지지 조건 미달 34.9% / 필요 95.0% / SUPPORT: 지지 조건 미달 36.6% / 필요 95.0% / SUPPORT: 지지 조건 미달 11.4% / 필요 95.0% / SUPPORT: 지지 조건 미달 16.3% / 필요 95.0% / SUPPORT: 지지 조건 미달 27.9% / 필요 95.0% / SUPPORT: 지지 조건 미달 12.0% / 필요 95.0% / SUPPORT: 지지 조건 미달 17.1% / 필요 95.0%","explicit","proxy","{}","{""bounds"":54,""support"":161,""load"":94,""robot-path"":13}","adapter-1.0 / planners-f6ec11d4259a","2.0.0","{""requested"":1,""completed"":1,""outcomes"":[],""sameWorker"":false}","{""collision"":{""status"":""PASS"",""violations"":0,""checkedPlacements"":11,""scope"":""직육면체 기하·관측 규격 공통 검사"",""reason"":""확정 배치와 최종 적재 상태 검사""},""bounds"":{""status"":""PASS"",""violations"":0,""checkedPlacements"":11,""scope"":""직육면체 기하·관측 규격 공통 검사"",""reason"":""확정 배치와 최종 적재 상태 검사""},""height"":{""status"":""PASS"",""violations"":0,""checkedPlacements"":11,""scope"":""직육면체 기하·관측 규격 공통 검사"",""reason"":""확정 배치와 최종 적재 상태 검사""},""orientation"":{""status"":""PASS"",""violations"":0,""checkedPlacements"":11,""scope"":""직육면체 기하·관측 규격 공통 검사"",""reason"":""확정 배치와 최종 적재 상태 검사""},""load"":{""status"":""PASS"",""violations"":0,""checkedPlacements"":11,""scope"":""입력된 허용 상부하중 · 누적 정적 반력"",""reason"":""입력값 범위의 정적 검사. 실측 재료 인증 아님""},""support"":{""status"":""PASS"",""violations"":0,""checkedPlacements"":11,""scope"":""접촉·합력 작용점·정적 평형"",""reason"":""설정된 지지율·전도 여유 검사. 동적 붕괴·굽힘 파손 미검증""},""payload"":{""status"":""PASS"",""violations"":0,""checkedPlacements"":11,""scope"":""입력 가반하중 · 박스+그리퍼 질량"",""reason"":""사용자가 설정한 가반하중 한계 검사""},""robotCollision"":{""status"":""NOT VERIFIED"",""violations"":0,""checkedPlacements"":11,""scope"":""TCP·그리퍼 스윕 근사만 수행"",""reason"":""전체 로봇 링크 충돌 미검증""},""approach"":{""status"":""NOT VERIFIED"",""violations"":0,""checkedPlacements"":11,""scope"":""TCP·그리퍼 스윕 근사만 수행"",""reason"":""실제 관절 한계·역기구학·접근 자세 미검증""},""sequence"":{""status"":""NOT VERIFIED"",""violations"":0,""checkedPlacements"":11,""scope"":""TCP·그리퍼 스윕 근사만 수행"",""reason"":""실제 파지·관절 궤적·전 과정 실행 미검증""}}","18.351521875","61.111111111111114","11","7","0.111993173","914462955","575","","","","188.23737373737373","160.90603093338555","99.75749284914811","97.33242134062927","38.17348295218812","57.2","0.5860927152317881","0","0","","527.2977499999992","1003.0175000000017","979.9173899999965","998.3974780000008","6327.572999999989","91.66666666666667","108.29907958120977","50.244401727786354","365.6540771457371","538","2.417700000005425","18.351521875","0","61.111111111111114","","","100","0","0","","","0","","","","","","",""
"strategy-greedy","online","random","44","2","7c371c4e","partial","팔레트 경계 밖 / SUPPORT: 지지 조건 미달 73.4% / 필요 95.0% / SUPPORT: 지지 조건 미달 63.9% / 필요 95.0% / 누적 무게중심 정적 평형 불가 / SUPPORT: 지지 조건 미달 13.8% / 필요 95.0% / SUPPORT: 지지 조건 미달 3.1% / 필요 95.0% / SUPPORT: 지지 조건 미달 30.2% / 필요 95.0% / SUPPORT: 지지 조건 미달 52.0% / 필요 95.0% / SUPPORT: 지지 조건 미달 4.4% / 필요 95.0% / SUPPORT: 지지 조건 미달 29.3% / 필요 95.0%","explicit","proxy","{}","{""bounds"":14,""support"":34}","adapter-1.0 / planners-f6ec11d4259a","2.0.0","{""requested"":1,""completed"":1,""outcomes"":[],""sameWorker"":false}","{""collision"":{""status"":""PASS"",""violations"":0,""checkedPlacements"":1,""scope"":""직육면체 기하·관측 규격 공통 검사"",""reason"":""확정 배치와 최종 적재 상태 검사""},""bounds"":{""status"":""PASS"",""violations"":0,""checkedPlacements"":1,""scope"":""직육면체 기하·관측 규격 공통 검사"",""reason"":""확정 배치와 최종 적재 상태 검사""},""height"":{""status"":""PASS"",""violations"":0,""checkedPlacements"":1,""scope"":""직육면체 기하·관측 규격 공통 검사"",""reason"":""확정 배치와 최종 적재 상태 검사""},""orientation"":{""status"":""PASS"",""violations"":0,""checkedPlacements"":1,""scope"":""직육면체 기하·관측 규격 공통 검사"",""reason"":""확정 배치와 최종 적재 상태 검사""},""load"":{""status"":""PASS"",""violations"":0,""checkedPlacements"":1,""scope"":""입력된 허용 상부하중 · 누적 정적 반력"",""reason"":""입력값 범위의 정적 검사. 실측 재료 인증 아님""},""support"":{""status"":""PASS"",""violations"":0,""checkedPlacements"":1,""scope"":""접촉·합력 작용점·정적 평형"",""reason"":""설정된 지지율·전도 여유 검사. 동적 붕괴·굽힘 파손 미검증""},""payload"":{""status"":""PASS"",""violations"":0,""checkedPlacements"":1,""scope"":""입력 가반하중 · 박스+그리퍼 질량"",""reason"":""사용자가 설정한 가반하중 한계 검사""},""robotCollision"":{""status"":""NOT VERIFIED"",""violations"":0,""checkedPlacements"":1,""scope"":""TCP·그리퍼 스윕 근사만 수행"",""reason"":""전체 로봇 링크 충돌 미검증""},""approach"":{""status"":""NOT VERIFIED"",""violations"":0,""checkedPlacements"":1,""scope"":""TCP·그리퍼 스윕 근사만 수행"",""reason"":""실제 관절 한계·역기구학·접근 자세 미검증""},""sequence"":{""status"":""NOT VERIFIED"",""violations"":0,""checkedPlacements"":1,""scope"":""TCP·그리퍼 스윕 근사만 수행"",""reason"":""실제 파지·관절 궤적·전 과정 실행 미검증""}}","2.072676160714286","5.555555555555555","1","17","0.294316245","1096786027","179","","","","89.5","0","100","100","0","124.4","1.7374301675977655","0","0","","4.886800000000221","5.820099999997183","5.726769999997487","5.8014339999972435","9.773600000000442","50","9.001017540832473","3.900661401541108","399.954781075457","58","0.18809999999939464","2.072676160714286","0","5.555555555555555","","","100","0","0","","","0","","","","","","",""
"macs","online","random","44","2","7c371c4e","partial","팔레트 경계 밖 / SUPPORT: 지지 조건 미달 73.4% / 필요 95.0% / SUPPORT: 지지 조건 미달 63.9% / 필요 95.0% / 누적 무게중심 정적 평형 불가 / SUPPORT: 지지 조건 미달 13.8% / 필요 95.0% / SUPPORT: 지지 조건 미달 3.1% / 필요 95.0% / SUPPORT: 지지 조건 미달 30.2% / 필요 95.0% / SUPPORT: 지지 조건 미달 52.0% / 필요 95.0% / SUPPORT: 지지 조건 미달 4.4% / 필요 95.0% / SUPPORT: 지지 조건 미달 29.3% / 필요 95.0%","explicit","proxy","{}","{""bounds"":14,""support"":34}","adapter-1.0 / planners-f6ec11d4259a","2.0.0","{""requested"":1,""completed"":1,""outcomes"":[],""sameWorker"":false}","{""collision"":{""status"":""PASS"",""violations"":0,""checkedPlacements"":1,""scope"":""직육면체 기하·관측 규격 공통 검사"",""reason"":""확정 배치와 최종 적재 상태 검사""},""bounds"":{""status"":""PASS"",""violations"":0,""checkedPlacements"":1,""scope"":""직육면체 기하·관측 규격 공통 검사"",""reason"":""확정 배치와 최종 적재 상태 검사""},""height"":{""status"":""PASS"",""violations"":0,""checkedPlacements"":1,""scope"":""직육면체 기하·관측 규격 공통 검사"",""reason"":""확정 배치와 최종 적재 상태 검사""},""orientation"":{""status"":""PASS"",""violations"":0,""checkedPlacements"":1,""scope"":""직육면체 기하·관측 규격 공통 검사"",""reason"":""확정 배치와 최종 적재 상태 검사""},""load"":{""status"":""PASS"",""violations"":0,""checkedPlacements"":1,""scope"":""입력된 허용 상부하중 · 누적 정적 반력"",""reason"":""입력값 범위의 정적 검사. 실측 재료 인증 아님""},""support"":{""status"":""PASS"",""violations"":0,""checkedPlacements"":1,""scope"":""접촉·합력 작용점·정적 평형"",""reason"":""설정된 지지율·전도 여유 검사. 동적 붕괴·굽힘 파손 미검증""},""payload"":{""status"":""PASS"",""violations"":0,""checkedPlacements"":1,""scope"":""입력 가반하중 · 박스+그리퍼 질량"",""reason"":""사용자가 설정한 가반하중 한계 검사""},""robotCollision"":{""status"":""NOT VERIFIED"",""violations"":0,""checkedPlacements"":1,""scope"":""TCP·그리퍼 스윕 근사만 수행"",""reason"":""전체 로봇 링크 충돌 미검증""},""approach"":{""status"":""NOT VERIFIED"",""violations"":0,""checkedPlacements"":1,""scope"":""TCP·그리퍼 스윕 근사만 수행"",""reason"":""실제 관절 한계·역기구학·접근 자세 미검증""},""sequence"":{""status"":""NOT VERIFIED"",""violations"":0,""checkedPlacements"":1,""scope"":""TCP·그리퍼 스윕 근사만 수행"",""reason"":""실제 파지·관절 궤적·전 과정 실행 미검증""}}","2.072676160714286","5.555555555555555","1","17","0.294316245","1096786027","179","","","","89.5","0","100","100","0","124.4","1.7374301675977655","0","0","","4.393300000003364","5.00350000000617","4.942480000005889","4.991296000006114","8.786600000006729","50","9.001017540832473","3.900661401541108","399.954781075457","58","0.24159999999392312","2.072676160714286","0","5.555555555555555","","","100","0","0","","","0","","","","","","",""
"tetris-reserved","online","random","44","2","7c371c4e","partial","그리퍼 / 운반 접근 경로 간섭 / 누적 무게중심 정적 평형 불가 / SUPPORT: 지지 조건 미달 38.7% / 필요 95.0% / SUPPORT: 지지 조건 미달 92.4% / 필요 95.0% / SUPPORT: 지지 조건 미달 87.5% / 필요 95.0% / SUPPORT: 지지 조건 미달 83.6% / 필요 95.0% / SUPPORT: 지지 조건 미달 42.4% / 필요 95.0% / SUPPORT: 지지 조건 미달 32.7% / 필요 95.0% / SUPPORT: 지지 조건 미달 29.8% / 필요 95.0% / SUPPORT: 지지 조건 미달 20.5% / 필요 95.0% / SUPPORT: 지지 조건 미달 15.8% / 필요 95.0% / SUPPORT: 지지 조건 미달 14.4% / 필요 95.0% / SUPPORT: 지지 조건 미달 2.8% / 필요 95.0% / 무게 규칙 위반 / SUPPORT: 지지 조건 미달 2.1% / 필요 95.0% / SUPPORT: 지지 조건 미달 36.9% / 필요 95.0% / SUPPORT: 지지 조건 미달 12.7% / 필요 95.0% / SUPPORT: 지지 조건 미달 7.6% / 필요 95.0% / SUPPORT: 지지 조건 미달 6.1% / 필요 95.0% / SUPPORT: 지지 조건 미달 24.2% / 필요 95.0% / SUPPORT: 지지 조건 미달 22.4% / 필요 95.0% / SUPPORT: 지지 조건 미달 9.8% / 필요 95.0% / SUPPORT: 지지 조건 미달 8.4% / 필요 95.0% / SUPPORT: 지지 조건 미달 7.0% / 필요 95.0% / SUPPORT: 지지 조건 미달 1.5% / 필요 95.0% / SUPPORT: 지지 조건 미달 8.0% / 필요 95.0% / SUPPORT: 지지 조건 미달 10.5% / 필요 95.0% / SUPPORT: 지지 조건 미달 11.3% / 필요 95.0% / SUPPORT: 지지 조건 미달 7.5% / 필요 95.0% / SUPPORT: 지지 조건 미달 39.8% / 필요 95.0% / SUPPORT: 지지 조건 미달 46.6% / 필요 95.0%","explicit","proxy","{}","{""bounds"":44,""support"":144,""load"":40,""robot-path"":13}","adapter-1.0 / planners-f6ec11d4259a","2.0.0","{""requested"":1,""completed"":1,""outcomes"":[],""sameWorker"":false}","{""collision"":{""status"":""PASS"",""violations"":0,""checkedPlacements"":10,""scope"":""직육면체 기하·관측 규격 공통 검사"",""reason"":""확정 배치와 최종 적재 상태 검사""},""bounds"":{""status"":""PASS"",""violations"":0,""checkedPlacements"":10,""scope"":""직육면체 기하·관측 규격 공통 검사"",""reason"":""확정 배치와 최종 적재 상태 검사""},""height"":{""status"":""PASS"",""violations"":0,""checkedPlacements"":10,""scope"":""직육면체 기하·관측 규격 공통 검사"",""reason"":""확정 배치와 최종 적재 상태 검사""},""orientation"":{""status"":""PASS"",""violations"":0,""checkedPlacements"":10,""scope"":""직육면체 기하·관측 규격 공통 검사"",""reason"":""확정 배치와 최종 적재 상태 검사""},""load"":{""status"":""PASS"",""violations"":0,""checkedPlacements"":10,""scope"":""입력된 허용 상부하중 · 누적 정적 반력"",""reason"":""입력값 범위의 정적 검사. 실측 재료 인증 아님""},""support"":{""status"":""PASS"",""violations"":0,""checkedPlacements"":10,""scope"":""접촉·합력 작용점·정적 평형"",""reason"":""설정된 지지율·전도 여유 검사. 동적 붕괴·굽힘 파손 미검증""},""payload"":{""status"":""PASS"",""violations"":0,""checkedPlacements"":10,""scope"":""입력 가반하중 · 박스+그리퍼 질량"",""reason"":""사용자가 설정한 가반하중 한계 검사""},""robotCollision"":{""status"":""NOT VERIFIED"",""violations"":0,""checkedPlacements"":10,""scope"":""TCP·그리퍼 스윕 근사만 수행"",""reason"":""전체 로봇 링크 충돌 미검증""},""approach"":{""status"":""NOT VERIFIED"",""violations"":0,""checkedPlacements"":10,""scope"":""TCP·그리퍼 스윕 근사만 수행"",""reason"":""실제 관절 한계·역기구학·접근 자세 미검증""},""sequence"":{""status"":""NOT VERIFIED"",""violations"":0,""checkedPlacements"":10,""scope"":""TCP·그리퍼 스윕 근사만 수행"",""reason"":""실제 파지·관절 궤적·전 과정 실행 미검증""}}","17.16619232142857","55.55555555555556","10","8","0.125268864","927738646","627","","","","230.84408602150538","140.6493120708734","100","100","43.454268842990125","70.8","0.6108329399299778","0","0","","232.1772545454521","560.5620999999956","492.67989999999554","546.9856599999956","2553.949799999973","90.9090909090909","91.02231162102888","42.26450255366877","395.5074240465996","490","1.7164000000047963","17.16619232142857","0","55.55555555555556","","","100","0","0","","","0","","","","","","",""
"dynamic-reservation","online","random","44","2","7c371c4e","complete","","explicit","proxy","{}","{""bounds"":37,""support"":243,""load"":136,""robot-path"":56,""protocol"":5}","adapter-1.0 / planners-f6ec11d4259a","2.0.0","{""requested"":1,""completed"":1,""outcomes"":[],""sameWorker"":false}","{""collision"":{""status"":""PASS"",""violations"":0,""checkedPlacements"":18,""scope"":""직육면체 기하·관측 규격 공통 검사"",""reason"":""확정 배치와 최종 적재 상태 검사""},""bounds"":{""status"":""PASS"",""violations"":0,""checkedPlacements"":18,""scope"":""직육면체 기하·관측 규격 공통 검사"",""reason"":""확정 배치와 최종 적재 상태 검사""},""height"":{""status"":""PASS"",""violations"":0,""checkedPlacements"":18,""scope"":""직육면체 기하·관측 규격 공통 검사"",""reason"":""확정 배치와 최종 적재 상태 검사""},""orientation"":{""status"":""PASS"",""violations"":0,""checkedPlacements"":18,""scope"":""직육면체 기하·관측 규격 공통 검사"",""reason"":""확정 배치와 최종 적재 상태 검사""},""load"":{""status"":""PASS"",""violations"":0,""checkedPlacements"":18,""scope"":""입력된 허용 상부하중 · 누적 정적 반력"",""reason"":""입력값 범위의 정적 검사. 실측 재료 인증 아님""},""support"":{""status"":""PASS"",""violations"":0,""checkedPlacements"":18,""scope"":""접촉·합력 작용점·정적 평형"",""reason"":""설정된 지지율·전도 여유 검사. 동적 붕괴·굽힘 파손 미검증""},""payload"":{""status"":""PASS"",""violations"":0,""checkedPlacements"":18,""scope"":""입력 가반하중 · 박스+그리퍼 질량"",""reason"":""사용자가 설정한 가반하중 한계 검사""},""robotCollision"":{""status"":""NOT VERIFIED"",""violations"":0,""checkedPlacements"":18,""scope"":""TCP·그리퍼 스윕 근사만 수행"",""reason"":""전체 로봇 링크 충돌 미검증""},""approach"":{""status"":""NOT VERIFIED"",""violations"":0,""checkedPlacements"":18,""scope"":""TCP·그리퍼 스윕 근사만 수행"",""reason"":""실제 관절 한계·역기구학·접근 자세 미검증""},""sequence"":{""status"":""NOT VERIFIED"",""violations"":0,""checkedPlacements"":18,""scope"":""TCP·그리퍼 스윕 근사만 수행"",""reason"":""실제 파지·관절 궤적·전 과정 실행 미검증""}}","28.350912321428574","100","18","0","0","802469782","838","","","","270.9326241134752","49.15292386701759","99.96861268047708","99.43502824858757","15.349905516820092","52.45","0.4227467811158798","0","0","","346.0685000000004","865.152700000006","695.73461","831.2690820000046","6229.233000000007","100","190.98603060811453","94.89091989527448","339.29183089292815","826","7.301599999991595","28.350912321428574","100","100","","","100","0","0","","","100","","","","","","",""
"lookahead","online","random","44","2","7c371c4e","partial","누적 무게중심 정적 평형 불가 / SUPPORT: 지지 조건 미달 24.2% / 필요 95.0% / 무게 규칙 위반 / SUPPORT: 지지 조건 미달 12.4% / 필요 95.0% / SUPPORT: 지지 조건 미달 10.3% / 필요 95.0% / SUPPORT: 지지 조건 미달 18.8% / 필요 95.0% / SUPPORT: 지지 조건 미달 16.2% / 필요 95.0% / SUPPORT: 지지 조건 미달 11.4% / 필요 95.0% / SUPPORT: 지지 조건 미달 1.3% / 필요 95.0% / SUPPORT: 지지 조건 미달 4.5% / 필요 95.0% / SUPPORT: 지지 조건 미달 13.0% / 필요 95.0% / SUPPORT: 지지 조건 미달 30.5% / 필요 95.0% / SUPPORT: 지지 조건 미달 19.0% / 필요 95.0% / SUPPORT: 지지 조건 미달 11.7% / 필요 95.0%","explicit","proxy","{}","{""bounds"":46,""support"":178,""load"":86}","adapter-1.0 / planners-f6ec11d4259a","2.0.0","{""requested"":1,""completed"":1,""outcomes"":[],""sameWorker"":false}","{""collision"":{""status"":""PASS"",""violations"":0,""checkedPlacements"":10,""scope"":""직육면체 기하·관측 규격 공통 검사"",""reason"":""확정 배치와 최종 적재 상태 검사""},""bounds"":{""status"":""PASS"",""violations"":0,""checkedPlacements"":10,""scope"":""직육면체 기하·관측 규격 공통 검사"",""reason"":""확정 배치와 최종 적재 상태 검사""},""height"":{""status"":""PASS"",""violations"":0,""checkedPlacements"":10,""scope"":""직육면체 기하·관측 규격 공통 검사"",""reason"":""확정 배치와 최종 적재 상태 검사""},""orientation"":{""status"":""PASS"",""violations"":0,""checkedPlacements"":10,""scope"":""직육면체 기하·관측 규격 공통 검사"",""reason"":""확정 배치와 최종 적재 상태 검사""},""load"":{""status"":""PASS"",""violations"":0,""checkedPlacements"":10,""scope"":""입력된 허용 상부하중 · 누적 정적 반력"",""reason"":""입력값 범위의 정적 검사. 실측 재료 인증 아님""},""support"":{""status"":""PASS"",""violations"":0,""checkedPlacements"":10,""scope"":""접촉·합력 작용점·정적 평형"",""reason"":""설정된 지지율·전도 여유 검사. 동적 붕괴·굽힘 파손 미검증""},""payload"":{""status"":""PASS"",""violations"":0,""checkedPlacements"":10,""scope"":""입력 가반하중 · 박스+그리퍼 질량"",""reason"":""사용자가 설정한 가반하중 한계 검사""},""robotCollision"":{""status"":""NOT VERIFIED"",""violations"":0,""checkedPlacements"":10,""scope"":""TCP·그리퍼 스윕 근사만 수행"",""reason"":""전체 로봇 링크 충돌 미검증""},""approach"":{""status"":""NOT VERIFIED"",""violations"":0,""checkedPlacements"":10,""scope"":""TCP·그리퍼 스윕 근사만 수행"",""reason"":""실제 관절 한계·역기구학·접근 자세 미검증""},""sequence"":{""status"":""NOT VERIFIED"",""violations"":0,""checkedPlacements"":10,""scope"":""TCP·그리퍼 스윕 근사만 수행"",""reason"":""실제 파지·관절 궤적·전 과정 실행 미검증""}}","17.16619232142857","55.55555555555556","10","8","0.125268864","927738646","434","","","","147.8978494623656","51.07146392165981","100","100","20.7513015275258","70.8","0.619815668202765","0","0","","170.04012727272823","398.5318999999872","348.2196499999918","388.46944999998817","1870.4414000000106","90.9090909090909","90.74708940255438","42.73560811166033","396.7069383383073","490","2.2906000000075437","17.16619232142857","0","55.55555555555556","","","100","0","0","","","0","","","","","","",""
"future-hybrid","online","random","44","2","7c371c4e","complete","","explicit","proxy","{}","{""bounds"":37,""support"":222,""load"":124,""robot-path"":48}","adapter-1.0 / planners-f6ec11d4259a","2.0.0","{""requested"":1,""completed"":1,""outcomes"":[],""sameWorker"":false}","{""collision"":{""status"":""PASS"",""violations"":0,""checkedPlacements"":18,""scope"":""직육면체 기하·관측 규격 공통 검사"",""reason"":""확정 배치와 최종 적재 상태 검사""},""bounds"":{""status"":""PASS"",""violations"":0,""checkedPlacements"":18,""scope"":""직육면체 기하·관측 규격 공통 검사"",""reason"":""확정 배치와 최종 적재 상태 검사""},""height"":{""status"":""PASS"",""violations"":0,""checkedPlacements"":18,""scope"":""직육면체 기하·관측 규격 공통 검사"",""reason"":""확정 배치와 최종 적재 상태 검사""},""orientation"":{""status"":""PASS"",""violations"":0,""checkedPlacements"":18,""scope"":""직육면체 기하·관측 규격 공통 검사"",""reason"":""확정 배치와 최종 적재 상태 검사""},""load"":{""status"":""PASS"",""violations"":0,""checkedPlacements"":18,""scope"":""입력된 허용 상부하중 · 누적 정적 반력"",""reason"":""입력값 범위의 정적 검사. 실측 재료 인증 아님""},""support"":{""status"":""PASS"",""violations"":0,""checkedPlacements"":18,""scope"":""접촉·합력 작용점·정적 평형"",""reason"":""설정된 지지율·전도 여유 검사. 동적 붕괴·굽힘 파손 미검증""},""payload"":{""status"":""PASS"",""violations"":0,""checkedPlacements"":18,""scope"":""입력 가반하중 · 박스+그리퍼 질량"",""reason"":""사용자가 설정한 가반하중 한계 검사""},""robotCollision"":{""status"":""NOT VERIFIED"",""violations"":0,""checkedPlacements"":18,""scope"":""TCP·그리퍼 스윕 근사만 수행"",""reason"":""전체 로봇 링크 충돌 미검증""},""approach"":{""status"":""NOT VERIFIED"",""violations"":0,""checkedPlacements"":18,""scope"":""TCP·그리퍼 스윕 근사만 수행"",""reason"":""실제 관절 한계·역기구학·접근 자세 미검증""},""sequence"":{""status"":""NOT VERIFIED"",""violations"":0,""checkedPlacements"":18,""scope"":""TCP·그리퍼 스윕 근사만 수행"",""reason"":""실제 파지·관절 궤적·전 과정 실행 미검증""}}","28.350912321428574","100","18","0","0","802469782","1214","","","","295.5354609929078","47.75672432309957","99.71962419619449","95.51820728291317","22.442104098380376","52.45","0.3390922101819669","0","0","","392.9763722222221","1235.466100000005","978.8618950000028","1184.1452590000042","7073.574699999997","100","200.57851945194065","101.12603764376144","323.0655016153229","826","6.196199999991222","28.350912321428574","100","100","","","100","0","0","","","100","","","","","","",""
"blb","online","random","44","2","7c371c4e","partial","유효 후보 없음","explicit","proxy","{}","{""bounds"":48,""support"":104,""load"":53,""robot-path"":6}","adapter-1.0 / planners-f6ec11d4259a","2.0.0","{""requested"":1,""completed"":1,""outcomes"":[],""sameWorker"":false}","{""collision"":{""status"":""PASS"",""violations"":0,""checkedPlacements"":10,""scope"":""직육면체 기하·관측 규격 공통 검사"",""reason"":""확정 배치와 최종 적재 상태 검사""},""bounds"":{""status"":""PASS"",""violations"":0,""checkedPlacements"":10,""scope"":""직육면체 기하·관측 규격 공통 검사"",""reason"":""확정 배치와 최종 적재 상태 검사""},""height"":{""status"":""PASS"",""violations"":0,""checkedPlacements"":10,""scope"":""직육면체 기하·관측 규격 공통 검사"",""reason"":""확정 배치와 최종 적재 상태 검사""},""orientation"":{""status"":""PASS"",""violations"":0,""checkedPlacements"":10,""scope"":""직육면체 기하·관측 규격 공통 검사"",""reason"":""확정 배치와 최종 적재 상태 검사""},""load"":{""status"":""PASS"",""violations"":0,""checkedPlacements"":10,""scope"":""입력된 허용 상부하중 · 누적 정적 반력"",""reason"":""입력값 범위의 정적 검사. 실측 재료 인증 아님""},""support"":{""status"":""PASS"",""violations"":0,""checkedPlacements"":10,""scope"":""접촉·합력 작용점·정적 평형"",""reason"":""설정된 지지율·전도 여유 검사. 동적 붕괴·굽힘 파손 미검증""},""payload"":{""status"":""PASS"",""violations"":0,""checkedPlacements"":10,""scope"":""입력 가반하중 · 박스+그리퍼 질량"",""reason"":""사용자가 설정한 가반하중 한계 검사""},""robotCollision"":{""status"":""NOT VERIFIED"",""violations"":0,""checkedPlacements"":10,""scope"":""TCP·그리퍼 스윕 근사만 수행"",""reason"":""전체 로봇 링크 충돌 미검증""},""approach"":{""status"":""NOT VERIFIED"",""violations"":0,""checkedPlacements"":10,""scope"":""TCP·그리퍼 스윕 근사만 수행"",""reason"":""실제 관절 한계·역기구학·접근 자세 미검증""},""sequence"":{""status"":""NOT VERIFIED"",""violations"":0,""checkedPlacements"":10,""scope"":""TCP·그리퍼 스윕 근사만 수행"",""reason"":""실제 파지·관절 궤적·전 과정 실행 미검증""}}","17.16619232142857","55.55555555555556","10","8","0.125268864","927738646","410","","","","154.1021505376344","112.10964547954936","100","100","17.69553073587726","65.85","0.5860927152317881","0","0","","10.946445454547012","20.02249999999185","19.095750000000407","19.837149999993564","120.41090000001714","90.9090909090909","89.40418759026275","43.162721933670795","402.6657024723175","488","2.6414000000077067","17.16619232142857","0","55.55555555555556","","","100","0","0","","","0","","","","","","",""
"pack-first","online","random","44","2","7c371c4e","partial","orientation / boundary / collision / load / support / robot","explicit","proxy","{}","{""support"":227,""bounds"":226,""load"":66,""robot-path"":6,""protocol"":3}","adapter-1.0 / planners-f6ec11d4259a","2.0.0","{""requested"":1,""completed"":1,""outcomes"":[],""sameWorker"":false}","{""collision"":{""status"":""PASS"",""violations"":0,""checkedPlacements"":10,""scope"":""직육면체 기하·관측 규격 공통 검사"",""reason"":""확정 배치와 최종 적재 상태 검사""},""bounds"":{""status"":""PASS"",""violations"":0,""checkedPlacements"":10,""scope"":""직육면체 기하·관측 규격 공통 검사"",""reason"":""확정 배치와 최종 적재 상태 검사""},""height"":{""status"":""PASS"",""violations"":0,""checkedPlacements"":10,""scope"":""직육면체 기하·관측 규격 공통 검사"",""reason"":""확정 배치와 최종 적재 상태 검사""},""orientation"":{""status"":""PASS"",""violations"":0,""checkedPlacements"":10,""scope"":""직육면체 기하·관측 규격 공통 검사"",""reason"":""확정 배치와 최종 적재 상태 검사""},""load"":{""status"":""PASS"",""violations"":0,""checkedPlacements"":10,""scope"":""입력된 허용 상부하중 · 누적 정적 반력"",""reason"":""입력값 범위의 정적 검사. 실측 재료 인증 아님""},""support"":{""status"":""PASS"",""violations"":0,""checkedPlacements"":10,""scope"":""접촉·합력 작용점·정적 평형"",""reason"":""설정된 지지율·전도 여유 검사. 동적 붕괴·굽힘 파손 미검증""},""payload"":{""status"":""PASS"",""violations"":0,""checkedPlacements"":10,""scope"":""입력 가반하중 · 박스+그리퍼 질량"",""reason"":""사용자가 설정한 가반하중 한계 검사""},""robotCollision"":{""status"":""NOT VERIFIED"",""violations"":0,""checkedPlacements"":10,""scope"":""TCP·그리퍼 스윕 근사만 수행"",""reason"":""전체 로봇 링크 충돌 미검증""},""approach"":{""status"":""NOT VERIFIED"",""violations"":0,""checkedPlacements"":10,""scope"":""TCP·그리퍼 스윕 근사만 수행"",""reason"":""실제 관절 한계·역기구학·접근 자세 미검증""},""sequence"":{""status"":""NOT VERIFIED"",""violations"":0,""checkedPlacements"":10,""scope"":""TCP·그리퍼 스윕 근사만 수행"",""reason"":""실제 파지·관절 궤적·전 과정 실행 미검증""}}","17.16619232142857","55.55555555555556","10","8","0.125268864","927738646","613","","","","171.56451612903226","130.01729053348672","100","100","26.383881803365018","65.85","0.5860927152317881","0","0","","6.936390909089823","10.474300000001676","10.223699999995006","10.424180000000343","76.30029999998806","90.9090909090909","90.95031432700482","43.517704312553136","395.8205121816818","488","6.0939999999973224","17.16619232142857","0","55.55555555555556","","","100","0","0","","","0","","","","","","",""
"pack-greedy","online","random","44","2","7c371c4e","partial","orientation / boundary / collision / load / support / robot","explicit","proxy","{}","{""support"":219,""bounds"":175,""load"":32}","adapter-1.0 / planners-f6ec11d4259a","2.0.0","{""requested"":1,""completed"":1,""outcomes"":[],""sameWorker"":false}","{""collision"":{""status"":""PASS"",""violations"":0,""checkedPlacements"":8,""scope"":""직육면체 기하·관측 규격 공통 검사"",""reason"":""확정 배치와 최종 적재 상태 검사""},""bounds"":{""status"":""PASS"",""violations"":0,""checkedPlacements"":8,""scope"":""직육면체 기하·관측 규격 공통 검사"",""reason"":""확정 배치와 최종 적재 상태 검사""},""height"":{""status"":""PASS"",""violations"":0,""checkedPlacements"":8,""scope"":""직육면체 기하·관측 규격 공통 검사"",""reason"":""확정 배치와 최종 적재 상태 검사""},""orientation"":{""status"":""PASS"",""violations"":0,""checkedPlacements"":8,""scope"":""직육면체 기하·관측 규격 공통 검사"",""reason"":""확정 배치와 최종 적재 상태 검사""},""load"":{""status"":""PASS"",""violations"":0,""checkedPlacements"":8,""scope"":""입력된 허용 상부하중 · 누적 정적 반력"",""reason"":""입력값 범위의 정적 검사. 실측 재료 인증 아님""},""support"":{""status"":""PASS"",""violations"":0,""checkedPlacements"":8,""scope"":""접촉·합력 작용점·정적 평형"",""reason"":""설정된 지지율·전도 여유 검사. 동적 붕괴·굽힘 파손 미검증""},""payload"":{""status"":""PASS"",""violations"":0,""checkedPlacements"":8,""scope"":""입력 가반하중 · 박스+그리퍼 질량"",""reason"":""사용자가 설정한 가반하중 한계 검사""},""robotCollision"":{""status"":""NOT VERIFIED"",""violations"":0,""checkedPlacements"":8,""scope"":""TCP·그리퍼 스윕 근사만 수행"",""reason"":""전체 로봇 링크 충돌 미검증""},""approach"":{""status"":""NOT VERIFIED"",""violations"":0,""checkedPlacements"":8,""scope"":""TCP·그리퍼 스윕 근사만 수행"",""reason"":""실제 관절 한계·역기구학·접근 자세 미검증""},""sequence"":{""status"":""NOT VERIFIED"",""violations"":0,""checkedPlacements"":8,""scope"":""TCP·그리퍼 스윕 근사만 수행"",""reason"":""실제 파지·관절 궤적·전 과정 실행 미검증""}}","13.611693571428571","44.44444444444444","8","10","0.16507925","967549032","410","","","","132.9935064935065","77.62659614946456","100","100","24.139149997846943","70.8","1.0171537038898988","0","0","","6.277488888888103","10.61819999999716","10.488879999995698","10.592335999996868","56.49739999999292","88.88888888888889","67.41937117622764","32.77259126454797","427.1769299763953","392","2.0037999999913154","13.611693571428571","0","44.44444444444444","","","100","0","0","","","0","","","","","","",""
"pack-tetris","online","random","44","2","7c371c4e","partial","orientation / boundary / collision / load / support / robot","explicit","proxy","{}","{""support"":219,""bounds"":175,""load"":32}","adapter-1.0 / planners-f6ec11d4259a","2.0.0","{""requested"":1,""completed"":1,""outcomes"":[],""sameWorker"":false}","{""collision"":{""status"":""PASS"",""violations"":0,""checkedPlacements"":8,""scope"":""직육면체 기하·관측 규격 공통 검사"",""reason"":""확정 배치와 최종 적재 상태 검사""},""bounds"":{""status"":""PASS"",""violations"":0,""checkedPlacements"":8,""scope"":""직육면체 기하·관측 규격 공통 검사"",""reason"":""확정 배치와 최종 적재 상태 검사""},""height"":{""status"":""PASS"",""violations"":0,""checkedPlacements"":8,""scope"":""직육면체 기하·관측 규격 공통 검사"",""reason"":""확정 배치와 최종 적재 상태 검사""},""orientation"":{""status"":""PASS"",""violations"":0,""checkedPlacements"":8,""scope"":""직육면체 기하·관측 규격 공통 검사"",""reason"":""확정 배치와 최종 적재 상태 검사""},""load"":{""status"":""PASS"",""violations"":0,""checkedPlacements"":8,""scope"":""입력된 허용 상부하중 · 누적 정적 반력"",""reason"":""입력값 범위의 정적 검사. 실측 재료 인증 아님""},""support"":{""status"":""PASS"",""violations"":0,""checkedPlacements"":8,""scope"":""접촉·합력 작용점·정적 평형"",""reason"":""설정된 지지율·전도 여유 검사. 동적 붕괴·굽힘 파손 미검증""},""payload"":{""status"":""PASS"",""violations"":0,""checkedPlacements"":8,""scope"":""입력 가반하중 · 박스+그리퍼 질량"",""reason"":""사용자가 설정한 가반하중 한계 검사""},""robotCollision"":{""status"":""NOT VERIFIED"",""violations"":0,""checkedPlacements"":8,""scope"":""TCP·그리퍼 스윕 근사만 수행"",""reason"":""전체 로봇 링크 충돌 미검증""},""approach"":{""status"":""NOT VERIFIED"",""violations"":0,""checkedPlacements"":8,""scope"":""TCP·그리퍼 스윕 근사만 수행"",""reason"":""실제 관절 한계·역기구학·접근 자세 미검증""},""sequence"":{""status"":""NOT VERIFIED"",""violations"":0,""checkedPlacements"":8,""scope"":""TCP·그리퍼 스윕 근사만 수행"",""reason"":""실제 파지·관절 궤적·전 과정 실행 미검증""}}","13.611693571428571","44.44444444444444","8","10","0.16507925","967549032","410","","","","132.9935064935065","77.62659614946456","100","100","24.139149997846943","70.8","1.0171537038898988","0","0","","6.182866666666491","9.163199999995413","9.06579999999667","9.143719999995664","55.64579999999842","88.88888888888889","67.41937117622764","32.77259126454797","427.1769299763953","392","1.7505000000091968","13.611693571428571","0","44.44444444444444","","","100","0","0","","","0","","","","","","",""
"pack-beam","online","random","44","2","7c371c4e","partial","orientation / boundary / collision / load / support / robot","explicit","proxy","{}","{""support"":266,""bounds"":239,""load"":65,""robot-path"":7,""protocol"":6}","adapter-1.0 / planners-f6ec11d4259a","2.0.0","{""requested"":1,""completed"":1,""outcomes"":[],""sameWorker"":false}","{""collision"":{""status"":""PASS"",""violations"":0,""checkedPlacements"":10,""scope"":""직육면체 기하·관측 규격 공통 검사"",""reason"":""확정 배치와 최종 적재 상태 검사""},""bounds"":{""status"":""PASS"",""violations"":0,""checkedPlacements"":10,""scope"":""직육면체 기하·관측 규격 공통 검사"",""reason"":""확정 배치와 최종 적재 상태 검사""},""height"":{""status"":""PASS"",""violations"":0,""checkedPlacements"":10,""scope"":""직육면체 기하·관측 규격 공통 검사"",""reason"":""확정 배치와 최종 적재 상태 검사""},""orientation"":{""status"":""PASS"",""violations"":0,""checkedPlacements"":10,""scope"":""직육면체 기하·관측 규격 공통 검사"",""reason"":""확정 배치와 최종 적재 상태 검사""},""load"":{""status"":""PASS"",""violations"":0,""checkedPlacements"":10,""scope"":""입력된 허용 상부하중 · 누적 정적 반력"",""reason"":""입력값 범위의 정적 검사. 실측 재료 인증 아님""},""support"":{""status"":""PASS"",""violations"":0,""checkedPlacements"":10,""scope"":""접촉·합력 작용점·정적 평형"",""reason"":""설정된 지지율·전도 여유 검사. 동적 붕괴·굽힘 파손 미검증""},""payload"":{""status"":""PASS"",""violations"":0,""checkedPlacements"":10,""scope"":""입력 가반하중 · 박스+그리퍼 질량"",""reason"":""사용자가 설정한 가반하중 한계 검사""},""robotCollision"":{""status"":""NOT VERIFIED"",""violations"":0,""checkedPlacements"":10,""scope"":""TCP·그리퍼 스윕 근사만 수행"",""reason"":""전체 로봇 링크 충돌 미검증""},""approach"":{""status"":""NOT VERIFIED"",""violations"":0,""checkedPlacements"":10,""scope"":""TCP·그리퍼 스윕 근사만 수행"",""reason"":""실제 관절 한계·역기구학·접근 자세 미검증""},""sequence"":{""status"":""NOT VERIFIED"",""violations"":0,""checkedPlacements"":10,""scope"":""TCP·그리퍼 스윕 근사만 수행"",""reason"":""실제 파지·관절 궤적·전 과정 실행 미검증""}}","17.16619232142857","55.55555555555556","10","8","0.125268864","927738646","627","","","","164.5","57.8814542590146","100","100","15.26739805334644","70.8","0.619815668202765","0","0","","1308.1624909090897","2156.3062000000064","2092.2217999999993","2143.489320000005","14389.787399999987","90.9090909090909","90.40331667765048","41.86215584047282","398.21547840290606","488","2.8959000000031665","17.16619232142857","0","55.55555555555556","","","100","0","0","","","0","","","","","","",""
"pack-robust","online","random","44","2","7c371c4e","partial","orientation / boundary / collision / load / support / robot","explicit","proxy","{}","{""support"":257,""bounds"":244,""load"":47,""robot-path"":8,""protocol"":7}","adapter-1.0 / planners-f6ec11d4259a","2.0.0","{""requested"":1,""completed"":1,""outcomes"":[],""sameWorker"":false}","{""collision"":{""status"":""PASS"",""violations"":0,""checkedPlacements"":10,""scope"":""직육면체 기하·관측 규격 공통 검사"",""reason"":""확정 배치와 최종 적재 상태 검사""},""bounds"":{""status"":""PASS"",""violations"":0,""checkedPlacements"":10,""scope"":""직육면체 기하·관측 규격 공통 검사"",""reason"":""확정 배치와 최종 적재 상태 검사""},""height"":{""status"":""PASS"",""violations"":0,""checkedPlacements"":10,""scope"":""직육면체 기하·관측 규격 공통 검사"",""reason"":""확정 배치와 최종 적재 상태 검사""},""orientation"":{""status"":""PASS"",""violations"":0,""checkedPlacements"":10,""scope"":""직육면체 기하·관측 규격 공통 검사"",""reason"":""확정 배치와 최종 적재 상태 검사""},""load"":{""status"":""PASS"",""violations"":0,""checkedPlacements"":10,""scope"":""입력된 허용 상부하중 · 누적 정적 반력"",""reason"":""입력값 범위의 정적 검사. 실측 재료 인증 아님""},""support"":{""status"":""PASS"",""violations"":0,""checkedPlacements"":10,""scope"":""접촉·합력 작용점·정적 평형"",""reason"":""설정된 지지율·전도 여유 검사. 동적 붕괴·굽힘 파손 미검증""},""payload"":{""status"":""PASS"",""violations"":0,""checkedPlacements"":10,""scope"":""입력 가반하중 · 박스+그리퍼 질량"",""reason"":""사용자가 설정한 가반하중 한계 검사""},""robotCollision"":{""status"":""NOT VERIFIED"",""violations"":0,""checkedPlacements"":10,""scope"":""TCP·그리퍼 스윕 근사만 수행"",""reason"":""전체 로봇 링크 충돌 미검증""},""approach"":{""status"":""NOT VERIFIED"",""violations"":0,""checkedPlacements"":10,""scope"":""TCP·그리퍼 스윕 근사만 수행"",""reason"":""실제 관절 한계·역기구학·접근 자세 미검증""},""sequence"":{""status"":""NOT VERIFIED"",""violations"":0,""checkedPlacements"":10,""scope"":""TCP·그리퍼 스윕 근사만 수행"",""reason"":""실제 파지·관절 궤적·전 과정 실행 미검증""}}","17.16619232142857","55.55555555555556","10","8","0.125268864","927738646","627","","","","164.0483870967742","75.31572309584725","100","100","12.214420342469378","70.8","0.619815668202765","0","0","","1707.1991363636362","2508.407999999996","2404.626900000003","2487.6517799999974","18779.190499999997","90.9090909090909","89.3645249770565","42.48694123508672","402.84441739317316","488","2.4878999999782536","17.16619232142857","0","55.55555555555556","","","100","0","0","","","0","","","","","","",""
"hrpal-inferred","online","random","44","2","7c371c4e","partial","SUPPORT: 지지 조건 미달 77.9% / 필요 95.0% · CoG 지지 검사 / SUPPORT: 지지 조건 미달 0.0% / 필요 95.0% · CoG 지지 검사 / SUPPORT: 지지 조건 미달 21.9% / 필요 95.0% · CoG 지지 검사 / SUPPORT: 지지 조건 미달 36.8% / 필요 95.0% · CoG 지지 검사 / SUPPORT: 지지 조건 미달 29.1% / 필요 95.0% · CoG 지지 검사 / 누적 무게중심 정적 평형 불가 · Long-02 / SUPPORT: 지지 조건 미달 33.4% / 필요 95.0% · CoG 지지 검사 / SUPPORT: 지지 조건 미달 14.0% / 필요 95.0% · CoG 지지 검사 / SUPPORT: 지지 조건 미달 46.6% / 필요 95.0% · CoG 지지 검사 / SUPPORT: 지지 조건 미달 41.1% / 필요 95.0% · CoG 지지 검사 / SUPPORT: 지지 조건 미달 14.2% / 필요 95.0% · CoG 지지 검사","explicit","proxy","{}","{""support"":178,""load"":14}","conventional-pattern/2","2.0.0","{""requested"":1,""completed"":1,""outcomes"":[],""sameWorker"":false}","{""collision"":{""status"":""PASS"",""violations"":0,""checkedPlacements"":10,""scope"":""직육면체 기하·관측 규격 공통 검사"",""reason"":""확정 배치와 최종 적재 상태 검사""},""bounds"":{""status"":""PASS"",""violations"":0,""checkedPlacements"":10,""scope"":""직육면체 기하·관측 규격 공통 검사"",""reason"":""확정 배치와 최종 적재 상태 검사""},""height"":{""status"":""PASS"",""violations"":0,""checkedPlacements"":10,""scope"":""직육면체 기하·관측 규격 공통 검사"",""reason"":""확정 배치와 최종 적재 상태 검사""},""orientation"":{""status"":""PASS"",""violations"":0,""checkedPlacements"":10,""scope"":""직육면체 기하·관측 규격 공통 검사"",""reason"":""확정 배치와 최종 적재 상태 검사""},""load"":{""status"":""PASS"",""violations"":0,""checkedPlacements"":10,""scope"":""입력된 허용 상부하중 · 누적 정적 반력"",""reason"":""입력값 범위의 정적 검사. 실측 재료 인증 아님""},""support"":{""status"":""PASS"",""violations"":0,""checkedPlacements"":10,""scope"":""접촉·합력 작용점·정적 평형"",""reason"":""설정된 지지율·전도 여유 검사. 동적 붕괴·굽힘 파손 미검증""},""payload"":{""status"":""PASS"",""violations"":0,""checkedPlacements"":10,""scope"":""입력 가반하중 · 박스+그리퍼 질량"",""reason"":""사용자가 설정한 가반하중 한계 검사""},""robotCollision"":{""status"":""NOT VERIFIED"",""violations"":0,""checkedPlacements"":10,""scope"":""TCP·그리퍼 스윕 근사만 수행"",""reason"":""전체 로봇 링크 충돌 미검증""},""approach"":{""status"":""NOT VERIFIED"",""violations"":0,""checkedPlacements"":10,""scope"":""TCP·그리퍼 스윕 근사만 수행"",""reason"":""실제 관절 한계·역기구학·접근 자세 미검증""},""sequence"":{""status"":""NOT VERIFIED"",""violations"":0,""checkedPlacements"":10,""scope"":""TCP·그리퍼 스윕 근사만 수행"",""reason"":""실제 파지·관절 궤적·전 과정 실행 미검증""}}","17.16619232142857","55.55555555555556","10","8","0.125268864","927738646","613","","","","179.1451612903226","131.1369065251168","100","100","24.801226434982865","70.8","0.619815668202765","0","0","","6.786736363640309","16.062999999994645","14.834549999999581","15.817309999995633","74.6541000000434","90.9090909090909","87.36310133358543","42.48601586683052","412.0732832335972","275","2.317700000014156","17.16619232142857","0","55.55555555555556","","","100","0","0","","","0","","","","","","",""
"hrpal-grid-v1","online","random","44","2","7c371c4e","partial","박스 Heavy-02와 겹침 / 작업 여유 미달 / 그리퍼 / 운반 접근 경로 간섭 · Heavy-02 / 박스 Wide-03와 겹침 / 작업 여유 미달 / 그리퍼 / 운반 접근 경로 간섭 · Wide-03 / 박스 Heavy-01와 겹침 / 작업 여유 미달 / 그리퍼 / 운반 접근 경로 간섭 · Heavy-01 / 박스 Wide-02와 겹침 / 작업 여유 미달 / 그리퍼 / 운반 접근 경로 간섭 · Wide-02 / 박스 Medium-01와 겹침 / 작업 여유 미달 / 그리퍼 / 운반 접근 경로 간섭 · Medium-01 / SUPPORT: 지지 조건 미달 87.0% / 필요 95.0% · CoG 지지 검사 / SUPPORT: 지지 조건 미달 0.0% / 필요 95.0% · CoG 지지 검사 / 박스 Small-04와 겹침 / 작업 여유 미달 / 그리퍼 / 운반 접근 경로 간섭 · Small-04 / SUPPORT: 지지 조건 미달 44.7% / 필요 95.0% · CoG 지지 검사 / SUPPORT: 지지 조건 미달 51.4% / 필요 95.0% · CoG 지지 검사","explicit","proxy","{}","{""collision"":124,""robot-path"":124,""support"":70,""load"":4}","inferred-grid-layer/1","2.0.0","{""requested"":1,""completed"":1,""outcomes"":[],""sameWorker"":false}","{""collision"":{""status"":""PASS"",""violations"":0,""checkedPlacements"":6,""scope"":""직육면체 기하·관측 규격 공통 검사"",""reason"":""확정 배치와 최종 적재 상태 검사""},""bounds"":{""status"":""PASS"",""violations"":0,""checkedPlacements"":6,""scope"":""직육면체 기하·관측 규격 공통 검사"",""reason"":""확정 배치와 최종 적재 상태 검사""},""height"":{""status"":""PASS"",""violations"":0,""checkedPlacements"":6,""scope"":""직육면체 기하·관측 규격 공통 검사"",""reason"":""확정 배치와 최종 적재 상태 검사""},""orientation"":{""status"":""PASS"",""violations"":0,""checkedPlacements"":6,""scope"":""직육면체 기하·관측 규격 공통 검사"",""reason"":""확정 배치와 최종 적재 상태 검사""},""load"":{""status"":""PASS"",""violations"":0,""checkedPlacements"":6,""scope"":""입력된 허용 상부하중 · 누적 정적 반력"",""reason"":""입력값 범위의 정적 검사. 실측 재료 인증 아님""},""support"":{""status"":""PASS"",""violations"":0,""checkedPlacements"":6,""scope"":""접촉·합력 작용점·정적 평형"",""reason"":""설정된 지지율·전도 여유 검사. 동적 붕괴·굽힘 파손 미검증""},""payload"":{""status"":""PASS"",""violations"":0,""checkedPlacements"":6,""scope"":""입력 가반하중 · 박스+그리퍼 질량"",""reason"":""사용자가 설정한 가반하중 한계 검사""},""robotCollision"":{""status"":""NOT VERIFIED"",""violations"":0,""checkedPlacements"":6,""scope"":""TCP·그리퍼 스윕 근사만 수행"",""reason"":""전체 로봇 링크 충돌 미검증""},""approach"":{""status"":""NOT VERIFIED"",""violations"":0,""checkedPlacements"":6,""scope"":""TCP·그리퍼 스윕 근사만 수행"",""reason"":""실제 관절 한계·역기구학·접근 자세 미검증""},""sequence"":{""status"":""NOT VERIFIED"",""violations"":0,""checkedPlacements"":6,""scope"":""TCP·그리퍼 스윕 근사만 수행"",""reason"":""실제 파지·관절 궤적·전 과정 실행 미검증""}}","12.54738625","33.333333333333336","6","12","0.176999492","979469274","396","","","","121.14788732394366","151.41693556310787","100","100","30.10006210355861","70.8","1.0606428176627387","0","0","","4.68992857142335","11.396999999997206","10.122899999996296","11.142179999997023","32.829499999963446","85.71428571428571","48.57283583332276","23.122343291659792","444.69299824536085","184","1.0440999999991618","12.54738625","0","33.333333333333336","","","100","0","0","","","0","","","","","","",""
"bl","online","identical","45","3","0265574e","complete","","explicit","proxy","{}","{""bounds"":55,""support"":131}","adapter-1.0 / planners-f6ec11d4259a","2.0.0","{""requested"":1,""completed"":1,""outcomes"":[],""sameWorker"":false}","{""collision"":{""status"":""PASS"",""violations"":0,""checkedPlacements"":12,""scope"":""직육면체 기하·관측 규격 공통 검사"",""reason"":""확정 배치와 최종 적재 상태 검사""},""bounds"":{""status"":""PASS"",""violations"":0,""checkedPlacements"":12,""scope"":""직육면체 기하·관측 규격 공통 검사"",""reason"":""확정 배치와 최종 적재 상태 검사""},""height"":{""status"":""PASS"",""violations"":0,""checkedPlacements"":12,""scope"":""직육면체 기하·관측 규격 공통 검사"",""reason"":""확정 배치와 최종 적재 상태 검사""},""orientation"":{""status"":""PASS"",""violations"":0,""checkedPlacements"":12,""scope"":""직육면체 기하·관측 규격 공통 검사"",""reason"":""확정 배치와 최종 적재 상태 검사""},""load"":{""status"":""PASS"",""violations"":0,""checkedPlacements"":12,""scope"":""입력된 허용 상부하중 · 누적 정적 반력"",""reason"":""입력값 범위의 정적 검사. 실측 재료 인증 아님""},""support"":{""status"":""PASS"",""violations"":0,""checkedPlacements"":12,""scope"":""접촉·합력 작용점·정적 평형"",""reason"":""설정된 지지율·전도 여유 검사. 동적 붕괴·굽힘 파손 미검증""},""payload"":{""status"":""PASS"",""violations"":0,""checkedPlacements"":12,""scope"":""입력 가반하중 · 박스+그리퍼 질량"",""reason"":""사용자가 설정한 가반하중 한계 검사""},""robotCollision"":{""status"":""NOT VERIFIED"",""violations"":0,""checkedPlacements"":12,""scope"":""TCP·그리퍼 스윕 근사만 수행"",""reason"":""전체 로봇 링크 충돌 미검증""},""approach"":{""status"":""NOT VERIFIED"",""violations"":0,""checkedPlacements"":12,""scope"":""TCP·그리퍼 스윕 근사만 수행"",""reason"":""실제 관절 한계·역기구학·접근 자세 미검증""},""sequence"":{""status"":""NOT VERIFIED"",""violations"":0,""checkedPlacements"":12,""scope"":""TCP·그리퍼 스윕 근사만 수행"",""reason"":""실제 파지·관절 궤적·전 과정 실행 미검증""}}","16.071428571428573","100","12","0","0","940000000","400","","","","150","100.77822185373186","100","100","20.55555555555556","95","0.625","0","0","","15.11181666666865","26.223499999992782","25.232730000010633","26.025345999996354","181.3418000000238","100","100.37583405928807","49.64429213853723","430.38247606972266","533","5.189199999993434","","","","","","100","0","0","","","100","","","","","","",""
"greedy","online","identical","45","3","0265574e","complete","","explicit","proxy","{}","{""bounds"":12,""support"":157}","adapter-1.0 / planners-f6ec11d4259a","2.0.0","{""requested"":1,""completed"":1,""outcomes"":[],""sameWorker"":false}","{""collision"":{""status"":""PASS"",""violations"":0,""checkedPlacements"":12,""scope"":""직육면체 기하·관측 규격 공통 검사"",""reason"":""확정 배치와 최종 적재 상태 검사""},""bounds"":{""status"":""PASS"",""violations"":0,""checkedPlacements"":12,""scope"":""직육면체 기하·관측 규격 공통 검사"",""reason"":""확정 배치와 최종 적재 상태 검사""},""height"":{""status"":""PASS"",""violations"":0,""checkedPlacements"":12,""scope"":""직육면체 기하·관측 규격 공통 검사"",""reason"":""확정 배치와 최종 적재 상태 검사""},""orientation"":{""status"":""PASS"",""violations"":0,""checkedPlacements"":12,""scope"":""직육면체 기하·관측 규격 공통 검사"",""reason"":""확정 배치와 최종 적재 상태 검사""},""load"":{""status"":""PASS"",""violations"":0,""checkedPlacements"":12,""scope"":""입력된 허용 상부하중 · 누적 정적 반력"",""reason"":""입력값 범위의 정적 검사. 실측 재료 인증 아님""},""support"":{""status"":""PASS"",""violations"":0,""checkedPlacements"":12,""scope"":""접촉·합력 작용점·정적 평형"",""reason"":""설정된 지지율·전도 여유 검사. 동적 붕괴·굽힘 파손 미검증""},""payload"":{""status"":""PASS"",""violations"":0,""checkedPlacements"":12,""scope"":""입력 가반하중 · 박스+그리퍼 질량"",""reason"":""사용자가 설정한 가반하중 한계 검사""},""robotCollision"":{""status"":""NOT VERIFIED"",""violations"":0,""checkedPlacements"":12,""scope"":""TCP·그리퍼 스윕 근사만 수행"",""reason"":""전체 로봇 링크 충돌 미검증""},""approach"":{""status"":""NOT VERIFIED"",""violations"":0,""checkedPlacements"":12,""scope"":""TCP·그리퍼 스윕 근사만 수행"",""reason"":""실제 관절 한계·역기구학·접근 자세 미검증""},""sequence"":{""status"":""NOT VERIFIED"",""violations"":0,""checkedPlacements"":12,""scope"":""TCP·그리퍼 스윕 근사만 수행"",""reason"":""실제 파지·관절 궤적·전 과정 실행 미검증""}}","16.071428571428573","100","12","0","0","940000000","400","","","","150","50.34602488997738","100","100","12.361111111111118","89.7435897435898","0.6250000000000001","0","0","","43.87435833332711","225.9134999999951","132.53548999999464","207.23789799999514","526.4922999999253","100","107.03781804388689","51.37458172852648","403.5956710392531","538","3.5168999999877997","","","","","","100","0","0","","","100","","","","","","",""
"rollout","online","identical","45","3","0265574e","complete","","explicit","proxy","{}","{""bounds"":12,""support"":157}","adapter-1.0 / planners-f6ec11d4259a","2.0.0","{""requested"":1,""completed"":1,""outcomes"":[],""sameWorker"":false}","{""collision"":{""status"":""PASS"",""violations"":0,""checkedPlacements"":12,""scope"":""직육면체 기하·관측 규격 공통 검사"",""reason"":""확정 배치와 최종 적재 상태 검사""},""bounds"":{""status"":""PASS"",""violations"":0,""checkedPlacements"":12,""scope"":""직육면체 기하·관측 규격 공통 검사"",""reason"":""확정 배치와 최종 적재 상태 검사""},""height"":{""status"":""PASS"",""violations"":0,""checkedPlacements"":12,""scope"":""직육면체 기하·관측 규격 공통 검사"",""reason"":""확정 배치와 최종 적재 상태 검사""},""orientation"":{""status"":""PASS"",""violations"":0,""checkedPlacements"":12,""scope"":""직육면체 기하·관측 규격 공통 검사"",""reason"":""확정 배치와 최종 적재 상태 검사""},""load"":{""status"":""PASS"",""violations"":0,""checkedPlacements"":12,""scope"":""입력된 허용 상부하중 · 누적 정적 반력"",""reason"":""입력값 범위의 정적 검사. 실측 재료 인증 아님""},""support"":{""status"":""PASS"",""violations"":0,""checkedPlacements"":12,""scope"":""접촉·합력 작용점·정적 평형"",""reason"":""설정된 지지율·전도 여유 검사. 동적 붕괴·굽힘 파손 미검증""},""payload"":{""status"":""PASS"",""violations"":0,""checkedPlacements"":12,""scope"":""입력 가반하중 · 박스+그리퍼 질량"",""reason"":""사용자가 설정한 가반하중 한계 검사""},""robotCollision"":{""status"":""NOT VERIFIED"",""violations"":0,""checkedPlacements"":12,""scope"":""TCP·그리퍼 스윕 근사만 수행"",""reason"":""전체 로봇 링크 충돌 미검증""},""approach"":{""status"":""NOT VERIFIED"",""violations"":0,""checkedPlacements"":12,""scope"":""TCP·그리퍼 스윕 근사만 수행"",""reason"":""실제 관절 한계·역기구학·접근 자세 미검증""},""sequence"":{""status"":""NOT VERIFIED"",""violations"":0,""checkedPlacements"":12,""scope"":""TCP·그리퍼 스윕 근사만 수행"",""reason"":""실제 파지·관절 궤적·전 과정 실행 미검증""}}","16.071428571428573","100","12","0","0","940000000","400","","","","150","50.34602488997738","100","100","12.361111111111118","89.7435897435898","0.6250000000000001","0","0","","406.3563083333356","621.4182999999903","592.6293749999968","615.6605149999916","4876.275700000027","100","107.03781804388689","51.37458172852648","403.5956710392531","538","4.223400000017136","","","","","","100","0","0","","","100","","","","","","",""
"strategy-greedy","online","identical","45","3","0265574e","complete","","explicit","proxy","{}","{""bounds"":12,""support"":190}","adapter-1.0 / planners-f6ec11d4259a","2.0.0","{""requested"":1,""completed"":1,""outcomes"":[],""sameWorker"":false}","{""collision"":{""status"":""PASS"",""violations"":0,""checkedPlacements"":12,""scope"":""직육면체 기하·관측 규격 공통 검사"",""reason"":""확정 배치와 최종 적재 상태 검사""},""bounds"":{""status"":""PASS"",""violations"":0,""checkedPlacements"":12,""scope"":""직육면체 기하·관측 규격 공통 검사"",""reason"":""확정 배치와 최종 적재 상태 검사""},""height"":{""status"":""PASS"",""violations"":0,""checkedPlacements"":12,""scope"":""직육면체 기하·관측 규격 공통 검사"",""reason"":""확정 배치와 최종 적재 상태 검사""},""orientation"":{""status"":""PASS"",""violations"":0,""checkedPlacements"":12,""scope"":""직육면체 기하·관측 규격 공통 검사"",""reason"":""확정 배치와 최종 적재 상태 검사""},""load"":{""status"":""PASS"",""violations"":0,""checkedPlacements"":12,""scope"":""입력된 허용 상부하중 · 누적 정적 반력"",""reason"":""입력값 범위의 정적 검사. 실측 재료 인증 아님""},""support"":{""status"":""PASS"",""violations"":0,""checkedPlacements"":12,""scope"":""접촉·합력 작용점·정적 평형"",""reason"":""설정된 지지율·전도 여유 검사. 동적 붕괴·굽힘 파손 미검증""},""payload"":{""status"":""PASS"",""violations"":0,""checkedPlacements"":12,""scope"":""입력 가반하중 · 박스+그리퍼 질량"",""reason"":""사용자가 설정한 가반하중 한계 검사""},""robotCollision"":{""status"":""NOT VERIFIED"",""violations"":0,""checkedPlacements"":12,""scope"":""TCP·그리퍼 스윕 근사만 수행"",""reason"":""전체 로봇 링크 충돌 미검증""},""approach"":{""status"":""NOT VERIFIED"",""violations"":0,""checkedPlacements"":12,""scope"":""TCP·그리퍼 스윕 근사만 수행"",""reason"":""실제 관절 한계·역기구학·접근 자세 미검증""},""sequence"":{""status"":""NOT VERIFIED"",""violations"":0,""checkedPlacements"":12,""scope"":""TCP·그리퍼 스윕 근사만 수행"",""reason"":""실제 파지·관절 궤적·전 과정 실행 미검증""}}","16.071428571428573","100","12","0","0","940000000","400","","","","150","0","100","100","1.3888888888888868","95","0.625","0","0","","10.190366666664582","17.891499999997905","16.631999999993422","17.63959999999701","122.284399999975","100","108.20092680945035","50.83060242614273","399.25720854571165","538","2.5635000000183936","","","","","","100","0","0","","","100","","","","","","",""
"macs","online","identical","45","3","0265574e","complete","","explicit","proxy","{}","{""bounds"":12,""support"":190}","adapter-1.0 / planners-f6ec11d4259a","2.0.0","{""requested"":1,""completed"":1,""outcomes"":[],""sameWorker"":false}","{""collision"":{""status"":""PASS"",""violations"":0,""checkedPlacements"":12,""scope"":""직육면체 기하·관측 규격 공통 검사"",""reason"":""확정 배치와 최종 적재 상태 검사""},""bounds"":{""status"":""PASS"",""violations"":0,""checkedPlacements"":12,""scope"":""직육면체 기하·관측 규격 공통 검사"",""reason"":""확정 배치와 최종 적재 상태 검사""},""height"":{""status"":""PASS"",""violations"":0,""checkedPlacements"":12,""scope"":""직육면체 기하·관측 규격 공통 검사"",""reason"":""확정 배치와 최종 적재 상태 검사""},""orientation"":{""status"":""PASS"",""violations"":0,""checkedPlacements"":12,""scope"":""직육면체 기하·관측 규격 공통 검사"",""reason"":""확정 배치와 최종 적재 상태 검사""},""load"":{""status"":""PASS"",""violations"":0,""checkedPlacements"":12,""scope"":""입력된 허용 상부하중 · 누적 정적 반력"",""reason"":""입력값 범위의 정적 검사. 실측 재료 인증 아님""},""support"":{""status"":""PASS"",""violations"":0,""checkedPlacements"":12,""scope"":""접촉·합력 작용점·정적 평형"",""reason"":""설정된 지지율·전도 여유 검사. 동적 붕괴·굽힘 파손 미검증""},""payload"":{""status"":""PASS"",""violations"":0,""checkedPlacements"":12,""scope"":""입력 가반하중 · 박스+그리퍼 질량"",""reason"":""사용자가 설정한 가반하중 한계 검사""},""robotCollision"":{""status"":""NOT VERIFIED"",""violations"":0,""checkedPlacements"":12,""scope"":""TCP·그리퍼 스윕 근사만 수행"",""reason"":""전체 로봇 링크 충돌 미검증""},""approach"":{""status"":""NOT VERIFIED"",""violations"":0,""checkedPlacements"":12,""scope"":""TCP·그리퍼 스윕 근사만 수행"",""reason"":""실제 관절 한계·역기구학·접근 자세 미검증""},""sequence"":{""status"":""NOT VERIFIED"",""violations"":0,""checkedPlacements"":12,""scope"":""TCP·그리퍼 스윕 근사만 수행"",""reason"":""실제 파지·관절 궤적·전 과정 실행 미검증""}}","16.071428571428573","100","12","0","0","940000000","400","","","","150","0","100","100","1.3888888888888868","95","0.625","0","0","","11.752408333333733","19.09870000000228","17.02982000000338","18.684924000002503","141.0289000000048","100","108.20092680945035","50.83060242614273","399.25720854571165","538","3.129399999976158","","","","","","100","0","0","","","100","","","","","","",""
"tetris-reserved","online","identical","45","3","0265574e","complete","","explicit","proxy","{}","{""bounds"":20,""support"":63}","adapter-1.0 / planners-f6ec11d4259a","2.0.0","{""requested"":1,""completed"":1,""outcomes"":[],""sameWorker"":false}","{""collision"":{""status"":""PASS"",""violations"":0,""checkedPlacements"":12,""scope"":""직육면체 기하·관측 규격 공통 검사"",""reason"":""확정 배치와 최종 적재 상태 검사""},""bounds"":{""status"":""PASS"",""violations"":0,""checkedPlacements"":12,""scope"":""직육면체 기하·관측 규격 공통 검사"",""reason"":""확정 배치와 최종 적재 상태 검사""},""height"":{""status"":""PASS"",""violations"":0,""checkedPlacements"":12,""scope"":""직육면체 기하·관측 규격 공통 검사"",""reason"":""확정 배치와 최종 적재 상태 검사""},""orientation"":{""status"":""PASS"",""violations"":0,""checkedPlacements"":12,""scope"":""직육면체 기하·관측 규격 공통 검사"",""reason"":""확정 배치와 최종 적재 상태 검사""},""load"":{""status"":""PASS"",""violations"":0,""checkedPlacements"":12,""scope"":""입력된 허용 상부하중 · 누적 정적 반력"",""reason"":""입력값 범위의 정적 검사. 실측 재료 인증 아님""},""support"":{""status"":""PASS"",""violations"":0,""checkedPlacements"":12,""scope"":""접촉·합력 작용점·정적 평형"",""reason"":""설정된 지지율·전도 여유 검사. 동적 붕괴·굽힘 파손 미검증""},""payload"":{""status"":""PASS"",""violations"":0,""checkedPlacements"":12,""scope"":""입력 가반하중 · 박스+그리퍼 질량"",""reason"":""사용자가 설정한 가반하중 한계 검사""},""robotCollision"":{""status"":""NOT VERIFIED"",""violations"":0,""checkedPlacements"":12,""scope"":""TCP·그리퍼 스윕 근사만 수행"",""reason"":""전체 로봇 링크 충돌 미검증""},""approach"":{""status"":""NOT VERIFIED"",""violations"":0,""checkedPlacements"":12,""scope"":""TCP·그리퍼 스윕 근사만 수행"",""reason"":""실제 관절 한계·역기구학·접근 자세 미검증""},""sequence"":{""status"":""NOT VERIFIED"",""violations"":0,""checkedPlacements"":12,""scope"":""TCP·그리퍼 스윕 근사만 수행"",""reason"":""실제 파지·관절 궤적·전 과정 실행 미검증""}}","16.071428571428573","100","12","0","0","940000000","400","","","","150","91.3108625033797","100","100","18.33333333333334","95","0.625","0","0","","254.48709166666472","708.8355999999912","605.0395999999905","688.0763999999913","3053.845099999977","100","101.72593767821284","49.871859490838354","424.67045264948547","533","5.086899999994785","","","","","","100","0","0","","","100","","","","","","",""
"dynamic-reservation","online","identical","45","3","0265574e","complete","","explicit","proxy","{}","{""bounds"":12,""support"":190}","adapter-1.0 / planners-f6ec11d4259a","2.0.0","{""requested"":1,""completed"":1,""outcomes"":[],""sameWorker"":false}","{""collision"":{""status"":""PASS"",""violations"":0,""checkedPlacements"":12,""scope"":""직육면체 기하·관측 규격 공통 검사"",""reason"":""확정 배치와 최종 적재 상태 검사""},""bounds"":{""status"":""PASS"",""violations"":0,""checkedPlacements"":12,""scope"":""직육면체 기하·관측 규격 공통 검사"",""reason"":""확정 배치와 최종 적재 상태 검사""},""height"":{""status"":""PASS"",""violations"":0,""checkedPlacements"":12,""scope"":""직육면체 기하·관측 규격 공통 검사"",""reason"":""확정 배치와 최종 적재 상태 검사""},""orientation"":{""status"":""PASS"",""violations"":0,""checkedPlacements"":12,""scope"":""직육면체 기하·관측 규격 공통 검사"",""reason"":""확정 배치와 최종 적재 상태 검사""},""load"":{""status"":""PASS"",""violations"":0,""checkedPlacements"":12,""scope"":""입력된 허용 상부하중 · 누적 정적 반력"",""reason"":""입력값 범위의 정적 검사. 실측 재료 인증 아님""},""support"":{""status"":""PASS"",""violations"":0,""checkedPlacements"":12,""scope"":""접촉·합력 작용점·정적 평형"",""reason"":""설정된 지지율·전도 여유 검사. 동적 붕괴·굽힘 파손 미검증""},""payload"":{""status"":""PASS"",""violations"":0,""checkedPlacements"":12,""scope"":""입력 가반하중 · 박스+그리퍼 질량"",""reason"":""사용자가 설정한 가반하중 한계 검사""},""robotCollision"":{""status"":""NOT VERIFIED"",""violations"":0,""checkedPlacements"":12,""scope"":""TCP·그리퍼 스윕 근사만 수행"",""reason"":""전체 로봇 링크 충돌 미검증""},""approach"":{""status"":""NOT VERIFIED"",""violations"":0,""checkedPlacements"":12,""scope"":""TCP·그리퍼 스윕 근사만 수행"",""reason"":""실제 관절 한계·역기구학·접근 자세 미검증""},""sequence"":{""status"":""NOT VERIFIED"",""violations"":0,""checkedPlacements"":12,""scope"":""TCP·그리퍼 스윕 근사만 수행"",""reason"":""실제 파지·관절 궤적·전 과정 실행 미검증""}}","16.071428571428573","100","12","0","0","940000000","400","","","","150","0","100","100","1.3888888888888868","95","0.625","0","0","","93.86483333333551","219.26250000001164","193.91800500001114","214.19360100001157","1126.378000000026","100","108.20092680945035","50.83060242614273","399.25720854571165","538","3.3879000000015367","","","","","","100","0","0","","","100","","","","","","",""
"lookahead","online","identical","45","3","0265574e","complete","","explicit","proxy","{}","{""bounds"":12,""support"":190}","adapter-1.0 / planners-f6ec11d4259a","2.0.0","{""requested"":1,""completed"":1,""outcomes"":[],""sameWorker"":false}","{""collision"":{""status"":""PASS"",""violations"":0,""checkedPlacements"":12,""scope"":""직육면체 기하·관측 규격 공통 검사"",""reason"":""확정 배치와 최종 적재 상태 검사""},""bounds"":{""status"":""PASS"",""violations"":0,""checkedPlacements"":12,""scope"":""직육면체 기하·관측 규격 공통 검사"",""reason"":""확정 배치와 최종 적재 상태 검사""},""height"":{""status"":""PASS"",""violations"":0,""checkedPlacements"":12,""scope"":""직육면체 기하·관측 규격 공통 검사"",""reason"":""확정 배치와 최종 적재 상태 검사""},""orientation"":{""status"":""PASS"",""violations"":0,""checkedPlacements"":12,""scope"":""직육면체 기하·관측 규격 공통 검사"",""reason"":""확정 배치와 최종 적재 상태 검사""},""load"":{""status"":""PASS"",""violations"":0,""checkedPlacements"":12,""scope"":""입력된 허용 상부하중 · 누적 정적 반력"",""reason"":""입력값 범위의 정적 검사. 실측 재료 인증 아님""},""support"":{""status"":""PASS"",""violations"":0,""checkedPlacements"":12,""scope"":""접촉·합력 작용점·정적 평형"",""reason"":""설정된 지지율·전도 여유 검사. 동적 붕괴·굽힘 파손 미검증""},""payload"":{""status"":""PASS"",""violations"":0,""checkedPlacements"":12,""scope"":""입력 가반하중 · 박스+그리퍼 질량"",""reason"":""사용자가 설정한 가반하중 한계 검사""},""robotCollision"":{""status"":""NOT VERIFIED"",""violations"":0,""checkedPlacements"":12,""scope"":""TCP·그리퍼 스윕 근사만 수행"",""reason"":""전체 로봇 링크 충돌 미검증""},""approach"":{""status"":""NOT VERIFIED"",""violations"":0,""checkedPlacements"":12,""scope"":""TCP·그리퍼 스윕 근사만 수행"",""reason"":""실제 관절 한계·역기구학·접근 자세 미검증""},""sequence"":{""status"":""NOT VERIFIED"",""violations"":0,""checkedPlacements"":12,""scope"":""TCP·그리퍼 스윕 근사만 수행"",""reason"":""실제 파지·관절 궤적·전 과정 실행 미검증""}}","16.071428571428573","100","12","0","0","940000000","400","","","","150","0","100","100","1.3888888888888868","95","0.625","0","0","","104.47931666666652","254.777700000006","195.80978000000752","242.9841160000064","1253.7517999999982","100","108.20092680945035","50.83060242614273","399.25720854571165","538","3.059399999998277","","","","","","100","0","0","","","100","","","","","","",""
"future-hybrid","online","identical","45","3","0265574e","complete","","explicit","proxy","{}","{""bounds"":12,""support"":190}","adapter-1.0 / planners-f6ec11d4259a","2.0.0","{""requested"":1,""completed"":1,""outcomes"":[],""sameWorker"":false}","{""collision"":{""status"":""PASS"",""violations"":0,""checkedPlacements"":12,""scope"":""직육면체 기하·관측 규격 공통 검사"",""reason"":""확정 배치와 최종 적재 상태 검사""},""bounds"":{""status"":""PASS"",""violations"":0,""checkedPlacements"":12,""scope"":""직육면체 기하·관측 규격 공통 검사"",""reason"":""확정 배치와 최종 적재 상태 검사""},""height"":{""status"":""PASS"",""violations"":0,""checkedPlacements"":12,""scope"":""직육면체 기하·관측 규격 공통 검사"",""reason"":""확정 배치와 최종 적재 상태 검사""},""orientation"":{""status"":""PASS"",""violations"":0,""checkedPlacements"":12,""scope"":""직육면체 기하·관측 규격 공통 검사"",""reason"":""확정 배치와 최종 적재 상태 검사""},""load"":{""status"":""PASS"",""violations"":0,""checkedPlacements"":12,""scope"":""입력된 허용 상부하중 · 누적 정적 반력"",""reason"":""입력값 범위의 정적 검사. 실측 재료 인증 아님""},""support"":{""status"":""PASS"",""violations"":0,""checkedPlacements"":12,""scope"":""접촉·합력 작용점·정적 평형"",""reason"":""설정된 지지율·전도 여유 검사. 동적 붕괴·굽힘 파손 미검증""},""payload"":{""status"":""PASS"",""violations"":0,""checkedPlacements"":12,""scope"":""입력 가반하중 · 박스+그리퍼 질량"",""reason"":""사용자가 설정한 가반하중 한계 검사""},""robotCollision"":{""status"":""NOT VERIFIED"",""violations"":0,""checkedPlacements"":12,""scope"":""TCP·그리퍼 스윕 근사만 수행"",""reason"":""전체 로봇 링크 충돌 미검증""},""approach"":{""status"":""NOT VERIFIED"",""violations"":0,""checkedPlacements"":12,""scope"":""TCP·그리퍼 스윕 근사만 수행"",""reason"":""실제 관절 한계·역기구학·접근 자세 미검증""},""sequence"":{""status"":""NOT VERIFIED"",""violations"":0,""checkedPlacements"":12,""scope"":""TCP·그리퍼 스윕 근사만 수행"",""reason"":""실제 파지·관절 궤적·전 과정 실행 미검증""}}","16.071428571428573","100","12","0","0","940000000","400","","","","150","0","100","100","1.3888888888888868","95","0.625","0","0","","99.32836666666601","213.38980000000447","188.62945999999351","208.4377320000023","1191.9403999999922","100","108.20092680945035","50.83060242614273","399.25720854571165","538","4.584100000007311","","","","","","100","0","0","","","100","","","","","","",""
"blb","online","identical","45","3","0265574e","complete","","explicit","proxy","{}","{""bounds"":65,""support"":135}","adapter-1.0 / planners-f6ec11d4259a","2.0.0","{""requested"":1,""completed"":1,""outcomes"":[],""sameWorker"":false}","{""collision"":{""status"":""PASS"",""violations"":0,""checkedPlacements"":12,""scope"":""직육면체 기하·관측 규격 공통 검사"",""reason"":""확정 배치와 최종 적재 상태 검사""},""bounds"":{""status"":""PASS"",""violations"":0,""checkedPlacements"":12,""scope"":""직육면체 기하·관측 규격 공통 검사"",""reason"":""확정 배치와 최종 적재 상태 검사""},""height"":{""status"":""PASS"",""violations"":0,""checkedPlacements"":12,""scope"":""직육면체 기하·관측 규격 공통 검사"",""reason"":""확정 배치와 최종 적재 상태 검사""},""orientation"":{""status"":""PASS"",""violations"":0,""checkedPlacements"":12,""scope"":""직육면체 기하·관측 규격 공통 검사"",""reason"":""확정 배치와 최종 적재 상태 검사""},""load"":{""status"":""PASS"",""violations"":0,""checkedPlacements"":12,""scope"":""입력된 허용 상부하중 · 누적 정적 반력"",""reason"":""입력값 범위의 정적 검사. 실측 재료 인증 아님""},""support"":{""status"":""PASS"",""violations"":0,""checkedPlacements"":12,""scope"":""접촉·합력 작용점·정적 평형"",""reason"":""설정된 지지율·전도 여유 검사. 동적 붕괴·굽힘 파손 미검증""},""payload"":{""status"":""PASS"",""violations"":0,""checkedPlacements"":12,""scope"":""입력 가반하중 · 박스+그리퍼 질량"",""reason"":""사용자가 설정한 가반하중 한계 검사""},""robotCollision"":{""status"":""NOT VERIFIED"",""violations"":0,""checkedPlacements"":12,""scope"":""TCP·그리퍼 스윕 근사만 수행"",""reason"":""전체 로봇 링크 충돌 미검증""},""approach"":{""status"":""NOT VERIFIED"",""violations"":0,""checkedPlacements"":12,""scope"":""TCP·그리퍼 스윕 근사만 수행"",""reason"":""실제 관절 한계·역기구학·접근 자세 미검증""},""sequence"":{""status"":""NOT VERIFIED"",""violations"":0,""checkedPlacements"":12,""scope"":""TCP·그리퍼 스윕 근사만 수행"",""reason"":""실제 파지·관절 궤적·전 과정 실행 미검증""}}","16.071428571428573","100","12","0","0","940000000","400","","","","150","100.77822185373186","100","100","20.55555555555556","95","0.625","0","0","","8.470625000001746","15.079400000016904","14.798240000012447","15.023168000016012","101.64750000002095","100","100.37583405928807","49.64429213853723","430.38247606972266","529","2.84419999999227","","","","","","100","0","0","","","100","","","","","","",""
"pack-first","online","identical","45","3","0265574e","complete","","explicit","proxy","{}","{""support"":102,""bounds"":224}","adapter-1.0 / planners-f6ec11d4259a","2.0.0","{""requested"":1,""completed"":1,""outcomes"":[],""sameWorker"":false}","{""collision"":{""status"":""PASS"",""violations"":0,""checkedPlacements"":12,""scope"":""직육면체 기하·관측 규격 공통 검사"",""reason"":""확정 배치와 최종 적재 상태 검사""},""bounds"":{""status"":""PASS"",""violations"":0,""checkedPlacements"":12,""scope"":""직육면체 기하·관측 규격 공통 검사"",""reason"":""확정 배치와 최종 적재 상태 검사""},""height"":{""status"":""PASS"",""violations"":0,""checkedPlacements"":12,""scope"":""직육면체 기하·관측 규격 공통 검사"",""reason"":""확정 배치와 최종 적재 상태 검사""},""orientation"":{""status"":""PASS"",""violations"":0,""checkedPlacements"":12,""scope"":""직육면체 기하·관측 규격 공통 검사"",""reason"":""확정 배치와 최종 적재 상태 검사""},""load"":{""status"":""PASS"",""violations"":0,""checkedPlacements"":12,""scope"":""입력된 허용 상부하중 · 누적 정적 반력"",""reason"":""입력값 범위의 정적 검사. 실측 재료 인증 아님""},""support"":{""status"":""PASS"",""violations"":0,""checkedPlacements"":12,""scope"":""접촉·합력 작용점·정적 평형"",""reason"":""설정된 지지율·전도 여유 검사. 동적 붕괴·굽힘 파손 미검증""},""payload"":{""status"":""PASS"",""violations"":0,""checkedPlacements"":12,""scope"":""입력 가반하중 · 박스+그리퍼 질량"",""reason"":""사용자가 설정한 가반하중 한계 검사""},""robotCollision"":{""status"":""NOT VERIFIED"",""violations"":0,""checkedPlacements"":12,""scope"":""TCP·그리퍼 스윕 근사만 수행"",""reason"":""전체 로봇 링크 충돌 미검증""},""approach"":{""status"":""NOT VERIFIED"",""violations"":0,""checkedPlacements"":12,""scope"":""TCP·그리퍼 스윕 근사만 수행"",""reason"":""실제 관절 한계·역기구학·접근 자세 미검증""},""sequence"":{""status"":""NOT VERIFIED"",""violations"":0,""checkedPlacements"":12,""scope"":""TCP·그리퍼 스윕 근사만 수행"",""reason"":""실제 파지·관절 궤적·전 과정 실행 미검증""}}","16.071428571428573","100","12","0","0","940000000","400","","","","150","100.77822185373186","100","100","20.55555555555556","95","0.625","0","0","","7.4024750000001704","22.471000000019558","15.61426000000646","21.099652000016945","88.82970000000205","100","100.37583405928807","49.64429213853723","430.38247606972266","529","3.784400000004098","","","","","","100","0","0","","","100","","","","","","",""
"pack-greedy","online","identical","45","3","0265574e","complete","","explicit","proxy","{}","{""support"":182,""bounds"":234}","adapter-1.0 / planners-f6ec11d4259a","2.0.0","{""requested"":1,""completed"":1,""outcomes"":[],""sameWorker"":false}","{""collision"":{""status"":""PASS"",""violations"":0,""checkedPlacements"":12,""scope"":""직육면체 기하·관측 규격 공통 검사"",""reason"":""확정 배치와 최종 적재 상태 검사""},""bounds"":{""status"":""PASS"",""violations"":0,""checkedPlacements"":12,""scope"":""직육면체 기하·관측 규격 공통 검사"",""reason"":""확정 배치와 최종 적재 상태 검사""},""height"":{""status"":""PASS"",""violations"":0,""checkedPlacements"":12,""scope"":""직육면체 기하·관측 규격 공통 검사"",""reason"":""확정 배치와 최종 적재 상태 검사""},""orientation"":{""status"":""PASS"",""violations"":0,""checkedPlacements"":12,""scope"":""직육면체 기하·관측 규격 공통 검사"",""reason"":""확정 배치와 최종 적재 상태 검사""},""load"":{""status"":""PASS"",""violations"":0,""checkedPlacements"":12,""scope"":""입력된 허용 상부하중 · 누적 정적 반력"",""reason"":""입력값 범위의 정적 검사. 실측 재료 인증 아님""},""support"":{""status"":""PASS"",""violations"":0,""checkedPlacements"":12,""scope"":""접촉·합력 작용점·정적 평형"",""reason"":""설정된 지지율·전도 여유 검사. 동적 붕괴·굽힘 파손 미검증""},""payload"":{""status"":""PASS"",""violations"":0,""checkedPlacements"":12,""scope"":""입력 가반하중 · 박스+그리퍼 질량"",""reason"":""사용자가 설정한 가반하중 한계 검사""},""robotCollision"":{""status"":""NOT VERIFIED"",""violations"":0,""checkedPlacements"":12,""scope"":""TCP·그리퍼 스윕 근사만 수행"",""reason"":""전체 로봇 링크 충돌 미검증""},""approach"":{""status"":""NOT VERIFIED"",""violations"":0,""checkedPlacements"":12,""scope"":""TCP·그리퍼 스윕 근사만 수행"",""reason"":""실제 관절 한계·역기구학·접근 자세 미검증""},""sequence"":{""status"":""NOT VERIFIED"",""violations"":0,""checkedPlacements"":12,""scope"":""TCP·그리퍼 스윕 근사만 수행"",""reason"":""실제 파지·관절 궤적·전 과정 실행 미검증""}}","16.071428571428573","100","12","0","0","940000000","400","","","","150","50.860648398890454","100","100","10.925925925925922","83.33333333333337","0.6029411764705881","0","0","","6.5926249999950715","12.295899999997346","11.495265000002108","12.135772999998299","79.11149999994086","100","100.63111331255921","49.8102236531635","429.2906893101862","529","6.489499999996042","","","","","","100","0","0","","","100","","","","","","",""
"pack-tetris","online","identical","45","3","0265574e","complete","","explicit","proxy","{}","{""support"":182,""bounds"":234}","adapter-1.0 / planners-f6ec11d4259a","2.0.0","{""requested"":1,""completed"":1,""outcomes"":[],""sameWorker"":false}","{""collision"":{""status"":""PASS"",""violations"":0,""checkedPlacements"":12,""scope"":""직육면체 기하·관측 규격 공통 검사"",""reason"":""확정 배치와 최종 적재 상태 검사""},""bounds"":{""status"":""PASS"",""violations"":0,""checkedPlacements"":12,""scope"":""직육면체 기하·관측 규격 공통 검사"",""reason"":""확정 배치와 최종 적재 상태 검사""},""height"":{""status"":""PASS"",""violations"":0,""checkedPlacements"":12,""scope"":""직육면체 기하·관측 규격 공통 검사"",""reason"":""확정 배치와 최종 적재 상태 검사""},""orientation"":{""status"":""PASS"",""violations"":0,""checkedPlacements"":12,""scope"":""직육면체 기하·관측 규격 공통 검사"",""reason"":""확정 배치와 최종 적재 상태 검사""},""load"":{""status"":""PASS"",""violations"":0,""checkedPlacements"":12,""scope"":""입력된 허용 상부하중 · 누적 정적 반력"",""reason"":""입력값 범위의 정적 검사. 실측 재료 인증 아님""},""support"":{""status"":""PASS"",""violations"":0,""checkedPlacements"":12,""scope"":""접촉·합력 작용점·정적 평형"",""reason"":""설정된 지지율·전도 여유 검사. 동적 붕괴·굽힘 파손 미검증""},""payload"":{""status"":""PASS"",""violations"":0,""checkedPlacements"":12,""scope"":""입력 가반하중 · 박스+그리퍼 질량"",""reason"":""사용자가 설정한 가반하중 한계 검사""},""robotCollision"":{""status"":""NOT VERIFIED"",""violations"":0,""checkedPlacements"":12,""scope"":""TCP·그리퍼 스윕 근사만 수행"",""reason"":""전체 로봇 링크 충돌 미검증""},""approach"":{""status"":""NOT VERIFIED"",""violations"":0,""checkedPlacements"":12,""scope"":""TCP·그리퍼 스윕 근사만 수행"",""reason"":""실제 관절 한계·역기구학·접근 자세 미검증""},""sequence"":{""status"":""NOT VERIFIED"",""violations"":0,""checkedPlacements"":12,""scope"":""TCP·그리퍼 스윕 근사만 수행"",""reason"":""실제 파지·관절 궤적·전 과정 실행 미검증""}}","16.071428571428573","100","12","0","0","940000000","400","","","","150","50.860648398890454","100","100","10.925925925925922","83.33333333333337","0.6029411764705881","0","0","","6.835508333337202","12.290399999998044","12.277529999995021","12.28782599999744","82.02610000004643","100","100.63111331255921","49.8102236531635","429.2906893101862","529","3.158499999990454","","","","","","100","0","0","","","100","","","","","","",""
"pack-beam","online","identical","45","3","0265574e","complete","","explicit","proxy","{}","{""support"":217,""bounds"":253}","adapter-1.0 / planners-f6ec11d4259a","2.0.0","{""requested"":1,""completed"":1,""outcomes"":[],""sameWorker"":false}","{""collision"":{""status"":""PASS"",""violations"":0,""checkedPlacements"":12,""scope"":""직육면체 기하·관측 규격 공통 검사"",""reason"":""확정 배치와 최종 적재 상태 검사""},""bounds"":{""status"":""PASS"",""violations"":0,""checkedPlacements"":12,""scope"":""직육면체 기하·관측 규격 공통 검사"",""reason"":""확정 배치와 최종 적재 상태 검사""},""height"":{""status"":""PASS"",""violations"":0,""checkedPlacements"":12,""scope"":""직육면체 기하·관측 규격 공통 검사"",""reason"":""확정 배치와 최종 적재 상태 검사""},""orientation"":{""status"":""PASS"",""violations"":0,""checkedPlacements"":12,""scope"":""직육면체 기하·관측 규격 공통 검사"",""reason"":""확정 배치와 최종 적재 상태 검사""},""load"":{""status"":""PASS"",""violations"":0,""checkedPlacements"":12,""scope"":""입력된 허용 상부하중 · 누적 정적 반력"",""reason"":""입력값 범위의 정적 검사. 실측 재료 인증 아님""},""support"":{""status"":""PASS"",""violations"":0,""checkedPlacements"":12,""scope"":""접촉·합력 작용점·정적 평형"",""reason"":""설정된 지지율·전도 여유 검사. 동적 붕괴·굽힘 파손 미검증""},""payload"":{""status"":""PASS"",""violations"":0,""checkedPlacements"":12,""scope"":""입력 가반하중 · 박스+그리퍼 질량"",""reason"":""사용자가 설정한 가반하중 한계 검사""},""robotCollision"":{""status"":""NOT VERIFIED"",""violations"":0,""checkedPlacements"":12,""scope"":""TCP·그리퍼 스윕 근사만 수행"",""reason"":""전체 로봇 링크 충돌 미검증""},""approach"":{""status"":""NOT VERIFIED"",""violations"":0,""checkedPlacements"":12,""scope"":""TCP·그리퍼 스윕 근사만 수행"",""reason"":""실제 관절 한계·역기구학·접근 자세 미검증""},""sequence"":{""status"":""NOT VERIFIED"",""violations"":0,""checkedPlacements"":12,""scope"":""TCP·그리퍼 스윕 근사만 수행"",""reason"":""실제 파지·관절 궤적·전 과정 실행 미검증""}}","16.071428571428573","100","12","0","0","940000000","400","","","","150","27.163343355011044","100","100","9.537037037037033","95","0.625","0","0","","111.0674250000011","214.04269999999087","191.2744599999816","209.48905199998904","1332.8091000000131","100","102.55208675891215","50.408856393292886","421.2493510888579","529","3.0768000000098255","","","","","","100","0","0","","","100","","","","","","",""
"pack-robust","online","identical","45","3","0265574e","complete","","explicit","proxy","{}","{""support"":217,""bounds"":253}","adapter-1.0 / planners-f6ec11d4259a","2.0.0","{""requested"":1,""completed"":1,""outcomes"":[],""sameWorker"":false}","{""collision"":{""status"":""PASS"",""violations"":0,""checkedPlacements"":12,""scope"":""직육면체 기하·관측 규격 공통 검사"",""reason"":""확정 배치와 최종 적재 상태 검사""},""bounds"":{""status"":""PASS"",""violations"":0,""checkedPlacements"":12,""scope"":""직육면체 기하·관측 규격 공통 검사"",""reason"":""확정 배치와 최종 적재 상태 검사""},""height"":{""status"":""PASS"",""violations"":0,""checkedPlacements"":12,""scope"":""직육면체 기하·관측 규격 공통 검사"",""reason"":""확정 배치와 최종 적재 상태 검사""},""orientation"":{""status"":""PASS"",""violations"":0,""checkedPlacements"":12,""scope"":""직육면체 기하·관측 규격 공통 검사"",""reason"":""확정 배치와 최종 적재 상태 검사""},""load"":{""status"":""PASS"",""violations"":0,""checkedPlacements"":12,""scope"":""입력된 허용 상부하중 · 누적 정적 반력"",""reason"":""입력값 범위의 정적 검사. 실측 재료 인증 아님""},""support"":{""status"":""PASS"",""violations"":0,""checkedPlacements"":12,""scope"":""접촉·합력 작용점·정적 평형"",""reason"":""설정된 지지율·전도 여유 검사. 동적 붕괴·굽힘 파손 미검증""},""payload"":{""status"":""PASS"",""violations"":0,""checkedPlacements"":12,""scope"":""입력 가반하중 · 박스+그리퍼 질량"",""reason"":""사용자가 설정한 가반하중 한계 검사""},""robotCollision"":{""status"":""NOT VERIFIED"",""violations"":0,""checkedPlacements"":12,""scope"":""TCP·그리퍼 스윕 근사만 수행"",""reason"":""전체 로봇 링크 충돌 미검증""},""approach"":{""status"":""NOT VERIFIED"",""violations"":0,""checkedPlacements"":12,""scope"":""TCP·그리퍼 스윕 근사만 수행"",""reason"":""실제 관절 한계·역기구학·접근 자세 미검증""},""sequence"":{""status"":""NOT VERIFIED"",""violations"":0,""checkedPlacements"":12,""scope"":""TCP·그리퍼 스윕 근사만 수행"",""reason"":""실제 파지·관절 궤적·전 과정 실행 미검증""}}","16.071428571428573","100","12","0","0","940000000","400","","","","150","27.163343355011044","100","100","9.537037037037033","95","0.625","0","0","","122.06501666666493","287.02939999999944","220.88788500000072","273.8010969999998","1464.7801999999792","100","102.55208675891215","50.408856393292886","421.2493510888579","529","2.8962999999930616","","","","","","100","0","0","","","100","","","","","","",""
"hrpal-inferred","online","identical","45","3","0265574e","complete","","explicit","proxy","{}","{""support"":123}","conventional-pattern/2","2.0.0","{""requested"":1,""completed"":1,""outcomes"":[],""sameWorker"":false}","{""collision"":{""status"":""PASS"",""violations"":0,""checkedPlacements"":12,""scope"":""직육면체 기하·관측 규격 공통 검사"",""reason"":""확정 배치와 최종 적재 상태 검사""},""bounds"":{""status"":""PASS"",""violations"":0,""checkedPlacements"":12,""scope"":""직육면체 기하·관측 규격 공통 검사"",""reason"":""확정 배치와 최종 적재 상태 검사""},""height"":{""status"":""PASS"",""violations"":0,""checkedPlacements"":12,""scope"":""직육면체 기하·관측 규격 공통 검사"",""reason"":""확정 배치와 최종 적재 상태 검사""},""orientation"":{""status"":""PASS"",""violations"":0,""checkedPlacements"":12,""scope"":""직육면체 기하·관측 규격 공통 검사"",""reason"":""확정 배치와 최종 적재 상태 검사""},""load"":{""status"":""PASS"",""violations"":0,""checkedPlacements"":12,""scope"":""입력된 허용 상부하중 · 누적 정적 반력"",""reason"":""입력값 범위의 정적 검사. 실측 재료 인증 아님""},""support"":{""status"":""PASS"",""violations"":0,""checkedPlacements"":12,""scope"":""접촉·합력 작용점·정적 평형"",""reason"":""설정된 지지율·전도 여유 검사. 동적 붕괴·굽힘 파손 미검증""},""payload"":{""status"":""PASS"",""violations"":0,""checkedPlacements"":12,""scope"":""입력 가반하중 · 박스+그리퍼 질량"",""reason"":""사용자가 설정한 가반하중 한계 검사""},""robotCollision"":{""status"":""NOT VERIFIED"",""violations"":0,""checkedPlacements"":12,""scope"":""TCP·그리퍼 스윕 근사만 수행"",""reason"":""전체 로봇 링크 충돌 미검증""},""approach"":{""status"":""NOT VERIFIED"",""violations"":0,""checkedPlacements"":12,""scope"":""TCP·그리퍼 스윕 근사만 수행"",""reason"":""실제 관절 한계·역기구학·접근 자세 미검증""},""sequence"":{""status"":""NOT VERIFIED"",""violations"":0,""checkedPlacements"":12,""scope"":""TCP·그리퍼 스윕 근사만 수행"",""reason"":""실제 파지·관절 궤적·전 과정 실행 미검증""}}","16.071428571428573","100","12","0","0","940000000","400","","","","150","100.77822185373186","100","100","20.55555555555556","95","0.625","0","0","","5.173866666661827","9.384200000000419","9.00338000000047","9.30803600000043","62.08639999994193","100","100.37583405928804","49.64429213853723","430.38247606972277","284","3.3250999999872874","","","","","","100","0","0","","","100","","","","","","",""
"hrpal-grid-v1","online","identical","45","3","0265574e","complete","","explicit","proxy","{}","{""collision"":141,""robot-path"":141,""support"":117}","inferred-grid-layer/1","2.0.0","{""requested"":1,""completed"":1,""outcomes"":[],""sameWorker"":false}","{""collision"":{""status"":""PASS"",""violations"":0,""checkedPlacements"":12,""scope"":""직육면체 기하·관측 규격 공통 검사"",""reason"":""확정 배치와 최종 적재 상태 검사""},""bounds"":{""status"":""PASS"",""violations"":0,""checkedPlacements"":12,""scope"":""직육면체 기하·관측 규격 공통 검사"",""reason"":""확정 배치와 최종 적재 상태 검사""},""height"":{""status"":""PASS"",""violations"":0,""checkedPlacements"":12,""scope"":""직육면체 기하·관측 규격 공통 검사"",""reason"":""확정 배치와 최종 적재 상태 검사""},""orientation"":{""status"":""PASS"",""violations"":0,""checkedPlacements"":12,""scope"":""직육면체 기하·관측 규격 공통 검사"",""reason"":""확정 배치와 최종 적재 상태 검사""},""load"":{""status"":""PASS"",""violations"":0,""checkedPlacements"":12,""scope"":""입력된 허용 상부하중 · 누적 정적 반력"",""reason"":""입력값 범위의 정적 검사. 실측 재료 인증 아님""},""support"":{""status"":""PASS"",""violations"":0,""checkedPlacements"":12,""scope"":""접촉·합력 작용점·정적 평형"",""reason"":""설정된 지지율·전도 여유 검사. 동적 붕괴·굽힘 파손 미검증""},""payload"":{""status"":""PASS"",""violations"":0,""checkedPlacements"":12,""scope"":""입력 가반하중 · 박스+그리퍼 질량"",""reason"":""사용자가 설정한 가반하중 한계 검사""},""robotCollision"":{""status"":""NOT VERIFIED"",""violations"":0,""checkedPlacements"":12,""scope"":""TCP·그리퍼 스윕 근사만 수행"",""reason"":""전체 로봇 링크 충돌 미검증""},""approach"":{""status"":""NOT VERIFIED"",""violations"":0,""checkedPlacements"":12,""scope"":""TCP·그리퍼 스윕 근사만 수행"",""reason"":""실제 관절 한계·역기구학·접근 자세 미검증""},""sequence"":{""status"":""NOT VERIFIED"",""violations"":0,""checkedPlacements"":12,""scope"":""TCP·그리퍼 스윕 근사만 수행"",""reason"":""실제 파지·관절 궤적·전 과정 실행 미검증""}}","16.071428571428573","100","12","0","0","940000000","400","","","","150","100.77822185373186","100","100","20.55555555555556","95","0.625","0","0","","7.908174999996845","20.195799999986775","18.335259999991102","19.82369199998764","94.89809999996214","100","100.37583405928804","49.64429213853723","430.38247606972277","419","3.204599999997299","","","","","","100","0","0","","","100","","","","","","",""
"random","online","identical","45","3","0265574e","complete","","explicit","proxy","{}","{""bounds"":32,""support"":286}","adapter-1.0 / planners-f6ec11d4259a","2.0.0","{""requested"":1,""completed"":1,""outcomes"":[],""sameWorker"":false}","{""collision"":{""status"":""PASS"",""violations"":0,""checkedPlacements"":12,""scope"":""직육면체 기하·관측 규격 공통 검사"",""reason"":""확정 배치와 최종 적재 상태 검사""},""bounds"":{""status"":""PASS"",""violations"":0,""checkedPlacements"":12,""scope"":""직육면체 기하·관측 규격 공통 검사"",""reason"":""확정 배치와 최종 적재 상태 검사""},""height"":{""status"":""PASS"",""violations"":0,""checkedPlacements"":12,""scope"":""직육면체 기하·관측 규격 공통 검사"",""reason"":""확정 배치와 최종 적재 상태 검사""},""orientation"":{""status"":""PASS"",""violations"":0,""checkedPlacements"":12,""scope"":""직육면체 기하·관측 규격 공통 검사"",""reason"":""확정 배치와 최종 적재 상태 검사""},""load"":{""status"":""PASS"",""violations"":0,""checkedPlacements"":12,""scope"":""입력된 허용 상부하중 · 누적 정적 반력"",""reason"":""입력값 범위의 정적 검사. 실측 재료 인증 아님""},""support"":{""status"":""PASS"",""violations"":0,""checkedPlacements"":12,""scope"":""접촉·합력 작용점·정적 평형"",""reason"":""설정된 지지율·전도 여유 검사. 동적 붕괴·굽힘 파손 미검증""},""payload"":{""status"":""PASS"",""violations"":0,""checkedPlacements"":12,""scope"":""입력 가반하중 · 박스+그리퍼 질량"",""reason"":""사용자가 설정한 가반하중 한계 검사""},""robotCollision"":{""status"":""NOT VERIFIED"",""violations"":0,""checkedPlacements"":12,""scope"":""TCP·그리퍼 스윕 근사만 수행"",""reason"":""전체 로봇 링크 충돌 미검증""},""approach"":{""status"":""NOT VERIFIED"",""violations"":0,""checkedPlacements"":12,""scope"":""TCP·그리퍼 스윕 근사만 수행"",""reason"":""실제 관절 한계·역기구학·접근 자세 미검증""},""sequence"":{""status"":""NOT VERIFIED"",""violations"":0,""checkedPlacements"":12,""scope"":""TCP·그리퍼 스윕 근사만 수행"",""reason"":""실제 파지·관절 궤적·전 과정 실행 미검증""}}","16.071428571428573","100","12","0","0","940000000","600","","","","200","124.61747023948483","99.44444444444444","96.66666666666667","28.904249518701814","75.52340281728749","0.4197395608011792","0","0","","12.858150000000023","46.10800000000745","30.577760000016113","43.001952000009204","154.29780000000028","100","107.48338853642021","49.71420254867314","401.9225722992711","529","4.445000000006985","","","","","","100","0","0","","","100","","","","","","",""
"bl","online","random","45","3","5ad6860d","partial","SUPPORT: 지지 조건 미달 53.3% / 필요 95.0% / 무게 규칙 위반 / 누적 무게중심 정적 평형 불가 / SUPPORT: 지지 조건 미달 40.1% / 필요 95.0% / SUPPORT: 지지 조건 미달 52.8% / 필요 95.0% / SUPPORT: 지지 조건 미달 47.9% / 필요 95.0% / SUPPORT: 지지 조건 미달 46.5% / 필요 95.0% / SUPPORT: 지지 조건 미달 45.0% / 필요 95.0% / SUPPORT: 지지 조건 미달 38.3% / 필요 95.0% / SUPPORT: 지지 조건 미달 33.4% / 필요 95.0% / 재질 허용 지지하중 초과 / SUPPORT: 지지 조건 미달 32.1% / 필요 95.0% / SUPPORT: 지지 조건 미달 30.6% / 필요 95.0% / SUPPORT: 지지 조건 미달 30.4% / 필요 95.0% / SUPPORT: 지지 조건 미달 26.3% / 필요 95.0% / SUPPORT: 지지 조건 미달 20.9% / 필요 95.0% / SUPPORT: 지지 조건 미달 6.4% / 필요 95.0% / SUPPORT: 지지 조건 미달 20.2% / 필요 95.0% / SUPPORT: 지지 조건 미달 6.2% / 필요 95.0% / SUPPORT: 지지 조건 미달 29.4% / 필요 95.0% / SUPPORT: 지지 조건 미달 33.9% / 필요 95.0% / SUPPORT: 지지 조건 미달 21.8% / 필요 95.0% / SUPPORT: 지지 조건 미달 51.4% / 필요 95.0% / SUPPORT: 지지 조건 미달 38.7% / 필요 95.0% / SUPPORT: 지지 조건 미달 50.9% / 필요 95.0% / SUPPORT: 지지 조건 미달 46.2% / 필요 95.0% / SUPPORT: 지지 조건 미달 44.8% / 필요 95.0% / SUPPORT: 지지 조건 미달 43.4% / 필요 95.0% / SUPPORT: 지지 조건 미달 36.9% / 필요 95.0% / SUPPORT: 지지 조건 미달 32.2% / 필요 95.0% / SUPPORT: 지지 조건 미달 30.9% / 필요 95.0% / SUPPORT: 지지 조건 미달 27.0% / 필요 95.0% / SUPPORT: 지지 조건 미달 23.4% / 필요 95.0% / SUPPORT: 지지 조건 미달 5.7% / 필요 95.0% / SUPPORT: 지지 조건 미달 5.5% / 필요 95.0% / SUPPORT: 지지 조건 미달 19.2% / 필요 95.0% / SUPPORT: 지지 조건 미달 26.0% / 필요 95.0% / SUPPORT: 지지 조건 미달 34.1% / 필요 95.0% / SUPPORT: 지지 조건 미달 32.3% / 필요 95.0% / SUPPORT: 지지 조건 미달 28.1% / 필요 95.0% / SUPPORT: 지지 조건 미달 26.9% / 필요 95.0% / SUPPORT: 지지 조건 미달 25.7% / 필요 95.0% / SUPPORT: 지지 조건 미달 8.8% / 필요 95.0% / SUPPORT: 지지 조건 미달 6.0% / 필요 95.0% / SUPPORT: 지지 조건 미달 5.3% / 필요 95.0%","explicit","proxy","{}","{""robot-path"":9,""support"":147,""load"":128}","adapter-1.0 / planners-f6ec11d4259a","2.0.0","{""requested"":1,""completed"":1,""outcomes"":[],""sameWorker"":false}","{""collision"":{""status"":""PASS"",""violations"":0,""checkedPlacements"":9,""scope"":""직육면체 기하·관측 규격 공통 검사"",""reason"":""확정 배치와 최종 적재 상태 검사""},""bounds"":{""status"":""PASS"",""violations"":0,""checkedPlacements"":9,""scope"":""직육면체 기하·관측 규격 공통 검사"",""reason"":""확정 배치와 최종 적재 상태 검사""},""height"":{""status"":""PASS"",""violations"":0,""checkedPlacements"":9,""scope"":""직육면체 기하·관측 규격 공통 검사"",""reason"":""확정 배치와 최종 적재 상태 검사""},""orientation"":{""status"":""PASS"",""violations"":0,""checkedPlacements"":9,""scope"":""직육면체 기하·관측 규격 공통 검사"",""reason"":""확정 배치와 최종 적재 상태 검사""},""load"":{""status"":""PASS"",""violations"":0,""checkedPlacements"":9,""scope"":""입력된 허용 상부하중 · 누적 정적 반력"",""reason"":""입력값 범위의 정적 검사. 실측 재료 인증 아님""},""support"":{""status"":""PASS"",""violations"":0,""checkedPlacements"":9,""scope"":""접촉·합력 작용점·정적 평형"",""reason"":""설정된 지지율·전도 여유 검사. 동적 붕괴·굽힘 파손 미검증""},""payload"":{""status"":""PASS"",""violations"":0,""checkedPlacements"":9,""scope"":""입력 가반하중 · 박스+그리퍼 질량"",""reason"":""사용자가 설정한 가반하중 한계 검사""},""robotCollision"":{""status"":""NOT VERIFIED"",""violations"":0,""checkedPlacements"":9,""scope"":""TCP·그리퍼 스윕 근사만 수행"",""reason"":""전체 로봇 링크 충돌 미검증""},""approach"":{""status"":""NOT VERIFIED"",""violations"":0,""checkedPlacements"":9,""scope"":""TCP·그리퍼 스윕 근사만 수행"",""reason"":""실제 관절 한계·역기구학·접근 자세 미검증""},""sequence"":{""status"":""NOT VERIFIED"",""violations"":0,""checkedPlacements"":9,""scope"":""TCP·그리퍼 스윕 근사만 수행"",""reason"":""실제 파지·관절 궤적·전 과정 실행 미검증""}}","14.483934374999999","50","9","9","0.155310153","957779935","603","","","","213.41935483870967","194.23881425064982","99.5869475423379","96.28252788104089","49.102085695253834","70.8","0.5967741935483871","0","0","","38.253229999999164","63.74480000001495","58.49910500000986","62.695661000013935","382.53229999999166","90","84.15759896106941","40.40243932469511","384.99197220429215","442","1.6110000000044238","14.483934374999999","0","50","","","100","0","0","","","0","","","","","","",""
"greedy","online","random","45","3","5ad6860d","partial","누적 무게중심 정적 평형 불가 / SUPPORT: 지지 조건 미달 29.3% / 필요 95.0% / 무게 규칙 위반 / 재질 허용 지지하중 초과 / SUPPORT: 지지 조건 미달 28.7% / 필요 95.0% / SUPPORT: 지지 조건 미달 28.3% / 필요 95.0% / SUPPORT: 지지 조건 미달 30.4% / 필요 95.0% / SUPPORT: 지지 조건 미달 29.8% / 필요 95.0% / SUPPORT: 지지 조건 미달 29.4% / 필요 95.0% / SUPPORT: 지지 조건 미달 27.3% / 필요 95.0% / SUPPORT: 지지 조건 미달 26.6% / 필요 95.0% / SUPPORT: 지지 조건 미달 26.3% / 필요 95.0% / SUPPORT: 지지 조건 미달 25.8% / 필요 95.0% / SUPPORT: 지지 조건 미달 25.2% / 필요 95.0% / SUPPORT: 지지 조건 미달 24.9% / 필요 95.0% / SUPPORT: 지지 조건 미달 24.5% / 필요 95.0% / SUPPORT: 지지 조건 미달 24.0% / 필요 95.0% / SUPPORT: 지지 조건 미달 23.7% / 필요 95.0% / SUPPORT: 지지 조건 미달 14.2% / 필요 95.0% / SUPPORT: 지지 조건 미달 13.9% / 필요 95.0% / SUPPORT: 지지 조건 미달 13.7% / 필요 95.0% / SUPPORT: 지지 조건 미달 7.0% / 필요 95.0% / SUPPORT: 지지 조건 미달 6.8% / 필요 95.0% / SUPPORT: 지지 조건 미달 6.7% / 필요 95.0%","explicit","proxy","{}","{""support"":247,""load"":163,""robot-path"":28}","adapter-1.0 / planners-f6ec11d4259a","2.0.0","{""requested"":1,""completed"":1,""outcomes"":[],""sameWorker"":false}","{""collision"":{""status"":""PASS"",""violations"":0,""checkedPlacements"":15,""scope"":""직육면체 기하·관측 규격 공통 검사"",""reason"":""확정 배치와 최종 적재 상태 검사""},""bounds"":{""status"":""PASS"",""violations"":0,""checkedPlacements"":15,""scope"":""직육면체 기하·관측 규격 공통 검사"",""reason"":""확정 배치와 최종 적재 상태 검사""},""height"":{""status"":""PASS"",""violations"":0,""checkedPlacements"":15,""scope"":""직육면체 기하·관측 규격 공통 검사"",""reason"":""확정 배치와 최종 적재 상태 검사""},""orientation"":{""status"":""PASS"",""violations"":0,""checkedPlacements"":15,""scope"":""직육면체 기하·관측 규격 공통 검사"",""reason"":""확정 배치와 최종 적재 상태 검사""},""load"":{""status"":""PASS"",""violations"":0,""checkedPlacements"":15,""scope"":""입력된 허용 상부하중 · 누적 정적 반력"",""reason"":""입력값 범위의 정적 검사. 실측 재료 인증 아님""},""support"":{""status"":""PASS"",""violations"":0,""checkedPlacements"":15,""scope"":""접촉·합력 작용점·정적 평형"",""reason"":""설정된 지지율·전도 여유 검사. 동적 붕괴·굽힘 파손 미검증""},""payload"":{""status"":""PASS"",""violations"":0,""checkedPlacements"":15,""scope"":""입력 가반하중 · 박스+그리퍼 질량"",""reason"":""사용자가 설정한 가반하중 한계 검사""},""robotCollision"":{""status"":""NOT VERIFIED"",""violations"":0,""checkedPlacements"":15,""scope"":""TCP·그리퍼 스윕 근사만 수행"",""reason"":""전체 로봇 링크 충돌 미검증""},""approach"":{""status"":""NOT VERIFIED"",""violations"":0,""checkedPlacements"":15,""scope"":""TCP·그리퍼 스윕 근사만 수행"",""reason"":""실제 관절 한계·역기구학·접근 자세 미검증""},""sequence"":{""status"":""NOT VERIFIED"",""violations"":0,""checkedPlacements"":15,""scope"":""TCP·그리퍼 스윕 근사만 수행"",""reason"":""실제 파지·관절 궤적·전 과정 실행 미검증""}}","24.560752946428572","83.33333333333333","15","3","0.042449785","844919567","651","","","","249.8684210526316","118.43718741609315","99.5517369877697","95.51820728291317","18.232390420424426","57.2","0.41321044546851","0","0","","132.30128124999828","277.83150000000023","255.51922500001092","273.36904500000236","2116.8204999999725","93.75","154.52735688959112","73.1427819782342","349.4526864818032","730","4.299400000018068","24.560752946428572","0","83.33333333333333","","","100","0","0","","","0","","","","","","",""
"rollout","online","random","45","3","5ad6860d","partial","SUPPORT: 지지 조건 미달 46.6% / 필요 95.0% / 그리퍼 / 운반 접근 경로 간섭 / SUPPORT: 지지 조건 미달 37.8% / 필요 95.0% / 누적 무게중심 정적 평형 불가 / SUPPORT: 지지 조건 미달 49.7% / 필요 95.0% / SUPPORT: 지지 조건 미달 48.8% / 필요 95.0% / SUPPORT: 지지 조건 미달 18.7% / 필요 95.0% / SUPPORT: 지지 조건 미달 16.6% / 필요 95.0% / SUPPORT: 지지 조건 미달 12.9% / 필요 95.0% / SUPPORT: 지지 조건 미달 21.5% / 필요 95.0% / 무게 규칙 위반 / SUPPORT: 지지 조건 미달 30.5% / 필요 95.0% / SUPPORT: 지지 조건 미달 31.9% / 필요 95.0% / SUPPORT: 지지 조건 미달 8.3% / 필요 95.0% / SUPPORT: 지지 조건 미달 7.3% / 필요 95.0% / SUPPORT: 지지 조건 미달 5.7% / 필요 95.0% / SUPPORT: 지지 조건 미달 22.2% / 필요 95.0%","explicit","proxy","{}","{""robot-path"":24,""support"":169,""load"":131}","adapter-1.0 / planners-f6ec11d4259a","2.0.0","{""requested"":1,""completed"":1,""outcomes"":[],""sameWorker"":false}","{""collision"":{""status"":""PASS"",""violations"":0,""checkedPlacements"":12,""scope"":""직육면체 기하·관측 규격 공통 검사"",""reason"":""확정 배치와 최종 적재 상태 검사""},""bounds"":{""status"":""PASS"",""violations"":0,""checkedPlacements"":12,""scope"":""직육면체 기하·관측 규격 공통 검사"",""reason"":""확정 배치와 최종 적재 상태 검사""},""height"":{""status"":""PASS"",""violations"":0,""checkedPlacements"":12,""scope"":""직육면체 기하·관측 규격 공통 검사"",""reason"":""확정 배치와 최종 적재 상태 검사""},""orientation"":{""status"":""PASS"",""violations"":0,""checkedPlacements"":12,""scope"":""직육면체 기하·관측 규격 공통 검사"",""reason"":""확정 배치와 최종 적재 상태 검사""},""load"":{""status"":""PASS"",""violations"":0,""checkedPlacements"":12,""scope"":""입력된 허용 상부하중 · 누적 정적 반력"",""reason"":""입력값 범위의 정적 검사. 실측 재료 인증 아님""},""support"":{""status"":""PASS"",""violations"":0,""checkedPlacements"":12,""scope"":""접촉·합력 작용점·정적 평형"",""reason"":""설정된 지지율·전도 여유 검사. 동적 붕괴·굽힘 파손 미검증""},""payload"":{""status"":""PASS"",""violations"":0,""checkedPlacements"":12,""scope"":""입력 가반하중 · 박스+그리퍼 질량"",""reason"":""사용자가 설정한 가반하중 한계 검사""},""robotCollision"":{""status"":""NOT VERIFIED"",""violations"":0,""checkedPlacements"":12,""scope"":""TCP·그리퍼 스윕 근사만 수행"",""reason"":""전체 로봇 링크 충돌 미검증""},""approach"":{""status"":""NOT VERIFIED"",""violations"":0,""checkedPlacements"":12,""scope"":""TCP·그리퍼 스윕 근사만 수행"",""reason"":""실제 관절 한계·역기구학·접근 자세 미검증""},""sequence"":{""status"":""NOT VERIFIED"",""violations"":0,""checkedPlacements"":12,""scope"":""TCP·그리퍼 스윕 근사만 수행"",""reason"":""실제 파지·관절 궤적·전 과정 실행 미검증""}}","19.796954285714286","66.66666666666667","12","6","0.09580433","898274112","651","","","","193.82258064516128","36.621361503843474","100","100","12.095955517851495","65.85","0.41321044546851","0","0","","356.52904615384443","739.6858000000066","615.9830199999965","714.9452440000044","4634.877599999978","92.3076923076923","119.49156094579595","56.219514614767384","361.5318074185715","586","3.7488000000012107","19.796954285714286","0","66.66666666666667","","","100","0","0","","","0","","","","","","",""
"strategy-greedy","online","random","45","3","5ad6860d","partial","누적 무게중심 정적 평형 불가 / SUPPORT: 지지 조건 미달 26.4% / 필요 95.0% / 무게 규칙 위반 / 재질 허용 지지하중 초과 / SUPPORT: 지지 조건 미달 27.6% / 필요 95.0% / SUPPORT: 지지 조건 미달 30.4% / 필요 95.0% / SUPPORT: 지지 조건 미달 30.0% / 필요 95.0% / SUPPORT: 지지 조건 미달 17.3% / 필요 95.0% / SUPPORT: 지지 조건 미달 8.7% / 필요 95.0% / SUPPORT: 지지 조건 미달 16.6% / 필요 95.0% / SUPPORT: 지지 조건 미달 21.3% / 필요 95.0% / SUPPORT: 지지 조건 미달 46.3% / 필요 95.0% / SUPPORT: 지지 조건 미달 51.0% / 필요 95.0% / SUPPORT: 지지 조건 미달 55.7% / 필요 95.0% / SUPPORT: 지지 조건 미달 57.3% / 필요 95.0% / SUPPORT: 지지 조건 미달 61.0% / 필요 95.0% / SUPPORT: 지지 조건 미달 15.0% / 필요 95.0% / SUPPORT: 지지 조건 미달 19.2% / 필요 95.0% / SUPPORT: 지지 조건 미달 41.8% / 필요 95.0% / SUPPORT: 지지 조건 미달 46.1% / 필요 95.0% / SUPPORT: 지지 조건 미달 50.4% / 필요 95.0% / SUPPORT: 지지 조건 미달 51.8% / 필요 95.0% / SUPPORT: 지지 조건 미달 55.1% / 필요 95.0% / SUPPORT: 지지 조건 미달 11.7% / 필요 95.0% / SUPPORT: 지지 조건 미달 15.1% / 필요 95.0% / SUPPORT: 지지 조건 미달 32.8% / 필요 95.0% / SUPPORT: 지지 조건 미달 36.2% / 필요 95.0% / SUPPORT: 지지 조건 미달 39.5% / 필요 95.0% / SUPPORT: 지지 조건 미달 40.6% / 필요 95.0% / SUPPORT: 지지 조건 미달 43.2% / 필요 95.0% / SUPPORT: 지지 조건 미달 50.7% / 필요 95.0% / SUPPORT: 지지 조건 미달 49.3% / 필요 95.0% / SUPPORT: 지지 조건 미달 52.5% / 필요 95.0% / SUPPORT: 지지 조건 미달 56.8% / 필요 95.0%","explicit","proxy","{}","{""support"":170,""load"":114}","adapter-1.0 / planners-f6ec11d4259a","2.0.0","{""requested"":1,""completed"":1,""outcomes"":[],""sameWorker"":false}","{""collision"":{""status"":""PASS"",""violations"":0,""checkedPlacements"":9,""scope"":""직육면체 기하·관측 규격 공통 검사"",""reason"":""확정 배치와 최종 적재 상태 검사""},""bounds"":{""status"":""PASS"",""violations"":0,""checkedPlacements"":9,""scope"":""직육면체 기하·관측 규격 공통 검사"",""reason"":""확정 배치와 최종 적재 상태 검사""},""height"":{""status"":""PASS"",""violations"":0,""checkedPlacements"":9,""scope"":""직육면체 기하·관측 규격 공통 검사"",""reason"":""확정 배치와 최종 적재 상태 검사""},""orientation"":{""status"":""PASS"",""violations"":0,""checkedPlacements"":9,""scope"":""직육면체 기하·관측 규격 공통 검사"",""reason"":""확정 배치와 최종 적재 상태 검사""},""load"":{""status"":""PASS"",""violations"":0,""checkedPlacements"":9,""scope"":""입력된 허용 상부하중 · 누적 정적 반력"",""reason"":""입력값 범위의 정적 검사. 실측 재료 인증 아님""},""support"":{""status"":""PASS"",""violations"":0,""checkedPlacements"":9,""scope"":""접촉·합력 작용점·정적 평형"",""reason"":""설정된 지지율·전도 여유 검사. 동적 붕괴·굽힘 파손 미검증""},""payload"":{""status"":""PASS"",""violations"":0,""checkedPlacements"":9,""scope"":""입력 가반하중 · 박스+그리퍼 질량"",""reason"":""사용자가 설정한 가반하중 한계 검사""},""robotCollision"":{""status"":""NOT VERIFIED"",""violations"":0,""checkedPlacements"":9,""scope"":""TCP·그리퍼 스윕 근사만 수행"",""reason"":""전체 로봇 링크 충돌 미검증""},""approach"":{""status"":""NOT VERIFIED"",""violations"":0,""checkedPlacements"":9,""scope"":""TCP·그리퍼 스윕 근사만 수행"",""reason"":""실제 관절 한계·역기구학·접근 자세 미검증""},""sequence"":{""status"":""NOT VERIFIED"",""violations"":0,""checkedPlacements"":9,""scope"":""TCP·그리퍼 스윕 근사만 수행"",""reason"":""실제 파지·관절 궤적·전 과정 실행 미검증""}}","14.483934374999999","50","9","9","0.155310153","957779935","603","","","","222.9516129032258","28.339477333682492","100","100","8.415974468493287","70.8","0.619815668202765","0","0","","8.767740000001504","13.896599999978207","13.839944999985164","13.885268999979598","87.67740000001504","90","88.55271825736162","40.00926686728505","365.883742900309","442","2.2523999999975786","14.483934374999999","0","50","","","100","0","0","","","0","","","","","","",""
"macs","online","random","45","3","5ad6860d","partial","SUPPORT: 지지 조건 미달 46.8% / 필요 95.0% / 무게 규칙 위반 / SUPPORT: 지지 조건 미달 45.3% / 필요 95.0% / SUPPORT: 지지 조건 미달 48.3% / 필요 95.0% / SUPPORT: 지지 조건 미달 64.1% / 필요 95.0% / SUPPORT: 지지 조건 미달 62.1% / 필요 95.0% / 누적 무게중심 정적 평형 불가 / SUPPORT: 지지 조건 미달 8.2% / 필요 95.0% / 재질 허용 지지하중 초과 / SUPPORT: 지지 조건 미달 7.8% / 필요 95.0% / SUPPORT: 지지 조건 미달 10.4% / 필요 95.0% / SUPPORT: 지지 조건 미달 9.9% / 필요 95.0% / SUPPORT: 지지 조건 미달 17.7% / 필요 95.0% / SUPPORT: 지지 조건 미달 17.0% / 필요 95.0% / SUPPORT: 지지 조건 미달 30.4% / 필요 95.0% / SUPPORT: 지지 조건 미달 29.1% / 필요 95.0% / SUPPORT: 지지 조건 미달 16.6% / 필요 95.0% / SUPPORT: 지지 조건 미달 46.3% / 필요 95.0% / SUPPORT: 지지 조건 미달 55.7% / 필요 95.0% / SUPPORT: 지지 조건 미달 57.3% / 필요 95.0% / SUPPORT: 지지 조건 미달 61.0% / 필요 95.0% / SUPPORT: 지지 조건 미달 11.7% / 필요 95.0% / SUPPORT: 지지 조건 미달 32.8% / 필요 95.0% / SUPPORT: 지지 조건 미달 39.5% / 필요 95.0% / SUPPORT: 지지 조건 미달 40.6% / 필요 95.0% / SUPPORT: 지지 조건 미달 43.2% / 필요 95.0% / SUPPORT: 지지 조건 미달 50.7% / 필요 95.0% / SUPPORT: 지지 조건 미달 49.3% / 필요 95.0% / SUPPORT: 지지 조건 미달 52.5% / 필요 95.0% / SUPPORT: 지지 조건 미달 51.0% / 필요 95.0% / SUPPORT: 지지 조건 미달 70.7% / 필요 95.0% / SUPPORT: 지지 조건 미달 68.8% / 필요 95.0% / SUPPORT: 지지 조건 미달 59.5% / 필요 95.0% / SUPPORT: 지지 조건 미달 57.9% / 필요 95.0% / SUPPORT: 지지 조건 미달 40.2% / 필요 95.0% / SUPPORT: 지지 조건 미달 39.1% / 필요 95.0% / SUPPORT: 지지 조건 미달 27.1% / 필요 95.0%","explicit","proxy","{}","{""support"":182,""load"":108}","adapter-1.0 / planners-f6ec11d4259a","2.0.0","{""requested"":1,""completed"":1,""outcomes"":[],""sameWorker"":false}","{""collision"":{""status"":""PASS"",""violations"":0,""checkedPlacements"":9,""scope"":""직육면체 기하·관측 규격 공통 검사"",""reason"":""확정 배치와 최종 적재 상태 검사""},""bounds"":{""status"":""PASS"",""violations"":0,""checkedPlacements"":9,""scope"":""직육면체 기하·관측 규격 공통 검사"",""reason"":""확정 배치와 최종 적재 상태 검사""},""height"":{""status"":""PASS"",""violations"":0,""checkedPlacements"":9,""scope"":""직육면체 기하·관측 규격 공통 검사"",""reason"":""확정 배치와 최종 적재 상태 검사""},""orientation"":{""status"":""PASS"",""violations"":0,""checkedPlacements"":9,""scope"":""직육면체 기하·관측 규격 공통 검사"",""reason"":""확정 배치와 최종 적재 상태 검사""},""load"":{""status"":""PASS"",""violations"":0,""checkedPlacements"":9,""scope"":""입력된 허용 상부하중 · 누적 정적 반력"",""reason"":""입력값 범위의 정적 검사. 실측 재료 인증 아님""},""support"":{""status"":""PASS"",""violations"":0,""checkedPlacements"":9,""scope"":""접촉·합력 작용점·정적 평형"",""reason"":""설정된 지지율·전도 여유 검사. 동적 붕괴·굽힘 파손 미검증""},""payload"":{""status"":""PASS"",""violations"":0,""checkedPlacements"":9,""scope"":""입력 가반하중 · 박스+그리퍼 질량"",""reason"":""사용자가 설정한 가반하중 한계 검사""},""robotCollision"":{""status"":""NOT VERIFIED"",""violations"":0,""checkedPlacements"":9,""scope"":""TCP·그리퍼 스윕 근사만 수행"",""reason"":""전체 로봇 링크 충돌 미검증""},""approach"":{""status"":""NOT VERIFIED"",""violations"":0,""checkedPlacements"":9,""scope"":""TCP·그리퍼 스윕 근사만 수행"",""reason"":""실제 관절 한계·역기구학·접근 자세 미검증""},""sequence"":{""status"":""NOT VERIFIED"",""violations"":0,""checkedPlacements"":9,""scope"":""TCP·그리퍼 스윕 근사만 수행"",""reason"":""실제 파지·관절 궤적·전 과정 실행 미검증""}}","14.483934374999999","50","9","9","0.155310153","957779935","603","","","","220.7258064516129","22.48440464262278","100","100","11.716326867517413","65.85","0.5860927152317881","0","0","","11.272549999997135","18.456500000000233","17.046019999995767","18.174403999999342","112.72549999997136","90","88.51317066807283","39.98356093424734","366.04721936242703","442","2.1569000000017695","14.483934374999999","0","50","","","100","0","0","","","0","","","","","","",""
"tetris-reserved","online","random","45","3","5ad6860d","partial","SUPPORT: 지지 조건 미달 74.5% / 필요 95.0% / 무게 규칙 위반 / SUPPORT: 지지 조건 미달 71.5% / 필요 95.0% / SUPPORT: 지지 조건 미달 76.0% / 필요 95.0% / SUPPORT: 지지 조건 미달 73.4% / 필요 95.0% / SUPPORT: 지지 조건 미달 67.0% / 필요 95.0% / SUPPORT: 지지 조건 미달 70.6% / 필요 95.0% / SUPPORT: 지지 조건 미달 74.6% / 필요 95.0% / SUPPORT: 지지 조건 미달 71.6% / 필요 95.0% / SUPPORT: 지지 조건 미달 64.3% / 필요 95.0% / SUPPORT: 지지 조건 미달 76.4% / 필요 95.0% / SUPPORT: 지지 조건 미달 77.6% / 필요 95.0% / SUPPORT: 지지 조건 미달 72.0% / 필요 95.0% / SUPPORT: 지지 조건 미달 73.0% / 필요 95.0% / SUPPORT: 지지 조건 미달 70.8% / 필요 95.0% / SUPPORT: 지지 조건 미달 71.8% / 필요 95.0% / SUPPORT: 지지 조건 미달 59.7% / 필요 95.0% / SUPPORT: 지지 조건 미달 60.4% / 필요 95.0% / SUPPORT: 지지 조건 미달 87.1% / 필요 95.0% / SUPPORT: 지지 조건 미달 84.4% / 필요 95.0% / SUPPORT: 지지 조건 미달 80.8% / 필요 95.0%","explicit","proxy","{}","{""robot-path"":9,""support"":94,""load"":80}","adapter-1.0 / planners-f6ec11d4259a","2.0.0","{""requested"":1,""completed"":1,""outcomes"":[],""sameWorker"":false}","{""collision"":{""status"":""PASS"",""violations"":0,""checkedPlacements"":9,""scope"":""직육면체 기하·관측 규격 공통 검사"",""reason"":""확정 배치와 최종 적재 상태 검사""},""bounds"":{""status"":""PASS"",""violations"":0,""checkedPlacements"":9,""scope"":""직육면체 기하·관측 규격 공통 검사"",""reason"":""확정 배치와 최종 적재 상태 검사""},""height"":{""status"":""PASS"",""violations"":0,""checkedPlacements"":9,""scope"":""직육면체 기하·관측 규격 공통 검사"",""reason"":""확정 배치와 최종 적재 상태 검사""},""orientation"":{""status"":""PASS"",""violations"":0,""checkedPlacements"":9,""scope"":""직육면체 기하·관측 규격 공통 검사"",""reason"":""확정 배치와 최종 적재 상태 검사""},""load"":{""status"":""PASS"",""violations"":0,""checkedPlacements"":9,""scope"":""입력된 허용 상부하중 · 누적 정적 반력"",""reason"":""입력값 범위의 정적 검사. 실측 재료 인증 아님""},""support"":{""status"":""PASS"",""violations"":0,""checkedPlacements"":9,""scope"":""접촉·합력 작용점·정적 평형"",""reason"":""설정된 지지율·전도 여유 검사. 동적 붕괴·굽힘 파손 미검증""},""payload"":{""status"":""PASS"",""violations"":0,""checkedPlacements"":9,""scope"":""입력 가반하중 · 박스+그리퍼 질량"",""reason"":""사용자가 설정한 가반하중 한계 검사""},""robotCollision"":{""status"":""NOT VERIFIED"",""violations"":0,""checkedPlacements"":9,""scope"":""TCP·그리퍼 스윕 근사만 수행"",""reason"":""전체 로봇 링크 충돌 미검증""},""approach"":{""status"":""NOT VERIFIED"",""violations"":0,""checkedPlacements"":9,""scope"":""TCP·그리퍼 스윕 근사만 수행"",""reason"":""실제 관절 한계·역기구학·접근 자세 미검증""},""sequence"":{""status"":""NOT VERIFIED"",""violations"":0,""checkedPlacements"":9,""scope"":""TCP·그리퍼 스윕 근사만 수행"",""reason"":""실제 파지·관절 궤적·전 과정 실행 미검증""}}","14.483934374999999","50","9","9","0.155310153","957779935","434","","","","151.16129032258064","84.70624087076337","100","100","17.515380149522507","70.8","0.619815668202765","0","0","","183.2645499999955","455.9091999999946","448.790019999996","454.4853639999949","1832.645499999955","90","84.77932966826687","40.80656428437346","382.16862679591827","442","2.4274999999906868","14.483934374999999","0","50","","","100","0","0","","","0","","","","","","",""
"dynamic-reservation","online","random","45","3","5ad6860d","partial","무게 규칙 위반 / 누적 무게중심 정적 평형 불가 / SUPPORT: 지지 조건 미달 34.3% / 필요 95.0% / SUPPORT: 지지 조건 미달 11.9% / 필요 95.0% / SUPPORT: 지지 조건 미달 26.7% / 필요 95.0% / SUPPORT: 지지 조건 미달 55.9% / 필요 95.0% / SUPPORT: 지지 조건 미달 40.8% / 필요 95.0% / SUPPORT: 지지 조건 미달 76.7% / 필요 95.0% / SUPPORT: 지지 조건 미달 68.8% / 필요 95.0% / SUPPORT: 지지 조건 미달 87.1% / 필요 95.0% / SUPPORT: 지지 조건 미달 83.6% / 필요 95.0% / SUPPORT: 지지 조건 미달 87.3% / 필요 95.0% / SUPPORT: 지지 조건 미달 88.0% / 필요 95.0% / SUPPORT: 지지 조건 미달 10.5% / 필요 95.0% / SUPPORT: 지지 조건 미달 23.6% / 필요 95.0%","explicit","proxy","{}","{""support"":91,""load"":79}","adapter-1.0 / planners-f6ec11d4259a","2.0.0","{""requested"":1,""completed"":1,""outcomes"":[],""sameWorker"":false}","{""collision"":{""status"":""PASS"",""violations"":0,""checkedPlacements"":9,""scope"":""직육면체 기하·관측 규격 공통 검사"",""reason"":""확정 배치와 최종 적재 상태 검사""},""bounds"":{""status"":""PASS"",""violations"":0,""checkedPlacements"":9,""scope"":""직육면체 기하·관측 규격 공통 검사"",""reason"":""확정 배치와 최종 적재 상태 검사""},""height"":{""status"":""PASS"",""violations"":0,""checkedPlacements"":9,""scope"":""직육면체 기하·관측 규격 공통 검사"",""reason"":""확정 배치와 최종 적재 상태 검사""},""orientation"":{""status"":""PASS"",""violations"":0,""checkedPlacements"":9,""scope"":""직육면체 기하·관측 규격 공통 검사"",""reason"":""확정 배치와 최종 적재 상태 검사""},""load"":{""status"":""PASS"",""violations"":0,""checkedPlacements"":9,""scope"":""입력된 허용 상부하중 · 누적 정적 반력"",""reason"":""입력값 범위의 정적 검사. 실측 재료 인증 아님""},""support"":{""status"":""PASS"",""violations"":0,""checkedPlacements"":9,""scope"":""접촉·합력 작용점·정적 평형"",""reason"":""설정된 지지율·전도 여유 검사. 동적 붕괴·굽힘 파손 미검증""},""payload"":{""status"":""PASS"",""violations"":0,""checkedPlacements"":9,""scope"":""입력 가반하중 · 박스+그리퍼 질량"",""reason"":""사용자가 설정한 가반하중 한계 검사""},""robotCollision"":{""status"":""NOT VERIFIED"",""violations"":0,""checkedPlacements"":9,""scope"":""TCP·그리퍼 스윕 근사만 수행"",""reason"":""전체 로봇 링크 충돌 미검증""},""approach"":{""status"":""NOT VERIFIED"",""violations"":0,""checkedPlacements"":9,""scope"":""TCP·그리퍼 스윕 근사만 수행"",""reason"":""실제 관절 한계·역기구학·접근 자세 미검증""},""sequence"":{""status"":""NOT VERIFIED"",""violations"":0,""checkedPlacements"":9,""scope"":""TCP·그리퍼 스윕 근사만 수행"",""reason"":""실제 파지·관절 궤적·전 과정 실행 미검증""}}","14.483934374999999","50","9","9","0.155310153","957779935","434","","","","160.69354838709677","99.48687419633266","100","100","20.945068387039033","70.8","0.619815668202765","0","0","","340.72695000000533","851.0603999999876","755.3908949999951","831.9264989999891","3407.269500000053","90","89.38279175567106","42.49881464118619","362.48588082329974","442","3.207699999999022","14.483934374999999","0","50","","","100","0","0","","","0","","","","","","",""
"lookahead","online","random","45","3","5ad6860d","partial","누적 무게중심 정적 평형 불가 / SUPPORT: 지지 조건 미달 8.8% / 필요 95.0% / SUPPORT: 지지 조건 미달 8.3% / 필요 95.0% / SUPPORT: 지지 조건 미달 9.5% / 필요 95.0% / SUPPORT: 지지 조건 미달 9.0% / 필요 95.0% / SUPPORT: 지지 조건 미달 11.0% / 필요 95.0% / SUPPORT: 지지 조건 미달 10.4% / 필요 95.0% / SUPPORT: 지지 조건 미달 12.9% / 필요 95.0% / SUPPORT: 지지 조건 미달 12.3% / 필요 95.0% / SUPPORT: 지지 조건 미달 12.4% / 필요 95.0% / SUPPORT: 지지 조건 미달 11.7% / 필요 95.0% / SUPPORT: 지지 조건 미달 10.5% / 필요 95.0% / SUPPORT: 지지 조건 미달 9.9% / 필요 95.0% / SUPPORT: 지지 조건 미달 43.6% / 필요 95.0% / 무게 규칙 위반 / SUPPORT: 지지 조건 미달 43.1% / 필요 95.0% / SUPPORT: 지지 조건 미달 47.1% / 필요 95.0% / SUPPORT: 지지 조건 미달 46.5% / 필요 95.0% / SUPPORT: 지지 조건 미달 44.4% / 필요 95.0% / SUPPORT: 지지 조건 미달 43.9% / 필요 95.0% / SUPPORT: 지지 조건 미달 37.4% / 필요 95.0% / SUPPORT: 지지 조건 미달 37.0% / 필요 95.0% / SUPPORT: 지지 조건 미달 34.8% / 필요 95.0% / SUPPORT: 지지 조건 미달 34.4% / 필요 95.0% / SUPPORT: 지지 조건 미달 26.4% / 필요 95.0% / SUPPORT: 지지 조건 미달 26.1% / 필요 95.0% / SUPPORT: 지지 조건 미달 51.9% / 필요 95.0% / SUPPORT: 지지 조건 미달 9.2% / 필요 95.0% / SUPPORT: 지지 조건 미달 20.3% / 필요 95.0% / SUPPORT: 지지 조건 미달 25.4% / 필요 95.0% / SUPPORT: 지지 조건 미달 33.6% / 필요 95.0% / SUPPORT: 지지 조건 미달 39.2% / 필요 95.0% / SUPPORT: 지지 조건 미달 32.1% / 필요 95.0%","explicit","proxy","{}","{""support"":72,""load"":32}","adapter-1.0 / planners-f6ec11d4259a","2.0.0","{""requested"":1,""completed"":1,""outcomes"":[],""sameWorker"":false}","{""collision"":{""status"":""PASS"",""violations"":0,""checkedPlacements"":6,""scope"":""직육면체 기하·관측 규격 공통 검사"",""reason"":""확정 배치와 최종 적재 상태 검사""},""bounds"":{""status"":""PASS"",""violations"":0,""checkedPlacements"":6,""scope"":""직육면체 기하·관측 규격 공통 검사"",""reason"":""확정 배치와 최종 적재 상태 검사""},""height"":{""status"":""PASS"",""violations"":0,""checkedPlacements"":6,""scope"":""직육면체 기하·관측 규격 공통 검사"",""reason"":""확정 배치와 최종 적재 상태 검사""},""orientation"":{""status"":""PASS"",""violations"":0,""checkedPlacements"":6,""scope"":""직육면체 기하·관측 규격 공통 검사"",""reason"":""확정 배치와 최종 적재 상태 검사""},""load"":{""status"":""PASS"",""violations"":0,""checkedPlacements"":6,""scope"":""입력된 허용 상부하중 · 누적 정적 반력"",""reason"":""입력값 범위의 정적 검사. 실측 재료 인증 아님""},""support"":{""status"":""PASS"",""violations"":0,""checkedPlacements"":6,""scope"":""접촉·합력 작용점·정적 평형"",""reason"":""설정된 지지율·전도 여유 검사. 동적 붕괴·굽힘 파손 미검증""},""payload"":{""status"":""PASS"",""violations"":0,""checkedPlacements"":6,""scope"":""입력 가반하중 · 박스+그리퍼 질량"",""reason"":""사용자가 설정한 가반하중 한계 검사""},""robotCollision"":{""status"":""NOT VERIFIED"",""violations"":0,""checkedPlacements"":6,""scope"":""TCP·그리퍼 스윕 근사만 수행"",""reason"":""전체 로봇 링크 충돌 미검증""},""approach"":{""status"":""NOT VERIFIED"",""violations"":0,""checkedPlacements"":6,""scope"":""TCP·그리퍼 스윕 근사만 수행"",""reason"":""실제 관절 한계·역기구학·접근 자세 미검증""},""sequence"":{""status"":""NOT VERIFIED"",""violations"":0,""checkedPlacements"":6,""scope"":""TCP·그리퍼 스윕 근사만 수행"",""reason"":""실제 파지·관절 궤적·전 과정 실행 미검증""}}","7.883120178571429","33.333333333333336","6","12","0.229239272","1031709054","410","","","","139.47058823529412","34.06103949918007","100","100","4.9994274878445895","70.8","1.0168067226890756","0","0","","91.29255714285786","144.89340000000084","142.62713999999687","144.44014800000005","639.047900000005","85.71428571428571","61.88146517595198","29.172952364368797","349.0544371983304","298","1.240300000004936","7.883120178571429","0","33.333333333333336","","","100","0","0","","","0","","","","","","",""
"future-hybrid","online","random","45","3","5ad6860d","partial","무게 규칙 위반 / 누적 무게중심 정적 평형 불가 / SUPPORT: 지지 조건 미달 34.3% / 필요 95.0% / SUPPORT: 지지 조건 미달 11.9% / 필요 95.0% / SUPPORT: 지지 조건 미달 26.7% / 필요 95.0% / SUPPORT: 지지 조건 미달 55.9% / 필요 95.0% / SUPPORT: 지지 조건 미달 40.8% / 필요 95.0% / SUPPORT: 지지 조건 미달 76.7% / 필요 95.0% / SUPPORT: 지지 조건 미달 68.8% / 필요 95.0% / SUPPORT: 지지 조건 미달 87.1% / 필요 95.0% / SUPPORT: 지지 조건 미달 83.6% / 필요 95.0% / SUPPORT: 지지 조건 미달 87.3% / 필요 95.0% / SUPPORT: 지지 조건 미달 88.0% / 필요 95.0% / SUPPORT: 지지 조건 미달 10.5% / 필요 95.0% / SUPPORT: 지지 조건 미달 23.6% / 필요 95.0%","explicit","proxy","{}","{""support"":91,""load"":79}","adapter-1.0 / planners-f6ec11d4259a","2.0.0","{""requested"":1,""completed"":1,""outcomes"":[],""sameWorker"":false}","{""collision"":{""status"":""PASS"",""violations"":0,""checkedPlacements"":9,""scope"":""직육면체 기하·관측 규격 공통 검사"",""reason"":""확정 배치와 최종 적재 상태 검사""},""bounds"":{""status"":""PASS"",""violations"":0,""checkedPlacements"":9,""scope"":""직육면체 기하·관측 규격 공통 검사"",""reason"":""확정 배치와 최종 적재 상태 검사""},""height"":{""status"":""PASS"",""violations"":0,""checkedPlacements"":9,""scope"":""직육면체 기하·관측 규격 공통 검사"",""reason"":""확정 배치와 최종 적재 상태 검사""},""orientation"":{""status"":""PASS"",""violations"":0,""checkedPlacements"":9,""scope"":""직육면체 기하·관측 규격 공통 검사"",""reason"":""확정 배치와 최종 적재 상태 검사""},""load"":{""status"":""PASS"",""violations"":0,""checkedPlacements"":9,""scope"":""입력된 허용 상부하중 · 누적 정적 반력"",""reason"":""입력값 범위의 정적 검사. 실측 재료 인증 아님""},""support"":{""status"":""PASS"",""violations"":0,""checkedPlacements"":9,""scope"":""접촉·합력 작용점·정적 평형"",""reason"":""설정된 지지율·전도 여유 검사. 동적 붕괴·굽힘 파손 미검증""},""payload"":{""status"":""PASS"",""violations"":0,""checkedPlacements"":9,""scope"":""입력 가반하중 · 박스+그리퍼 질량"",""reason"":""사용자가 설정한 가반하중 한계 검사""},""robotCollision"":{""status"":""NOT VERIFIED"",""violations"":0,""checkedPlacements"":9,""scope"":""TCP·그리퍼 스윕 근사만 수행"",""reason"":""전체 로봇 링크 충돌 미검증""},""approach"":{""status"":""NOT VERIFIED"",""violations"":0,""checkedPlacements"":9,""scope"":""TCP·그리퍼 스윕 근사만 수행"",""reason"":""실제 관절 한계·역기구학·접근 자세 미검증""},""sequence"":{""status"":""NOT VERIFIED"",""violations"":0,""checkedPlacements"":9,""scope"":""TCP·그리퍼 스윕 근사만 수행"",""reason"":""실제 파지·관절 궤적·전 과정 실행 미검증""}}","14.483934374999999","50","9","9","0.155310153","957779935","434","","","","160.69354838709677","99.48687419633266","100","100","20.945068387039033","70.8","0.619815668202765","0","0","","329.13145999999836","784.7239999999874","704.2302950000025","768.6252589999905","3291.3145999999833","90","89.38279175567106","42.49881464118619","362.48588082329974","442","2.2259999999951106","14.483934374999999","0","50","","","100","0","0","","","0","","","","","","",""
"blb","online","random","45","3","5ad6860d","partial","유효 후보 없음","explicit","proxy","{}","{""robot-path"":9,""support"":156,""load"":133}","adapter-1.0 / planners-f6ec11d4259a","2.0.0","{""requested"":1,""completed"":1,""outcomes"":[],""sameWorker"":false}","{""collision"":{""status"":""PASS"",""violations"":0,""checkedPlacements"":9,""scope"":""직육면체 기하·관측 규격 공통 검사"",""reason"":""확정 배치와 최종 적재 상태 검사""},""bounds"":{""status"":""PASS"",""violations"":0,""checkedPlacements"":9,""scope"":""직육면체 기하·관측 규격 공통 검사"",""reason"":""확정 배치와 최종 적재 상태 검사""},""height"":{""status"":""PASS"",""violations"":0,""checkedPlacements"":9,""scope"":""직육면체 기하·관측 규격 공통 검사"",""reason"":""확정 배치와 최종 적재 상태 검사""},""orientation"":{""status"":""PASS"",""violations"":0,""checkedPlacements"":9,""scope"":""직육면체 기하·관측 규격 공통 검사"",""reason"":""확정 배치와 최종 적재 상태 검사""},""load"":{""status"":""PASS"",""violations"":0,""checkedPlacements"":9,""scope"":""입력된 허용 상부하중 · 누적 정적 반력"",""reason"":""입력값 범위의 정적 검사. 실측 재료 인증 아님""},""support"":{""status"":""PASS"",""violations"":0,""checkedPlacements"":9,""scope"":""접촉·합력 작용점·정적 평형"",""reason"":""설정된 지지율·전도 여유 검사. 동적 붕괴·굽힘 파손 미검증""},""payload"":{""status"":""PASS"",""violations"":0,""checkedPlacements"":9,""scope"":""입력 가반하중 · 박스+그리퍼 질량"",""reason"":""사용자가 설정한 가반하중 한계 검사""},""robotCollision"":{""status"":""NOT VERIFIED"",""violations"":0,""checkedPlacements"":9,""scope"":""TCP·그리퍼 스윕 근사만 수행"",""reason"":""전체 로봇 링크 충돌 미검증""},""approach"":{""status"":""NOT VERIFIED"",""violations"":0,""checkedPlacements"":9,""scope"":""TCP·그리퍼 스윕 근사만 수행"",""reason"":""실제 관절 한계·역기구학·접근 자세 미검증""},""sequence"":{""status"":""NOT VERIFIED"",""violations"":0,""checkedPlacements"":9,""scope"":""TCP·그리퍼 스윕 근사만 수행"",""reason"":""실제 파지·관절 궤적·전 과정 실행 미검증""}}","14.483934374999999","50","9","9","0.155310153","957779935","603","","","","214.8709677419355","196.14895511078052","100","100","49.111002132065074","70.8","0.619815668202765","0","0","","11.315699999997742","26.565399999992223","20.263105000001072","25.304940999994","113.15699999997742","90","85.24045761677408","40.45629745090315","380.1011973171781","440","2.2942000000039116","14.483934374999999","0","50","","","100","0","0","","","0","","","","","","",""
"pack-first","online","random","45","3","5ad6860d","partial","orientation / boundary / collision / load / support / robot","explicit","proxy","{}","{""protocol"":18,""robot-path"":5,""bounds"":155,""support"":213,""load"":110}","adapter-1.0 / planners-f6ec11d4259a","2.0.0","{""requested"":1,""completed"":1,""outcomes"":[],""sameWorker"":false}","{""collision"":{""status"":""PASS"",""violations"":0,""checkedPlacements"":9,""scope"":""직육면체 기하·관측 규격 공통 검사"",""reason"":""확정 배치와 최종 적재 상태 검사""},""bounds"":{""status"":""PASS"",""violations"":0,""checkedPlacements"":9,""scope"":""직육면체 기하·관측 규격 공통 검사"",""reason"":""확정 배치와 최종 적재 상태 검사""},""height"":{""status"":""PASS"",""violations"":0,""checkedPlacements"":9,""scope"":""직육면체 기하·관측 규격 공통 검사"",""reason"":""확정 배치와 최종 적재 상태 검사""},""orientation"":{""status"":""PASS"",""violations"":0,""checkedPlacements"":9,""scope"":""직육면체 기하·관측 규격 공통 검사"",""reason"":""확정 배치와 최종 적재 상태 검사""},""load"":{""status"":""PASS"",""violations"":0,""checkedPlacements"":9,""scope"":""입력된 허용 상부하중 · 누적 정적 반력"",""reason"":""입력값 범위의 정적 검사. 실측 재료 인증 아님""},""support"":{""status"":""PASS"",""violations"":0,""checkedPlacements"":9,""scope"":""접촉·합력 작용점·정적 평형"",""reason"":""설정된 지지율·전도 여유 검사. 동적 붕괴·굽힘 파손 미검증""},""payload"":{""status"":""PASS"",""violations"":0,""checkedPlacements"":9,""scope"":""입력 가반하중 · 박스+그리퍼 질량"",""reason"":""사용자가 설정한 가반하중 한계 검사""},""robotCollision"":{""status"":""NOT VERIFIED"",""violations"":0,""checkedPlacements"":9,""scope"":""TCP·그리퍼 스윕 근사만 수행"",""reason"":""전체 로봇 링크 충돌 미검증""},""approach"":{""status"":""NOT VERIFIED"",""violations"":0,""checkedPlacements"":9,""scope"":""TCP·그리퍼 스윕 근사만 수행"",""reason"":""실제 관절 한계·역기구학·접근 자세 미검증""},""sequence"":{""status"":""NOT VERIFIED"",""violations"":0,""checkedPlacements"":9,""scope"":""TCP·그리퍼 스윕 근사만 수행"",""reason"":""실제 파지·관절 궤적·전 과정 실행 미검증""}}","14.483934374999999","50","9","9","0.155310153","957779935","603","","","","214.8709677419355","196.14895511078052","100","100","49.111002132065074","70.8","0.619815668202765","0","0","","6.056990000000224","9.020699999993667","8.814959999991697","8.979551999993273","60.569900000002235","90","85.24045761677408","40.45629745090315","380.1011973171781","440","2.0244999999995343","14.483934374999999","0","50","","","100","0","0","","","0","","","","","","",""
"pack-greedy","online","random","45","3","5ad6860d","partial","orientation / boundary / collision / load / support / robot","explicit","proxy","{}","{""protocol"":18,""robot-path"":5,""bounds"":200,""support"":179,""load"":114}","adapter-1.0 / planners-f6ec11d4259a","2.0.0","{""requested"":1,""completed"":1,""outcomes"":[],""sameWorker"":false}","{""collision"":{""status"":""PASS"",""violations"":0,""checkedPlacements"":9,""scope"":""직육면체 기하·관측 규격 공통 검사"",""reason"":""확정 배치와 최종 적재 상태 검사""},""bounds"":{""status"":""PASS"",""violations"":0,""checkedPlacements"":9,""scope"":""직육면체 기하·관측 규격 공통 검사"",""reason"":""확정 배치와 최종 적재 상태 검사""},""height"":{""status"":""PASS"",""violations"":0,""checkedPlacements"":9,""scope"":""직육면체 기하·관측 규격 공통 검사"",""reason"":""확정 배치와 최종 적재 상태 검사""},""orientation"":{""status"":""PASS"",""violations"":0,""checkedPlacements"":9,""scope"":""직육면체 기하·관측 규격 공통 검사"",""reason"":""확정 배치와 최종 적재 상태 검사""},""load"":{""status"":""PASS"",""violations"":0,""checkedPlacements"":9,""scope"":""입력된 허용 상부하중 · 누적 정적 반력"",""reason"":""입력값 범위의 정적 검사. 실측 재료 인증 아님""},""support"":{""status"":""PASS"",""violations"":0,""checkedPlacements"":9,""scope"":""접촉·합력 작용점·정적 평형"",""reason"":""설정된 지지율·전도 여유 검사. 동적 붕괴·굽힘 파손 미검증""},""payload"":{""status"":""PASS"",""violations"":0,""checkedPlacements"":9,""scope"":""입력 가반하중 · 박스+그리퍼 질량"",""reason"":""사용자가 설정한 가반하중 한계 검사""},""robotCollision"":{""status"":""NOT VERIFIED"",""violations"":0,""checkedPlacements"":9,""scope"":""TCP·그리퍼 스윕 근사만 수행"",""reason"":""전체 로봇 링크 충돌 미검증""},""approach"":{""status"":""NOT VERIFIED"",""violations"":0,""checkedPlacements"":9,""scope"":""TCP·그리퍼 스윕 근사만 수행"",""reason"":""실제 관절 한계·역기구학·접근 자세 미검증""},""sequence"":{""status"":""NOT VERIFIED"",""violations"":0,""checkedPlacements"":9,""scope"":""TCP·그리퍼 스윕 근사만 수행"",""reason"":""실제 파지·관절 궤적·전 과정 실행 미검증""}}","14.483934374999999","50","9","9","0.155310153","957779935","603","","","","213.41935483870967","127.71408644785913","100","100","48.38694301663243","70.8","0.619815668202765","0","0","","7.339929999993183","12.094600000011269","12.006894999997167","12.077059000008449","73.39929999993183","90","83.50742083521205","39.97982354288783","387.98947058772166","440","2.1737000000139233","14.483934374999999","0","50","","","100","0","0","","","0","","","","","","",""
"pack-tetris","online","random","45","3","5ad6860d","partial","orientation / boundary / collision / load / support / robot","explicit","proxy","{}","{""protocol"":18,""robot-path"":5,""bounds"":200,""support"":179,""load"":114}","adapter-1.0 / planners-f6ec11d4259a","2.0.0","{""requested"":1,""completed"":1,""outcomes"":[],""sameWorker"":false}","{""collision"":{""status"":""PASS"",""violations"":0,""checkedPlacements"":9,""scope"":""직육면체 기하·관측 규격 공통 검사"",""reason"":""확정 배치와 최종 적재 상태 검사""},""bounds"":{""status"":""PASS"",""violations"":0,""checkedPlacements"":9,""scope"":""직육면체 기하·관측 규격 공통 검사"",""reason"":""확정 배치와 최종 적재 상태 검사""},""height"":{""status"":""PASS"",""violations"":0,""checkedPlacements"":9,""scope"":""직육면체 기하·관측 규격 공통 검사"",""reason"":""확정 배치와 최종 적재 상태 검사""},""orientation"":{""status"":""PASS"",""violations"":0,""checkedPlacements"":9,""scope"":""직육면체 기하·관측 규격 공통 검사"",""reason"":""확정 배치와 최종 적재 상태 검사""},""load"":{""status"":""PASS"",""violations"":0,""checkedPlacements"":9,""scope"":""입력된 허용 상부하중 · 누적 정적 반력"",""reason"":""입력값 범위의 정적 검사. 실측 재료 인증 아님""},""support"":{""status"":""PASS"",""violations"":0,""checkedPlacements"":9,""scope"":""접촉·합력 작용점·정적 평형"",""reason"":""설정된 지지율·전도 여유 검사. 동적 붕괴·굽힘 파손 미검증""},""payload"":{""status"":""PASS"",""violations"":0,""checkedPlacements"":9,""scope"":""입력 가반하중 · 박스+그리퍼 질량"",""reason"":""사용자가 설정한 가반하중 한계 검사""},""robotCollision"":{""status"":""NOT VERIFIED"",""violations"":0,""checkedPlacements"":9,""scope"":""TCP·그리퍼 스윕 근사만 수행"",""reason"":""전체 로봇 링크 충돌 미검증""},""approach"":{""status"":""NOT VERIFIED"",""violations"":0,""checkedPlacements"":9,""scope"":""TCP·그리퍼 스윕 근사만 수행"",""reason"":""실제 관절 한계·역기구학·접근 자세 미검증""},""sequence"":{""status"":""NOT VERIFIED"",""violations"":0,""checkedPlacements"":9,""scope"":""TCP·그리퍼 스윕 근사만 수행"",""reason"":""실제 파지·관절 궤적·전 과정 실행 미검증""}}","14.483934374999999","50","9","9","0.155310153","957779935","603","","","","213.41935483870967","127.71408644785913","100","100","48.38694301663243","70.8","0.619815668202765","0","0","","6.61241999999911","14.234800000005635","13.11204999999463","14.010250000003435","66.1241999999911","90","83.50742083521205","39.97982354288783","387.98947058772166","440","1.9702000000106636","14.483934374999999","0","50","","","100","0","0","","","0","","","","","","",""
"pack-beam","online","random","45","3","5ad6860d","partial","orientation / boundary / collision / load / support / robot","explicit","proxy","{}","{""protocol"":18,""robot-path"":2,""support"":208,""bounds"":175,""load"":126}","adapter-1.0 / planners-f6ec11d4259a","2.0.0","{""requested"":1,""completed"":1,""outcomes"":[],""sameWorker"":false}","{""collision"":{""status"":""PASS"",""violations"":0,""checkedPlacements"":9,""scope"":""직육면체 기하·관측 규격 공통 검사"",""reason"":""확정 배치와 최종 적재 상태 검사""},""bounds"":{""status"":""PASS"",""violations"":0,""checkedPlacements"":9,""scope"":""직육면체 기하·관측 규격 공통 검사"",""reason"":""확정 배치와 최종 적재 상태 검사""},""height"":{""status"":""PASS"",""violations"":0,""checkedPlacements"":9,""scope"":""직육면체 기하·관측 규격 공통 검사"",""reason"":""확정 배치와 최종 적재 상태 검사""},""orientation"":{""status"":""PASS"",""violations"":0,""checkedPlacements"":9,""scope"":""직육면체 기하·관측 규격 공통 검사"",""reason"":""확정 배치와 최종 적재 상태 검사""},""load"":{""status"":""PASS"",""violations"":0,""checkedPlacements"":9,""scope"":""입력된 허용 상부하중 · 누적 정적 반력"",""reason"":""입력값 범위의 정적 검사. 실측 재료 인증 아님""},""support"":{""status"":""PASS"",""violations"":0,""checkedPlacements"":9,""scope"":""접촉·합력 작용점·정적 평형"",""reason"":""설정된 지지율·전도 여유 검사. 동적 붕괴·굽힘 파손 미검증""},""payload"":{""status"":""PASS"",""violations"":0,""checkedPlacements"":9,""scope"":""입력 가반하중 · 박스+그리퍼 질량"",""reason"":""사용자가 설정한 가반하중 한계 검사""},""robotCollision"":{""status"":""NOT VERIFIED"",""violations"":0,""checkedPlacements"":9,""scope"":""TCP·그리퍼 스윕 근사만 수행"",""reason"":""전체 로봇 링크 충돌 미검증""},""approach"":{""status"":""NOT VERIFIED"",""violations"":0,""checkedPlacements"":9,""scope"":""TCP·그리퍼 스윕 근사만 수행"",""reason"":""실제 관절 한계·역기구학·접근 자세 미검증""},""sequence"":{""status"":""NOT VERIFIED"",""violations"":0,""checkedPlacements"":9,""scope"":""TCP·그리퍼 스윕 근사만 수행"",""reason"":""실제 파지·관절 궤적·전 과정 실행 미검증""}}","14.483934374999999","50","9","9","0.155310153","957779935","434","","","","167.80645161290323","94.37080647904142","100","100","25.65072956386193","65.85","0.5860927152317881","0","0","","1161.338819999993","1616.755599999975","1591.8184899999803","1611.768177999976","11613.388199999928","90","83.38946408100904","39.25315165265587","388.53829266158715","440","1.897400000016205","14.483934374999999","0","50","","","100","0","0","","","0","","","","","","",""
"pack-robust","online","random","45","3","5ad6860d","partial","orientation / boundary / collision / load / support / robot","explicit","proxy","{}","{""protocol"":18,""robot-path"":2,""support"":208,""bounds"":175,""load"":126}","adapter-1.0 / planners-f6ec11d4259a","2.0.0","{""requested"":1,""completed"":1,""outcomes"":[],""sameWorker"":false}","{""collision"":{""status"":""PASS"",""violations"":0,""checkedPlacements"":9,""scope"":""직육면체 기하·관측 규격 공통 검사"",""reason"":""확정 배치와 최종 적재 상태 검사""},""bounds"":{""status"":""PASS"",""violations"":0,""checkedPlacements"":9,""scope"":""직육면체 기하·관측 규격 공통 검사"",""reason"":""확정 배치와 최종 적재 상태 검사""},""height"":{""status"":""PASS"",""violations"":0,""checkedPlacements"":9,""scope"":""직육면체 기하·관측 규격 공통 검사"",""reason"":""확정 배치와 최종 적재 상태 검사""},""orientation"":{""status"":""PASS"",""violations"":0,""checkedPlacements"":9,""scope"":""직육면체 기하·관측 규격 공통 검사"",""reason"":""확정 배치와 최종 적재 상태 검사""},""load"":{""status"":""PASS"",""violations"":0,""checkedPlacements"":9,""scope"":""입력된 허용 상부하중 · 누적 정적 반력"",""reason"":""입력값 범위의 정적 검사. 실측 재료 인증 아님""},""support"":{""status"":""PASS"",""violations"":0,""checkedPlacements"":9,""scope"":""접촉·합력 작용점·정적 평형"",""reason"":""설정된 지지율·전도 여유 검사. 동적 붕괴·굽힘 파손 미검증""},""payload"":{""status"":""PASS"",""violations"":0,""checkedPlacements"":9,""scope"":""입력 가반하중 · 박스+그리퍼 질량"",""reason"":""사용자가 설정한 가반하중 한계 검사""},""robotCollision"":{""status"":""NOT VERIFIED"",""violations"":0,""checkedPlacements"":9,""scope"":""TCP·그리퍼 스윕 근사만 수행"",""reason"":""전체 로봇 링크 충돌 미검증""},""approach"":{""status"":""NOT VERIFIED"",""violations"":0,""checkedPlacements"":9,""scope"":""TCP·그리퍼 스윕 근사만 수행"",""reason"":""실제 관절 한계·역기구학·접근 자세 미검증""},""sequence"":{""status"":""NOT VERIFIED"",""violations"":0,""checkedPlacements"":9,""scope"":""TCP·그리퍼 스윕 근사만 수행"",""reason"":""실제 파지·관절 궤적·전 과정 실행 미검증""}}","14.483934374999999","50","9","9","0.155310153","957779935","434","","","","167.80645161290323","94.37080647904142","100","100","25.65072956386193","65.85","0.5860927152317881","0","0","","1170.3828899999994","1609.6914999999863","1571.7240549999958","1602.0980109999882","11703.828899999993","90","83.38946408100904","39.25315165265587","388.53829266158715","440","2.824399999983143","14.483934374999999","0","50","","","100","0","0","","","0","","","","","","",""
"hrpal-inferred","online","random","45","3","5ad6860d","partial","세로 박스 주변 높이 부족 · 가까운 눕힌 적재를 먼저 쌓아야 함 / 누적 무게중심 정적 평형 불가 · Tall-01 / SUPPORT: 지지 조건 미달 9.0% / 필요 95.0% · CoG 지지 검사 / SUPPORT: 지지 조건 미달 0.0% / 필요 95.0% · CoG 지지 검사 / SUPPORT: 지지 조건 미달 7.6% / 필요 95.0% · CoG 지지 검사 / SUPPORT: 지지 조건 미달 84.3% / 필요 95.0% · CoG 지지 검사 / SUPPORT: 지지 조건 미달 47.2% / 필요 95.0% · CoG 지지 검사 / SUPPORT: 지지 조건 미달 26.3% / 필요 95.0% · CoG 지지 검사 / SUPPORT: 지지 조건 미달 55.8% / 필요 95.0% · CoG 지지 검사","explicit","proxy","{}","{""protocol"":48,""support"":25}","conventional-pattern/2","2.0.0","{""requested"":1,""completed"":1,""outcomes"":[],""sameWorker"":false}","{""collision"":{""status"":""PASS"",""violations"":0,""checkedPlacements"":1,""scope"":""직육면체 기하·관측 규격 공통 검사"",""reason"":""확정 배치와 최종 적재 상태 검사""},""bounds"":{""status"":""PASS"",""violations"":0,""checkedPlacements"":1,""scope"":""직육면체 기하·관측 규격 공통 검사"",""reason"":""확정 배치와 최종 적재 상태 검사""},""height"":{""status"":""PASS"",""violations"":0,""checkedPlacements"":1,""scope"":""직육면체 기하·관측 규격 공통 검사"",""reason"":""확정 배치와 최종 적재 상태 검사""},""orientation"":{""status"":""PASS"",""violations"":0,""checkedPlacements"":1,""scope"":""직육면체 기하·관측 규격 공통 검사"",""reason"":""확정 배치와 최종 적재 상태 검사""},""load"":{""status"":""PASS"",""violations"":0,""checkedPlacements"":1,""scope"":""입력된 허용 상부하중 · 누적 정적 반력"",""reason"":""입력값 범위의 정적 검사. 실측 재료 인증 아님""},""support"":{""status"":""PASS"",""violations"":0,""checkedPlacements"":1,""scope"":""접촉·합력 작용점·정적 평형"",""reason"":""설정된 지지율·전도 여유 검사. 동적 붕괴·굽힘 파손 미검증""},""payload"":{""status"":""PASS"",""violations"":0,""checkedPlacements"":1,""scope"":""입력 가반하중 · 박스+그리퍼 질량"",""reason"":""사용자가 설정한 가반하중 한계 검사""},""robotCollision"":{""status"":""NOT VERIFIED"",""violations"":0,""checkedPlacements"":1,""scope"":""TCP·그리퍼 스윕 근사만 수행"",""reason"":""전체 로봇 링크 충돌 미검증""},""approach"":{""status"":""NOT VERIFIED"",""violations"":0,""checkedPlacements"":1,""scope"":""TCP·그리퍼 스윕 근사만 수행"",""reason"":""실제 관절 한계·역기구학·접근 자세 미검증""},""sequence"":{""status"":""NOT VERIFIED"",""violations"":0,""checkedPlacements"":1,""scope"":""TCP·그리퍼 스윕 근사만 수행"",""reason"":""실제 파지·관절 궤적·전 과정 실행 미검증""}}","3.0463154464285713","5.555555555555555","1","17","0.283411485","1085881267","193","","","","96.5","336.94880916839577","100","100","100","145.2","1.8808290155440415","0","0","","2.4183999999950174","4.279999999998836","4.093839999998454","4.24276799999876","4.836799999990035","50","7.2552444483978125","3.415908891458577","496.19279206987903","54","0.20500000001629815","3.0463154464285713","0","5.555555555555555","","","100","0","0","","","0","","","","","","",""
"hrpal-grid-v1","online","random","45","3","5ad6860d","partial","박스 Wide-01와 겹침 / 작업 여유 미달 / 세로 박스 주변 높이 부족 · 가까운 눕힌 적재를 먼저 쌓아야 함 / 그리퍼 / 운반 접근 경로 간섭 · Wide-01 / 누적 무게중심 정적 평형 불가 · Tall-01 / SUPPORT: 지지 조건 미달 9.0% / 필요 95.0% · CoG 지지 검사 / SUPPORT: 지지 조건 미달 0.0% / 필요 95.0% · CoG 지지 검사 / SUPPORT: 지지 조건 미달 7.6% / 필요 95.0% · CoG 지지 검사 / SUPPORT: 지지 조건 미달 84.3% / 필요 95.0% · CoG 지지 검사","explicit","proxy","{}","{""collision"":12,""protocol"":48,""robot-path"":12,""support"":14}","inferred-grid-layer/1","2.0.0","{""requested"":1,""completed"":1,""outcomes"":[],""sameWorker"":false}","{""collision"":{""status"":""PASS"",""violations"":0,""checkedPlacements"":1,""scope"":""직육면체 기하·관측 규격 공통 검사"",""reason"":""확정 배치와 최종 적재 상태 검사""},""bounds"":{""status"":""PASS"",""violations"":0,""checkedPlacements"":1,""scope"":""직육면체 기하·관측 규격 공통 검사"",""reason"":""확정 배치와 최종 적재 상태 검사""},""height"":{""status"":""PASS"",""violations"":0,""checkedPlacements"":1,""scope"":""직육면체 기하·관측 규격 공통 검사"",""reason"":""확정 배치와 최종 적재 상태 검사""},""orientation"":{""status"":""PASS"",""violations"":0,""checkedPlacements"":1,""scope"":""직육면체 기하·관측 규격 공통 검사"",""reason"":""확정 배치와 최종 적재 상태 검사""},""load"":{""status"":""PASS"",""violations"":0,""checkedPlacements"":1,""scope"":""입력된 허용 상부하중 · 누적 정적 반력"",""reason"":""입력값 범위의 정적 검사. 실측 재료 인증 아님""},""support"":{""status"":""PASS"",""violations"":0,""checkedPlacements"":1,""scope"":""접촉·합력 작용점·정적 평형"",""reason"":""설정된 지지율·전도 여유 검사. 동적 붕괴·굽힘 파손 미검증""},""payload"":{""status"":""PASS"",""violations"":0,""checkedPlacements"":1,""scope"":""입력 가반하중 · 박스+그리퍼 질량"",""reason"":""사용자가 설정한 가반하중 한계 검사""},""robotCollision"":{""status"":""NOT VERIFIED"",""violations"":0,""checkedPlacements"":1,""scope"":""TCP·그리퍼 스윕 근사만 수행"",""reason"":""전체 로봇 링크 충돌 미검증""},""approach"":{""status"":""NOT VERIFIED"",""violations"":0,""checkedPlacements"":1,""scope"":""TCP·그리퍼 스윕 근사만 수행"",""reason"":""실제 관절 한계·역기구학·접근 자세 미검증""},""sequence"":{""status"":""NOT VERIFIED"",""violations"":0,""checkedPlacements"":1,""scope"":""TCP·그리퍼 스윕 근사만 수행"",""reason"":""실제 파지·관절 궤적·전 과정 실행 미검증""}}","3.0463154464285713","5.555555555555555","1","17","0.283411485","1085881267","193","","","","96.5","336.94880916839577","100","100","100","145.2","1.8808290155440415","0","0","","4.079349999999977","7.608899999991991","7.2559449999927885","7.53830899999215","8.158699999999953","50","7.2552444483978125","3.415908891458577","496.19279206987903","54","0.22879999998258427","3.0463154464285713","0","5.555555555555555","","","100","0","0","","","0","","","","","","",""
"random","online","random","45","3","5ad6860d","partial","누적 무게중심 정적 평형 불가 · Heavy-01 / SUPPORT: 지지 조건 미달 39.5% / 필요 95.0% · CoG 지지 검사 / 무게 규칙 위반 · Tall-01 (5 kg) / SUPPORT: 지지 조건 미달 38.9% / 필요 95.0% · CoG 지지 검사 / SUPPORT: 지지 조건 미달 25.5% / 필요 95.0% · CoG 지지 검사 / SUPPORT: 지지 조건 미달 6.6% / 필요 95.0% · CoG 지지 검사 / SUPPORT: 지지 조건 미달 33.0% / 필요 95.0% · CoG 지지 검사 / SUPPORT: 지지 조건 미달 32.5% / 필요 95.0% · CoG 지지 검사 / SUPPORT: 지지 조건 미달 21.3% / 필요 95.0% · CoG 지지 검사 / SUPPORT: 지지 조건 미달 5.5% / 필요 95.0% · CoG 지지 검사 / SUPPORT: 지지 조건 미달 30.0% / 필요 95.0% · CoG 지지 검사 / 무게 규칙 위반 · Small-05 (3 kg) / 재질 허용 지지하중 초과 · Small-02 (21.00 / 14.40 kg · 종이 / 골판지 입력값) / SUPPORT: 지지 조건 미달 15.6% / 필요 95.0% · CoG 지지 검사 / SUPPORT: 지지 조건 미달 30.4% / 필요 95.0% · CoG 지지 검사 / SUPPORT: 지지 조건 미달 19.7% / 필요 95.0% · CoG 지지 검사 / SUPPORT: 지지 조건 미달 20.5% / 필요 95.0% · CoG 지지 검사 / SUPPORT: 지지 조건 미달 13.8% / 필요 95.0% · CoG 지지 검사 / SUPPORT: 지지 조건 미달 17.4% / 필요 95.0% · CoG 지지 검사 / SUPPORT: 지지 조건 미달 27.0% / 필요 95.0% · CoG 지지 검사 / SUPPORT: 지지 조건 미달 18.2% / 필요 95.0% · CoG 지지 검사 / SUPPORT: 지지 조건 미달 16.5% / 필요 95.0% · CoG 지지 검사 / SUPPORT: 지지 조건 미달 8.5% / 필요 95.0% · CoG 지지 검사 / SUPPORT: 지지 조건 미달 16.7% / 필요 95.0% · CoG 지지 검사 / SUPPORT: 지지 조건 미달 10.8% / 필요 95.0% · CoG 지지 검사 / SUPPORT: 지지 조건 미달 11.2% / 필요 95.0% · CoG 지지 검사 / SUPPORT: 지지 조건 미달 7.0% / 필요 95.0% · CoG 지지 검사 / SUPPORT: 지지 조건 미달 7.3% / 필요 95.0% · CoG 지지 검사 / SUPPORT: 지지 조건 미달 8.7% / 필요 95.0% · CoG 지지 검사 / SUPPORT: 지지 조건 미달 8.8% / 필요 95.0% · CoG 지지 검사 / SUPPORT: 지지 조건 미달 1.1% / 필요 95.0% · CoG 지지 검사 / 무게 규칙 위반 · Medium-01 (8 kg) / SUPPORT: 지지 조건 미달 2.5% / 필요 95.0% · CoG 지지 검사 / SUPPORT: 지지 조건 미달 5.7% / 필요 95.0% · CoG 지지 검사 / SUPPORT: 지지 조건 미달 8.1% / 필요 95.0% · CoG 지지 검사","explicit","proxy","{}","{""robot-path"":9,""support"":131,""load"":79}","adapter-1.0 / planners-f6ec11d4259a","2.0.0","{""requested"":1,""completed"":1,""outcomes"":[],""sameWorker"":false}","{""collision"":{""status"":""PASS"",""violations"":0,""checkedPlacements"":9,""scope"":""직육면체 기하·관측 규격 공통 검사"",""reason"":""확정 배치와 최종 적재 상태 검사""},""bounds"":{""status"":""PASS"",""violations"":0,""checkedPlacements"":9,""scope"":""직육면체 기하·관측 규격 공통 검사"",""reason"":""확정 배치와 최종 적재 상태 검사""},""height"":{""status"":""PASS"",""violations"":0,""checkedPlacements"":9,""scope"":""직육면체 기하·관측 규격 공통 검사"",""reason"":""확정 배치와 최종 적재 상태 검사""},""orientation"":{""status"":""PASS"",""violations"":0,""checkedPlacements"":9,""scope"":""직육면체 기하·관측 규격 공통 검사"",""reason"":""확정 배치와 최종 적재 상태 검사""},""load"":{""status"":""PASS"",""violations"":0,""checkedPlacements"":9,""scope"":""입력된 허용 상부하중 · 누적 정적 반력"",""reason"":""입력값 범위의 정적 검사. 실측 재료 인증 아님""},""support"":{""status"":""PASS"",""violations"":0,""checkedPlacements"":9,""scope"":""접촉·합력 작용점·정적 평형"",""reason"":""설정된 지지율·전도 여유 검사. 동적 붕괴·굽힘 파손 미검증""},""payload"":{""status"":""PASS"",""violations"":0,""checkedPlacements"":9,""scope"":""입력 가반하중 · 박스+그리퍼 질량"",""reason"":""사용자가 설정한 가반하중 한계 검사""},""robotCollision"":{""status"":""NOT VERIFIED"",""violations"":0,""checkedPlacements"":9,""scope"":""TCP·그리퍼 스윕 근사만 수행"",""reason"":""전체 로봇 링크 충돌 미검증""},""approach"":{""status"":""NOT VERIFIED"",""violations"":0,""checkedPlacements"":9,""scope"":""TCP·그리퍼 스윕 근사만 수행"",""reason"":""실제 관절 한계·역기구학·접근 자세 미검증""},""sequence"":{""status"":""NOT VERIFIED"",""violations"":0,""checkedPlacements"":9,""scope"":""TCP·그리퍼 스윕 근사만 수행"",""reason"":""실제 파지·관절 궤적·전 과정 실행 미검증""}}","14.483934374999999","50","9","9","0.155310153","957779935","410","","","","156.82258064516128","55.419641179927936","100","100","13.905757692498","65.85","0.5860927152317881","0","0","","9.365700000000652","15.859499999991385","14.722979999994275","15.632195999991964","93.65700000000652","90","81.52958860206564","38.69423259134266","397.40173543791326","440","2.1767999999865424","14.483934374999999","0","50","","","100","0","0","","","0","","","","","","",""
"greedy","online","identical","46","4","00eb3e17","complete","","explicit","proxy","{}","{""bounds"":12,""support"":157}","adapter-1.0 / planners-f6ec11d4259a","2.0.0","{""requested"":1,""completed"":1,""outcomes"":[],""sameWorker"":false}","{""collision"":{""status"":""PASS"",""violations"":0,""checkedPlacements"":12,""scope"":""직육면체 기하·관측 규격 공통 검사"",""reason"":""확정 배치와 최종 적재 상태 검사""},""bounds"":{""status"":""PASS"",""violations"":0,""checkedPlacements"":12,""scope"":""직육면체 기하·관측 규격 공통 검사"",""reason"":""확정 배치와 최종 적재 상태 검사""},""height"":{""status"":""PASS"",""violations"":0,""checkedPlacements"":12,""scope"":""직육면체 기하·관측 규격 공통 검사"",""reason"":""확정 배치와 최종 적재 상태 검사""},""orientation"":{""status"":""PASS"",""violations"":0,""checkedPlacements"":12,""scope"":""직육면체 기하·관측 규격 공통 검사"",""reason"":""확정 배치와 최종 적재 상태 검사""},""load"":{""status"":""PASS"",""violations"":0,""checkedPlacements"":12,""scope"":""입력된 허용 상부하중 · 누적 정적 반력"",""reason"":""입력값 범위의 정적 검사. 실측 재료 인증 아님""},""support"":{""status"":""PASS"",""violations"":0,""checkedPlacements"":12,""scope"":""접촉·합력 작용점·정적 평형"",""reason"":""설정된 지지율·전도 여유 검사. 동적 붕괴·굽힘 파손 미검증""},""payload"":{""status"":""PASS"",""violations"":0,""checkedPlacements"":12,""scope"":""입력 가반하중 · 박스+그리퍼 질량"",""reason"":""사용자가 설정한 가반하중 한계 검사""},""robotCollision"":{""status"":""NOT VERIFIED"",""violations"":0,""checkedPlacements"":12,""scope"":""TCP·그리퍼 스윕 근사만 수행"",""reason"":""전체 로봇 링크 충돌 미검증""},""approach"":{""status"":""NOT VERIFIED"",""violations"":0,""checkedPlacements"":12,""scope"":""TCP·그리퍼 스윕 근사만 수행"",""reason"":""실제 관절 한계·역기구학·접근 자세 미검증""},""sequence"":{""status"":""NOT VERIFIED"",""violations"":0,""checkedPlacements"":12,""scope"":""TCP·그리퍼 스윕 근사만 수행"",""reason"":""실제 파지·관절 궤적·전 과정 실행 미검증""}}","16.071428571428573","100","12","0","0","940000000","400","","","","150","50.34602488997738","100","100","12.361111111111118","89.7435897435898","0.6250000000000001","0","0","","23.424016666671378","45.430500000016764","41.120480000016684","44.56849600001675","281.08820000005653","100","107.03781804388689","51.37458172852648","403.5956710392531","538","5.117900000012014","","","","","","100","0","0","","","100","","","","","","",""
"rollout","online","identical","46","4","00eb3e17","complete","","explicit","proxy","{}","{""bounds"":12,""support"":157}","adapter-1.0 / planners-f6ec11d4259a","2.0.0","{""requested"":1,""completed"":1,""outcomes"":[],""sameWorker"":false}","{""collision"":{""status"":""PASS"",""violations"":0,""checkedPlacements"":12,""scope"":""직육면체 기하·관측 규격 공통 검사"",""reason"":""확정 배치와 최종 적재 상태 검사""},""bounds"":{""status"":""PASS"",""violations"":0,""checkedPlacements"":12,""scope"":""직육면체 기하·관측 규격 공통 검사"",""reason"":""확정 배치와 최종 적재 상태 검사""},""height"":{""status"":""PASS"",""violations"":0,""checkedPlacements"":12,""scope"":""직육면체 기하·관측 규격 공통 검사"",""reason"":""확정 배치와 최종 적재 상태 검사""},""orientation"":{""status"":""PASS"",""violations"":0,""checkedPlacements"":12,""scope"":""직육면체 기하·관측 규격 공통 검사"",""reason"":""확정 배치와 최종 적재 상태 검사""},""load"":{""status"":""PASS"",""violations"":0,""checkedPlacements"":12,""scope"":""입력된 허용 상부하중 · 누적 정적 반력"",""reason"":""입력값 범위의 정적 검사. 실측 재료 인증 아님""},""support"":{""status"":""PASS"",""violations"":0,""checkedPlacements"":12,""scope"":""접촉·합력 작용점·정적 평형"",""reason"":""설정된 지지율·전도 여유 검사. 동적 붕괴·굽힘 파손 미검증""},""payload"":{""status"":""PASS"",""violations"":0,""checkedPlacements"":12,""scope"":""입력 가반하중 · 박스+그리퍼 질량"",""reason"":""사용자가 설정한 가반하중 한계 검사""},""robotCollision"":{""status"":""NOT VERIFIED"",""violations"":0,""checkedPlacements"":12,""scope"":""TCP·그리퍼 스윕 근사만 수행"",""reason"":""전체 로봇 링크 충돌 미검증""},""approach"":{""status"":""NOT VERIFIED"",""violations"":0,""checkedPlacements"":12,""scope"":""TCP·그리퍼 스윕 근사만 수행"",""reason"":""실제 관절 한계·역기구학·접근 자세 미검증""},""sequence"":{""status"":""NOT VERIFIED"",""violations"":0,""checkedPlacements"":12,""scope"":""TCP·그리퍼 스윕 근사만 수행"",""reason"":""실제 파지·관절 궤적·전 과정 실행 미검증""}}","16.071428571428573","100","12","0","0","940000000","400","","","","150","50.34602488997738","100","100","12.361111111111118","89.7435897435898","0.6250000000000001","0","0","","347.4877999999978","582.5164999999979","581.1130100000053","582.2358019999994","4169.853599999973","100","107.03781804388689","51.37458172852648","403.5956710392531","538","3.5485999999800697","","","","","","100","0","0","","","100","","","","","","",""
"strategy-greedy","online","identical","46","4","00eb3e17","complete","","explicit","proxy","{}","{""bounds"":12,""support"":190}","adapter-1.0 / planners-f6ec11d4259a","2.0.0","{""requested"":1,""completed"":1,""outcomes"":[],""sameWorker"":false}","{""collision"":{""status"":""PASS"",""violations"":0,""checkedPlacements"":12,""scope"":""직육면체 기하·관측 규격 공통 검사"",""reason"":""확정 배치와 최종 적재 상태 검사""},""bounds"":{""status"":""PASS"",""violations"":0,""checkedPlacements"":12,""scope"":""직육면체 기하·관측 규격 공통 검사"",""reason"":""확정 배치와 최종 적재 상태 검사""},""height"":{""status"":""PASS"",""violations"":0,""checkedPlacements"":12,""scope"":""직육면체 기하·관측 규격 공통 검사"",""reason"":""확정 배치와 최종 적재 상태 검사""},""orientation"":{""status"":""PASS"",""violations"":0,""checkedPlacements"":12,""scope"":""직육면체 기하·관측 규격 공통 검사"",""reason"":""확정 배치와 최종 적재 상태 검사""},""load"":{""status"":""PASS"",""violations"":0,""checkedPlacements"":12,""scope"":""입력된 허용 상부하중 · 누적 정적 반력"",""reason"":""입력값 범위의 정적 검사. 실측 재료 인증 아님""},""support"":{""status"":""PASS"",""violations"":0,""checkedPlacements"":12,""scope"":""접촉·합력 작용점·정적 평형"",""reason"":""설정된 지지율·전도 여유 검사. 동적 붕괴·굽힘 파손 미검증""},""payload"":{""status"":""PASS"",""violations"":0,""checkedPlacements"":12,""scope"":""입력 가반하중 · 박스+그리퍼 질량"",""reason"":""사용자가 설정한 가반하중 한계 검사""},""robotCollision"":{""status"":""NOT VERIFIED"",""violations"":0,""checkedPlacements"":12,""scope"":""TCP·그리퍼 스윕 근사만 수행"",""reason"":""전체 로봇 링크 충돌 미검증""},""approach"":{""status"":""NOT VERIFIED"",""violations"":0,""checkedPlacements"":12,""scope"":""TCP·그리퍼 스윕 근사만 수행"",""reason"":""실제 관절 한계·역기구학·접근 자세 미검증""},""sequence"":{""status"":""NOT VERIFIED"",""violations"":0,""checkedPlacements"":12,""scope"":""TCP·그리퍼 스윕 근사만 수행"",""reason"":""실제 파지·관절 궤적·전 과정 실행 미검증""}}","16.071428571428573","100","12","0","0","940000000","400","","","","150","0","100","100","1.3888888888888868","95","0.625","0","0","","10.855458333331626","19.208499999978812","17.337674999990845","18.834334999981223","130.2654999999795","100","108.20092680945035","50.83060242614273","399.25720854571165","538","2.0711000000010245","","","","","","100","0","0","","","100","","","","","","",""
"macs","online","identical","46","4","00eb3e17","complete","","explicit","proxy","{}","{""bounds"":12,""support"":190}","adapter-1.0 / planners-f6ec11d4259a","2.0.0","{""requested"":1,""completed"":1,""outcomes"":[],""sameWorker"":false}","{""collision"":{""status"":""PASS"",""violations"":0,""checkedPlacements"":12,""scope"":""직육면체 기하·관측 규격 공통 검사"",""reason"":""확정 배치와 최종 적재 상태 검사""},""bounds"":{""status"":""PASS"",""violations"":0,""checkedPlacements"":12,""scope"":""직육면체 기하·관측 규격 공통 검사"",""reason"":""확정 배치와 최종 적재 상태 검사""},""height"":{""status"":""PASS"",""violations"":0,""checkedPlacements"":12,""scope"":""직육면체 기하·관측 규격 공통 검사"",""reason"":""확정 배치와 최종 적재 상태 검사""},""orientation"":{""status"":""PASS"",""violations"":0,""checkedPlacements"":12,""scope"":""직육면체 기하·관측 규격 공통 검사"",""reason"":""확정 배치와 최종 적재 상태 검사""},""load"":{""status"":""PASS"",""violations"":0,""checkedPlacements"":12,""scope"":""입력된 허용 상부하중 · 누적 정적 반력"",""reason"":""입력값 범위의 정적 검사. 실측 재료 인증 아님""},""support"":{""status"":""PASS"",""violations"":0,""checkedPlacements"":12,""scope"":""접촉·합력 작용점·정적 평형"",""reason"":""설정된 지지율·전도 여유 검사. 동적 붕괴·굽힘 파손 미검증""},""payload"":{""status"":""PASS"",""violations"":0,""checkedPlacements"":12,""scope"":""입력 가반하중 · 박스+그리퍼 질량"",""reason"":""사용자가 설정한 가반하중 한계 검사""},""robotCollision"":{""status"":""NOT VERIFIED"",""violations"":0,""checkedPlacements"":12,""scope"":""TCP·그리퍼 스윕 근사만 수행"",""reason"":""전체 로봇 링크 충돌 미검증""},""approach"":{""status"":""NOT VERIFIED"",""violations"":0,""checkedPlacements"":12,""scope"":""TCP·그리퍼 스윕 근사만 수행"",""reason"":""실제 관절 한계·역기구학·접근 자세 미검증""},""sequence"":{""status"":""NOT VERIFIED"",""violations"":0,""checkedPlacements"":12,""scope"":""TCP·그리퍼 스윕 근사만 수행"",""reason"":""실제 파지·관절 궤적·전 과정 실행 미검증""}}","16.071428571428573","100","12","0","0","940000000","400","","","","150","0","100","100","1.3888888888888868","95","0.625","0","0","","12.032758333334641","19.80600000001141","18.402784999999856","19.5253570000091","144.3931000000157","100","108.20092680945035","50.83060242614273","399.25720854571165","538","3.7333999999973457","","","","","","100","0","0","","","100","","","","","","",""
"tetris-reserved","online","identical","46","4","00eb3e17","complete","","explicit","proxy","{}","{""bounds"":20,""support"":63}","adapter-1.0 / planners-f6ec11d4259a","2.0.0","{""requested"":1,""completed"":1,""outcomes"":[],""sameWorker"":false}","{""collision"":{""status"":""PASS"",""violations"":0,""checkedPlacements"":12,""scope"":""직육면체 기하·관측 규격 공통 검사"",""reason"":""확정 배치와 최종 적재 상태 검사""},""bounds"":{""status"":""PASS"",""violations"":0,""checkedPlacements"":12,""scope"":""직육면체 기하·관측 규격 공통 검사"",""reason"":""확정 배치와 최종 적재 상태 검사""},""height"":{""status"":""PASS"",""violations"":0,""checkedPlacements"":12,""scope"":""직육면체 기하·관측 규격 공통 검사"",""reason"":""확정 배치와 최종 적재 상태 검사""},""orientation"":{""status"":""PASS"",""violations"":0,""checkedPlacements"":12,""scope"":""직육면체 기하·관측 규격 공통 검사"",""reason"":""확정 배치와 최종 적재 상태 검사""},""load"":{""status"":""PASS"",""violations"":0,""checkedPlacements"":12,""scope"":""입력된 허용 상부하중 · 누적 정적 반력"",""reason"":""입력값 범위의 정적 검사. 실측 재료 인증 아님""},""support"":{""status"":""PASS"",""violations"":0,""checkedPlacements"":12,""scope"":""접촉·합력 작용점·정적 평형"",""reason"":""설정된 지지율·전도 여유 검사. 동적 붕괴·굽힘 파손 미검증""},""payload"":{""status"":""PASS"",""violations"":0,""checkedPlacements"":12,""scope"":""입력 가반하중 · 박스+그리퍼 질량"",""reason"":""사용자가 설정한 가반하중 한계 검사""},""robotCollision"":{""status"":""NOT VERIFIED"",""violations"":0,""checkedPlacements"":12,""scope"":""TCP·그리퍼 스윕 근사만 수행"",""reason"":""전체 로봇 링크 충돌 미검증""},""approach"":{""status"":""NOT VERIFIED"",""violations"":0,""checkedPlacements"":12,""scope"":""TCP·그리퍼 스윕 근사만 수행"",""reason"":""실제 관절 한계·역기구학·접근 자세 미검증""},""sequence"":{""status"":""NOT VERIFIED"",""violations"":0,""checkedPlacements"":12,""scope"":""TCP·그리퍼 스윕 근사만 수행"",""reason"":""실제 파지·관절 궤적·전 과정 실행 미검증""}}","16.071428571428573","100","12","0","0","940000000","400","","","","150","91.3108625033797","100","100","18.33333333333334","95","0.625","0","0","","219.27073333333587","450.87570000000414","415.53841999999855","443.80824400000307","2631.2488000000303","100","101.72593767821284","49.871859490838354","424.67045264948547","533","2.040999999997439","","","","","","100","0","0","","","100","","","","","","",""
"dynamic-reservation","online","identical","46","4","00eb3e17","complete","","explicit","proxy","{}","{""bounds"":12,""support"":190}","adapter-1.0 / planners-f6ec11d4259a","2.0.0","{""requested"":1,""completed"":1,""outcomes"":[],""sameWorker"":false}","{""collision"":{""status"":""PASS"",""violations"":0,""checkedPlacements"":12,""scope"":""직육면체 기하·관측 규격 공통 검사"",""reason"":""확정 배치와 최종 적재 상태 검사""},""bounds"":{""status"":""PASS"",""violations"":0,""checkedPlacements"":12,""scope"":""직육면체 기하·관측 규격 공통 검사"",""reason"":""확정 배치와 최종 적재 상태 검사""},""height"":{""status"":""PASS"",""violations"":0,""checkedPlacements"":12,""scope"":""직육면체 기하·관측 규격 공통 검사"",""reason"":""확정 배치와 최종 적재 상태 검사""},""orientation"":{""status"":""PASS"",""violations"":0,""checkedPlacements"":12,""scope"":""직육면체 기하·관측 규격 공통 검사"",""reason"":""확정 배치와 최종 적재 상태 검사""},""load"":{""status"":""PASS"",""violations"":0,""checkedPlacements"":12,""scope"":""입력된 허용 상부하중 · 누적 정적 반력"",""reason"":""입력값 범위의 정적 검사. 실측 재료 인증 아님""},""support"":{""status"":""PASS"",""violations"":0,""checkedPlacements"":12,""scope"":""접촉·합력 작용점·정적 평형"",""reason"":""설정된 지지율·전도 여유 검사. 동적 붕괴·굽힘 파손 미검증""},""payload"":{""status"":""PASS"",""violations"":0,""checkedPlacements"":12,""scope"":""입력 가반하중 · 박스+그리퍼 질량"",""reason"":""사용자가 설정한 가반하중 한계 검사""},""robotCollision"":{""status"":""NOT VERIFIED"",""violations"":0,""checkedPlacements"":12,""scope"":""TCP·그리퍼 스윕 근사만 수행"",""reason"":""전체 로봇 링크 충돌 미검증""},""approach"":{""status"":""NOT VERIFIED"",""violations"":0,""checkedPlacements"":12,""scope"":""TCP·그리퍼 스윕 근사만 수행"",""reason"":""실제 관절 한계·역기구학·접근 자세 미검증""},""sequence"":{""status"":""NOT VERIFIED"",""violations"":0,""checkedPlacements"":12,""scope"":""TCP·그리퍼 스윕 근사만 수행"",""reason"":""실제 파지·관절 궤적·전 과정 실행 미검증""}}","16.071428571428573","100","12","0","0","940000000","400","","","","150","0","100","100","1.3888888888888868","95","0.625","0","0","","91.5985000000049","157.2231000000029","150.7970650000061","155.93789300000353","1099.182000000059","100","108.20092680945035","50.83060242614273","399.25720854571165","538","3.573899999988498","","","","","","100","0","0","","","100","","","","","","",""
"lookahead","online","identical","46","4","00eb3e17","complete","","explicit","proxy","{}","{""bounds"":12,""support"":190}","adapter-1.0 / planners-f6ec11d4259a","2.0.0","{""requested"":1,""completed"":1,""outcomes"":[],""sameWorker"":false}","{""collision"":{""status"":""PASS"",""violations"":0,""checkedPlacements"":12,""scope"":""직육면체 기하·관측 규격 공통 검사"",""reason"":""확정 배치와 최종 적재 상태 검사""},""bounds"":{""status"":""PASS"",""violations"":0,""checkedPlacements"":12,""scope"":""직육면체 기하·관측 규격 공통 검사"",""reason"":""확정 배치와 최종 적재 상태 검사""},""height"":{""status"":""PASS"",""violations"":0,""checkedPlacements"":12,""scope"":""직육면체 기하·관측 규격 공통 검사"",""reason"":""확정 배치와 최종 적재 상태 검사""},""orientation"":{""status"":""PASS"",""violations"":0,""checkedPlacements"":12,""scope"":""직육면체 기하·관측 규격 공통 검사"",""reason"":""확정 배치와 최종 적재 상태 검사""},""load"":{""status"":""PASS"",""violations"":0,""checkedPlacements"":12,""scope"":""입력된 허용 상부하중 · 누적 정적 반력"",""reason"":""입력값 범위의 정적 검사. 실측 재료 인증 아님""},""support"":{""status"":""PASS"",""violations"":0,""checkedPlacements"":12,""scope"":""접촉·합력 작용점·정적 평형"",""reason"":""설정된 지지율·전도 여유 검사. 동적 붕괴·굽힘 파손 미검증""},""payload"":{""status"":""PASS"",""violations"":0,""checkedPlacements"":12,""scope"":""입력 가반하중 · 박스+그리퍼 질량"",""reason"":""사용자가 설정한 가반하중 한계 검사""},""robotCollision"":{""status"":""NOT VERIFIED"",""violations"":0,""checkedPlacements"":12,""scope"":""TCP·그리퍼 스윕 근사만 수행"",""reason"":""전체 로봇 링크 충돌 미검증""},""approach"":{""status"":""NOT VERIFIED"",""violations"":0,""checkedPlacements"":12,""scope"":""TCP·그리퍼 스윕 근사만 수행"",""reason"":""실제 관절 한계·역기구학·접근 자세 미검증""},""sequence"":{""status"":""NOT VERIFIED"",""violations"":0,""checkedPlacements"":12,""scope"":""TCP·그리퍼 스윕 근사만 수행"",""reason"":""실제 파지·관절 궤적·전 과정 실행 미검증""}}","16.071428571428573","100","12","0","0","940000000","400","","","","150","0","100","100","1.3888888888888868","95","0.625","0","0","","90.43869166666506","145.57739999998012","142.2120049999954","144.90432099998318","1085.2642999999807","100","108.20092680945035","50.83060242614273","399.25720854571165","538","4.124800000019604","","","","","","100","0","0","","","100","","","","","","",""
"future-hybrid","online","identical","46","4","00eb3e17","complete","","explicit","proxy","{}","{""bounds"":12,""support"":190}","adapter-1.0 / planners-f6ec11d4259a","2.0.0","{""requested"":1,""completed"":1,""outcomes"":[],""sameWorker"":false}","{""collision"":{""status"":""PASS"",""violations"":0,""checkedPlacements"":12,""scope"":""직육면체 기하·관측 규격 공통 검사"",""reason"":""확정 배치와 최종 적재 상태 검사""},""bounds"":{""status"":""PASS"",""violations"":0,""checkedPlacements"":12,""scope"":""직육면체 기하·관측 규격 공통 검사"",""reason"":""확정 배치와 최종 적재 상태 검사""},""height"":{""status"":""PASS"",""violations"":0,""checkedPlacements"":12,""scope"":""직육면체 기하·관측 규격 공통 검사"",""reason"":""확정 배치와 최종 적재 상태 검사""},""orientation"":{""status"":""PASS"",""violations"":0,""checkedPlacements"":12,""scope"":""직육면체 기하·관측 규격 공통 검사"",""reason"":""확정 배치와 최종 적재 상태 검사""},""load"":{""status"":""PASS"",""violations"":0,""checkedPlacements"":12,""scope"":""입력된 허용 상부하중 · 누적 정적 반력"",""reason"":""입력값 범위의 정적 검사. 실측 재료 인증 아님""},""support"":{""status"":""PASS"",""violations"":0,""checkedPlacements"":12,""scope"":""접촉·합력 작용점·정적 평형"",""reason"":""설정된 지지율·전도 여유 검사. 동적 붕괴·굽힘 파손 미검증""},""payload"":{""status"":""PASS"",""violations"":0,""checkedPlacements"":12,""scope"":""입력 가반하중 · 박스+그리퍼 질량"",""reason"":""사용자가 설정한 가반하중 한계 검사""},""robotCollision"":{""status"":""NOT VERIFIED"",""violations"":0,""checkedPlacements"":12,""scope"":""TCP·그리퍼 스윕 근사만 수행"",""reason"":""전체 로봇 링크 충돌 미검증""},""approach"":{""status"":""NOT VERIFIED"",""violations"":0,""checkedPlacements"":12,""scope"":""TCP·그리퍼 스윕 근사만 수행"",""reason"":""실제 관절 한계·역기구학·접근 자세 미검증""},""sequence"":{""status"":""NOT VERIFIED"",""violations"":0,""checkedPlacements"":12,""scope"":""TCP·그리퍼 스윕 근사만 수행"",""reason"":""실제 파지·관절 궤적·전 과정 실행 미검증""}}","16.071428571428573","100","12","0","0","940000000","400","","","","150","0","100","100","1.3888888888888868","95","0.625","0","0","","84.95990833334024","138.35000000000582","134.87493499999837","137.65498700000433","1019.5189000000828","100","108.20092680945035","50.83060242614273","399.25720854571165","538","2.9046000000089407","","","","","","100","0","0","","","100","","","","","","",""
"blb","online","identical","46","4","00eb3e17","complete","","explicit","proxy","{}","{""bounds"":65,""support"":135}","adapter-1.0 / planners-f6ec11d4259a","2.0.0","{""requested"":1,""completed"":1,""outcomes"":[],""sameWorker"":false}","{""collision"":{""status"":""PASS"",""violations"":0,""checkedPlacements"":12,""scope"":""직육면체 기하·관측 규격 공통 검사"",""reason"":""확정 배치와 최종 적재 상태 검사""},""bounds"":{""status"":""PASS"",""violations"":0,""checkedPlacements"":12,""scope"":""직육면체 기하·관측 규격 공통 검사"",""reason"":""확정 배치와 최종 적재 상태 검사""},""height"":{""status"":""PASS"",""violations"":0,""checkedPlacements"":12,""scope"":""직육면체 기하·관측 규격 공통 검사"",""reason"":""확정 배치와 최종 적재 상태 검사""},""orientation"":{""status"":""PASS"",""violations"":0,""checkedPlacements"":12,""scope"":""직육면체 기하·관측 규격 공통 검사"",""reason"":""확정 배치와 최종 적재 상태 검사""},""load"":{""status"":""PASS"",""violations"":0,""checkedPlacements"":12,""scope"":""입력된 허용 상부하중 · 누적 정적 반력"",""reason"":""입력값 범위의 정적 검사. 실측 재료 인증 아님""},""support"":{""status"":""PASS"",""violations"":0,""checkedPlacements"":12,""scope"":""접촉·합력 작용점·정적 평형"",""reason"":""설정된 지지율·전도 여유 검사. 동적 붕괴·굽힘 파손 미검증""},""payload"":{""status"":""PASS"",""violations"":0,""checkedPlacements"":12,""scope"":""입력 가반하중 · 박스+그리퍼 질량"",""reason"":""사용자가 설정한 가반하중 한계 검사""},""robotCollision"":{""status"":""NOT VERIFIED"",""violations"":0,""checkedPlacements"":12,""scope"":""TCP·그리퍼 스윕 근사만 수행"",""reason"":""전체 로봇 링크 충돌 미검증""},""approach"":{""status"":""NOT VERIFIED"",""violations"":0,""checkedPlacements"":12,""scope"":""TCP·그리퍼 스윕 근사만 수행"",""reason"":""실제 관절 한계·역기구학·접근 자세 미검증""},""sequence"":{""status"":""NOT VERIFIED"",""violations"":0,""checkedPlacements"":12,""scope"":""TCP·그리퍼 스윕 근사만 수행"",""reason"":""실제 파지·관절 궤적·전 과정 실행 미검증""}}","16.071428571428573","100","12","0","0","940000000","400","","","","150","100.77822185373186","100","100","20.55555555555556","95","0.625","0","0","","8.088766666655525","14.592600000003586","13.820729999998001","14.43822600000247","97.06519999986631","100","100.37583405928807","49.64429213853723","430.38247606972266","529","3.908399999985704","","","","","","100","0","0","","","100","","","","","","",""
"pack-first","online","identical","46","4","00eb3e17","complete","","explicit","proxy","{}","{""support"":102,""bounds"":224}","adapter-1.0 / planners-f6ec11d4259a","2.0.0","{""requested"":1,""completed"":1,""outcomes"":[],""sameWorker"":false}","{""collision"":{""status"":""PASS"",""violations"":0,""checkedPlacements"":12,""scope"":""직육면체 기하·관측 규격 공통 검사"",""reason"":""확정 배치와 최종 적재 상태 검사""},""bounds"":{""status"":""PASS"",""violations"":0,""checkedPlacements"":12,""scope"":""직육면체 기하·관측 규격 공통 검사"",""reason"":""확정 배치와 최종 적재 상태 검사""},""height"":{""status"":""PASS"",""violations"":0,""checkedPlacements"":12,""scope"":""직육면체 기하·관측 규격 공통 검사"",""reason"":""확정 배치와 최종 적재 상태 검사""},""orientation"":{""status"":""PASS"",""violations"":0,""checkedPlacements"":12,""scope"":""직육면체 기하·관측 규격 공통 검사"",""reason"":""확정 배치와 최종 적재 상태 검사""},""load"":{""status"":""PASS"",""violations"":0,""checkedPlacements"":12,""scope"":""입력된 허용 상부하중 · 누적 정적 반력"",""reason"":""입력값 범위의 정적 검사. 실측 재료 인증 아님""},""support"":{""status"":""PASS"",""violations"":0,""checkedPlacements"":12,""scope"":""접촉·합력 작용점·정적 평형"",""reason"":""설정된 지지율·전도 여유 검사. 동적 붕괴·굽힘 파손 미검증""},""payload"":{""status"":""PASS"",""violations"":0,""checkedPlacements"":12,""scope"":""입력 가반하중 · 박스+그리퍼 질량"",""reason"":""사용자가 설정한 가반하중 한계 검사""},""robotCollision"":{""status"":""NOT VERIFIED"",""violations"":0,""checkedPlacements"":12,""scope"":""TCP·그리퍼 스윕 근사만 수행"",""reason"":""전체 로봇 링크 충돌 미검증""},""approach"":{""status"":""NOT VERIFIED"",""violations"":0,""checkedPlacements"":12,""scope"":""TCP·그리퍼 스윕 근사만 수행"",""reason"":""실제 관절 한계·역기구학·접근 자세 미검증""},""sequence"":{""status"":""NOT VERIFIED"",""violations"":0,""checkedPlacements"":12,""scope"":""TCP·그리퍼 스윕 근사만 수행"",""reason"":""실제 파지·관절 궤적·전 과정 실행 미검증""}}","16.071428571428573","100","12","0","0","940000000","400","","","","150","100.77822185373186","100","100","20.55555555555556","95","0.625","0","0","","6.921775000002526","13.715400000015507","12.846070000006874","13.541534000013781","83.06130000003031","100","100.37583405928807","49.64429213853723","430.38247606972266","529","4.688999999983935","","","","","","100","0","0","","","100","","","","","","",""
"pack-greedy","online","identical","46","4","00eb3e17","complete","","explicit","proxy","{}","{""support"":182,""bounds"":234}","adapter-1.0 / planners-f6ec11d4259a","2.0.0","{""requested"":1,""completed"":1,""outcomes"":[],""sameWorker"":false}","{""collision"":{""status"":""PASS"",""violations"":0,""checkedPlacements"":12,""scope"":""직육면체 기하·관측 규격 공통 검사"",""reason"":""확정 배치와 최종 적재 상태 검사""},""bounds"":{""status"":""PASS"",""violations"":0,""checkedPlacements"":12,""scope"":""직육면체 기하·관측 규격 공통 검사"",""reason"":""확정 배치와 최종 적재 상태 검사""},""height"":{""status"":""PASS"",""violations"":0,""checkedPlacements"":12,""scope"":""직육면체 기하·관측 규격 공통 검사"",""reason"":""확정 배치와 최종 적재 상태 검사""},""orientation"":{""status"":""PASS"",""violations"":0,""checkedPlacements"":12,""scope"":""직육면체 기하·관측 규격 공통 검사"",""reason"":""확정 배치와 최종 적재 상태 검사""},""load"":{""status"":""PASS"",""violations"":0,""checkedPlacements"":12,""scope"":""입력된 허용 상부하중 · 누적 정적 반력"",""reason"":""입력값 범위의 정적 검사. 실측 재료 인증 아님""},""support"":{""status"":""PASS"",""violations"":0,""checkedPlacements"":12,""scope"":""접촉·합력 작용점·정적 평형"",""reason"":""설정된 지지율·전도 여유 검사. 동적 붕괴·굽힘 파손 미검증""},""payload"":{""status"":""PASS"",""violations"":0,""checkedPlacements"":12,""scope"":""입력 가반하중 · 박스+그리퍼 질량"",""reason"":""사용자가 설정한 가반하중 한계 검사""},""robotCollision"":{""status"":""NOT VERIFIED"",""violations"":0,""checkedPlacements"":12,""scope"":""TCP·그리퍼 스윕 근사만 수행"",""reason"":""전체 로봇 링크 충돌 미검증""},""approach"":{""status"":""NOT VERIFIED"",""violations"":0,""checkedPlacements"":12,""scope"":""TCP·그리퍼 스윕 근사만 수행"",""reason"":""실제 관절 한계·역기구학·접근 자세 미검증""},""sequence"":{""status"":""NOT VERIFIED"",""violations"":0,""checkedPlacements"":12,""scope"":""TCP·그리퍼 스윕 근사만 수행"",""reason"":""실제 파지·관절 궤적·전 과정 실행 미검증""}}","16.071428571428573","100","12","0","0","940000000","400","","","","150","50.860648398890454","100","100","10.925925925925922","83.33333333333337","0.6029411764705881","0","0","","5.973674999996244","11.396799999987707","10.902184999993187","11.297876999988803","71.68409999995492","100","100.63111331255921","49.8102236531635","429.2906893101862","529","3.449900000006892","","","","","","100","0","0","","","100","","","","","","",""
"pack-tetris","online","identical","46","4","00eb3e17","complete","","explicit","proxy","{}","{""support"":182,""bounds"":234}","adapter-1.0 / planners-f6ec11d4259a","2.0.0","{""requested"":1,""completed"":1,""outcomes"":[],""sameWorker"":false}","{""collision"":{""status"":""PASS"",""violations"":0,""checkedPlacements"":12,""scope"":""직육면체 기하·관측 규격 공통 검사"",""reason"":""확정 배치와 최종 적재 상태 검사""},""bounds"":{""status"":""PASS"",""violations"":0,""checkedPlacements"":12,""scope"":""직육면체 기하·관측 규격 공통 검사"",""reason"":""확정 배치와 최종 적재 상태 검사""},""height"":{""status"":""PASS"",""violations"":0,""checkedPlacements"":12,""scope"":""직육면체 기하·관측 규격 공통 검사"",""reason"":""확정 배치와 최종 적재 상태 검사""},""orientation"":{""status"":""PASS"",""violations"":0,""checkedPlacements"":12,""scope"":""직육면체 기하·관측 규격 공통 검사"",""reason"":""확정 배치와 최종 적재 상태 검사""},""load"":{""status"":""PASS"",""violations"":0,""checkedPlacements"":12,""scope"":""입력된 허용 상부하중 · 누적 정적 반력"",""reason"":""입력값 범위의 정적 검사. 실측 재료 인증 아님""},""support"":{""status"":""PASS"",""violations"":0,""checkedPlacements"":12,""scope"":""접촉·합력 작용점·정적 평형"",""reason"":""설정된 지지율·전도 여유 검사. 동적 붕괴·굽힘 파손 미검증""},""payload"":{""status"":""PASS"",""violations"":0,""checkedPlacements"":12,""scope"":""입력 가반하중 · 박스+그리퍼 질량"",""reason"":""사용자가 설정한 가반하중 한계 검사""},""robotCollision"":{""status"":""NOT VERIFIED"",""violations"":0,""checkedPlacements"":12,""scope"":""TCP·그리퍼 스윕 근사만 수행"",""reason"":""전체 로봇 링크 충돌 미검증""},""approach"":{""status"":""NOT VERIFIED"",""violations"":0,""checkedPlacements"":12,""scope"":""TCP·그리퍼 스윕 근사만 수행"",""reason"":""실제 관절 한계·역기구학·접근 자세 미검증""},""sequence"":{""status"":""NOT VERIFIED"",""violations"":0,""checkedPlacements"":12,""scope"":""TCP·그리퍼 스윕 근사만 수행"",""reason"":""실제 파지·관절 궤적·전 과정 실행 미검증""}}","16.071428571428573","100","12","0","0","940000000","400","","","","150","50.860648398890454","100","100","10.925925925925922","83.33333333333337","0.6029411764705881","0","0","","6.431041666663077","11.952900000003865","10.333809999999355","11.629082000002965","77.17249999995693","100","100.63111331255921","49.8102236531635","429.2906893101862","529","3.704200000007404","","","","","","100","0","0","","","100","","","","","","",""
"pack-beam","online","identical","46","4","00eb3e17","complete","","explicit","proxy","{}","{""support"":217,""bounds"":253}","adapter-1.0 / planners-f6ec11d4259a","2.0.0","{""requested"":1,""completed"":1,""outcomes"":[],""sameWorker"":false}","{""collision"":{""status"":""PASS"",""violations"":0,""checkedPlacements"":12,""scope"":""직육면체 기하·관측 규격 공통 검사"",""reason"":""확정 배치와 최종 적재 상태 검사""},""bounds"":{""status"":""PASS"",""violations"":0,""checkedPlacements"":12,""scope"":""직육면체 기하·관측 규격 공통 검사"",""reason"":""확정 배치와 최종 적재 상태 검사""},""height"":{""status"":""PASS"",""violations"":0,""checkedPlacements"":12,""scope"":""직육면체 기하·관측 규격 공통 검사"",""reason"":""확정 배치와 최종 적재 상태 검사""},""orientation"":{""status"":""PASS"",""violations"":0,""checkedPlacements"":12,""scope"":""직육면체 기하·관측 규격 공통 검사"",""reason"":""확정 배치와 최종 적재 상태 검사""},""load"":{""status"":""PASS"",""violations"":0,""checkedPlacements"":12,""scope"":""입력된 허용 상부하중 · 누적 정적 반력"",""reason"":""입력값 범위의 정적 검사. 실측 재료 인증 아님""},""support"":{""status"":""PASS"",""violations"":0,""checkedPlacements"":12,""scope"":""접촉·합력 작용점·정적 평형"",""reason"":""설정된 지지율·전도 여유 검사. 동적 붕괴·굽힘 파손 미검증""},""payload"":{""status"":""PASS"",""violations"":0,""checkedPlacements"":12,""scope"":""입력 가반하중 · 박스+그리퍼 질량"",""reason"":""사용자가 설정한 가반하중 한계 검사""},""robotCollision"":{""status"":""NOT VERIFIED"",""violations"":0,""checkedPlacements"":12,""scope"":""TCP·그리퍼 스윕 근사만 수행"",""reason"":""전체 로봇 링크 충돌 미검증""},""approach"":{""status"":""NOT VERIFIED"",""violations"":0,""checkedPlacements"":12,""scope"":""TCP·그리퍼 스윕 근사만 수행"",""reason"":""실제 관절 한계·역기구학·접근 자세 미검증""},""sequence"":{""status"":""NOT VERIFIED"",""violations"":0,""checkedPlacements"":12,""scope"":""TCP·그리퍼 스윕 근사만 수행"",""reason"":""실제 파지·관절 궤적·전 과정 실행 미검증""}}","16.071428571428573","100","12","0","0","940000000","400","","","","150","27.163343355011044","100","100","9.537037037037033","95","0.625","0","0","","122.81417500000195","405.9976000000024","274.76837000000364","379.75175400000285","1473.7701000000234","100","102.55208675891215","50.408856393292886","421.2493510888579","529","2.4523000000044703","","","","","","100","0","0","","","100","","","","","","",""
"pack-robust","online","identical","46","4","00eb3e17","complete","","explicit","proxy","{}","{""support"":217,""bounds"":253}","adapter-1.0 / planners-f6ec11d4259a","2.0.0","{""requested"":1,""completed"":1,""outcomes"":[],""sameWorker"":false}","{""collision"":{""status"":""PASS"",""violations"":0,""checkedPlacements"":12,""scope"":""직육면체 기하·관측 규격 공통 검사"",""reason"":""확정 배치와 최종 적재 상태 검사""},""bounds"":{""status"":""PASS"",""violations"":0,""checkedPlacements"":12,""scope"":""직육면체 기하·관측 규격 공통 검사"",""reason"":""확정 배치와 최종 적재 상태 검사""},""height"":{""status"":""PASS"",""violations"":0,""checkedPlacements"":12,""scope"":""직육면체 기하·관측 규격 공통 검사"",""reason"":""확정 배치와 최종 적재 상태 검사""},""orientation"":{""status"":""PASS"",""violations"":0,""checkedPlacements"":12,""scope"":""직육면체 기하·관측 규격 공통 검사"",""reason"":""확정 배치와 최종 적재 상태 검사""},""load"":{""status"":""PASS"",""violations"":0,""checkedPlacements"":12,""scope"":""입력된 허용 상부하중 · 누적 정적 반력"",""reason"":""입력값 범위의 정적 검사. 실측 재료 인증 아님""},""support"":{""status"":""PASS"",""violations"":0,""checkedPlacements"":12,""scope"":""접촉·합력 작용점·정적 평형"",""reason"":""설정된 지지율·전도 여유 검사. 동적 붕괴·굽힘 파손 미검증""},""payload"":{""status"":""PASS"",""violations"":0,""checkedPlacements"":12,""scope"":""입력 가반하중 · 박스+그리퍼 질량"",""reason"":""사용자가 설정한 가반하중 한계 검사""},""robotCollision"":{""status"":""NOT VERIFIED"",""violations"":0,""checkedPlacements"":12,""scope"":""TCP·그리퍼 스윕 근사만 수행"",""reason"":""전체 로봇 링크 충돌 미검증""},""approach"":{""status"":""NOT VERIFIED"",""violations"":0,""checkedPlacements"":12,""scope"":""TCP·그리퍼 스윕 근사만 수행"",""reason"":""실제 관절 한계·역기구학·접근 자세 미검증""},""sequence"":{""status"":""NOT VERIFIED"",""violations"":0,""checkedPlacements"":12,""scope"":""TCP·그리퍼 스윕 근사만 수행"",""reason"":""실제 파지·관절 궤적·전 과정 실행 미검증""}}","16.071428571428573","100","12","0","0","940000000","400","","","","150","27.163343355011044","100","100","9.537037037037033","95","0.625","0","0","","108.9130166666752","185.96529999998165","176.87390999998752","184.14702199998283","1306.9562000001024","100","102.55208675891215","50.408856393292886","421.2493510888579","529","3.0812999999907333","","","","","","100","0","0","","","100","","","","","","",""
"hrpal-inferred","online","identical","46","4","00eb3e17","complete","","explicit","proxy","{}","{""support"":123}","conventional-pattern/2","2.0.0","{""requested"":1,""completed"":1,""outcomes"":[],""sameWorker"":false}","{""collision"":{""status"":""PASS"",""violations"":0,""checkedPlacements"":12,""scope"":""직육면체 기하·관측 규격 공통 검사"",""reason"":""확정 배치와 최종 적재 상태 검사""},""bounds"":{""status"":""PASS"",""violations"":0,""checkedPlacements"":12,""scope"":""직육면체 기하·관측 규격 공통 검사"",""reason"":""확정 배치와 최종 적재 상태 검사""},""height"":{""status"":""PASS"",""violations"":0,""checkedPlacements"":12,""scope"":""직육면체 기하·관측 규격 공통 검사"",""reason"":""확정 배치와 최종 적재 상태 검사""},""orientation"":{""status"":""PASS"",""violations"":0,""checkedPlacements"":12,""scope"":""직육면체 기하·관측 규격 공통 검사"",""reason"":""확정 배치와 최종 적재 상태 검사""},""load"":{""status"":""PASS"",""violations"":0,""checkedPlacements"":12,""scope"":""입력된 허용 상부하중 · 누적 정적 반력"",""reason"":""입력값 범위의 정적 검사. 실측 재료 인증 아님""},""support"":{""status"":""PASS"",""violations"":0,""checkedPlacements"":12,""scope"":""접촉·합력 작용점·정적 평형"",""reason"":""설정된 지지율·전도 여유 검사. 동적 붕괴·굽힘 파손 미검증""},""payload"":{""status"":""PASS"",""violations"":0,""checkedPlacements"":12,""scope"":""입력 가반하중 · 박스+그리퍼 질량"",""reason"":""사용자가 설정한 가반하중 한계 검사""},""robotCollision"":{""status"":""NOT VERIFIED"",""violations"":0,""checkedPlacements"":12,""scope"":""TCP·그리퍼 스윕 근사만 수행"",""reason"":""전체 로봇 링크 충돌 미검증""},""approach"":{""status"":""NOT VERIFIED"",""violations"":0,""checkedPlacements"":12,""scope"":""TCP·그리퍼 스윕 근사만 수행"",""reason"":""실제 관절 한계·역기구학·접근 자세 미검증""},""sequence"":{""status"":""NOT VERIFIED"",""violations"":0,""checkedPlacements"":12,""scope"":""TCP·그리퍼 스윕 근사만 수행"",""reason"":""실제 파지·관절 궤적·전 과정 실행 미검증""}}","16.071428571428573","100","12","0","0","940000000","400","","","","150","100.77822185373186","100","100","20.55555555555556","95","0.625","0","0","","5.109816666665817","10.716300000000047","10.075770000006013","10.588194000001241","61.3177999999898","100","100.37583405928804","49.64429213853723","430.38247606972277","284","2.543600000004517","","","","","","100","0","0","","","100","","","","","","",""
"hrpal-grid-v1","online","identical","46","4","00eb3e17","complete","","explicit","proxy","{}","{""collision"":141,""robot-path"":141,""support"":117}","inferred-grid-layer/1","2.0.0","{""requested"":1,""completed"":1,""outcomes"":[],""sameWorker"":false}","{""collision"":{""status"":""PASS"",""violations"":0,""checkedPlacements"":12,""scope"":""직육면체 기하·관측 규격 공통 검사"",""reason"":""확정 배치와 최종 적재 상태 검사""},""bounds"":{""status"":""PASS"",""violations"":0,""checkedPlacements"":12,""scope"":""직육면체 기하·관측 규격 공통 검사"",""reason"":""확정 배치와 최종 적재 상태 검사""},""height"":{""status"":""PASS"",""violations"":0,""checkedPlacements"":12,""scope"":""직육면체 기하·관측 규격 공통 검사"",""reason"":""확정 배치와 최종 적재 상태 검사""},""orientation"":{""status"":""PASS"",""violations"":0,""checkedPlacements"":12,""scope"":""직육면체 기하·관측 규격 공통 검사"",""reason"":""확정 배치와 최종 적재 상태 검사""},""load"":{""status"":""PASS"",""violations"":0,""checkedPlacements"":12,""scope"":""입력된 허용 상부하중 · 누적 정적 반력"",""reason"":""입력값 범위의 정적 검사. 실측 재료 인증 아님""},""support"":{""status"":""PASS"",""violations"":0,""checkedPlacements"":12,""scope"":""접촉·합력 작용점·정적 평형"",""reason"":""설정된 지지율·전도 여유 검사. 동적 붕괴·굽힘 파손 미검증""},""payload"":{""status"":""PASS"",""violations"":0,""checkedPlacements"":12,""scope"":""입력 가반하중 · 박스+그리퍼 질량"",""reason"":""사용자가 설정한 가반하중 한계 검사""},""robotCollision"":{""status"":""NOT VERIFIED"",""violations"":0,""checkedPlacements"":12,""scope"":""TCP·그리퍼 스윕 근사만 수행"",""reason"":""전체 로봇 링크 충돌 미검증""},""approach"":{""status"":""NOT VERIFIED"",""violations"":0,""checkedPlacements"":12,""scope"":""TCP·그리퍼 스윕 근사만 수행"",""reason"":""실제 관절 한계·역기구학·접근 자세 미검증""},""sequence"":{""status"":""NOT VERIFIED"",""violations"":0,""checkedPlacements"":12,""scope"":""TCP·그리퍼 스윕 근사만 수행"",""reason"":""실제 파지·관절 궤적·전 과정 실행 미검증""}}","16.071428571428573","100","12","0","0","940000000","400","","","","150","100.77822185373186","100","100","20.55555555555556","95","0.625","0","0","","6.98659166667009","15.345100000005914","15.039520000010087","15.283984000006749","83.83910000004107","100","100.37583405928804","49.64429213853723","430.38247606972277","419","3.486000000004424","","","","","","100","0","0","","","100","","","","","","",""
"random","online","identical","46","4","00eb3e17","complete","","explicit","proxy","{}","{""bounds"":32,""support"":286}","adapter-1.0 / planners-f6ec11d4259a","2.0.0","{""requested"":1,""completed"":1,""outcomes"":[],""sameWorker"":false}","{""collision"":{""status"":""PASS"",""violations"":0,""checkedPlacements"":12,""scope"":""직육면체 기하·관측 규격 공통 검사"",""reason"":""확정 배치와 최종 적재 상태 검사""},""bounds"":{""status"":""PASS"",""violations"":0,""checkedPlacements"":12,""scope"":""직육면체 기하·관측 규격 공통 검사"",""reason"":""확정 배치와 최종 적재 상태 검사""},""height"":{""status"":""PASS"",""violations"":0,""checkedPlacements"":12,""scope"":""직육면체 기하·관측 규격 공통 검사"",""reason"":""확정 배치와 최종 적재 상태 검사""},""orientation"":{""status"":""PASS"",""violations"":0,""checkedPlacements"":12,""scope"":""직육면체 기하·관측 규격 공통 검사"",""reason"":""확정 배치와 최종 적재 상태 검사""},""load"":{""status"":""PASS"",""violations"":0,""checkedPlacements"":12,""scope"":""입력된 허용 상부하중 · 누적 정적 반력"",""reason"":""입력값 범위의 정적 검사. 실측 재료 인증 아님""},""support"":{""status"":""PASS"",""violations"":0,""checkedPlacements"":12,""scope"":""접촉·합력 작용점·정적 평형"",""reason"":""설정된 지지율·전도 여유 검사. 동적 붕괴·굽힘 파손 미검증""},""payload"":{""status"":""PASS"",""violations"":0,""checkedPlacements"":12,""scope"":""입력 가반하중 · 박스+그리퍼 질량"",""reason"":""사용자가 설정한 가반하중 한계 검사""},""robotCollision"":{""status"":""NOT VERIFIED"",""violations"":0,""checkedPlacements"":12,""scope"":""TCP·그리퍼 스윕 근사만 수행"",""reason"":""전체 로봇 링크 충돌 미검증""},""approach"":{""status"":""NOT VERIFIED"",""violations"":0,""checkedPlacements"":12,""scope"":""TCP·그리퍼 스윕 근사만 수행"",""reason"":""실제 관절 한계·역기구학·접근 자세 미검증""},""sequence"":{""status"":""NOT VERIFIED"",""violations"":0,""checkedPlacements"":12,""scope"":""TCP·그리퍼 스윕 근사만 수행"",""reason"":""실제 파지·관절 궤적·전 과정 실행 미검증""}}","16.071428571428573","100","12","0","0","940000000","600","","","","200","124.61747023948483","99.44444444444444","96.66666666666667","28.904249518701814","75.52340281728749","0.4197395608011792","0","0","","6.397716666671234","9.235699999990175","9.12515000000567","9.213589999993273","76.77260000005481","100","107.48338853642021","49.71420254867314","401.9225722992711","529","2.6019000000087544","","","","","","100","0","0","","","100","","","","","","",""
"bl","online","identical","46","4","00eb3e17","complete","","explicit","proxy","{}","{""bounds"":55,""support"":131}","adapter-1.0 / planners-f6ec11d4259a","2.0.0","{""requested"":1,""completed"":1,""outcomes"":[],""sameWorker"":false}","{""collision"":{""status"":""PASS"",""violations"":0,""checkedPlacements"":12,""scope"":""직육면체 기하·관측 규격 공통 검사"",""reason"":""확정 배치와 최종 적재 상태 검사""},""bounds"":{""status"":""PASS"",""violations"":0,""checkedPlacements"":12,""scope"":""직육면체 기하·관측 규격 공통 검사"",""reason"":""확정 배치와 최종 적재 상태 검사""},""height"":{""status"":""PASS"",""violations"":0,""checkedPlacements"":12,""scope"":""직육면체 기하·관측 규격 공통 검사"",""reason"":""확정 배치와 최종 적재 상태 검사""},""orientation"":{""status"":""PASS"",""violations"":0,""checkedPlacements"":12,""scope"":""직육면체 기하·관측 규격 공통 검사"",""reason"":""확정 배치와 최종 적재 상태 검사""},""load"":{""status"":""PASS"",""violations"":0,""checkedPlacements"":12,""scope"":""입력된 허용 상부하중 · 누적 정적 반력"",""reason"":""입력값 범위의 정적 검사. 실측 재료 인증 아님""},""support"":{""status"":""PASS"",""violations"":0,""checkedPlacements"":12,""scope"":""접촉·합력 작용점·정적 평형"",""reason"":""설정된 지지율·전도 여유 검사. 동적 붕괴·굽힘 파손 미검증""},""payload"":{""status"":""PASS"",""violations"":0,""checkedPlacements"":12,""scope"":""입력 가반하중 · 박스+그리퍼 질량"",""reason"":""사용자가 설정한 가반하중 한계 검사""},""robotCollision"":{""status"":""NOT VERIFIED"",""violations"":0,""checkedPlacements"":12,""scope"":""TCP·그리퍼 스윕 근사만 수행"",""reason"":""전체 로봇 링크 충돌 미검증""},""approach"":{""status"":""NOT VERIFIED"",""violations"":0,""checkedPlacements"":12,""scope"":""TCP·그리퍼 스윕 근사만 수행"",""reason"":""실제 관절 한계·역기구학·접근 자세 미검증""},""sequence"":{""status"":""NOT VERIFIED"",""violations"":0,""checkedPlacements"":12,""scope"":""TCP·그리퍼 스윕 근사만 수행"",""reason"":""실제 파지·관절 궤적·전 과정 실행 미검증""}}","16.071428571428573","100","12","0","0","940000000","400","","","","150","100.77822185373186","100","100","20.55555555555556","95","0.625","0","0","","11.833458333331995","22.065499999996973","20.68774999999441","21.789949999996463","142.00149999998393","100","100.37583405928807","49.64429213853723","430.38247606972266","533","3.125","","","","","","100","0","0","","","100","","","","","","",""
"greedy","online","random","46","4","4b4b5304","complete","","explicit","proxy","{}","{""support"":294,""robot-path"":20,""load"":184}","adapter-1.0 / planners-f6ec11d4259a","2.0.0","{""requested"":1,""completed"":1,""outcomes"":[],""sameWorker"":false}","{""collision"":{""status"":""PASS"",""violations"":0,""checkedPlacements"":18,""scope"":""직육면체 기하·관측 규격 공통 검사"",""reason"":""확정 배치와 최종 적재 상태 검사""},""bounds"":{""status"":""PASS"",""violations"":0,""checkedPlacements"":18,""scope"":""직육면체 기하·관측 규격 공통 검사"",""reason"":""확정 배치와 최종 적재 상태 검사""},""height"":{""status"":""PASS"",""violations"":0,""checkedPlacements"":18,""scope"":""직육면체 기하·관측 규격 공통 검사"",""reason"":""확정 배치와 최종 적재 상태 검사""},""orientation"":{""status"":""PASS"",""violations"":0,""checkedPlacements"":18,""scope"":""직육면체 기하·관측 규격 공통 검사"",""reason"":""확정 배치와 최종 적재 상태 검사""},""load"":{""status"":""PASS"",""violations"":0,""checkedPlacements"":18,""scope"":""입력된 허용 상부하중 · 누적 정적 반력"",""reason"":""입력값 범위의 정적 검사. 실측 재료 인증 아님""},""support"":{""status"":""PASS"",""violations"":0,""checkedPlacements"":18,""scope"":""접촉·합력 작용점·정적 평형"",""reason"":""설정된 지지율·전도 여유 검사. 동적 붕괴·굽힘 파손 미검증""},""payload"":{""status"":""PASS"",""violations"":0,""checkedPlacements"":18,""scope"":""입력 가반하중 · 박스+그리퍼 질량"",""reason"":""사용자가 설정한 가반하중 한계 검사""},""robotCollision"":{""status"":""NOT VERIFIED"",""violations"":0,""checkedPlacements"":18,""scope"":""TCP·그리퍼 스윕 근사만 수행"",""reason"":""전체 로봇 링크 충돌 미검증""},""approach"":{""status"":""NOT VERIFIED"",""violations"":0,""checkedPlacements"":18,""scope"":""TCP·그리퍼 스윕 근사만 수행"",""reason"":""실제 관절 한계·역기구학·접근 자세 미검증""},""sequence"":{""status"":""NOT VERIFIED"",""violations"":0,""checkedPlacements"":18,""scope"":""TCP·그리퍼 스윕 근사만 수행"",""reason"":""실제 파지·관절 궤적·전 과정 실행 미검증""}}","28.350912321428574","100","18","0","0","802469782","796","","","","279.1666666666667","121.4924564779113","99.87543597409068","97.75784753363229","20.0548804653756","52.45","0.41321044546851","0","0","","132.30751111111508","351.71390000000247","331.0985949999929","347.5908390000005","2381.535200000071","100","183.80548001360347","88.27356200884223","352.5466161030898","826","7.350899999990361","28.350912321428574","100","100","","","100","0","0","","","100","","","","","","",""
"rollout","online","random","46","4","4b4b5304","partial","누적 무게중심 정적 평형 불가 / SUPPORT: 지지 조건 미달 26.7% / 필요 95.0% / 무게 규칙 위반 / SUPPORT: 지지 조건 미달 18.7% / 필요 95.0% / SUPPORT: 지지 조건 미달 26.9% / 필요 95.0% / SUPPORT: 지지 조건 미달 18.8% / 필요 95.0% / SUPPORT: 지지 조건 미달 30.2% / 필요 95.0% / 재질 허용 지지하중 초과 / SUPPORT: 지지 조건 미달 44.6% / 필요 95.0% / SUPPORT: 지지 조건 미달 42.4% / 필요 95.0% / SUPPORT: 지지 조건 미달 30.3% / 필요 95.0% / SUPPORT: 지지 조건 미달 30.4% / 필요 95.0% / SUPPORT: 지지 조건 미달 54.0% / 필요 95.0% / SUPPORT: 지지 조건 미달 51.3% / 필요 95.0% / SUPPORT: 지지 조건 미달 36.6% / 필요 95.0% / SUPPORT: 지지 조건 미달 55.5% / 필요 95.0% / SUPPORT: 지지 조건 미달 52.7% / 필요 95.0% / SUPPORT: 지지 조건 미달 37.7% / 필요 95.0% / SUPPORT: 지지 조건 미달 56.9% / 필요 95.0% / SUPPORT: 지지 조건 미달 38.6% / 필요 95.0% / SUPPORT: 지지 조건 미달 40.8% / 필요 95.0% / SUPPORT: 지지 조건 미달 38.7% / 필요 95.0% / SUPPORT: 지지 조건 미달 27.7% / 필요 95.0% / SUPPORT: 지지 조건 미달 28.9% / 필요 95.0% / SUPPORT: 지지 조건 미달 20.6% / 필요 95.0% / SUPPORT: 지지 조건 미달 20.9% / 필요 95.0% / SUPPORT: 지지 조건 미달 19.8% / 필요 95.0% / SUPPORT: 지지 조건 미달 14.2% / 필요 95.0% / SUPPORT: 지지 조건 미달 63.6% / 필요 95.0% / SUPPORT: 지지 조건 미달 42.7% / 필요 95.0% / SUPPORT: 지지 조건 미달 17.3% / 필요 95.0% / SUPPORT: 지지 조건 미달 8.7% / 필요 95.0% / SUPPORT: 지지 조건 미달 64.1% / 필요 95.0% / SUPPORT: 지지 조건 미달 43.1% / 필요 95.0% / SUPPORT: 지지 조건 미달 17.4% / 필요 95.0% / SUPPORT: 지지 조건 미달 8.8% / 필요 95.0% / SUPPORT: 지지 조건 미달 4.2% / 필요 95.0%","explicit","proxy","{}","{""robot-path"":9,""support"":165,""load"":143,""bounds"":4,""protocol"":4}","adapter-1.0 / planners-f6ec11d4259a","2.0.0","{""requested"":1,""completed"":1,""outcomes"":[],""sameWorker"":false}","{""collision"":{""status"":""PASS"",""violations"":0,""checkedPlacements"":8,""scope"":""직육면체 기하·관측 규격 공통 검사"",""reason"":""확정 배치와 최종 적재 상태 검사""},""bounds"":{""status"":""PASS"",""violations"":0,""checkedPlacements"":8,""scope"":""직육면체 기하·관측 규격 공통 검사"",""reason"":""확정 배치와 최종 적재 상태 검사""},""height"":{""status"":""PASS"",""violations"":0,""checkedPlacements"":8,""scope"":""직육면체 기하·관측 규격 공통 검사"",""reason"":""확정 배치와 최종 적재 상태 검사""},""orientation"":{""status"":""PASS"",""violations"":0,""checkedPlacements"":8,""scope"":""직육면체 기하·관측 규격 공통 검사"",""reason"":""확정 배치와 최종 적재 상태 검사""},""load"":{""status"":""PASS"",""violations"":0,""checkedPlacements"":8,""scope"":""입력된 허용 상부하중 · 누적 정적 반력"",""reason"":""입력값 범위의 정적 검사. 실측 재료 인증 아님""},""support"":{""status"":""PASS"",""violations"":0,""checkedPlacements"":8,""scope"":""접촉·합력 작용점·정적 평형"",""reason"":""설정된 지지율·전도 여유 검사. 동적 붕괴·굽힘 파손 미검증""},""payload"":{""status"":""PASS"",""violations"":0,""checkedPlacements"":8,""scope"":""입력 가반하중 · 박스+그리퍼 질량"",""reason"":""사용자가 설정한 가반하중 한계 검사""},""robotCollision"":{""status"":""NOT VERIFIED"",""violations"":0,""checkedPlacements"":8,""scope"":""TCP·그리퍼 스윕 근사만 수행"",""reason"":""전체 로봇 링크 충돌 미검증""},""approach"":{""status"":""NOT VERIFIED"",""violations"":0,""checkedPlacements"":8,""scope"":""TCP·그리퍼 스윕 근사만 수행"",""reason"":""실제 관절 한계·역기구학·접근 자세 미검증""},""sequence"":{""status"":""NOT VERIFIED"",""violations"":0,""checkedPlacements"":8,""scope"":""TCP·그리퍼 스윕 근사만 수행"",""reason"":""실제 파지·관절 궤적·전 과정 실행 미검증""}}","13.359860892857142","44.44444444444444","8","10","0.167899776","970369558","434","","","","165.44736842105263","84.33262438616023","100","100","23.486407323118126","57.2","0.619815668202765","0","0","","312.8913999999964","656.7021999999997","554.2168799999984","636.2051359999995","2816.0225999999675","88.88888888888889","77.41442781973916","34.069378082830454","372.023675832899","394","1.9380999999993946","13.359860892857142","0","44.44444444444444","","","100","0","0","","","0","","","","","","",""
"strategy-greedy","online","random","46","4","4b4b5304","partial","누적 무게중심 정적 평형 불가 / SUPPORT: 지지 조건 미달 8.8% / 필요 95.0% / SUPPORT: 지지 조건 미달 8.3% / 필요 95.0% / SUPPORT: 지지 조건 미달 9.5% / 필요 95.0% / SUPPORT: 지지 조건 미달 9.0% / 필요 95.0% / SUPPORT: 지지 조건 미달 10.6% / 필요 95.0% / SUPPORT: 지지 조건 미달 10.0% / 필요 95.0% / SUPPORT: 지지 조건 미달 11.0% / 필요 95.0% / SUPPORT: 지지 조건 미달 10.4% / 필요 95.0% / SUPPORT: 지지 조건 미달 12.9% / 필요 95.0% / SUPPORT: 지지 조건 미달 12.3% / 필요 95.0% / SUPPORT: 지지 조건 미달 12.6% / 필요 95.0% / SUPPORT: 지지 조건 미달 11.9% / 필요 95.0% / SUPPORT: 지지 조건 미달 9.4% / 필요 95.0% / SUPPORT: 지지 조건 미달 8.9% / 필요 95.0% / SUPPORT: 지지 조건 미달 43.6% / 필요 95.0% / 무게 규칙 위반 / SUPPORT: 지지 조건 미달 43.1% / 필요 95.0% / SUPPORT: 지지 조건 미달 47.1% / 필요 95.0% / SUPPORT: 지지 조건 미달 46.5% / 필요 95.0% / SUPPORT: 지지 조건 미달 45.3% / 필요 95.0% / SUPPORT: 지지 조건 미달 44.8% / 필요 95.0% / SUPPORT: 지지 조건 미달 37.4% / 필요 95.0% / SUPPORT: 지지 조건 미달 37.0% / 필요 95.0% / SUPPORT: 지지 조건 미달 29.4% / 필요 95.0% / SUPPORT: 지지 조건 미달 29.1% / 필요 95.0% / SUPPORT: 지지 조건 미달 26.4% / 필요 95.0% / SUPPORT: 지지 조건 미달 26.1% / 필요 95.0% / SUPPORT: 지지 조건 미달 51.9% / 필요 95.0% / SUPPORT: 지지 조건 미달 9.2% / 필요 95.0% / SUPPORT: 지지 조건 미달 18.8% / 필요 95.0% / SUPPORT: 지지 조건 미달 18.2% / 필요 95.0% / SUPPORT: 지지 조건 미달 20.3% / 필요 95.0% / SUPPORT: 지지 조건 미달 33.6% / 필요 95.0% / SUPPORT: 지지 조건 미달 39.2% / 필요 95.0%","explicit","proxy","{}","{""support"":160,""load"":76,""robot-path"":20}","adapter-1.0 / planners-f6ec11d4259a","2.0.0","{""requested"":1,""completed"":1,""outcomes"":[],""sameWorker"":false}","{""collision"":{""status"":""PASS"",""violations"":0,""checkedPlacements"":7,""scope"":""직육면체 기하·관측 규격 공통 검사"",""reason"":""확정 배치와 최종 적재 상태 검사""},""bounds"":{""status"":""PASS"",""violations"":0,""checkedPlacements"":7,""scope"":""직육면체 기하·관측 규격 공통 검사"",""reason"":""확정 배치와 최종 적재 상태 검사""},""height"":{""status"":""PASS"",""violations"":0,""checkedPlacements"":7,""scope"":""직육면체 기하·관측 규격 공통 검사"",""reason"":""확정 배치와 최종 적재 상태 검사""},""orientation"":{""status"":""PASS"",""violations"":0,""checkedPlacements"":7,""scope"":""직육면체 기하·관측 규격 공통 검사"",""reason"":""확정 배치와 최종 적재 상태 검사""},""load"":{""status"":""PASS"",""violations"":0,""checkedPlacements"":7,""scope"":""입력된 허용 상부하중 · 누적 정적 반력"",""reason"":""입력값 범위의 정적 검사. 실측 재료 인증 아님""},""support"":{""status"":""PASS"",""violations"":0,""checkedPlacements"":7,""scope"":""접촉·합력 작용점·정적 평형"",""reason"":""설정된 지지율·전도 여유 검사. 동적 붕괴·굽힘 파손 미검증""},""payload"":{""status"":""PASS"",""violations"":0,""checkedPlacements"":7,""scope"":""입력 가반하중 · 박스+그리퍼 질량"",""reason"":""사용자가 설정한 가반하중 한계 검사""},""robotCollision"":{""status"":""NOT VERIFIED"",""violations"":0,""checkedPlacements"":7,""scope"":""TCP·그리퍼 스윕 근사만 수행"",""reason"":""전체 로봇 링크 충돌 미검증""},""approach"":{""status"":""NOT VERIFIED"",""violations"":0,""checkedPlacements"":7,""scope"":""TCP·그리퍼 스윕 근사만 수행"",""reason"":""실제 관절 한계·역기구학·접근 자세 미검증""},""sequence"":{""status"":""NOT VERIFIED"",""violations"":0,""checkedPlacements"":7,""scope"":""TCP·그리퍼 스윕 근사만 수행"",""reason"":""실제 파지·관절 궤적·전 과정 실행 미검증""}}","10.31354544642857","38.888888888888886","7","11","0.202018509","1004488291","627","","","","200.98888888888888","23.23663826857685","100","100","2.748282775642556","57.2","0.619815668202765","0","0","","7.647312500001135","12.92269999999553","11.833009999994827","12.70476199999539","61.17850000000908","87.5","72.27297649515607","33.327434721851446","348.6780429153761","346","1.3081000000238419","10.31354544642857","0","38.888888888888886","","","100","0","0","","","0","","","","","","",""
"macs","online","random","46","4","4b4b5304","partial","누적 무게중심 정적 평형 불가 / SUPPORT: 지지 조건 미달 8.8% / 필요 95.0% / SUPPORT: 지지 조건 미달 8.3% / 필요 95.0% / SUPPORT: 지지 조건 미달 9.5% / 필요 95.0% / SUPPORT: 지지 조건 미달 9.0% / 필요 95.0% / SUPPORT: 지지 조건 미달 10.6% / 필요 95.0% / SUPPORT: 지지 조건 미달 10.0% / 필요 95.0% / SUPPORT: 지지 조건 미달 11.0% / 필요 95.0% / SUPPORT: 지지 조건 미달 10.4% / 필요 95.0% / SUPPORT: 지지 조건 미달 12.9% / 필요 95.0% / SUPPORT: 지지 조건 미달 12.3% / 필요 95.0% / SUPPORT: 지지 조건 미달 12.6% / 필요 95.0% / SUPPORT: 지지 조건 미달 11.9% / 필요 95.0% / SUPPORT: 지지 조건 미달 9.4% / 필요 95.0% / SUPPORT: 지지 조건 미달 8.9% / 필요 95.0% / SUPPORT: 지지 조건 미달 43.6% / 필요 95.0% / 무게 규칙 위반 / SUPPORT: 지지 조건 미달 43.1% / 필요 95.0% / SUPPORT: 지지 조건 미달 47.1% / 필요 95.0% / SUPPORT: 지지 조건 미달 46.5% / 필요 95.0% / SUPPORT: 지지 조건 미달 45.3% / 필요 95.0% / SUPPORT: 지지 조건 미달 44.8% / 필요 95.0% / SUPPORT: 지지 조건 미달 37.4% / 필요 95.0% / SUPPORT: 지지 조건 미달 37.0% / 필요 95.0% / SUPPORT: 지지 조건 미달 29.4% / 필요 95.0% / SUPPORT: 지지 조건 미달 29.1% / 필요 95.0% / SUPPORT: 지지 조건 미달 26.4% / 필요 95.0% / SUPPORT: 지지 조건 미달 26.1% / 필요 95.0% / SUPPORT: 지지 조건 미달 51.9% / 필요 95.0% / SUPPORT: 지지 조건 미달 9.2% / 필요 95.0% / SUPPORT: 지지 조건 미달 18.8% / 필요 95.0% / SUPPORT: 지지 조건 미달 18.2% / 필요 95.0% / SUPPORT: 지지 조건 미달 20.3% / 필요 95.0% / SUPPORT: 지지 조건 미달 33.6% / 필요 95.0% / SUPPORT: 지지 조건 미달 39.2% / 필요 95.0%","explicit","proxy","{}","{""support"":160,""load"":76,""robot-path"":20}","adapter-1.0 / planners-f6ec11d4259a","2.0.0","{""requested"":1,""completed"":1,""outcomes"":[],""sameWorker"":false}","{""collision"":{""status"":""PASS"",""violations"":0,""checkedPlacements"":7,""scope"":""직육면체 기하·관측 규격 공통 검사"",""reason"":""확정 배치와 최종 적재 상태 검사""},""bounds"":{""status"":""PASS"",""violations"":0,""checkedPlacements"":7,""scope"":""직육면체 기하·관측 규격 공통 검사"",""reason"":""확정 배치와 최종 적재 상태 검사""},""height"":{""status"":""PASS"",""violations"":0,""checkedPlacements"":7,""scope"":""직육면체 기하·관측 규격 공통 검사"",""reason"":""확정 배치와 최종 적재 상태 검사""},""orientation"":{""status"":""PASS"",""violations"":0,""checkedPlacements"":7,""scope"":""직육면체 기하·관측 규격 공통 검사"",""reason"":""확정 배치와 최종 적재 상태 검사""},""load"":{""status"":""PASS"",""violations"":0,""checkedPlacements"":7,""scope"":""입력된 허용 상부하중 · 누적 정적 반력"",""reason"":""입력값 범위의 정적 검사. 실측 재료 인증 아님""},""support"":{""status"":""PASS"",""violations"":0,""checkedPlacements"":7,""scope"":""접촉·합력 작용점·정적 평형"",""reason"":""설정된 지지율·전도 여유 검사. 동적 붕괴·굽힘 파손 미검증""},""payload"":{""status"":""PASS"",""violations"":0,""checkedPlacements"":7,""scope"":""입력 가반하중 · 박스+그리퍼 질량"",""reason"":""사용자가 설정한 가반하중 한계 검사""},""robotCollision"":{""status"":""NOT VERIFIED"",""violations"":0,""checkedPlacements"":7,""scope"":""TCP·그리퍼 스윕 근사만 수행"",""reason"":""전체 로봇 링크 충돌 미검증""},""approach"":{""status"":""NOT VERIFIED"",""violations"":0,""checkedPlacements"":7,""scope"":""TCP·그리퍼 스윕 근사만 수행"",""reason"":""실제 관절 한계·역기구학·접근 자세 미검증""},""sequence"":{""status"":""NOT VERIFIED"",""violations"":0,""checkedPlacements"":7,""scope"":""TCP·그리퍼 스윕 근사만 수행"",""reason"":""실제 파지·관절 궤적·전 과정 실행 미검증""}}","10.31354544642857","38.888888888888886","7","11","0.202018509","1004488291","627","","","","200.98888888888888","23.23663826857685","100","100","2.748282775642556","57.2","0.619815668202765","0","0","","9.631024999991496","19.236999999993714","16.83830999999627","18.757261999994224","77.04819999993197","87.5","72.27297649515607","33.327434721851446","348.6780429153761","346","1.5256000000226777","10.31354544642857","0","38.888888888888886","","","100","0","0","","","0","","","","","","",""
"tetris-reserved","online","random","46","4","4b4b5304","partial","무게 규칙 위반 / SUPPORT: 지지 조건 미달 87.1% / 필요 95.0% / SUPPORT: 지지 조건 미달 93.8% / 필요 95.0% / SUPPORT: 지지 조건 미달 80.8% / 필요 95.0% / SUPPORT: 지지 조건 미달 85.2% / 필요 95.0% / SUPPORT: 지지 조건 미달 74.3% / 필요 95.0% / 누적 무게중심 정적 평형 불가 / SUPPORT: 지지 조건 미달 25.7% / 필요 95.0% / SUPPORT: 지지 조건 미달 6.8% / 필요 95.0% / SUPPORT: 지지 조건 미달 34.0% / 필요 95.0% / SUPPORT: 지지 조건 미달 9.0% / 필요 95.0% / SUPPORT: 지지 조건 미달 38.4% / 필요 95.0% / SUPPORT: 지지 조건 미달 10.2% / 필요 95.0% / SUPPORT: 지지 조건 미달 18.5% / 필요 95.0% / SUPPORT: 지지 조건 미달 24.5% / 필요 95.0% / SUPPORT: 지지 조건 미달 27.7% / 필요 95.0% / SUPPORT: 지지 조건 미달 41.5% / 필요 95.0% / SUPPORT: 지지 조건 미달 60.5% / 필요 95.0% / SUPPORT: 지지 조건 미달 29.9% / 필요 95.0% / SUPPORT: 지지 조건 미달 16.1% / 필요 95.0%","explicit","proxy","{}","{""robot-path"":11,""support"":140,""load"":109}","adapter-1.0 / planners-f6ec11d4259a","2.0.0","{""requested"":1,""completed"":1,""outcomes"":[],""sameWorker"":false}","{""collision"":{""status"":""PASS"",""violations"":0,""checkedPlacements"":8,""scope"":""직육면체 기하·관측 규격 공통 검사"",""reason"":""확정 배치와 최종 적재 상태 검사""},""bounds"":{""status"":""PASS"",""violations"":0,""checkedPlacements"":8,""scope"":""직육면체 기하·관측 규격 공통 검사"",""reason"":""확정 배치와 최종 적재 상태 검사""},""height"":{""status"":""PASS"",""violations"":0,""checkedPlacements"":8,""scope"":""직육면체 기하·관측 규격 공통 검사"",""reason"":""확정 배치와 최종 적재 상태 검사""},""orientation"":{""status"":""PASS"",""violations"":0,""checkedPlacements"":8,""scope"":""직육면체 기하·관측 규격 공통 검사"",""reason"":""확정 배치와 최종 적재 상태 검사""},""load"":{""status"":""PASS"",""violations"":0,""checkedPlacements"":8,""scope"":""입력된 허용 상부하중 · 누적 정적 반력"",""reason"":""입력값 범위의 정적 검사. 실측 재료 인증 아님""},""support"":{""status"":""PASS"",""violations"":0,""checkedPlacements"":8,""scope"":""접촉·합력 작용점·정적 평형"",""reason"":""설정된 지지율·전도 여유 검사. 동적 붕괴·굽힘 파손 미검증""},""payload"":{""status"":""PASS"",""violations"":0,""checkedPlacements"":8,""scope"":""입력 가반하중 · 박스+그리퍼 질량"",""reason"":""사용자가 설정한 가반하중 한계 검사""},""robotCollision"":{""status"":""NOT VERIFIED"",""violations"":0,""checkedPlacements"":8,""scope"":""TCP·그리퍼 스윕 근사만 수행"",""reason"":""전체 로봇 링크 충돌 미검증""},""approach"":{""status"":""NOT VERIFIED"",""violations"":0,""checkedPlacements"":8,""scope"":""TCP·그리퍼 스윕 근사만 수행"",""reason"":""실제 관절 한계·역기구학·접근 자세 미검증""},""sequence"":{""status"":""NOT VERIFIED"",""violations"":0,""checkedPlacements"":8,""scope"":""TCP·그리퍼 스윕 근사만 수행"",""reason"":""실제 파지·관절 궤적·전 과정 실행 미검증""}}","13.359860892857142","44.44444444444444","8","10","0.167899776","970369558","434","","","","124.8157894736842","30.116182639171377","100","100","14.844997752310206","57.2","0.619815668202765","0","0","","100.90413333332981","187.04769999999553","185.6518199999933","186.7685239999951","908.1371999999683","88.88888888888889","76.20889791402189","36.53578364411423","377.9086273166143","394","2.1669999999867287","13.359860892857142","0","44.44444444444444","","","100","0","0","","","0","","","","","","",""
"dynamic-reservation","online","random","46","4","4b4b5304","partial","무게 규칙 위반 / 누적 무게중심 정적 평형 불가 / SUPPORT: 지지 조건 미달 27.6% / 필요 95.0% / SUPPORT: 지지 조건 미달 29.8% / 필요 95.0% / SUPPORT: 지지 조건 미달 31.2% / 필요 95.0% / SUPPORT: 지지 조건 미달 36.3% / 필요 95.0% / SUPPORT: 지지 조건 미달 38.3% / 필요 95.0% / SUPPORT: 지지 조건 미달 43.1% / 필요 95.0% / SUPPORT: 지지 조건 미달 57.6% / 필요 95.0% / SUPPORT: 지지 조건 미달 42.8% / 필요 95.0% / SUPPORT: 지지 조건 미달 42.0% / 필요 95.0% / SUPPORT: 지지 조건 미달 39.2% / 필요 95.0% / SUPPORT: 지지 조건 미달 56.4% / 필요 95.0% / SUPPORT: 지지 조건 미달 28.9% / 필요 95.0% / SUPPORT: 지지 조건 미달 54.3% / 필요 95.0% / SUPPORT: 지지 조건 미달 6.7% / 필요 95.0% / SUPPORT: 지지 조건 미달 5.6% / 필요 95.0% / SUPPORT: 지지 조건 미달 24.9% / 필요 95.0% / SUPPORT: 지지 조건 미달 28.0% / 필요 95.0% / SUPPORT: 지지 조건 미달 31.7% / 필요 95.0% / SUPPORT: 지지 조건 미달 43.7% / 필요 95.0% / SUPPORT: 지지 조건 미달 43.4% / 필요 95.0% / SUPPORT: 지지 조건 미달 42.6% / 필요 95.0% / SUPPORT: 지지 조건 미달 39.7% / 필요 95.0% / SUPPORT: 지지 조건 미달 29.4% / 필요 95.0% / SUPPORT: 지지 조건 미달 6.8% / 필요 95.0% / SUPPORT: 지지 조건 미달 5.7% / 필요 95.0% / SUPPORT: 지지 조건 미달 30.4% / 필요 95.0% / SUPPORT: 지지 조건 미달 37.0% / 필요 95.0% / SUPPORT: 지지 조건 미달 39.1% / 필요 95.0% / SUPPORT: 지지 조건 미달 58.8% / 필요 95.0%","explicit","proxy","{}","{""support"":117,""load"":86,""robot-path"":10}","adapter-1.0 / planners-f6ec11d4259a","2.0.0","{""requested"":1,""completed"":1,""outcomes"":[],""sameWorker"":false}","{""collision"":{""status"":""PASS"",""violations"":0,""checkedPlacements"":8,""scope"":""직육면체 기하·관측 규격 공통 검사"",""reason"":""확정 배치와 최종 적재 상태 검사""},""bounds"":{""status"":""PASS"",""violations"":0,""checkedPlacements"":8,""scope"":""직육면체 기하·관측 규격 공통 검사"",""reason"":""확정 배치와 최종 적재 상태 검사""},""height"":{""status"":""PASS"",""violations"":0,""checkedPlacements"":8,""scope"":""직육면체 기하·관측 규격 공통 검사"",""reason"":""확정 배치와 최종 적재 상태 검사""},""orientation"":{""status"":""PASS"",""violations"":0,""checkedPlacements"":8,""scope"":""직육면체 기하·관측 규격 공통 검사"",""reason"":""확정 배치와 최종 적재 상태 검사""},""load"":{""status"":""PASS"",""violations"":0,""checkedPlacements"":8,""scope"":""입력된 허용 상부하중 · 누적 정적 반력"",""reason"":""입력값 범위의 정적 검사. 실측 재료 인증 아님""},""support"":{""status"":""PASS"",""violations"":0,""checkedPlacements"":8,""scope"":""접촉·합력 작용점·정적 평형"",""reason"":""설정된 지지율·전도 여유 검사. 동적 붕괴·굽힘 파손 미검증""},""payload"":{""status"":""PASS"",""violations"":0,""checkedPlacements"":8,""scope"":""입력 가반하중 · 박스+그리퍼 질량"",""reason"":""사용자가 설정한 가반하중 한계 검사""},""robotCollision"":{""status"":""NOT VERIFIED"",""violations"":0,""checkedPlacements"":8,""scope"":""TCP·그리퍼 스윕 근사만 수행"",""reason"":""전체 로봇 링크 충돌 미검증""},""approach"":{""status"":""NOT VERIFIED"",""violations"":0,""checkedPlacements"":8,""scope"":""TCP·그리퍼 스윕 근사만 수행"",""reason"":""실제 관절 한계·역기구학·접근 자세 미검증""},""sequence"":{""status"":""NOT VERIFIED"",""violations"":0,""checkedPlacements"":8,""scope"":""TCP·그리퍼 스윕 근사만 수행"",""reason"":""실제 파지·관절 궤적·전 과정 실행 미검증""}}","13.359860892857142","44.44444444444444","8","10","0.167899776","970369558","627","","","","189.359649122807","97.17645451336575","100","100","24.58858894133004","57.2","0.619815668202765","0","0","","230.23842222221558","543.4737000000023","510.2810999999929","536.8351800000004","2072.14579999994","88.88888888888889","76.99931888878426","37.69955727770977","374.0292825394721","394","2.0513999999966472","13.359860892857142","0","44.44444444444444","","","100","0","0","","","0","","","","","","",""
"lookahead","online","random","46","4","4b4b5304","partial","누적 무게중심 정적 평형 불가 / SUPPORT: 지지 조건 미달 28.1% / 필요 95.0% / 무게 규칙 위반 / SUPPORT: 지지 조건 미달 32.1% / 필요 95.0% / SUPPORT: 지지 조건 미달 40.8% / 필요 95.0% / SUPPORT: 지지 조건 미달 51.9% / 필요 95.0% / SUPPORT: 지지 조건 미달 50.3% / 필요 95.0% / SUPPORT: 지지 조건 미달 22.3% / 필요 95.0% / SUPPORT: 지지 조건 미달 21.7% / 필요 95.0% / SUPPORT: 지지 조건 미달 14.4% / 필요 95.0% / SUPPORT: 지지 조건 미달 13.4% / 필요 95.0% / SUPPORT: 지지 조건 미달 9.2% / 필요 95.0% / SUPPORT: 지지 조건 미달 11.3% / 필요 95.0% / SUPPORT: 지지 조건 미달 3.7% / 필요 95.0% / SUPPORT: 지지 조건 미달 20.3% / 필요 95.0%","explicit","proxy","{}","{""support"":124,""load"":75,""robot-path"":7}","adapter-1.0 / planners-f6ec11d4259a","2.0.0","{""requested"":1,""completed"":1,""outcomes"":[],""sameWorker"":false}","{""collision"":{""status"":""PASS"",""violations"":0,""checkedPlacements"":7,""scope"":""직육면체 기하·관측 규격 공통 검사"",""reason"":""확정 배치와 최종 적재 상태 검사""},""bounds"":{""status"":""PASS"",""violations"":0,""checkedPlacements"":7,""scope"":""직육면체 기하·관측 규격 공통 검사"",""reason"":""확정 배치와 최종 적재 상태 검사""},""height"":{""status"":""PASS"",""violations"":0,""checkedPlacements"":7,""scope"":""직육면체 기하·관측 규격 공통 검사"",""reason"":""확정 배치와 최종 적재 상태 검사""},""orientation"":{""status"":""PASS"",""violations"":0,""checkedPlacements"":7,""scope"":""직육면체 기하·관측 규격 공통 검사"",""reason"":""확정 배치와 최종 적재 상태 검사""},""load"":{""status"":""PASS"",""violations"":0,""checkedPlacements"":7,""scope"":""입력된 허용 상부하중 · 누적 정적 반력"",""reason"":""입력값 범위의 정적 검사. 실측 재료 인증 아님""},""support"":{""status"":""PASS"",""violations"":0,""checkedPlacements"":7,""scope"":""접촉·합력 작용점·정적 평형"",""reason"":""설정된 지지율·전도 여유 검사. 동적 붕괴·굽힘 파손 미검증""},""payload"":{""status"":""PASS"",""violations"":0,""checkedPlacements"":7,""scope"":""입력 가반하중 · 박스+그리퍼 질량"",""reason"":""사용자가 설정한 가반하중 한계 검사""},""robotCollision"":{""status"":""NOT VERIFIED"",""violations"":0,""checkedPlacements"":7,""scope"":""TCP·그리퍼 스윕 근사만 수행"",""reason"":""전체 로봇 링크 충돌 미검증""},""approach"":{""status"":""NOT VERIFIED"",""violations"":0,""checkedPlacements"":7,""scope"":""TCP·그리퍼 스윕 근사만 수행"",""reason"":""실제 관절 한계·역기구학·접근 자세 미검증""},""sequence"":{""status"":""NOT VERIFIED"",""violations"":0,""checkedPlacements"":7,""scope"":""TCP·그리퍼 스윕 근사만 수행"",""reason"":""실제 파지·관절 궤적·전 과정 실행 미검증""}}","10.31354544642857","38.888888888888886","7","11","0.202018509","1004488291","410","","","","141.23333333333332","24.785922926303215","100","100","5.158339495747377","57.2","0.7114503816793893","0","0","","118.1847624999973","213.18489999999292","187.98549500000078","208.14501899999448","945.4780999999784","87.5","66.83725993919778","30.444218960478555","377.0352049579019","346","1.8801999999850523","10.31354544642857","0","38.888888888888886","","","100","0","0","","","0","","","","","","",""
"future-hybrid","online","random","46","4","4b4b5304","complete","","explicit","proxy","{}","{""support"":300,""load"":175,""robot-path"":14}","adapter-1.0 / planners-f6ec11d4259a","2.0.0","{""requested"":1,""completed"":1,""outcomes"":[],""sameWorker"":false}","{""collision"":{""status"":""PASS"",""violations"":0,""checkedPlacements"":18,""scope"":""직육면체 기하·관측 규격 공통 검사"",""reason"":""확정 배치와 최종 적재 상태 검사""},""bounds"":{""status"":""PASS"",""violations"":0,""checkedPlacements"":18,""scope"":""직육면체 기하·관측 규격 공통 검사"",""reason"":""확정 배치와 최종 적재 상태 검사""},""height"":{""status"":""PASS"",""violations"":0,""checkedPlacements"":18,""scope"":""직육면체 기하·관측 규격 공통 검사"",""reason"":""확정 배치와 최종 적재 상태 검사""},""orientation"":{""status"":""PASS"",""violations"":0,""checkedPlacements"":18,""scope"":""직육면체 기하·관측 규격 공통 검사"",""reason"":""확정 배치와 최종 적재 상태 검사""},""load"":{""status"":""PASS"",""violations"":0,""checkedPlacements"":18,""scope"":""입력된 허용 상부하중 · 누적 정적 반력"",""reason"":""입력값 범위의 정적 검사. 실측 재료 인증 아님""},""support"":{""status"":""PASS"",""violations"":0,""checkedPlacements"":18,""scope"":""접촉·합력 작용점·정적 평형"",""reason"":""설정된 지지율·전도 여유 검사. 동적 붕괴·굽힘 파손 미검증""},""payload"":{""status"":""PASS"",""violations"":0,""checkedPlacements"":18,""scope"":""입력 가반하중 · 박스+그리퍼 질량"",""reason"":""사용자가 설정한 가반하중 한계 검사""},""robotCollision"":{""status"":""NOT VERIFIED"",""violations"":0,""checkedPlacements"":18,""scope"":""TCP·그리퍼 스윕 근사만 수행"",""reason"":""전체 로봇 링크 충돌 미검증""},""approach"":{""status"":""NOT VERIFIED"",""violations"":0,""checkedPlacements"":18,""scope"":""TCP·그리퍼 스윕 근사만 수행"",""reason"":""실제 관절 한계·역기구학·접근 자세 미검증""},""sequence"":{""status"":""NOT VERIFIED"",""violations"":0,""checkedPlacements"":18,""scope"":""TCP·그리퍼 스윕 근사만 수행"",""reason"":""실제 파지·관절 궤적·전 과정 실행 미검증""}}","28.350912321428574","100","18","0","0","802469782","796","","","","264.14539007092196","26.831027824554646","100","100","5.784189759263649","52.45","0.41321044546851","0","0","","315.92502222222294","1008.1138999999966","934.38116","993.3673519999971","5686.650400000013","100","183.9862782677136","88.39108087401385","352.20017824215796","826","9.331700000009732","28.350912321428574","100","100","","","100","0","0","","","100","","","","","","",""
"blb","online","random","46","4","4b4b5304","partial","유효 후보 없음","explicit","proxy","{}","{""robot-path"":10,""support"":123,""load"":89}","adapter-1.0 / planners-f6ec11d4259a","2.0.0","{""requested"":1,""completed"":1,""outcomes"":[],""sameWorker"":false}","{""collision"":{""status"":""PASS"",""violations"":0,""checkedPlacements"":7,""scope"":""직육면체 기하·관측 규격 공통 검사"",""reason"":""확정 배치와 최종 적재 상태 검사""},""bounds"":{""status"":""PASS"",""violations"":0,""checkedPlacements"":7,""scope"":""직육면체 기하·관측 규격 공통 검사"",""reason"":""확정 배치와 최종 적재 상태 검사""},""height"":{""status"":""PASS"",""violations"":0,""checkedPlacements"":7,""scope"":""직육면체 기하·관측 규격 공통 검사"",""reason"":""확정 배치와 최종 적재 상태 검사""},""orientation"":{""status"":""PASS"",""violations"":0,""checkedPlacements"":7,""scope"":""직육면체 기하·관측 규격 공통 검사"",""reason"":""확정 배치와 최종 적재 상태 검사""},""load"":{""status"":""PASS"",""violations"":0,""checkedPlacements"":7,""scope"":""입력된 허용 상부하중 · 누적 정적 반력"",""reason"":""입력값 범위의 정적 검사. 실측 재료 인증 아님""},""support"":{""status"":""PASS"",""violations"":0,""checkedPlacements"":7,""scope"":""접촉·합력 작용점·정적 평형"",""reason"":""설정된 지지율·전도 여유 검사. 동적 붕괴·굽힘 파손 미검증""},""payload"":{""status"":""PASS"",""violations"":0,""checkedPlacements"":7,""scope"":""입력 가반하중 · 박스+그리퍼 질량"",""reason"":""사용자가 설정한 가반하중 한계 검사""},""robotCollision"":{""status"":""NOT VERIFIED"",""violations"":0,""checkedPlacements"":7,""scope"":""TCP·그리퍼 스윕 근사만 수행"",""reason"":""전체 로봇 링크 충돌 미검증""},""approach"":{""status"":""NOT VERIFIED"",""violations"":0,""checkedPlacements"":7,""scope"":""TCP·그리퍼 스윕 근사만 수행"",""reason"":""실제 관절 한계·역기구학·접근 자세 미검증""},""sequence"":{""status"":""NOT VERIFIED"",""violations"":0,""checkedPlacements"":7,""scope"":""TCP·그리퍼 스윕 근사만 수행"",""reason"":""실제 파지·관절 궤적·전 과정 실행 미검증""}}","10.31354544642857","38.888888888888886","7","11","0.202018509","1004488291","410","","","","130.1","126.45331837636787","100","100","36.05773793403562","57.2","0.8454935622317596","0","0","","7.421924999998737","16.640400000003865","14.502250000005002","16.21277000000409","59.375399999989895","87.5","65.76925665755446","31.7000168274104","383.15774391689814","344","1.848599999997532","10.31354544642857","0","38.888888888888886","","","100","0","0","","","0","","","","","","",""
"pack-first","online","random","46","4","4b4b5304","partial","orientation / boundary / collision / load / support / robot","explicit","proxy","{}","{""protocol"":26,""robot-path"":8,""bounds"":139,""support"":161,""load"":79}","adapter-1.0 / planners-f6ec11d4259a","2.0.0","{""requested"":1,""completed"":1,""outcomes"":[],""sameWorker"":false}","{""collision"":{""status"":""PASS"",""violations"":0,""checkedPlacements"":7,""scope"":""직육면체 기하·관측 규격 공통 검사"",""reason"":""확정 배치와 최종 적재 상태 검사""},""bounds"":{""status"":""PASS"",""violations"":0,""checkedPlacements"":7,""scope"":""직육면체 기하·관측 규격 공통 검사"",""reason"":""확정 배치와 최종 적재 상태 검사""},""height"":{""status"":""PASS"",""violations"":0,""checkedPlacements"":7,""scope"":""직육면체 기하·관측 규격 공통 검사"",""reason"":""확정 배치와 최종 적재 상태 검사""},""orientation"":{""status"":""PASS"",""violations"":0,""checkedPlacements"":7,""scope"":""직육면체 기하·관측 규격 공통 검사"",""reason"":""확정 배치와 최종 적재 상태 검사""},""load"":{""status"":""PASS"",""violations"":0,""checkedPlacements"":7,""scope"":""입력된 허용 상부하중 · 누적 정적 반력"",""reason"":""입력값 범위의 정적 검사. 실측 재료 인증 아님""},""support"":{""status"":""PASS"",""violations"":0,""checkedPlacements"":7,""scope"":""접촉·합력 작용점·정적 평형"",""reason"":""설정된 지지율·전도 여유 검사. 동적 붕괴·굽힘 파손 미검증""},""payload"":{""status"":""PASS"",""violations"":0,""checkedPlacements"":7,""scope"":""입력 가반하중 · 박스+그리퍼 질량"",""reason"":""사용자가 설정한 가반하중 한계 검사""},""robotCollision"":{""status"":""NOT VERIFIED"",""violations"":0,""checkedPlacements"":7,""scope"":""TCP·그리퍼 스윕 근사만 수행"",""reason"":""전체 로봇 링크 충돌 미검증""},""approach"":{""status"":""NOT VERIFIED"",""violations"":0,""checkedPlacements"":7,""scope"":""TCP·그리퍼 스윕 근사만 수행"",""reason"":""실제 관절 한계·역기구학·접근 자세 미검증""},""sequence"":{""status"":""NOT VERIFIED"",""violations"":0,""checkedPlacements"":7,""scope"":""TCP·그리퍼 스윕 근사만 수행"",""reason"":""실제 파지·관절 궤적·전 과정 실행 미검증""}}","10.31354544642857","38.888888888888886","7","11","0.202018509","1004488291","410","","","","130.1","126.45331837636787","100","100","36.05773793403562","57.2","0.8454935622317596","0","0","","5.53114999999525","8.728600000002189","8.290750000005936","8.641030000002939","44.249199999962","87.5","65.76925665755446","31.7000168274104","383.15774391689814","344","3.1578000000154134","10.31354544642857","0","38.888888888888886","","","100","0","0","","","0","","","","","","",""
"pack-greedy","online","random","46","4","4b4b5304","partial","orientation / boundary / collision / load / support / robot","explicit","proxy","{}","{""protocol"":22,""robot-path"":7,""bounds"":87,""support"":55,""load"":26}","adapter-1.0 / planners-f6ec11d4259a","2.0.0","{""requested"":1,""completed"":1,""outcomes"":[],""sameWorker"":false}","{""collision"":{""status"":""PASS"",""violations"":0,""checkedPlacements"":4,""scope"":""직육면체 기하·관측 규격 공통 검사"",""reason"":""확정 배치와 최종 적재 상태 검사""},""bounds"":{""status"":""PASS"",""violations"":0,""checkedPlacements"":4,""scope"":""직육면체 기하·관측 규격 공통 검사"",""reason"":""확정 배치와 최종 적재 상태 검사""},""height"":{""status"":""PASS"",""violations"":0,""checkedPlacements"":4,""scope"":""직육면체 기하·관측 규격 공통 검사"",""reason"":""확정 배치와 최종 적재 상태 검사""},""orientation"":{""status"":""PASS"",""violations"":0,""checkedPlacements"":4,""scope"":""직육면체 기하·관측 규격 공통 검사"",""reason"":""확정 배치와 최종 적재 상태 검사""},""load"":{""status"":""PASS"",""violations"":0,""checkedPlacements"":4,""scope"":""입력된 허용 상부하중 · 누적 정적 반력"",""reason"":""입력값 범위의 정적 검사. 실측 재료 인증 아님""},""support"":{""status"":""PASS"",""violations"":0,""checkedPlacements"":4,""scope"":""접촉·합력 작용점·정적 평형"",""reason"":""설정된 지지율·전도 여유 검사. 동적 붕괴·굽힘 파손 미검증""},""payload"":{""status"":""PASS"",""violations"":0,""checkedPlacements"":4,""scope"":""입력 가반하중 · 박스+그리퍼 질량"",""reason"":""사용자가 설정한 가반하중 한계 검사""},""robotCollision"":{""status"":""NOT VERIFIED"",""violations"":0,""checkedPlacements"":4,""scope"":""TCP·그리퍼 스윕 근사만 수행"",""reason"":""전체 로봇 링크 충돌 미검증""},""approach"":{""status"":""NOT VERIFIED"",""violations"":0,""checkedPlacements"":4,""scope"":""TCP·그리퍼 스윕 근사만 수행"",""reason"":""실제 관절 한계·역기구학·접근 자세 미검증""},""sequence"":{""status"":""NOT VERIFIED"",""violations"":0,""checkedPlacements"":4,""scope"":""TCP·그리퍼 스윕 근사만 수행"",""reason"":""실제 파지·관절 궤적·전 과정 실행 미검증""}}","6.8188128571428575","22.22222222222222","4","14","0.241159514","1043629296","217","","","","98.03571428571429","81.613464900476","100","100","43.32810528462955","70.8","1.1721854304635762","0","0","","4.974519999994664","5.858299999992596","5.731279999995604","5.832895999993197","24.872599999973318","80","38.396328341731895","17.80761342212573","375.03585946651685","200","0.83629999999539","6.8188128571428575","0","22.22222222222222","","","100","0","0","","","0","","","","","","",""
"pack-tetris","online","random","46","4","4b4b5304","partial","orientation / boundary / collision / load / support / robot","explicit","proxy","{}","{""protocol"":22,""robot-path"":7,""bounds"":87,""support"":55,""load"":26}","adapter-1.0 / planners-f6ec11d4259a","2.0.0","{""requested"":1,""completed"":1,""outcomes"":[],""sameWorker"":false}","{""collision"":{""status"":""PASS"",""violations"":0,""checkedPlacements"":4,""scope"":""직육면체 기하·관측 규격 공통 검사"",""reason"":""확정 배치와 최종 적재 상태 검사""},""bounds"":{""status"":""PASS"",""violations"":0,""checkedPlacements"":4,""scope"":""직육면체 기하·관측 규격 공통 검사"",""reason"":""확정 배치와 최종 적재 상태 검사""},""height"":{""status"":""PASS"",""violations"":0,""checkedPlacements"":4,""scope"":""직육면체 기하·관측 규격 공통 검사"",""reason"":""확정 배치와 최종 적재 상태 검사""},""orientation"":{""status"":""PASS"",""violations"":0,""checkedPlacements"":4,""scope"":""직육면체 기하·관측 규격 공통 검사"",""reason"":""확정 배치와 최종 적재 상태 검사""},""load"":{""status"":""PASS"",""violations"":0,""checkedPlacements"":4,""scope"":""입력된 허용 상부하중 · 누적 정적 반력"",""reason"":""입력값 범위의 정적 검사. 실측 재료 인증 아님""},""support"":{""status"":""PASS"",""violations"":0,""checkedPlacements"":4,""scope"":""접촉·합력 작용점·정적 평형"",""reason"":""설정된 지지율·전도 여유 검사. 동적 붕괴·굽힘 파손 미검증""},""payload"":{""status"":""PASS"",""violations"":0,""checkedPlacements"":4,""scope"":""입력 가반하중 · 박스+그리퍼 질량"",""reason"":""사용자가 설정한 가반하중 한계 검사""},""robotCollision"":{""status"":""NOT VERIFIED"",""violations"":0,""checkedPlacements"":4,""scope"":""TCP·그리퍼 스윕 근사만 수행"",""reason"":""전체 로봇 링크 충돌 미검증""},""approach"":{""status"":""NOT VERIFIED"",""violations"":0,""checkedPlacements"":4,""scope"":""TCP·그리퍼 스윕 근사만 수행"",""reason"":""실제 관절 한계·역기구학·접근 자세 미검증""},""sequence"":{""status"":""NOT VERIFIED"",""violations"":0,""checkedPlacements"":4,""scope"":""TCP·그리퍼 스윕 근사만 수행"",""reason"":""실제 파지·관절 궤적·전 과정 실행 미검증""}}","6.8188128571428575","22.22222222222222","4","14","0.241159514","1043629296","217","","","","98.03571428571429","81.613464900476","100","100","43.32810528462955","70.8","1.1721854304635762","0","0","","4.222380000003613","6.012699999992037","5.771299999993062","5.964419999992242","21.111900000018068","80","38.396328341731895","17.80761342212573","375.03585946651685","200","0.7927999999956228","6.8188128571428575","0","22.22222222222222","","","100","0","0","","","0","","","","","","",""
"pack-beam","online","random","46","4","4b4b5304","partial","orientation / boundary / collision / load / support / robot","explicit","proxy","{}","{""protocol"":21,""robot-path"":12,""support"":179,""bounds"":175,""load"":105}","adapter-1.0 / planners-f6ec11d4259a","2.0.0","{""requested"":1,""completed"":1,""outcomes"":[],""sameWorker"":false}","{""collision"":{""status"":""PASS"",""violations"":0,""checkedPlacements"":8,""scope"":""직육면체 기하·관측 규격 공통 검사"",""reason"":""확정 배치와 최종 적재 상태 검사""},""bounds"":{""status"":""PASS"",""violations"":0,""checkedPlacements"":8,""scope"":""직육면체 기하·관측 규격 공통 검사"",""reason"":""확정 배치와 최종 적재 상태 검사""},""height"":{""status"":""PASS"",""violations"":0,""checkedPlacements"":8,""scope"":""직육면체 기하·관측 규격 공통 검사"",""reason"":""확정 배치와 최종 적재 상태 검사""},""orientation"":{""status"":""PASS"",""violations"":0,""checkedPlacements"":8,""scope"":""직육면체 기하·관측 규격 공통 검사"",""reason"":""확정 배치와 최종 적재 상태 검사""},""load"":{""status"":""PASS"",""violations"":0,""checkedPlacements"":8,""scope"":""입력된 허용 상부하중 · 누적 정적 반력"",""reason"":""입력값 범위의 정적 검사. 실측 재료 인증 아님""},""support"":{""status"":""PASS"",""violations"":0,""checkedPlacements"":8,""scope"":""접촉·합력 작용점·정적 평형"",""reason"":""설정된 지지율·전도 여유 검사. 동적 붕괴·굽힘 파손 미검증""},""payload"":{""status"":""PASS"",""violations"":0,""checkedPlacements"":8,""scope"":""입력 가반하중 · 박스+그리퍼 질량"",""reason"":""사용자가 설정한 가반하중 한계 검사""},""robotCollision"":{""status"":""NOT VERIFIED"",""violations"":0,""checkedPlacements"":8,""scope"":""TCP·그리퍼 스윕 근사만 수행"",""reason"":""전체 로봇 링크 충돌 미검증""},""approach"":{""status"":""NOT VERIFIED"",""violations"":0,""checkedPlacements"":8,""scope"":""TCP·그리퍼 스윕 근사만 수행"",""reason"":""실제 관절 한계·역기구학·접근 자세 미검증""},""sequence"":{""status"":""NOT VERIFIED"",""violations"":0,""checkedPlacements"":8,""scope"":""TCP·그리퍼 스윕 근사만 수행"",""reason"":""실제 파지·관절 궤적·전 과정 실행 미검증""}}","13.359860892857142","44.44444444444444","8","10","0.167899776","970369558","410","","","","131.81578947368422","76.13487833029437","100","100","14.584497472300214","57.2","0.6473282442748092","0","0","","1480.8310444444458","2220.9706000000006","2072.0473200000006","2191.1859440000007","13327.479400000011","88.88888888888889","78.20435112980562","36.532828234373646","368.2659543098441","392","2.084999999991851","13.359860892857142","0","44.44444444444444","","","100","0","0","","","0","","","","","","",""
"pack-robust","online","random","46","4","4b4b5304","partial","orientation / boundary / collision / load / support / robot","explicit","proxy","{}","{""protocol"":21,""robot-path"":12,""support"":179,""bounds"":175,""load"":105}","adapter-1.0 / planners-f6ec11d4259a","2.0.0","{""requested"":1,""completed"":1,""outcomes"":[],""sameWorker"":false}","{""collision"":{""status"":""PASS"",""violations"":0,""checkedPlacements"":8,""scope"":""직육면체 기하·관측 규격 공통 검사"",""reason"":""확정 배치와 최종 적재 상태 검사""},""bounds"":{""status"":""PASS"",""violations"":0,""checkedPlacements"":8,""scope"":""직육면체 기하·관측 규격 공통 검사"",""reason"":""확정 배치와 최종 적재 상태 검사""},""height"":{""status"":""PASS"",""violations"":0,""checkedPlacements"":8,""scope"":""직육면체 기하·관측 규격 공통 검사"",""reason"":""확정 배치와 최종 적재 상태 검사""},""orientation"":{""status"":""PASS"",""violations"":0,""checkedPlacements"":8,""scope"":""직육면체 기하·관측 규격 공통 검사"",""reason"":""확정 배치와 최종 적재 상태 검사""},""load"":{""status"":""PASS"",""violations"":0,""checkedPlacements"":8,""scope"":""입력된 허용 상부하중 · 누적 정적 반력"",""reason"":""입력값 범위의 정적 검사. 실측 재료 인증 아님""},""support"":{""status"":""PASS"",""violations"":0,""checkedPlacements"":8,""scope"":""접촉·합력 작용점·정적 평형"",""reason"":""설정된 지지율·전도 여유 검사. 동적 붕괴·굽힘 파손 미검증""},""payload"":{""status"":""PASS"",""violations"":0,""checkedPlacements"":8,""scope"":""입력 가반하중 · 박스+그리퍼 질량"",""reason"":""사용자가 설정한 가반하중 한계 검사""},""robotCollision"":{""status"":""NOT VERIFIED"",""violations"":0,""checkedPlacements"":8,""scope"":""TCP·그리퍼 스윕 근사만 수행"",""reason"":""전체 로봇 링크 충돌 미검증""},""approach"":{""status"":""NOT VERIFIED"",""violations"":0,""checkedPlacements"":8,""scope"":""TCP·그리퍼 스윕 근사만 수행"",""reason"":""실제 관절 한계·역기구학·접근 자세 미검증""},""sequence"":{""status"":""NOT VERIFIED"",""violations"":0,""checkedPlacements"":8,""scope"":""TCP·그리퍼 스윕 근사만 수행"",""reason"":""실제 파지·관절 궤적·전 과정 실행 미검증""}}","13.359860892857142","44.44444444444444","8","10","0.167899776","970369558","410","","","","131.81578947368422","76.13487833029437","100","100","14.584497472300214","57.2","0.6473282442748092","0","0","","1347.0863777777834","1858.1297000000195","1833.0607800000173","1853.115916000019","12123.77740000005","88.88888888888889","78.20435112980562","36.532828234373646","368.2659543098441","392","1.9692999999970198","13.359860892857142","0","44.44444444444444","","","100","0","0","","","0","","","","","","",""
"hrpal-inferred","online","random","46","4","4b4b5304","partial","세로 박스 주변 높이 부족 · 가까운 눕힌 적재를 먼저 쌓아야 함 / 누적 무게중심 정적 평형 불가 · Tall-01 / SUPPORT: 지지 조건 미달 9.0% / 필요 95.0% · CoG 지지 검사 / SUPPORT: 지지 조건 미달 0.0% / 필요 95.0% · CoG 지지 검사 / SUPPORT: 지지 조건 미달 7.6% / 필요 95.0% · CoG 지지 검사 / SUPPORT: 지지 조건 미달 84.3% / 필요 95.0% · CoG 지지 검사 / SUPPORT: 지지 조건 미달 47.2% / 필요 95.0% · CoG 지지 검사 / SUPPORT: 지지 조건 미달 26.3% / 필요 95.0% · CoG 지지 검사 / SUPPORT: 지지 조건 미달 55.8% / 필요 95.0% · CoG 지지 검사","explicit","proxy","{}","{""protocol"":48,""support"":25}","conventional-pattern/2","2.0.0","{""requested"":1,""completed"":1,""outcomes"":[],""sameWorker"":false}","{""collision"":{""status"":""PASS"",""violations"":0,""checkedPlacements"":1,""scope"":""직육면체 기하·관측 규격 공통 검사"",""reason"":""확정 배치와 최종 적재 상태 검사""},""bounds"":{""status"":""PASS"",""violations"":0,""checkedPlacements"":1,""scope"":""직육면체 기하·관측 규격 공통 검사"",""reason"":""확정 배치와 최종 적재 상태 검사""},""height"":{""status"":""PASS"",""violations"":0,""checkedPlacements"":1,""scope"":""직육면체 기하·관측 규격 공통 검사"",""reason"":""확정 배치와 최종 적재 상태 검사""},""orientation"":{""status"":""PASS"",""violations"":0,""checkedPlacements"":1,""scope"":""직육면체 기하·관측 규격 공통 검사"",""reason"":""확정 배치와 최종 적재 상태 검사""},""load"":{""status"":""PASS"",""violations"":0,""checkedPlacements"":1,""scope"":""입력된 허용 상부하중 · 누적 정적 반력"",""reason"":""입력값 범위의 정적 검사. 실측 재료 인증 아님""},""support"":{""status"":""PASS"",""violations"":0,""checkedPlacements"":1,""scope"":""접촉·합력 작용점·정적 평형"",""reason"":""설정된 지지율·전도 여유 검사. 동적 붕괴·굽힘 파손 미검증""},""payload"":{""status"":""PASS"",""violations"":0,""checkedPlacements"":1,""scope"":""입력 가반하중 · 박스+그리퍼 질량"",""reason"":""사용자가 설정한 가반하중 한계 검사""},""robotCollision"":{""status"":""NOT VERIFIED"",""violations"":0,""checkedPlacements"":1,""scope"":""TCP·그리퍼 스윕 근사만 수행"",""reason"":""전체 로봇 링크 충돌 미검증""},""approach"":{""status"":""NOT VERIFIED"",""violations"":0,""checkedPlacements"":1,""scope"":""TCP·그리퍼 스윕 근사만 수행"",""reason"":""실제 관절 한계·역기구학·접근 자세 미검증""},""sequence"":{""status"":""NOT VERIFIED"",""violations"":0,""checkedPlacements"":1,""scope"":""TCP·그리퍼 스윕 근사만 수행"",""reason"":""실제 파지·관절 궤적·전 과정 실행 미검증""}}","3.0463154464285713","5.555555555555555","1","17","0.283411485","1085881267","193","","","","96.5","336.94880916839577","100","100","100","145.2","1.8808290155440415","0","0","","2.8386499999905936","5.0627000000094995","4.840295000007608","5.018219000009121","5.677299999981187","50","7.2552444483978125","3.415908891458577","496.19279206987903","54","0.19320000003790483","3.0463154464285713","0","5.555555555555555","","","100","0","0","","","0","","","","","","",""
"hrpal-grid-v1","online","random","46","4","4b4b5304","partial","박스 Wide-02와 겹침 / 작업 여유 미달 / 세로 박스 주변 높이 부족 · 가까운 눕힌 적재를 먼저 쌓아야 함 / 그리퍼 / 운반 접근 경로 간섭 · Wide-02 / 누적 무게중심 정적 평형 불가 · Tall-01 / SUPPORT: 지지 조건 미달 9.0% / 필요 95.0% · CoG 지지 검사 / SUPPORT: 지지 조건 미달 0.0% / 필요 95.0% · CoG 지지 검사 / SUPPORT: 지지 조건 미달 7.6% / 필요 95.0% · CoG 지지 검사 / SUPPORT: 지지 조건 미달 84.3% / 필요 95.0% · CoG 지지 검사","explicit","proxy","{}","{""collision"":12,""protocol"":48,""robot-path"":12,""support"":14}","inferred-grid-layer/1","2.0.0","{""requested"":1,""completed"":1,""outcomes"":[],""sameWorker"":false}","{""collision"":{""status"":""PASS"",""violations"":0,""checkedPlacements"":1,""scope"":""직육면체 기하·관측 규격 공통 검사"",""reason"":""확정 배치와 최종 적재 상태 검사""},""bounds"":{""status"":""PASS"",""violations"":0,""checkedPlacements"":1,""scope"":""직육면체 기하·관측 규격 공통 검사"",""reason"":""확정 배치와 최종 적재 상태 검사""},""height"":{""status"":""PASS"",""violations"":0,""checkedPlacements"":1,""scope"":""직육면체 기하·관측 규격 공통 검사"",""reason"":""확정 배치와 최종 적재 상태 검사""},""orientation"":{""status"":""PASS"",""violations"":0,""checkedPlacements"":1,""scope"":""직육면체 기하·관측 규격 공통 검사"",""reason"":""확정 배치와 최종 적재 상태 검사""},""load"":{""status"":""PASS"",""violations"":0,""checkedPlacements"":1,""scope"":""입력된 허용 상부하중 · 누적 정적 반력"",""reason"":""입력값 범위의 정적 검사. 실측 재료 인증 아님""},""support"":{""status"":""PASS"",""violations"":0,""checkedPlacements"":1,""scope"":""접촉·합력 작용점·정적 평형"",""reason"":""설정된 지지율·전도 여유 검사. 동적 붕괴·굽힘 파손 미검증""},""payload"":{""status"":""PASS"",""violations"":0,""checkedPlacements"":1,""scope"":""입력 가반하중 · 박스+그리퍼 질량"",""reason"":""사용자가 설정한 가반하중 한계 검사""},""robotCollision"":{""status"":""NOT VERIFIED"",""violations"":0,""checkedPlacements"":1,""scope"":""TCP·그리퍼 스윕 근사만 수행"",""reason"":""전체 로봇 링크 충돌 미검증""},""approach"":{""status"":""NOT VERIFIED"",""violations"":0,""checkedPlacements"":1,""scope"":""TCP·그리퍼 스윕 근사만 수행"",""reason"":""실제 관절 한계·역기구학·접근 자세 미검증""},""sequence"":{""status"":""NOT VERIFIED"",""violations"":0,""checkedPlacements"":1,""scope"":""TCP·그리퍼 스윕 근사만 수행"",""reason"":""실제 파지·관절 궤적·전 과정 실행 미검증""}}","3.0463154464285713","5.555555555555555","1","17","0.283411485","1085881267","193","","","","96.5","336.94880916839577","100","100","100","145.2","1.8808290155440415","0","0","","4.038849999982631","7.194699999992736","6.8791149999917245","7.131582999992533","8.077699999965262","50","7.2552444483978125","3.415908891458577","496.19279206987903","54","0.16369999997550622","3.0463154464285713","0","5.555555555555555","","","100","0","0","","","0","","","","","","",""
"random","online","random","46","4","4b4b5304","partial","SUPPORT: 지지 조건 미달 70.7% / 필요 95.0% · CoG 지지 검사 / 무게 규칙 위반 · Medium-04 (8 kg) / SUPPORT: 지지 조건 미달 64.5% / 필요 95.0% · CoG 지지 검사 / SUPPORT: 지지 조건 미달 56.8% / 필요 95.0% · CoG 지지 검사 / SUPPORT: 지지 조건 미달 40.0% / 필요 95.0% · CoG 지지 검사 / SUPPORT: 지지 조건 미달 34.8% / 필요 95.0% · CoG 지지 검사 / SUPPORT: 지지 조건 미달 25.9% / 필요 95.0% · CoG 지지 검사 / SUPPORT: 지지 조건 미달 17.8% / 필요 95.0% · CoG 지지 검사 / SUPPORT: 지지 조건 미달 23.9% / 필요 95.0% · CoG 지지 검사 / SUPPORT: 지지 조건 미달 9.7% / 필요 95.0% · CoG 지지 검사 / 누적 무게중심 정적 평형 불가 · Heavy-01 / SUPPORT: 지지 조건 미달 8.7% / 필요 95.0% · CoG 지지 검사 / 무게 규칙 위반 · Medium-02 (8 kg) / SUPPORT: 지지 조건 미달 19.2% / 필요 95.0% · CoG 지지 검사 / SUPPORT: 지지 조건 미달 30.7% / 필요 95.0% · CoG 지지 검사 / SUPPORT: 지지 조건 미달 29.8% / 필요 95.0% · CoG 지지 검사 / SUPPORT: 지지 조건 미달 59.7% / 필요 95.0% · CoG 지지 검사 / SUPPORT: 지지 조건 미달 32.3% / 필요 95.0% · CoG 지지 검사 / SUPPORT: 지지 조건 미달 26.3% / 필요 95.0% · CoG 지지 검사 / SUPPORT: 지지 조건 미달 24.9% / 필요 95.0% · CoG 지지 검사 / SUPPORT: 지지 조건 미달 21.8% / 필요 95.0% · CoG 지지 검사 / SUPPORT: 지지 조건 미달 33.8% / 필요 95.0% · CoG 지지 검사 / SUPPORT: 지지 조건 미달 52.6% / 필요 95.0% · CoG 지지 검사 / SUPPORT: 지지 조건 미달 42.3% / 필요 95.0% · CoG 지지 검사 / SUPPORT: 지지 조건 미달 35.7% / 필요 95.0% · CoG 지지 검사 / SUPPORT: 지지 조건 미달 27.0% / 필요 95.0% · CoG 지지 검사 / SUPPORT: 지지 조건 미달 27.4% / 필요 95.0% · CoG 지지 검사 / SUPPORT: 지지 조건 미달 23.8% / 필요 95.0% · CoG 지지 검사 / SUPPORT: 지지 조건 미달 23.0% / 필요 95.0% · CoG 지지 검사 / SUPPORT: 지지 조건 미달 28.1% / 필요 95.0% · CoG 지지 검사 / SUPPORT: 지지 조건 미달 45.0% / 필요 95.0% · CoG 지지 검사 / SUPPORT: 지지 조건 미달 43.7% / 필요 95.0% · CoG 지지 검사 / SUPPORT: 지지 조건 미달 49.7% / 필요 95.0% · CoG 지지 검사 / SUPPORT: 지지 조건 미달 39.9% / 필요 95.0% · CoG 지지 검사 / SUPPORT: 지지 조건 미달 35.0% / 필요 95.0% · CoG 지지 검사 / SUPPORT: 지지 조건 미달 28.4% / 필요 95.0% · CoG 지지 검사 / SUPPORT: 지지 조건 미달 28.0% / 필요 95.0% · CoG 지지 검사 / SUPPORT: 지지 조건 미달 26.0% / 필요 95.0% · CoG 지지 검사 / SUPPORT: 지지 조건 미달 25.3% / 필요 95.0% · CoG 지지 검사 / 무게 규칙 위반 · Wide-01 (12 kg)","explicit","proxy","{}","{""robot-path"":11,""support"":167,""load"":139}","adapter-1.0 / planners-f6ec11d4259a","2.0.0","{""requested"":1,""completed"":1,""outcomes"":[],""sameWorker"":false}","{""collision"":{""status"":""PASS"",""violations"":0,""checkedPlacements"":8,""scope"":""직육면체 기하·관측 규격 공통 검사"",""reason"":""확정 배치와 최종 적재 상태 검사""},""bounds"":{""status"":""PASS"",""violations"":0,""checkedPlacements"":8,""scope"":""직육면체 기하·관측 규격 공통 검사"",""reason"":""확정 배치와 최종 적재 상태 검사""},""height"":{""status"":""PASS"",""violations"":0,""checkedPlacements"":8,""scope"":""직육면체 기하·관측 규격 공통 검사"",""reason"":""확정 배치와 최종 적재 상태 검사""},""orientation"":{""status"":""PASS"",""violations"":0,""checkedPlacements"":8,""scope"":""직육면체 기하·관측 규격 공통 검사"",""reason"":""확정 배치와 최종 적재 상태 검사""},""load"":{""status"":""PASS"",""violations"":0,""checkedPlacements"":8,""scope"":""입력된 허용 상부하중 · 누적 정적 반력"",""reason"":""입력값 범위의 정적 검사. 실측 재료 인증 아님""},""support"":{""status"":""PASS"",""violations"":0,""checkedPlacements"":8,""scope"":""접촉·합력 작용점·정적 평형"",""reason"":""설정된 지지율·전도 여유 검사. 동적 붕괴·굽힘 파손 미검증""},""payload"":{""status"":""PASS"",""violations"":0,""checkedPlacements"":8,""scope"":""입력 가반하중 · 박스+그리퍼 질량"",""reason"":""사용자가 설정한 가반하중 한계 검사""},""robotCollision"":{""status"":""NOT VERIFIED"",""violations"":0,""checkedPlacements"":8,""scope"":""TCP·그리퍼 스윕 근사만 수행"",""reason"":""전체 로봇 링크 충돌 미검증""},""approach"":{""status"":""NOT VERIFIED"",""violations"":0,""checkedPlacements"":8,""scope"":""TCP·그리퍼 스윕 근사만 수행"",""reason"":""실제 관절 한계·역기구학·접근 자세 미검증""},""sequence"":{""status"":""NOT VERIFIED"",""violations"":0,""checkedPlacements"":8,""scope"":""TCP·그리퍼 스윕 근사만 수행"",""reason"":""실제 파지·관절 궤적·전 과정 실행 미검증""}}","13.359860892857142","44.44444444444444","8","10","0.167899776","970369558","386","","","","136.5701754385965","83.01859770801202","100","100","26.029073040980823","57.2","0.8454935622317596","0","0","","9.109577777782558","15.269599999999627","14.673560000001451","15.150391999999993","81.98620000004303","88.88888888888889","74.38652171856297","35.35123911706593","387.1669132341354","392","2.0887000000220723","13.359860892857142","0","44.44444444444444","","","100","0","0","","","0","","","","","","",""
"bl","online","random","46","4","4b4b5304","partial","SUPPORT: 지지 조건 미달 39.4% / 필요 95.0% / 무게 규칙 위반 / 누적 무게중심 정적 평형 불가 / SUPPORT: 지지 조건 미달 25.9% / 필요 95.0% / SUPPORT: 지지 조건 미달 19.3% / 필요 95.0% / SUPPORT: 지지 조건 미달 17.9% / 필요 95.0% / SUPPORT: 지지 조건 미달 10.3% / 필요 95.0% / SUPPORT: 지지 조건 미달 8.5% / 필요 95.0% / SUPPORT: 지지 조건 미달 1.7% / 필요 95.0% / SUPPORT: 지지 조건 미달 0.9% / 필요 95.0% / SUPPORT: 지지 조건 미달 43.8% / 필요 95.0% / SUPPORT: 지지 조건 미달 47.1% / 필요 95.0% / SUPPORT: 지지 조건 미달 40.0% / 필요 95.0% / SUPPORT: 지지 조건 미달 43.0% / 필요 95.0% / SUPPORT: 지지 조건 미달 22.5% / 필요 95.0% / SUPPORT: 지지 조건 미달 24.1% / 필요 95.0% / SUPPORT: 지지 조건 미달 22.1% / 필요 95.0% / SUPPORT: 지지 조건 미달 23.7% / 필요 95.0% / SUPPORT: 지지 조건 미달 18.3% / 필요 95.0% / SUPPORT: 지지 조건 미달 19.6% / 필요 95.0% / SUPPORT: 지지 조건 미달 11.6% / 필요 95.0% / SUPPORT: 지지 조건 미달 10.8% / 필요 95.0% / SUPPORT: 지지 조건 미달 7.8% / 필요 95.0% / SUPPORT: 지지 조건 미달 5.4% / 필요 95.0% / SUPPORT: 지지 조건 미달 5.8% / 필요 95.0% / SUPPORT: 지지 조건 미달 3.3% / 필요 95.0% / SUPPORT: 지지 조건 미달 11.4% / 필요 95.0% / SUPPORT: 지지 조건 미달 1.9% / 필요 95.0% / SUPPORT: 지지 조건 미달 23.5% / 필요 95.0% / SUPPORT: 지지 조건 미달 24.6% / 필요 95.0% / SUPPORT: 지지 조건 미달 26.7% / 필요 95.0% / SUPPORT: 지지 조건 미달 22.8% / 필요 95.0% / SUPPORT: 지지 조건 미달 28.3% / 필요 95.0% / SUPPORT: 지지 조건 미달 39.1% / 필요 95.0% / SUPPORT: 지지 조건 미달 41.0% / 필요 95.0% / SUPPORT: 지지 조건 미달 47.2% / 필요 95.0% / SUPPORT: 지지 조건 미달 2.1% / 필요 95.0% / SUPPORT: 지지 조건 미달 25.1% / 필요 95.0% / SUPPORT: 지지 조건 미달 45.1% / 필요 95.0% / SUPPORT: 지지 조건 미달 51.9% / 필요 95.0%","explicit","proxy","{}","{""robot-path"":10,""support"":120,""load"":84}","adapter-1.0 / planners-f6ec11d4259a","2.0.0","{""requested"":1,""completed"":1,""outcomes"":[],""sameWorker"":false}","{""collision"":{""status"":""PASS"",""violations"":0,""checkedPlacements"":7,""scope"":""직육면체 기하·관측 규격 공통 검사"",""reason"":""확정 배치와 최종 적재 상태 검사""},""bounds"":{""status"":""PASS"",""violations"":0,""checkedPlacements"":7,""scope"":""직육면체 기하·관측 규격 공통 검사"",""reason"":""확정 배치와 최종 적재 상태 검사""},""height"":{""status"":""PASS"",""violations"":0,""checkedPlacements"":7,""scope"":""직육면체 기하·관측 규격 공통 검사"",""reason"":""확정 배치와 최종 적재 상태 검사""},""orientation"":{""status"":""PASS"",""violations"":0,""checkedPlacements"":7,""scope"":""직육면체 기하·관측 규격 공통 검사"",""reason"":""확정 배치와 최종 적재 상태 검사""},""load"":{""status"":""PASS"",""violations"":0,""checkedPlacements"":7,""scope"":""입력된 허용 상부하중 · 누적 정적 반력"",""reason"":""입력값 범위의 정적 검사. 실측 재료 인증 아님""},""support"":{""status"":""PASS"",""violations"":0,""checkedPlacements"":7,""scope"":""접촉·합력 작용점·정적 평형"",""reason"":""설정된 지지율·전도 여유 검사. 동적 붕괴·굽힘 파손 미검증""},""payload"":{""status"":""PASS"",""violations"":0,""checkedPlacements"":7,""scope"":""입력 가반하중 · 박스+그리퍼 질량"",""reason"":""사용자가 설정한 가반하중 한계 검사""},""robotCollision"":{""status"":""NOT VERIFIED"",""violations"":0,""checkedPlacements"":7,""scope"":""TCP·그리퍼 스윕 근사만 수행"",""reason"":""전체 로봇 링크 충돌 미검증""},""approach"":{""status"":""NOT VERIFIED"",""violations"":0,""checkedPlacements"":7,""scope"":""TCP·그리퍼 스윕 근사만 수행"",""reason"":""실제 관절 한계·역기구학·접근 자세 미검증""},""sequence"":{""status"":""NOT VERIFIED"",""violations"":0,""checkedPlacements"":7,""scope"":""TCP·그리퍼 스윕 근사만 수행"",""reason"":""실제 파지·관절 궤적·전 과정 실행 미검증""}}","10.31354544642857","38.888888888888886","7","11","0.202018509","1004488291","410","","","","128.1","123.78999042085373","100","100","35.94445064181976","57.2","0.911484593837535","0","0","","28.817612499995448","57.46889999997802","53.664539999986296","56.70802799997968","230.54089999996359","87.5","65.42229445628219","31.474491396583417","385.1897920951038","346","1.0511999999871477","10.31354544642857","0","38.888888888888886","","","100","0","0","","","0","","","","","","",""